
[Format]      =  4.0
[Frequency]   =  0
[Precision]   =  9.9999999999999998e-013
[MinAngle]    =  30
[DoSmartMesh] =  1
[Depth]       =  0.040000000000000001
[LengthUnits] =  meters
[ProblemType] =  planar
[Coordinates] =  cartesian
[ACSolver]    =  0
[PrevType]    =  0
[PrevSoln]    =  ""
[Comment]     =  "Add comments here."
[PointProps]   = 0
[BdryProps]   = 1
  <BeginBdry>
    <BdryName> = "A=0"
    <BdryType> = 0
    <A_0> = 0
    <A_1> = 0
    <A_2> = 0
    <Phi> = 0
    <c0> = 0
    <c0i> = 0
    <c1> = 0
    <c1i> = 0
    <Mu_ssd> = 0
    <Sigma_ssd> = 0
    <innerangle> = 0
    <outerangle> = 0
  <EndBdry>
[BlockProps]  = 3
  <BeginBlock>
    <BlockName> = "iron"
    <Mu_x> = 1
    <Mu_y> = 1
    <H_c> = 0
    <H_cAngle> = 0
    <J_re> = 0
    <J_im> = 0
    <Sigma> = 7.6361525500000011
    <d_lam> = 0
    <Phi_h> = 0
    <Phi_hx> = 0
    <Phi_hy> = 0
    <LamType> = 0
    <LamFill> = 1
    <NStrands> = 0
    <WireD> = 0
    <BHPoints> = 21
      0	0
      0.22706499999999999	13.898400000000001
      0.45412999999999998	27.796700000000001
      0.68119499999999999	42.397399999999998
      0.90825999999999996	61.415700000000001
      1.13533	82.382400000000004
      1.36239	144.66900000000001
      1.58935	897.75999999999999
      1.81236	4581.7399999999998
      2.01004	17736.200000000001
      2.1331600000000002	41339.300000000003
      2.1999900000000001	68321.800000000003
      2.2547899999999998	95685.5
      2.2999299999999998	123355
      2.3425099999999999	151083
      2.3787600000000002	178954
      2.4150100000000001	206825
      2.45126	234696
      2.4874999999999998	262568
      2.5237500000000002	290439
      2.5600000000000001	318310
  <EndBlock>
  <BeginBlock>
    <BlockName> = "NdFeB"
    <Mu_x> = 1.05
    <Mu_y> = 1.05
    <H_c> = 727180
    <H_cAngle> = 0
    <J_re> = 0
    <J_im> = 0
    <Sigma> = 0.65961899999999996
    <d_lam> = 0
    <Phi_h> = 0
    <Phi_hx> = 0
    <Phi_hy> = 0
    <LamType> = 0
    <LamFill> = 1
    <NStrands> = 0
    <WireD> = 0
    <BHPoints> = 0
  <EndBlock>
  <BeginBlock>
    <BlockName> = "air"
    <Mu_x> = 1
    <Mu_y> = 1
    <H_c> = 0
    <H_cAngle> = 0
    <J_re> = 0
    <J_im> = 0
    <Sigma> = 0
    <d_lam> = 0
    <Phi_h> = 0
    <Phi_hx> = 0
    <Phi_hy> = 0
    <LamType> = 0
    <LamFill> = 1
    <NStrands> = 0
    <WireD> = 0
    <BHPoints> = 0
  <EndBlock>
[CircuitProps]  = 0
[NumPoints] = 8
-0.01	-0.01	0	0
-0.01	0.11	0	0
0.11	0.11	0	0
0.11	-0.01	0	0
0.029999999999999999	0.044999999999999998	0	0
0.029999999999999999	0.055	0	0
0.070000000000000007	0.055	0	0
0.070000000000000007	0.044999999999999998	0	0
[NumSegments] = 8
0	1	-1	1	0	3
1	2	-1	1	0	3
2	3	-1	1	0	3
3	0	-1	1	0	3
4	5	-1	0	0	2
5	6	-1	0	0	2
6	7	-1	0	0	2
7	4	-1	0	0	2
[NumArcSegments] = 0
[NumHoles] = 0
[NumBlockLabels] = 2
0.050000000000000003	0.050000000000000003	2	-1	0	90	2	1	0
0.081332495807437219	0.081332495807437219	3	-1	0	0	3	1	0
[Solution]
4526
-0.01	-0.01	0	-1	
-0.0098550000000000009	-0.01	0	-1	
-0.01	-0.0098550000000000009	0	-1	
-0.009387382812500001	-0.01	0	-1	
-0.0096949818967690289	-0.0096949818967690289	5.2847044410577692e-008	-1	
-0.01	-0.009387382812500001	0	-1	
-0.008919765625000001	-0.01	0	-1	
-0.0091535742187500019	-0.0094566029768498629	2.551973311421556e-007	-1	
-0.0095548360000471903	-0.0091535742187500001	2.1016296194786453e-007	-1	
-0.01	-0.008919765625000001	0	-1	
-0.0079845312500000012	-0.01	0	-1	
-0.0084521484375000011	-0.0094767981852119099	4.4405519625128324e-007	-1	
-0.0088682763365860642	-0.0086616359889288737	8.7717271824212307e-007	-1	
-0.0094989609656099087	-0.0085064967350539158	4.257233190750135e-007	-1	
-0.01	-0.0079845312500000012	0	-1	
-0.0073793474742222141	-0.0089885407376011153	1.4878351654811096e-006	-1	
-0.0061140625000000014	-0.01	0	-1	
-0.0079556900317688407	-0.0080593561092460742	2.231805916770785e-006	-1	
-0.0089348415128381702	-0.0075727174400772321	1.4652520079440289e-006	-1	
-0.01	-0.0061140625000000006	0	-1	
-0.0061775032541231834	-0.007599740986926843	5.1426543993557201e-006	-1	
-0.0042435937500000017	-0.01	0	-1	
-0.0045558509233693074	-0.0082723749761615742	5.2799085635007429e-006	-1	
-0.0076649050804829281	-0.0062458957735993248	4.9549055276611846e-006	-1	
-0.01	-0.00424359375	0	-1	
-0.0083758728693534082	-0.0047122792010202948	4.9394062723027859e-006	-1	
-0.0059412427466040739	-0.0058461839226745128	9.6260431867332921e-006	-1	
-0.0023731250000000011	-0.01	0	-1	
-0.0032474160176931225	-0.0071018234553298512	1.0848950503002815e-005	-1	
-0.01	-0.0023731250000000002	0	-1	
-0.0073419412215418945	-0.0033749533857627711	1.0023916553439525e-005	-1	
-0.0047502143668117086	-0.004537660784349625	1.6015221614486153e-005	-1	
-0.0033326197805104286	-0.0054292999001292726	1.6751670800115063e-005	-1	
-0.0057615836853956133	-0.0033221569776113839	1.5819335409198505e-005	-1	
-0.00050265625000000115	-0.01	0	-1	
-0.0015496713532250858	-0.0081706276070518287	8.3474675604788186e-006	-1	
-0.0014062828887896033	-0.0061695981198291502	1.7940466827397113e-005	-1	
-0.01	-0.00050265625000000006	0	-1	
-0.0072214365912921996	-0.0016115135173898243	1.3089004214622107e-005	-1	
-0.0035661808399149925	-0.0033585912504118989	2.3774689395543476e-005	-1	
-0.0021492561285054775	-0.0042442913807453344	2.4870157948408808e-005	-1	
-0.0054609816590407909	-0.0017697537360148578	2.1144637832754623e-005	-1	
0.0013678124999999988	-0.01	0	-1	
0.000855697077061888	-0.0075077346395213554	1.4451480096628162e-005	-1	
0.00032526749434651144	-0.0050193027454898502	2.7803638906265382e-005	-1	
-0.01	0.0013678125000000001	0	-1	
-0.0078575243490103877	3.7617738684069847e-005	1.22085375851604e-005	-1	
-0.0054496193510487094	0.00078702653160478105	2.7908654025761386e-005	-1	
-0.0029882838192474837	-0.0017907343079011291	3.2130256474005728e-005	-1	
-4.1399262697368105e-005	-0.0027340433187365461	3.9522148899234853e-005	-1	
-0.0013266673366327687	-0.001674535151008817	4.0020565042899791e-005	-1	
-0.0042144428044219376	-0.00057929346103903338	3.0776816150814613e-005	-1	
0.003238281249999999	-0.0087448764950648402	8.7099117163227017e-006	-1	
0.0051087499999999987	-0.01	0	-1	
0.0033321297630188522	-0.0070882250110680788	2.0258099657419407e-005	-1	
0.0025606704869272322	-0.0056191599110276772	2.9126434382299436e-005	-1	
0.0023106598135961805	-0.003829734547801993	4.055244198881988e-005	-1	
-0.01	0.0032382812500000003	0	-1	
-0.0082901035514256882	0.0017313694104540778	1.1594100452844108e-005	-1	
-0.0066014028632572904	0.0022243456209650693	2.395123112141871e-005	-1	
-0.0036252812941872711	0.0010405656369160956	4.0170958354133908e-005	-1	
-0.0040795276526861581	0.0030730836513063664	4.4762285788393136e-005	-1	
-0.0019032232024767295	0.00090085790091036825	4.9786684208822724e-005	-1	
0.00079435130822470867	-0.0012368950335211019	5.176072937564335e-005	-1	
0.0023968900680746788	-0.0018466503351779568	5.4308781954841599e-005	-1	
-0.00056574107671205232	-0.00019282573066943965	5.1367341878790148e-005	-1	
0.0049762877775234061	-0.0073119348815811266	2.0712376465205991e-005	-1	
0.0069792187499999984	-0.01	0	-1	
0.0065374587039519908	-0.0082389197458001325	1.4736513085821391e-005	-1	
0.0041457617533649386	-0.0047519608886586922	3.8900085031617053e-005	-1	
0.0041897062895957585	-0.0026986295878578563	5.4571135609324344e-005	-1	
-0.01	0.0051087500000000004	0	-1	
-0.0080670949170468416	0.0034652052276462468	1.5228635576704513e-005	-1	
-0.0051173231880225914	0.0044329013344113228	4.1254539445556104e-005	-1	
-0.0067684621429644886	0.0048799626902927499	2.8336643696239311e-005	-1	
-0.002012538665759588	0.0028180821592426126	5.863566246187773e-005	-1	
-0.0021395125264337816	0.0044512528162599999	6.5904349640121757e-005	-1	
-0.0035352268266841884	0.0050833587180183918	5.7351124810503872e-005	-1	
-0.00040693491149779333	0.0017646424070257142	6.364611028705761e-005	-1	
0.0022353460761811799	0.00013172328722738493	6.7764623700457854e-005	-1	
0.0045001927004749368	-0.00052749802159200005	7.3080100590707433e-005	-1	
0.0015544962085710006	0.001666210352147905	7.4799601090977949e-005	-1	
0.0061933557234606675	-0.0049115211805254595	4.2101759380228027e-005	-1	
0.0072670290395695069	-0.0065763065239701256	2.9659529026523785e-005	-1	
0.0088496874999999982	-0.01	0	-1	
0.0087288362865611084	-0.0079132448928245624	1.9197183382691349e-005	-1	
0.0055666933509779457	-0.0034653868872246713	5.2667080344844448e-005	-1	
0.0062893245716829508	-0.0020647390934490058	6.6909154207551939e-005	-1	
-0.01	0.0088496875000000016	0	-1	
-0.008358100467866867	0.0053634416537604269	1.4969568558700402e-005	-1	
-0.0087453552772389781	0.006979218750000001	1.2800140225007291e-005	-1	
-0.0052843824677297879	0.0070885184037390025	4.8362665393649463e-005	-1	
-0.0071412253928506688	0.0065093866517254443	2.8444026020954015e-005	-1	
-0.00063586927967155713	0.0041569175220331142	7.6211495956695748e-005	-1	
-0.0022176354609565428	0.0059814400878260739	7.3408277852607742e-005	-1	
-0.00062313204452919737	0.0059689497380628646	8.7439510371197887e-005	-1	
-0.0028530931608159436	0.0074439005712324067	7.4739940385459394e-005	-1	
0.00091396302256442283	0.0032179591502004296	8.1445621607700782e-005	-1	
0.0037008198406634054	0.0017468916686733376	8.7850459367162819e-005	-1	
0.0058245742247943124	0.0022429255089435295	0.00010386439083765099	-1	
0.0068066755774089079	-3.329188647553953e-005	8.7440240177278784e-005	-1	
0.0025786713387632772	0.0029963503437761638	9.1071508409941855e-005	-1	
0.0074633027962974193	-0.003801461565802322	5.4748851636468389e-005	-1	
0.0091134590180504422	-0.005858684782354657	3.8860977067251641e-005	-1	
0.010720156249999996	-0.01	0	-1	
0.010376437811746422	-0.0073390149449502166	2.59459849140828e-005	-1	
0.0083626036064869715	-0.002374487155086303	7.0550803513646563e-005	-1	
-0.01	0.010720156250000001	0	-1	
-0.0083233311252073373	0.0091916116491435104	1.9882465596239996e-005	-1	
-0.0067913115421940088	0.008429347497599134	3.6159168317456771e-005	-1	
-0.0052257128948547619	0.0097011803364018181	5.8394927245891821e-005	-1	
-0.0031925549605311015	0.009627534664694546	8.1966496165366247e-005	-1	
0.0008818205425721573	0.0051469885258235513	9.4772218653016896e-005	-1	
-0.0012224789346273806	0.0074860057373563934	9.1487917556517975e-005	-1	
0.0015435930849584467	0.0077995675516495111	0.00012073250828887038	-1	
-0.0010447635942467328	0.0091074535032299193	0.00010368428722022954	-1	
0.0025184149834637866	0.0046350694307591093	0.00010356691357833091	-1	
0.0039886079127910926	0.0039087335408622987	0.00010793793657748364	-1	
0.0057227063637708808	0.0047198816322744008	0.00012726772022005978	-1	
0.0077986725216885253	0.0017446955315625137	0.00010920868422832237	-1	
0.0076105153364462805	0.0044017056643286005	0.00013605279283631716	-1	
0.0094319653402494142	-0.0010382600345086061	8.7162094126386823e-005	-1	
0.0095282231050019296	0.00067047396413706618	0.00010533532318943503	-1	
0.0091342974229790888	-0.0040311893909496114	5.633711483704146e-005	-1	
0.010926648923512909	-0.0043884704333529458	5.6297219153753907e-005	-1	
0.011445601610765601	-0.0059601677490305127	4.0961170770218214e-005	-1	
0.012590624999999998	-0.01	0	-1	
0.011655390624999998	-0.0085258639329430091	1.4923020174673014e-005	-1	
0.010593952930313739	-0.0024629588653281463	7.5575056948286765e-005	-1	
-0.01	0.012590625000000001	0	-1	
-0.0082974462166378934	0.011857531297471181	2.3550851660864553e-005	-1	
-0.0071298036282134583	0.010417834611489887	3.6568144101258723e-005	-1	
-0.0043247753139320881	0.011525314746511355	7.6905086220927042e-005	-1	
-0.0018419077701383464	0.010510401272149993	0.00010318627502351439	-1	
-0.0027762305309515494	0.011769169309282757	9.8629056804560615e-005	-1	
0.0022000530914297579	0.0062436951734651967	0.00011430566138145378	-1	
0.0030690907329395879	0.0076916082146842694	0.00013452137859037598	-1	
0.0010613036945268399	0.0096951907700035984	0.00013105980813344365	-1	
0.0029743765166178968	0.010102796976362825	0.00015591858908951906	-1	
-0.00029468080419104944	0.010461584290814153	0.00012161463036623515	-1	
0.0038818489600220153	0.0063961459972715819	0.00012955309897525193	-1	
0.006688481084794382	0.0063728601113006624	0.00015130690346729553	-1	
0.0086617638297147512	0.0031409829492747604	0.00012829252138796317	-1	
0.0087504081998049446	0.005677120513878444	0.00015767453898221439	-1	
0.01107805569346583	-0.00056983289561651155	9.7272973681789912e-005	-1	
0.011708902005177326	0.0025056871284815331	0.00013490819778897611	-1	
0.010279409163447025	0.0034198534086392492	0.00013955167366428941	-1	
0.01236550098135698	0.00094106974496075595	0.00011869541886138092	-1	
0.012434174866671609	-0.0031201229600833274	7.2623504143292311e-005	-1	
0.01294303693187835	-0.005255021095632216	5.020257715359162e-005	-1	
0.013124227119721211	-0.0075823281190201923	2.553193593105243e-005	-1	
0.014461093749999997	-0.01	0	-1	
0.012953679017651772	-0.0012197400462050909	9.5063792124374551e-005	-1	
-0.01	0.014461093750000001	0	-1	
-0.0082574073677952626	0.013710775116430627	2.7008688778069929e-005	-1	
-0.0054513035806449074	0.012923295384222065	6.6734345100350181e-005	-1	
-0.0037188021067154752	0.013166506179688725	9.3011102458999273e-005	-1	
-0.0012259620353848844	0.012001814069236954	0.00012089656860342953	-1	
-0.0020459343178961856	0.013678586455944356	0.00012086500310426271	-1	
0.0040298651844019578	0.0088814446512801345	0.00015492004502368027	-1	
0.000729007324844226	0.011622772043201115	0.00014337430663114158	-1	
0.0034403454610818511	0.011648316556504277	0.00017660800860965089	-1	
0.0044788557903413075	0.010687861028191463	0.00017827326576599835	-1	
0.0020771404725437627	0.012435419724447439	0.00016778737243003944	-1	
0.0057502660788061495	0.0080416354905625022	0.0001618488038319557	-1	
0.007643094452230997	0.008328444508290048	0.00018123984897742726	-1	
0.010364480758541546	0.0051107208727046915	0.00016035044683961215	-1	
0.0093434301579846755	0.0083178282987548795	0.00019463868614533352	-1	
0.010061060263542233	0.0067763156495160874	0.00017994034726193263	-1	
0.011858458876319655	0.0043142917541215036	0.00015807914507101042	-1	
0.013404636289612783	0.0025659781636836682	0.00014212680307808124	-1	
0.01403299002972155	0.00074243734006830509	0.00012110213223394984	-1	
0.014395413055778955	-0.0029333489045164814	7.8129305193633925e-005	-1	
0.014735159911415966	-0.0071706537676727074	3.0989350207941013e-005	-1	
0.015117487228182971	-0.0055525048085936701	4.9306543052523406e-005	-1	
0.015195015658378863	-0.0086431448447217129	1.495704636458271e-005	-1	
0.016331562499999997	-0.01	0	-1	
0.015292083597088163	-0.00036871429103572462	0.00011034490571680976	-1	
-0.01	0.016331562500000001	0	-1	
-0.0089861909832343878	0.015396328125000001	1.7132246766785809e-005	-1	
-0.0064860806289918386	0.01439048734825794	5.5853132315354842e-005	-1	
-0.0075236463568924125	0.015460404194999701	4.1762859472025516e-005	-1	
-0.0050214650600741515	0.014666469112038824	8.022701110162914e-005	-1	
-0.0037817287822022616	0.01601405516556462	0.00010724156310244979	-1	
-0.000179489888946902	0.013696061425340971	0.00014813247647230943	-1	
-0.00046036618268643177	0.015250043819037676	0.00015637432495867407	-1	
-0.0020117757051449957	0.01554480010129318	0.000133729605025946	-1	
0.0054979494355657521	0.0097068275587785247	0.00017805901706996488	-1	
0.0049295235420370185	0.0120287104244425	0.00019840966111034063	-1	
0.0033722940971174292	0.013104493721999172	0.00019135563082452474	-1	
0.006236761032473421	0.011220328710671182	0.00020341627684761075	-1	
0.0020623107511526001	0.014009471603238207	0.00018287071333951776	-1	
0.007109888166995623	0.009857038959465934	0.00019531532103779755	-1	
0.0098277042916602476	0.0099477770033522123	0.00022064601151632095	-1	
0.012939229238555503	0.0057721509289750863	0.00018279481539144516	-1	
0.011180703806682709	0.0082353481285841242	0.00020681014275679074	-1	
0.013671780995799515	0.0042416223616839411	0.00016495909603340771	-1	
0.01551786959441449	0.0015267250659995707	0.00013488813323303889	-1	
0.015144392293621163	0.0033986717475530674	0.00015877209915472298	-1	
0.015716971260738295	-0.0039781211262724242	6.7864407963911323e-005	-1	
0.016696091976890429	-0.0014882726912084472	9.896800734484727e-005	-1	
0.016339187370916445	-0.0076084621048286803	2.6916620414888231e-005	-1	
0.016659999290154708	-0.0052385272206659063	5.4125348738840378e-005	-1	
0.018202031249999997	-0.01	0	-1	
0.018685160977532828	-0.0083964538470452082	1.8490761965988831e-005	-1	
0.016913207128831223	0.000224149602606048	0.00012093221876690516	-1	
-0.01	0.01820203125	0	-1	
-0.0085552764865321502	0.016706589455875928	2.6108858993035263e-005	-1	
-0.0060353300098383985	0.015811081793547826	6.7887702690959303e-005	-1	
-0.0070728957377389741	0.01688099864028959	5.3073708013768488e-005	-1	
-0.0056391353115731284	0.017287933203845481	8.0510768323431393e-005	-1	
-0.0034493401313398049	0.017814736146501198	0.00012345662977495601	-1	
0.0010853540810694313	0.015573310950863202	0.00018367948532515633	-1	
-0.00097641106256657773	0.016764106359367877	0.00016018787574354932	-1	
0.00052029499774155922	0.01732851637267252	0.00019113539172816964	-1	
-0.0018869265402547441	0.018056626701628442	0.00015382796637458307	-1	
0.0047583307995782247	0.013556140912710868	0.00021443910584627854	-1	
0.007011697815514268	0.013009134314836602	0.00023511841442419741	-1	
0.0037058627654612767	0.014433413856898605	0.00021063007671607016	-1	
0.0084104100369916564	0.011651210668716135	0.0002315257554641525	-1	
0.0029292397448202941	0.015562197921834095	0.00021199739794673113	-1	
0.010715480462139907	0.012127753112586293	0.00026093175967300511	-1	
0.011821660638614446	0.01013249229615675	0.00023920678006787873	-1	
0.012998820271479044	0.0085125303053344703	0.0002222873202089068	-1	
0.014184180639921667	0.0071159163946660029	0.00020790584182443238	-1	
0.015759819595848917	0.0061815869564529136	0.00020058829301689446	-1	
0.017595254455020356	0.0018200771199397784	0.00014332509057718055	-1	
0.016565791806554542	0.0045438434848386368	0.00017909836414976144	-1	
0.018058123666182174	0.0034927771196717038	0.00016753089448317158	-1	
0.017214987803784845	-0.0032073996972158125	7.8680614456783739e-005	-1	
0.018487592896015051	-0.0016114595359927907	9.9528732048530314e-005	-1	
0.017832990533004682	-0.0065125187599878254	4.0073169380556158e-005	-1	
0.018176124932108406	-0.0048151025817279721	6.0196921521543797e-005	-1	
0.020072499999999997	-0.01	0	-1	
0.019511247053161436	-0.0069396229049196005	3.5627830488874688e-005	-1	
0.020359599173259035	-0.0083643395671180749	1.9054910595958091e-005	-1	
0.018627619719041116	0.00042494445334921712	0.00012593226946740454	-1	
-0.01	0.0200725	0	-1	
-0.0081093329058837382	0.018131021121797087	3.6487423233273282e-005	-1	
-0.0066881516759096605	0.018254687654046451	6.4177232881809139e-005	-1	
-0.0047470586176641318	0.018567681137487843	0.00010285812583045316	-1	
-0.0029121802785761373	0.019512023501827517	0.00014440523152968243	-1	
0.001961418637252057	0.01682390368945556	0.00021043275288605264	-1	
0.0016970558911873265	0.018327759946852696	0.00022213706820465112	-1	
0.00032905350959438399	0.019006216878106191	0.00020349947248479583	-1	
-0.0011331307616412223	0.019446388981448813	0.00017932291079480098	-1	
0.0066326348064493675	0.014921374818110698	0.00025701553016630271	-1	
0.0047072778410641447	0.015595445911661532	0.00023911634669195961	-1	
0.0091627127693187996	0.013825435477300507	0.00027164486953637593	-1	
0.0035062304019780662	0.017244341400278983	0.0002409759562265571	-1	
0.012667501437254288	0.011448036872076761	0.0002665045404608862	-1	
0.011299209954013869	0.013850813641500606	0.00029485527557287979	-1	
0.012904083978090746	0.01299404233430761	0.00029477297920406083	-1	
0.014174376105861967	0.0094745716600910419	0.00024439233692270465	-1	
0.01416401792848729	0.010993567313862003	0.00026954086994131394	-1	
0.015661312116736468	0.0091639651766136018	0.00024715706359465831	-1	
0.016784251801486107	0.0077082397428384622	0.00022831616024884715	-1	
0.018010249345202522	0.0057785171293208253	0.00020133076680057928	-1	
0.020270303905578893	0.0012922813548041747	0.00013918337505741088	-1	
0.021128929266956961	0.0029395357753856312	0.00016301295613039987	-1	
0.019669664752709638	0.0046699018561028411	0.00018737658075530637	-1	
0.018572331039595272	-0.0029843885503454391	8.2570719406776843e-005	-1	
0.019757160009292445	-0.0022856075088202024	9.1944327643261235e-005	-1	
0.020441729260583366	-0.001021629231882742	0.00010845010201780399	-1	
0.019972172003220819	-0.00534680556522468	5.4603057197242594e-005	-1	
0.020671025946611611	-0.00377244376889639	7.388572039992449e-005	-1	
0.02194296875	-0.01	0	-1	
0.021069626925019781	-0.0063730798242921808	4.2556209058487742e-005	-1	
0.021943055309454489	-0.0078638621433250958	2.497661510829849e-005	-1	
-0.01	0.02194296875	0	-1	
-0.0078931992134428954	0.020232830239414641	4.462308275380632e-005	-1	
-0.0059024845946020303	0.01952475492827771	8.3924903044598224e-005	-1	
-0.004405160439682837	0.020028538784588636	0.00011718739007668771	-1	
-0.0028751450680994119	0.021084424159367714	0.00015598772858536024	-1	
-0.0014053258142253848	0.020947526537718995	0.00018612577656119589	-1	
0.001589766753851869	0.019867806362352393	0.00023697759069898542	-1	
0.0030555725396467833	0.019061030999562495	0.00025535937910517632	-1	
5.8315842109637637e-005	0.020755529923913572	0.00021522749690052422	-1	
0.0068930189648889802	0.016626668566979873	0.00028526651943144502	-1	
0.0083963299776730095	0.015524599369733171	0.00028900795753673922	-1	
0.0053002834479927829	0.017289254601481046	0.0002706137929877595	-1	
0.01087388108080215	0.015619647453818301	0.00032132554138544794	-1	
0.0046827135460982315	0.018671306439393669	0.00027952157226622569	-1	
0.013328719821184876	0.01596758475509661	0.0003546910186027577	-1	
0.014680617070544737	0.013300612868941958	0.00031473128297728977	-1	
0.016316563326477476	0.012543159788553622	0.00031106235821932836	-1	
0.016515760377480544	0.01075140761368071	0.00027893192828788168	-1	
0.017258008676181172	0.0094846643817704367	0.00025962529437564423	-1	
0.018479817949631765	0.0086705679183064367	0.00024964971446812622	-1	
0.019845921309825511	0.0074762968906205316	0.00023250098416149613	-1	
0.021883130333161395	-0.00045796047502592667	0.00011618211420802442	-1	
0.022114833492498442	0.0010722921725583967	0.00013677501267361292	-1	
0.023165645141595911	0.0023824053954623397	0.00015496310793017902	-1	
0.022696190603725536	0.0043545614700322517	0.00018439335731648628	-1	
0.021045855567810627	0.0061151652089613687	0.00021150414539092551	-1	
0.021193430918962818	-0.0023439343329874859	9.17432097442008e-005	-1	
0.021657367187170658	-0.0049902538972673299	5.9157041678715468e-005	-1	
0.022262680748354708	-0.0035447345981097227	7.6780785955117171e-005	-1	
0.0238134375	-0.01	0	-1	
0.022567350424310816	-0.0062527865165949593	4.3998947235916516e-005	-1	
0.023609749875670286	-0.007408408206659594	3.0173936444446235e-005	-1	
-0.01	0.0238134375	0	-1	
-0.0080125341169032371	0.022878203125	4.7093163878307196e-005	-1	
-0.0063355719959925175	0.021459583367035996	8.1831843370013064e-005	-1	
-0.0043584017624452116	0.021607649744871969	0.00012636671071081644	-1	
-0.0019174057671091571	0.022332042236339431	0.00018663750331584695	-1	
0.00013126632437731071	0.022873219263912555	0.0002383545307193254	-1	
0.0028497358282672286	0.021106415889217307	0.00027706786289411292	-1	
0.0043312353225472555	0.020143693251604766	0.00029349064823705218	-1	
0.0022475709443783294	0.02276746166857882	0.00028497048272446609	-1	
0.00879860802877243	0.017649692139414908	0.00032968884999532279	-1	
0.0067508786142068721	0.018345861052016542	0.00030961423187687712	-1	
0.010079156032740757	0.016882993219151213	0.00033399066142112912	-1	
0.012027497546007862	0.01748106189599238	0.00037027989122756787	-1	
0.0058399890831331083	0.019647100063980519	0.00031429241865452997	-1	
0.013942134401071567	0.017811078041246282	0.00039973702597163305	-1	
0.01505344228771111	0.016025937523742005	0.00037232181808743514	-1	
0.01596808376217496	0.014562549808425411	0.0003493516141784978	-1	
0.018121013481755002	0.011571906116121354	0.00030139832940341869	-1	
0.018268546831068926	0.013166966214375877	0.00033393556992954691	-1	
0.018561876442359061	0.010159571635277719	0.00027649411008237861	-1	
0.01997077160023469	0.0097078380080956751	0.00027180277442527155	-1	
0.021336716244660429	0.0085107301366896745	0.00025232595637416088	-1	
0.023354121759818006	-0.00054065842240763563	0.00011473231720563543	-1	
0.022620839315341736	-0.0018185283627463627	9.8432310249653099e-005	-1	
0.023847506632349622	0.00084758726743093342	0.00013303358281309592	-1	
0.025400837093011754	0.0016474703738466564	0.00014236093745704991	-1	
0.024491607780582389	0.0034131453523470606	0.00016875492406011645	-1	
0.023456084986473405	0.0062340155590321199	0.00021347459065664757	-1	
0.023217156868672741	-0.0048386402399997544	6.0783299600435685e-005	-1	
0.023796608133666755	-0.0034121987957728339	7.7984045615749504e-005	-1	
0.025683906250000003	-0.01	0	-1	
0.024844902305248179	-0.0085456772267023702	1.6757261531173954e-005	-1	
0.025063737524470733	-0.0052534704839515382	5.5082493369749594e-005	-1	
0.025181211378831173	-0.0069007217393815216	3.5722051377648481e-005	-1	
-0.01	0.025683906250000003	0	-1	
-0.0080095669728557205	0.025463906932018741	5.2071028441232628e-005	-1	
-0.0069249590697904907	0.024169808717989728	7.6673563320327114e-005	-1	
-0.0054790967641429912	0.023297715440838519	0.00010886240585443176	-1	
-0.0035900661824623324	0.024035172426016983	0.00015925693828980648	-1	
-0.0012131593510834634	0.023814357519307734	0.0002156635498871632	-1	
0.0012659697514130041	0.024352197181941228	0.00028131318848371566	-1	
-0.00015974579423362113	0.024941325538093667	0.00025237987329347134	-1	
0.0048065310979163089	0.022053388809946908	0.00033093198024472872	-1	
0.0065186987354844596	0.021083169669494771	0.00034991783874690406	-1	
0.0030870551884448587	0.024383821299901728	0.00032638474828085127	-1	
0.010238920497561709	0.018366942591798829	0.00036386423943920651	-1	
0.0082786551940757253	0.019479996133481527	0.00035384558533388519	-1	
0.011473657908227131	0.019398626528815424	0.00040235603059670516	-1	
0.013183354933518895	0.019344142346497326	0.00042504193252247441	-1	
0.015867083440533107	0.017547798459104834	0.00041386315792746309	-1	
0.016090994206321072	0.019937501932477959	0.00047475563083888725	-1	
0.017226633282040701	0.016066682158629525	0.000390478967519981	-1	
0.01865405430312694	0.014721754558553613	0.00036885313511606253	-1	
0.019612095020359953	0.011201727945163246	0.00029927166043502193	-1	
0.01980150392145992	0.013631751503755268	0.00034964664090061058	-1	
0.021598128792635098	0.010514423772760689	0.0002894509915675393	-1	
0.023006271996485608	0.0093118104524469777	0.0002671638546507027	-1	
0.024442999873245878	-0.0020148167144095328	9.5071460475216915e-005	-1	
0.025145414413435412	-0.00032206391807141412	0.00011621402215489693	-1	
0.026912243277454957	0.0010412160741022282	0.00013156787977739974	-1	
0.026730382791185017	0.0031228056946304224	0.00016071092971558636	-1	
0.025242839606850163	0.0063226585286851669	0.00021264588643964474	-1	
0.026763336563119626	0.0053800882896674496	0.0001944606532794784	-1	
0.024527507152368039	0.0079623686033847129	0.00024181915992373937	-1	
0.025558086500882145	-0.0034265705580701473	7.6712171532520332e-005	-1	
0.027554374999999999	-0.01	0	-1	
0.026758167843534283	-0.0073910737694630026	2.9410033184399067e-005	-1	
0.026862644959081326	-0.0046653580020510413	6.0678758374338341e-005	-1	
-0.01	0.027554374999999999	0	-1	
-0.0086106876595121694	0.026884378149378659	3.8638310495095819e-005	-1	
-0.0074936264675425053	0.027947984680324011	7.2415217085009803e-005	-1	
-0.0055633045110040583	0.026301566140354962	0.00012041357383833304	-1	
-0.0035233597458171318	0.026025582304494466	0.00017371258473850818	-1	
-0.0016322959813675913	0.025401035211140729	0.00021888102767588072	-1	
0.0013041788124355019	0.026464374872676964	0.00030797653415305404	-1	
-0.00042946836399833442	0.026665649702789295	0.00026273740225144057	-1	
0.006644312926280144	0.022757236201766375	0.00038129716964946251	-1	
0.0048291718178026062	0.024915217483103567	0.0003762891053129872	-1	
0.0088911010807068928	0.021281460453681605	0.00039804047454052287	-1	
0.0083230003383016823	0.022774155188779538	0.0004156711326086832	-1	
0.0034163468233169682	0.026425634410689396	0.00036333848700839205	-1	
0.0098888422221944956	0.01993741813134433	0.00038857955029371864	-1	
0.012261206847350391	0.020784862774474298	0.0004444834084032965	-1	
0.013826155282082888	0.021089527601654764	0.0004753615494938669	-1	
0.018368546839441145	0.019180156090041912	0.00047591743309496095	-1	
0.0188327887870544	0.01719212674393749	0.00042811252541629519	-1	
0.018121265189867158	0.021217665381049335	0.00053105005560924988	-1	
0.016180307518607696	0.022045888277577756	0.00053284648103762283	-1	
0.02004097099977881	0.015196169224341314	0.00038590390469570913	-1	
0.02067441334987228	0.012311608929685698	0.00032427433647020521	-1	
0.021616663124610372	0.013883312165445501	0.00035973251391487298	-1	
0.023189533979401458	0.01066735899287834	0.00029302592313896315	-1	
0.022952017380300557	0.012014460572195719	0.0003203697610674167	-1	
0.024731113285982601	0.009985656582355517	0.00027830415183479023	-1	
0.026381911131968042	-0.0018272644337024801	9.5403261234930844e-005	-1	
0.027693897585527094	-0.00038738795536291616	0.00011151076479274635	-1	
0.028127946451917032	0.0021247098313221784	0.00014321122879774374	-1	
0.028545005049684099	0.0044657713397239576	0.00017494646324073214	-1	
0.026768822410424539	0.0070866094297357711	0.00022171538558064178	-1	
0.0295026109254772	0.0062245519023915877	0.00019764809896599683	-1	
0.026557374378023652	0.0087799889576663896	0.00025150516312667933	-1	
0.028251197572008134	-0.00372515885933738	7.0059118105098307e-005	-1	
0.029424843749999999	-0.01	0	-1	
0.028683821809320064	-0.0082293502458776809	1.925278056033645e-005	-1	
0.028850990753690485	-0.0061064318060361222	4.2440772597802798e-005	-1	
-0.01	0.029424843749999999	0	-1	
-0.0083695788686793463	0.029326617635795228	4.9309275962687087e-005	-1	
-0.0067469902892458881	0.029514041585334258	9.9047172196497637e-005	-1	
-0.0052782372003551013	0.028590589271272823	0.00013941419483897699	-1	
-0.0030587839859003685	0.02796216449906521	0.00020012662890847973	-1	
0.0022803122437362678	0.028140446636286523	0.00035631119618673645	-1	
0.00076011413267275266	0.029345042309361587	0.00032640683827157391	-1	
-0.0011214685757490526	0.028576648843154889	0.00026172965980563129	-1	
0.0075491360340137308	0.024171298726237075	0.00042663927020475135	-1	
0.006452643797996158	0.025506646938193177	0.00042571765679941942	-1	
0.0051089509687247039	0.026592897209256727	0.000411083008631697	-1	
0.0099126280359868122	0.022619365626913378	0.00044447641292918468	-1	
0.010375827350649786	0.024237683879859796	0.00048974522545813793	-1	
0.0040158844985853162	0.029006380802762494	0.00041992201575002328	-1	
0.01154524179939562	0.022209390173438499	0.00046526875416161523	-1	
0.014050410562641018	0.022734748963844642	0.00052077843873408189	-1	
0.020344245067763177	0.019694352334195152	0.00050395819958934396	-1	
0.02011600506259581	0.01812461308986368	0.00045926719938592467	-1	
0.020205153932070473	0.016652758103644704	0.00042169054660999567	-1	
0.019485113465146479	0.022248567490682956	0.00057545944541231462	-1	
0.017150062409239109	0.023920146877678426	0.00060249083454102766	-1	
0.015465196790626074	0.023603900096023592	0.00056728606302325194	-1	
0.021388512650524247	0.015773004294419805	0.00040355999087183852	-1	
0.023772714972547359	0.013315067173238083	0.00034809866368101268	-1	
0.02322925300760335	0.014753737101072077	0.00038124222768628281	-1	
0.024308331561565411	0.011454371553128759	0.00030779686344588043	-1	
0.025751394484915643	0.011188181270001336	0.00029940769030744647	-1	
0.028080138275486569	-0.0020569887529336877	9.0140995708637938e-005	-1	
0.030083372923782006	-0.0011306794031044824	9.691475948259769e-005	-1	
0.029622868451585623	0.0012793769069316882	0.00012789472313358527	-1	
0.029580701503932293	0.0030406150103641214	0.0001512142141128201	-1	
0.030547009213747534	0.0045137026243261338	0.00016756272782160388	-1	
0.02861550113484683	0.0081770908016362918	0.00023300681017267191	-1	
0.030160386630650501	0.0077011960993708765	0.00021742669399232482	-1	
0.031777434935361108	0.0060960507467033827	0.00018371458830330079	-1	
0.027289979012037901	0.010842064234601585	0.00028726810969263619	-1	
0.028715431529529684	0.0098571013415149067	0.00026222947822519718	-1	
0.029876633605606086	-0.0033128355790017589	7.2166686352996044e-005	-1	
0.031295312499999998	-0.01	0	-1	
0.030704493939065727	-0.0076568689877339639	2.4290250767848719e-005	-1	
0.030816566148119909	-0.0052429987897852368	4.9437462278944353e-005	-1	
-0.01	0.031295312499999998	0	-1	
-0.0080587733307308767	0.030979431342166346	6.1732817715129805e-005	-1	
-0.0060972402132498174	0.031122713289323211	0.00012533524839346505	-1	
-0.0037526552318578738	0.029745083338411301	0.00019199672664324023	-1	
-0.0020094483445277527	0.030533427578972906	0.00025184406133458182	-1	
0.0025501494317888142	0.030734564666720542	0.00039999338524449886	-1	
0.00064934597303646104	0.031335494840017457	0.00034554680567655413	-1	
0.0087020177037952628	0.026235817037408224	0.00049603515040350121	-1	
0.0063510917782526287	0.027754780097564036	0.00046548874478548666	-1	
0.0080249449014714209	0.027766665811342035	0.00051114265289063806	-1	
0.0055194784181636734	0.029007463244251235	0.00046424917145289319	-1	
0.010230893880340384	0.02581640568422304	0.00052316285115286431	-1	
0.012588211573509995	0.023471614977682586	0.00051455668475531354	-1	
0.011790029491873773	0.026103571822958544	0.00056646613298742409	-1	
0.0047667765851415302	0.030263860070714351	0.00046311326476426717	-1	
0.013942638765109049	0.024391682577819825	0.00056421941337324733	-1	
0.021437403043851767	0.020791923765798272	0.0005429346895933423	-1	
0.021793777708998686	0.019343815272815295	0.00050059965207925096	-1	
0.021679493697129612	0.017856885458049608	0.00045811629580393799	-1	
0.021193183290555341	0.022321634235219615	0.00059076084877812826	-1	
0.020021354045999442	0.023871924295909685	0.00063471374068961247	-1	
0.017513864899817152	0.025641814632495326	0.00066474095296383266	-1	
0.019217965354650028	0.025394910399306567	0.00068042335502776141	-1	
0.015848249835989987	0.026209457627060645	0.00065453111699676782	-1	
0.023403681041860917	0.01637825385300885	0.00042149081986057088	-1	
0.025159293142394609	0.012649843115121028	0.00033155688670488789	-1	
0.024986352191170361	0.014067057172781108	0.000363453207020081	-1	
0.024767034251415576	0.015477838480830447	0.00039749413862850231	-1	
0.026564334204181483	0.013540457528541655	0.00034662403630581742	-1	
0.032104836057364305	-0.00024485500330506541	0.00010114363898502553	-1	
0.031735295764709792	-0.0021509742705821989	8.0920815052260361e-005	-1	
0.032426216072233741	0.0013653180081703543	0.00011862103316072514	-1	
0.031291281051222704	0.0025518527691124776	0.00013806741618565407	-1	
0.032471870350651764	0.0042865009549225329	0.00015469874740551781	-1	
0.030311371051949466	0.0093228742936567813	0.00024369301398309841	-1	
0.031632130878078785	0.0083698633057976476	0.00021898510864302019	-1	
0.033041974883742053	0.007318407965840751	0.00019299414507123507	-1	
0.034369844096203347	0.0046794470786353168	0.00014814356511667822	-1	
0.028623350218807433	0.01187003231479131	0.00030162495276569486	-1	
0.030016493585751359	0.010924649478015049	0.00027445375636054719	-1	
0.032514588692208156	-0.0039293311588729975	6.0112504982875262e-005	-1	
0.033165781249999998	-0.01	0	-1	
0.032230546875000002	-0.0085181287065508818	1.463660711729592e-005	-1	
0.03269686036466362	-0.0059191822824270386	3.9733481704365917e-005	-1	
-0.01	0.033165781249999998	0	-1	
-0.0084188818465091488	0.03261466419442545	5.3146341035163673e-005	-1	
-0.0034502148079934868	0.031397803241603968	0.00021210523720254653	-1	
-0.005871720009029067	0.032839442837137287	0.00013941208002459925	-1	
-0.0041425429119408014	0.032928696799262747	0.00019835634652964228	-1	
-0.0020140753054065075	0.032158658754339715	0.00026549928808413146	-1	
0.0038779601787096258	0.031532861480657585	0.00045513413842632037	-1	
0.0025349138233530218	0.032305251065092661	0.00042099105088070412	-1	
0.001101991243777333	0.032948695520145121	0.00037973741842242778	-1	
-0.00057306892763219917	0.03291025598781315	0.00032099237558337628	-1	
0.010282687651687224	0.027994468372241371	0.00057773540677087296	-1	
0.0069824728313218074	0.02907631367670864	0.00050897894249603336	-1	
0.0087708537038359811	0.029881775262334025	0.0005801554670813023	-1	
0.0062297709982996633	0.030332710503171753	0.00051096534642771361	-1	
0.013470994685944891	0.02600795554921791	0.00060067857982484178	-1	
0.012806783300340446	0.027835585953654936	0.00063859553390606763	-1	
0.0053878670885369592	0.032644303810977798	0.00052554249135322584	-1	
0.022940405007376753	0.020416900425461341	0.00053589732053931495	-1	
0.023136447757921133	0.022304133933953151	0.00059886908469599059	-1	
0.023950051523027063	0.017918045759004082	0.00046262049998007228	-1	
0.022225137236672694	0.023968344320135504	0.00065571724483327832	-1	
0.021853824280742926	0.026142760071854659	0.00073820717759025419	-1	
0.01793181605639035	0.027351144600888257	0.00073381916589748924	-1	
0.020238452199374181	0.02678182303544234	0.00074709181309064762	-1	
0.01449828405691956	0.027341920692602502	0.00066337114992528622	-1	
0.016076865413285783	0.028150610528729299	0.00072573510919926652	-1	
0.025620755049498387	0.016947618995366377	0.0004335467905034383	-1	
0.026443843066192518	0.015199618854141389	0.00038604629544289971	-1	
0.028639826745281271	0.01355357788085311	0.0003366315773833409	-1	
0.033299782976765377	-0.0014654010723428206	8.3615580704071829e-005	-1	
0.034477907074539037	0.00012415648403135736	9.5844615471277078e-005	-1	
0.033871330499699009	-0.0030046154506233728	6.6062370415689243e-005	-1	
0.03392969241722861	0.0020252430954962992	0.00011919823185694722	-1	
0.032099925429326007	0.010409884360733885	0.00024951710694432394	-1	
0.033342668106018367	0.0090512674634070193	0.00021670211101149935	-1	
0.035212866605913155	0.0065705822768610308	0.00016602447219467696	-1	
0.035137351093323228	0.0086397310625224016	0.00019467727232945199	-1	
0.03618580157174154	0.0047428851350691621	0.00013598670551461057	-1	
0.035286817755375212	0.003163786012823007	0.00012445921913311838	-1	
0.030606959782283127	0.013587740109941585	0.00032312894080423362	-1	
0.032244905362680085	0.012497825563374514	0.00028682523223828805	-1	
0.034675808854643844	-0.0056426080057960064	3.9092270909721594e-005	-1	
0.035036249999999998	-0.01	0	-1	
0.034101015624999995	-0.0085425213416430151	1.3239712400492198e-005	-1	
-0.01	0.035036249999999998	0	-1	
-0.0082009416139026074	0.035443314285061985	6.4960889660327587e-005	-1	
-0.0072820167775922116	0.033843973935426458	9.4322455876688825e-005	-1	
-0.0051356106255046876	0.034824029709844141	0.00017362699935708327	-1	
-0.0022012008780886889	0.034274616562493997	0.00027532177785637759	-1	
0.0038843813721238145	0.033122768996289347	0.00048029008465558178	-1	
0.00249777197638497	0.033875572168879847	0.00044104486364780532	-1	
0.00056202054124238586	0.035276225071634054	0.00038585930724026758	-1	
0.012351248412851663	0.029791640457559169	0.00068373051341891384	-1	
0.010575103240207025	0.030394897981052531	0.00064863563849729025	-1	
0.0071140344447860292	0.031963878817731176	0.00057265269599588613	-1	
0.0088501486700825627	0.033031582690330213	0.00065730577373301143	-1	
0.014367888993821404	0.029099156398760703	0.00071768227753201503	-1	
0.0050331080444791535	0.034130982430100973	0.00053849456659267939	-1	
0.0070063675853518437	0.033816185423181294	0.00060672022174567222	-1	
0.024539556015551488	0.020547902253935612	0.00054128284457956104	-1	
0.024796717813745525	0.022131667778108776	0.00059463319664985147	-1	
0.02437036072190011	0.023745501989981842	0.00065419356608123556	-1	
0.025937008059281754	0.018853652156345227	0.00048647742513137474	-1	
0.023543028580604721	0.025737276082006127	0.00073317739345952451	-1	
0.023063575462022673	0.027389487994092434	0.00080333444239156365	-1	
0.022217556726453581	0.028887463893239013	0.00086549540104346957	-1	
0.018422486936921827	0.028843043758948431	0.00080190429351908489	-1	
0.019969565553007766	0.028572731409116217	0.00081931445596980523	-1	
0.01576429624224699	0.030080024995129673	0.00078864860275635381	-1	
0.017470726847542032	0.03009231304260427	0.00083200302419645809	-1	
0.027158536293310612	0.017671720375124753	0.0004470517383350029	-1	
0.027768531856524	0.016156007595829764	0.00040349713428838651	-1	
0.029878735588127737	0.015415435097133697	0.00037043565086385924	-1	
0.034976667542480404	-0.001790499519119116	7.4394083741837405e-005	-1	
0.036113183567939244	-0.00047215091345945224	8.2431478792911132e-005	-1	
0.036214095611176771	0.0016544070225841699	0.00010283490305103109	-1	
0.035971009186678768	-0.003805963055718471	5.2615942324383031e-005	-1	
0.033423324416195832	0.011030440832722617	0.00024858408201299355	-1	
0.034461989354800493	0.010002019538364831	0.00022153430341496639	-1	
0.037140033493224547	0.0074727717056307401	0.00015990213183446602	-1	
0.037492216897226815	0.0053742282043235425	0.00013243321480695816	-1	
0.036663099582533228	0.0089562152451805547	0.00018372734152547531	-1	
0.035899438900526805	0.010302932099589794	0.0002109395060971668	-1	
0.037490272508380558	0.0034779418496087983	0.00011283589016604543	-1	
0.031760310557545579	0.014323122301897872	0.00032847873502095897	-1	
0.032993363397555167	0.013731019546635546	0.00030345733861989561	-1	
0.033767921246671023	0.012514049140794346	0.00027149240785859777	-1	
0.03665283809931786	-0.0056617976960890107	3.5063089352728321e-005	-1	
0.035643902058749059	-0.0077561315983853719	1.8967199187612747e-005	-1	
0.036906718749999998	-0.01	0	-1	
-0.01	0.036906718749999998	0	-1	
-0.0083158530592497715	0.037139598198606481	6.3283827278081444e-005	-1	
-0.006613497499510985	0.036382640422483799	0.00012537153349321173	-1	
-0.003377375366164274	0.036043488236596116	0.00024430447324650859	-1	
-0.0047437307565101113	0.036927574454776547	0.00019772534923938938	-1	
-0.0013141822306809011	0.036139893430655448	0.00032310144561825829	-1	
0.0036259579883560424	0.035387848928403458	0.00050421475310091725	-1	
0.0015829012855747965	0.036590787100822877	0.00043992740843401573	-1	
0.00029997931828475372	0.037651155927495177	0.0003993526550079183	-1	
0.01426783054638669	0.030726031344671351	0.00076999040640780652	-1	
0.011767980416577921	0.031842535834955776	0.00072712001199171246	-1	
0.010589180595398328	0.033124443032031825	0.00072171715509346593	-1	
0.0092281675183056161	0.034501432529022498	0.00070654671575365866	-1	
0.0055023049516342466	0.035585603191060647	0.00058169116177344844	-1	
0.008084202447877338	0.035498779367166396	0.00068395988341813437	-1	
0.026064743318845139	0.021046148293439929	0.00055480940220301565	-1	
0.026514418908975115	0.022854794532981084	0.00061734166585474773	-1	
0.026301306408139446	0.024706278375241843	0.00069127994085641236	-1	
0.028306119782460875	0.019396009689341472	0.00049034555861598463	-1	
0.024776080690076044	0.027225154980830307	0.0008032763326957438	-1	
0.024242862503550379	0.029082540101852929	0.00089427937903519938	-1	
0.021277129556237079	0.029825699568707002	0.00089830999559755234	-1	
0.02268976341296304	0.03030120327155772	0.00094391032971717301	-1	
0.020070302181492371	0.030380908657941935	0.00090401479239883055	-1	
0.016320261922671431	0.031693393697252201	0.00086643307995223993	-1	
0.018218062504427389	0.032227605039262197	0.00094538022505283401	-1	
0.028835345108087558	0.017393500748435691	0.00042885616854686676	-1	
0.031420266035290044	0.015869337389106255	0.00036681250758335447	-1	
0.03134005546405888	0.017450469147464672	0.00040684653074163238	-1	
0.036748847993857393	-0.0021691972472972021	6.4308833421418366e-005	-1	
0.037797578220181045	-3.3372634976164143e-005	7.8111529552734614e-005	-1	
0.038508067139767413	0.0017979131801992836	9.0026373701812694e-005	-1	
0.038693417742638	-0.004096522194104878	4.1886650236228216e-005	-1	
0.034831160738317803	0.011423470225375699	0.00024063670325547164	-1	
0.038755563564728805	0.0060878599521248557	0.00012834907031345085	-1	
0.039098729341143813	0.0081229019774680458	0.0001462428073564086	-1	
0.038665112845076122	0.0045200442842705966	0.00011380777541960888	-1	
0.037447606778285812	0.010302550697440438	0.00019243485547671958	-1	
0.036673968276246645	0.012110835581897683	0.00022907877115928919	-1	
0.039712315016697863	0.0033497473506654161	9.4642644335158558e-005	-1	
0.032838225675850465	0.015165205419395613	0.0003350184270206393	-1	
0.034583108883833452	0.01462846801021208	0.0003018421573987534	-1	
0.035309936637984783	0.012953825997209486	0.00026103854223542882	-1	
0.037672297934916124	-0.0080007875461077498	1.4977213344903305e-005	-1	
0.038724047899707958	-0.0062491973044222519	2.6285215700983974e-005	-1	
0.038777187499999997	-0.01	0	-1	
-0.01	0.038777187499999997	0	-1	
-0.0075090068320727999	0.038636121810619303	9.6758628409695033e-005	-1	
-0.0050869712049421076	0.038518398608623827	0.00019103920632827131	-1	
-0.0033518266614539155	0.037770864727499708	0.00025568495470732432	-1	
-0.0016617454610335447	0.038128786246305738	0.00032468434439498844	-1	
0.003127099951201519	0.037211851754309445	0.00050978138112866569	-1	
0.0028757735898591163	0.038896500498353692	0.0005196105678401088	-1	
0.00021765633666036247	0.039342463255675808	0.00041134597345422687	-1	
0.014459388840628983	0.03234468485992463	0.00083291717623494978	-1	
0.01286719505985907	0.033414740268583619	0.00081447332863797818	-1	
0.010702328647647103	0.034862272885210988	0.00077441728964713593	-1	
0.0096174589142912145	0.036102695095970319	0.00076144461716179065	-1	
0.0064286083544022902	0.037481893396957046	0.00065311429440284942	-1	
0.0044723002338863133	0.038273608671889586	0.00058111912188441766	-1	
0.0082518752985339099	0.037321400081677551	0.0007298951298196838	-1	
0.028237626119226963	0.021466137734122526	0.00055721893340188362	-1	
0.028028309373881385	0.023967055744256605	0.00065096516017249602	-1	
0.026593776954451431	0.026604588920114858	0.00077387312592609703	-1	
0.028851237254840612	0.026178998824704244	0.00073891404249948128	-1	
0.030099608370216111	0.018854454365012895	0.00045831650222679857	-1	
0.030170339753213159	0.021231148187249388	0.00053122613319431993	-1	
0.026235631716100175	0.028491611424877966	0.00086827759249082364	-1	
0.024084839287083746	0.031111073286438872	0.0010059762547892106	-1	
0.025702074985535589	0.030500502425163181	0.00098082283313362579	-1	
0.021237530920632127	0.031153525383059363	0.00096560623412910362	-1	
0.022490139151711407	0.031778291061403993	0.0010227771328000404	-1	
0.019801027380557498	0.031963073561857194	0.00097495887625704235	-1	
0.015922840189708451	0.033541972438890601	0.00092957960991589658	-1	
0.020055251048270047	0.033547726529662591	0.00106570433847943	-1	
0.01760507217525038	0.034405270153869842	0.0010279314568980189	-1	
0.019108848488298948	0.034772764185051201	0.0011009594314744567	-1	
0.03273067675432631	0.016728414737754917	0.00037195172224223073	-1	
0.031626992752749369	0.01993934165487779	0.00047206350818572006	-1	
0.032790722863973248	0.018544200989601176	0.00041725749833220382	-1	
0.038875163046333407	-0.0018878726191344703	5.7919011555243591e-005	-1	
0.039465205633825863	0.00017421588375336216	7.059572514684006e-005	-1	
0.040423234649716505	0.0015548876726154523	7.5024250816273911e-005	-1	
0.039955189609428399	-0.0030885483333706167	4.4583035748061402e-005	-1	
0.040593216943177302	-0.0051809485393689257	2.8887709798607754e-005	-1	
0.040432060983816742	0.0069579560226878008	0.00011939362575947869	-1	
0.04059705421021597	0.0051951033396328309	0.00010222433239982578	-1	
0.041107909399083112	0.0085944465562668021	0.00012668879977299272	-1	
0.039656874452040441	0.010260908470568163	0.00016332016128394421	-1	
0.038581941911818872	0.01185748860312218	0.00019838365783894033	-1	
0.037343749232358399	0.014719655267316918	0.00026198100010722087	-1	
0.041964018407736454	0.0032033939342736135	7.4670398194612647e-005	-1	
0.034060654647641596	0.016034612973046609	0.00033827875859673102	-1	
0.035922072970699256	0.015926092757466807	0.00030757437528398078	-1	
0.039712421874999994	-0.008110972265121575	1.2118673880730822e-005	-1	
0.040551835534950974	-0.0067659087264495101	1.9446619009247946e-005	-1	
0.040647656249999997	-0.01	0	-1	
-0.01	0.040647656249999997	0	-1	
-0.0087039172564002468	0.039751415225770331	5.1415205590769813e-005	-1	
-0.0071775111031754822	0.040142775299317542	0.00011291996143356395	-1	
-0.0056351617377111011	0.040175218914026048	0.00017507783929221398	-1	
-0.0034692901348417362	0.039494432135539916	0.00026003983600101591	-1	
-0.0012900237809972436	0.040113305791140072	0.00035351740220598892	-1	
0.0017115133750914323	0.040139764140154813	0.00048254736398685455	-1	
0.00362645820508795	0.040425447501743345	0.0005708697087897232	-1	
-0.00074000054368506235	0.041871816347698966	0.00038838062659468761	-1	
0.014712520895246795	0.034591244621559686	0.00092522558043648491	-1	
0.013271176329767544	0.035290079903605998	0.00089209175320216971	-1	
0.011833956674267919	0.035993667592269012	0.00085422531441532593	-1	
0.0098864210769060538	0.037778507186167452	0.00081455092893267496	-1	
0.011571085465960106	0.037572127189989341	0.00088805509930564618	-1	
0.0057048053756868057	0.039464332245184364	0.00065346722561171553	-1	
0.0082077120067761949	0.039254809517751281	0.00076736484253371693	-1	
0.029706026133928042	0.023121919178427885	0.00060302247619667773	-1	
0.030131552992593451	0.024654044168480434	0.0006581386225668729	-1	
0.027980841947564613	0.027762081053396059	0.0008232834196037574	-1	
0.030740213244400291	0.026123061796168957	0.00071196202479982345	-1	
0.030123919512449679	0.027909550328528657	0.00080644043797016096	-1	
0.032508600718245205	0.022400621921501957	0.00053738913544694141	-1	
0.031323607168467923	0.023601672117174718	0.00059898138113857378	-1	
0.02801353028903927	0.029568366968211204	0.00092209416657237963	-1	
0.024567276700283268	0.032771043835373798	0.0011156890032031461	-1	
0.026641477794282678	0.031649033707945029	0.0010549254859345593	-1	
0.021192439236215541	0.032552570154823816	0.0010403121786527615	-1	
0.022533985939330377	0.033326397649024946	0.0011174982031893768	-1	
0.016196196912097283	0.035079963625512578	0.0010041624310406872	-1	
0.021492408488230752	0.034618029689475638	0.0011720284845428959	-1	
0.018182756012103805	0.036936087998332132	0.0011774685627760084	-1	
0.019903341160626337	0.036101363619138821	0.0012055118765845793	-1	
0.034028378168513423	0.017594387095919175	0.00037426650023445021	-1	
0.033259794704873141	0.020751267094999734	0.00047156194005837962	-1	
0.034932646550597565	0.02005396482803902	0.00042162714462077276	-1	
0.040870420646545801	-0.0018122461345401512	4.9033065124351688e-005	-1	
0.041089423398721674	-0.00025705066496668034	5.8035477653437855e-005	-1	
0.04206787457613026	0.0011311296654122132	6.0517477208793535e-005	-1	
0.04156470450771535	-0.0032209920570407061	3.741344725529991e-005	-1	
0.042264270235381061	-0.0047884902045970297	2.6284043727796071e-005	-1	
0.042899544809185744	0.0062997512463195725	8.6329899469743065e-005	-1	
0.042530483192669458	0.0078583756649730843	0.00010207506680944945	-1	
0.043587107361937785	0.0041817461393824718	6.5736050305327743e-005	-1	
0.041628978819493317	0.010453135236981352	0.00013702393720605496	-1	
0.040827597702376393	0.012209274541772255	0.00016821717126678468	-1	
0.039410065908409148	0.013914649252244879	0.00021466117705274713	-1	
0.038933576026058195	0.015746027686119844	0.00025167667947785039	-1	
0.03697327387117065	0.017192806394593821	0.00031491035013073252	-1	
0.043661904647847215	0.0017172008783933232	5.1911556129599503e-005	-1	
0.035559970276879432	0.017827316960922882	0.00035437417435700975	-1	
0.04199912257268075	-0.0074133432374208375	1.3426333515683749e-005	-1	
0.042518124999999997	-0.01	0	-1	
-0.01	0.042518124999999997	0	-1	
-0.008243100424558036	0.041258308154700656	7.1536131125471254e-005	-1	
-0.0068346349027415855	0.042473140135164213	0.00013146853259559977	-1	
-0.0045081267555553512	0.041507644721944764	0.00022587760681861969	-1	
-0.0026734016851135333	0.042200236932456676	0.00030643462283384267	-1	
0.0024168635122333404	0.041937237620786619	0.00053036628118293013	-1	
0.00073373819219982328	0.042977700192171266	0.00046146775994171531	-1	
0.0043252906123076463	0.042231067049610077	0.00062353370552459492	-1	
0.0056278977683232104	0.041036825339598335	0.0006718635279190548	-1	
-0.0013209382074656558	0.043620357559656403	0.00037194907405114488	-1	
0.014680925484190845	0.036192758479716876	0.00098523112105732892	-1	
0.013236188292247722	0.037038309031950788	0.00094980342051374127	-1	
0.0098055119245652345	0.039379089519301039	0.00084832058131288027	-1	
0.012527211490624962	0.039268170041118912	0.00098478859799598032	-1	
0.0070380610785891308	0.040336761949304363	0.00073011666331856647	-1	
0.009453954217023287	0.041108172829871635	0.00086677098530021208	-1	
0.032262644267871073	0.025003435510720092	0.00063796440780733692	-1	
0.031939627468945214	0.027013259746953854	0.00073101490715340263	-1	
0.031638070045740492	0.028476171225524059	0.0008094019589913095	-1	
0.030897829321115466	0.029913444598262645	0.00090415133975381141	-1	
0.033243532673725748	0.023783098118718614	0.00057176191394803049	-1	
0.034675510689046174	0.02188282001086763	0.00047874480109260525	-1	
0.028328543250397877	0.031268814866497185	0.0010236782011452815	-1	
0.029950781838770198	0.031231087367737873	0.0010021062171187663	-1	
0.026058844208943364	0.033013636159153842	0.001146395812441352	-1	
0.025421044061468875	0.034909066229757452	0.0012845639488703541	-1	
0.023283189705270213	0.034681849700748453	0.0012242143962531921	-1	
0.027557110741459088	0.032816602999531395	0.0011342763242376736	-1	
0.01629266597950401	0.036644990572711665	0.0010782604075192407	-1	
0.022066573179327462	0.036315470489220368	0.0013068465911117099	-1	
0.017027004303513938	0.03815865381985855	0.0011819566762283039	-1	
0.0195724499216141	0.038249834123124112	0.0013204945002015967	-1	
0.018264047933415829	0.039200285956081597	0.0013008807691245899	-1	
0.021889142192146702	0.038344605993939719	0.0014456814134058752	-1	
0.036746654292901484	0.018823214422782019	0.00035469699524298502	-1	
0.036573332857496844	0.021242228659570851	0.00041793227537773633	-1	
0.042440035975892618	-0.0019141374573960119	4.0643766928371467e-005	-1	
0.042519188561906569	-0.00047067054018799526	4.82185098291938e-005	-1	
0.043724471821983191	0.00029216868111046424	4.4324346200517206e-005	-1	
0.043009710531826603	-0.0032422814818328172	3.1353733976435215e-005	-1	
0.043887178754684265	-0.0053613931238533441	1.8687398270513783e-005	-1	
0.043666082428143752	-0.00705255773765059	1.2138374585432403e-005	-1	
0.045196180771849261	0.0051829821515232662	5.4144107279530503e-005	-1	
0.044522717265161077	0.0071588167935504625	7.2128959964766517e-005	-1	
0.043792972249327849	0.008844092630955926	9.2226046121022021e-005	-1	
0.04516099465183613	0.003126061721960205	4.5632407684799439e-005	-1	
0.043054685466389409	0.011754518158991374	0.00012614727671100975	-1	
0.042270310463184461	0.013593941854372188	0.00015814019112401389	-1	
0.040781308274333128	0.015249096495060444	0.00020715510695797114	-1	
0.038567521838607358	0.017602635859077953	0.00029129992171262378	-1	
0.04131280247610291	0.01796696631820096	0.00023494604454049064	-1	
0.04515462285829288	0.0010688502314122573	3.7635113090791236e-005	-1	
0.043114401322915823	-0.0085349632478305196	6.6171332419801564e-006	-1	
0.044388593749999997	-0.01	0	-1	
-0.01	0.044388593749999997	0	-1	
-0.0084085730863578713	0.043110930799790469	6.6447202882043586e-005	-1	
-0.0052866556160971996	0.042917446384830811	0.00019737840176052712	-1	
-0.0079313428793146949	0.044740749706054371	8.8092676309664938e-005	-1	
-0.0053743328658861786	0.044525538613293565	0.00019726812490933533	-1	
-0.003505604859916989	0.044483034849941518	0.00027865310489334831	-1	
0.0027033586427009839	0.043846779521285024	0.00055948118477251599	-1	
0.00080695301571063712	0.045129291042900907	0.0004768054838230616	-1	
0.0061422375118158875	0.042524811878621442	0.00071694061052066257	-1	
0.0049926095551876739	0.043869591027964595	0.00067259898382236261	-1	
0.0078041461731948513	0.041733836745360534	0.00079116185228542645	-1	
-0.0017990507240927462	0.045245677565565183	0.0003568691717534802	-1	
0.014232565436977755	0.03857938739786166	0.0010522495513529532	-1	
0.011059698686992733	0.040376799728241243	0.00093666877100680732	-1	
0.013433751546906427	0.040868432125388453	0.001083539181573306	-1	
0.0099699445243888792	0.043143635214745457	0.00093345973012157668	-1	
0.011335840929609244	0.042083586616562668	0.00099221677250036335	-1	
0.033440400944881807	0.026223592877708278	0.0006625977761567217	-1	
0.033146204007631817	0.027893725492973198	0.00074477234319834495	-1	
0.033104897968629886	0.030030509109684925	0.00085680871808394249	-1	
0.032537242114386869	0.032090925874480182	0.00099945555666365918	-1	
0.03093686556347755	0.032584926624754464	0.0010742850762497887	-1	
0.034808134169241202	0.023724895238309715	0.00053524922092923932	-1	
0.036235714235226521	0.022871048236299957	0.00047227435889790197	-1	
0.029266093292391757	0.032702237596716893	0.0011132410435688725	-1	
0.026892134961451993	0.034274291223091273	0.0012474587001898236	-1	
0.025220262858389325	0.037049565122039906	0.0014647408944025598	-1	
0.027377026385806028	0.035801356399070713	0.0013819009212208693	-1	
0.023531291991767688	0.037730910863170569	0.0014697388049159422	-1	
0.029116510829579115	0.034408498389084857	0.0012493871181386497	-1	
0.016770914987109496	0.039821436867010659	0.0012431981173225382	-1	
0.021643012123481197	0.040080318431880896	0.0015622127717484296	-1	
0.020235721159016739	0.040932737755765419	0.0015270798062063851	-1	
0.018197980825448011	0.041146657164592731	0.0013975556625067723	-1	
0.023189934896582717	0.039519857464056243	0.0016103004854308954	-1	
0.038768082841170975	0.019671269417119008	0.00032773034828209813	-1	
0.038598342032827047	0.021298445479135591	0.00036880916461259834	-1	
0.037896452070565648	0.022776235843055232	0.00042511767304502659	-1	
0.043804697658889717	-0.0011319785127093401	3.7314006800846692e-005	-1	
0.046048308907530887	-0.0002912569197468666	2.6570171631939229e-005	-1	
0.044376615881140703	-0.0037113927856214455	2.3573075707708351e-005	-1	
0.045798052619310907	-0.0056022939232000116	1.2291425319089387e-005	-1	
0.044829920273495694	-0.0083295405909042507	5.73572717916171e-006	-1	
0.047289836079198032	0.0041184064714259137	2.8204998927637361e-005	-1	
0.046220836396595508	0.0066349285456728021	4.8102065938624848e-005	-1	
0.045538816361911399	0.0086885962096295549	6.63195032213459e-005	-1	
0.044807691688755244	0.010650349470009781	8.8840812207539055e-005	-1	
0.047782497158624988	0.0018218875872313444	1.8843696526000714e-005	-1	
0.044461392752106116	0.012692969443440071	0.00010855299345638112	-1	
0.04388852043437938	0.01428398594510002	0.00013289645384892182	-1	
0.042670376698564889	0.015553194437397076	0.00017144666290364965	-1	
0.040844196243811248	0.019575234774513648	0.00027351816719486352	-1	
0.042486548264179913	0.019245387734654337	0.00022365200741674492	-1	
0.04318149102256761	0.017429314918391069	0.00018161832394818954	-1	
0.046259062499999996	-0.01	0	-1	
-0.01	0.046259062499999996	0	-1	
-0.0068415105184773872	0.046002396836940601	0.00013599448828315418	-1	
-0.0078804221652827352	0.047306295087470078	9.1889771895334611e-005	-1	
-0.0045312642039424863	0.047278201973155111	0.00023888321793134586	-1	
-0.0031161878324325694	0.046311232133852048	0.00030031360556811532	-1	
0.0038364894955077644	0.045011727290742175	0.00062339053602896658	-1	
0.0024012367488412752	0.046012278849698503	0.000557925520368099	-1	
0.00033419740801872975	0.046671755069395172	0.00046049930577499366	-1	
0.0074702456235151834	0.043799165250125754	0.0008022420483518375	-1	
0.006021684664455863	0.045308715698955233	0.00073935405281718672	-1	
-0.0012686821411671205	0.046854703937756842	0.00038591349723887555	-1	
0.015039580467206765	0.040144917975025042	0.0011537148732005634	-1	
0.013885584442329648	0.042415811540986607	0.0011573868943756823	-1	
0.011179530876749015	0.044420704782673452	0.0010275331915048924	-1	
0.0083693492185219331	0.045688261366028299	0.00087426808389257722	-1	
0.012548408149352326	0.043316086822610428	0.0010940593142646712	-1	
0.035312416713802947	0.025702384510388896	0.00059271001498554458	-1	
0.035971482254502203	0.027530425487587148	0.00064586786333995969	-1	
0.034723557131999497	0.028993008264544862	0.00075183150844637117	-1	
0.034991758980489139	0.031192871653374855	0.00085789610084890109	-1	
0.032304247113765699	0.034175419039603971	0.0011581747778630414	-1	
0.034646339418581681	0.033381939146007164	0.0010067018648343968	-1	
0.030767291421693356	0.035070328322624987	0.0012777394752754138	-1	
0.037205359791469418	0.025263217451096297	0.00052057498792150057	-1	
0.024938275212349079	0.038887307345461981	0.0016346606635142887	-1	
0.026916369722442449	0.038250325440890159	0.0016257629288595893	-1	
0.028556314919888633	0.038184690809121596	0.0016365405689940749	-1	
0.029603350935110774	0.036920790600109055	0.0014828491716476545	-1	
0.015481837355377517	0.042640561755201416	0.0012714989690223416	-1	
0.022929686378139788	0.041105772440987988	0.001735928858816771	-1	
0.022353933399871292	0.042606227076564543	0.0018153370731562053	-1	
0.020203553475274614	0.042636772048312309	0.0016326015680553244	-1	
0.018552990511702852	0.04306151848248016	0.0015163336439187778	-1	
0.016919005534148011	0.043568993406714183	0.0014096502041061518	-1	
0.024482021908047248	0.040689707532596146	0.0018041899800411219	-1	
0.040227673228851651	0.021150818474566277	0.0003201108282277259	-1	
0.040738356275083126	0.022763817994137858	0.00033887837051146995	-1	
0.039055802356263263	0.024361129224202738	0.00043310248673902364	-1	
0.04545402267364107	-0.0021193946166361294	2.4445669698150604e-005	-1	
0.047954000356631062	-8.7027357529361089e-005	1.4066972928366502e-005	-1	
0.048248948702231599	-0.001980800070049157	9.7471187966894063e-006	-1	
0.046067664295913781	-0.0036952591397001362	1.6930304277587717e-005	-1	
0.046524237717440006	-0.008326559654217346	3.7782929995984419e-006	-1	
0.04804972847503039	-0.0075892683716540241	2.9912842041597995e-006	-1	
0.047468204757388451	-0.0046430942790622303	9.2967794771632796e-006	-1	
0.048576345679524603	0.006150218646859518	1.771073508879903e-005	-1	
0.049475620903024764	0.0041576082612606972	5.5895708438155979e-006	-1	
0.04719679689431585	0.0081200442272604187	4.0212180439451115e-005	-1	
0.046676567435872042	0.010021890361791566	5.5059680234940251e-005	-1	
0.046468707595667652	0.011982617700228505	6.6723943098912094e-005	-1	
0.049222587305533264	0.00078575641662520252	5.9599791600958311e-006	-1	
0.049615682620427821	0.0022745614531428865	3.1457797196088696e-006	-1	
0.045612148369532111	0.013932032682316272	9.4253020055544729e-005	-1	
0.044487479959439254	0.015640879384356824	0.00013154501527836804	-1	
0.041897421420556358	0.020877861334807589	0.00026595403491606423	-1	
0.044178083293302813	0.018474840731479272	0.00016697821911021001	-1	
0.04351323837594559	0.020644654652535895	0.00021326151745386295	-1	
0.045314717195669048	0.016871972749278021	0.00012223332516328111	-1	
0.048129531249999996	-0.01	0	-1	
-0.01	0.048129531249999996	0	-1	
-0.0062037418104768927	0.047542766640817906	0.00016533997584603375	-1	
-0.0082328640906384077	0.049644048491688665	7.7100839993593864e-005	-1	
-0.0064825478442746311	0.049212929208729356	0.00015380809251481025	-1	
-0.0031106428339297597	0.048237006817943982	0.00030369473999169978	-1	
-0.004551947415333114	0.048991982592748534	0.00023938104965310269	-1	
0.0040403879270818231	0.046624028213258645	0.00064340725325637532	-1	
0.0035880625065760592	0.04801637504386716	0.0006252895673537508	-1	
0.0016567852809225229	0.047595581057382569	0.00052710195424299623	-1	
-0.00014080912902821822	0.048862559239999763	0.00044233510853473152	-1	
0.0072761962346756118	0.047329058365929565	0.00082344727783042115	-1	
0.0055483765832069791	0.047481011756867628	0.00072747629467953133	-1	
-0.0017433496691165373	0.049108205920042787	0.00036725987584604818	-1	
0.015345928089502208	0.04442749278261033	0.0013152886941519204	-1	
0.013549737192815114	0.044872163187354354	0.0011958157494585022	-1	
0.011145037610752161	0.046179345177906249	0.0010496832097266126	-1	
0.010374038482649338	0.047669884517725539	0.0010142930465033612	-1	
0.0088925211602104808	0.048458080941466392	0.00092545742749218193	-1	
0.037419782999815299	0.026904875415122251	0.00057079607126487577	-1	
0.036406189238253416	0.029165009559701513	0.00069955893640498543	-1	
0.037692878128537034	0.030262856065435714	0.00069442968980965361	-1	
0.036517656072579396	0.032555433701200488	0.00086606247296057317	-1	
0.033783751917956392	0.034689147827456669	0.0011397932933662424	-1	
0.032087798959200997	0.036261695296993621	0.0013497815111543597	-1	
0.034837984438093682	0.03584735572182491	0.0011790622568606495	-1	
0.036347035119310457	0.034542855176660656	0.00099606645376379096	-1	
0.038704180459359007	0.025988790753121521	0.00049379779123142373	-1	
0.026184259785509634	0.041064439752441867	0.0019525902269413055	-1	
0.028295285469629408	0.039805058601202016	0.0018492839262113743	-1	
0.031187042797935646	0.037878399939581413	0.0015520482146549447	-1	
0.030166370702795254	0.040037366590729248	0.001873129197809701	-1	
0.024509464072567627	0.042432488343732366	0.0020019121043024267	-1	
0.024718023323339441	0.044232394301120699	0.0022199096627292763	-1	
0.023122268354871241	0.045533758275182204	0.0021364016315179651	-1	
0.021054268709375261	0.044113610299618855	0.0017983549138495228	-1	
0.018365798488581154	0.044632485531693834	0.0015702612928380729	-1	
0.016922279367669709	0.045279965933558285	0.0014659828753484083	-1	
0.042862908524588711	0.022142092756236222	0.00025666540285693146	-1	
0.041009820987327993	0.024166729368224758	0.00036049508203549473	-1	
0.042731298598403786	0.023727376725217752	0.0002891295722735706	-1	
0.040624232699786302	0.025542656359764378	0.00040814086840741383	-1	
0.050518402086279855	-4.6065930604740485e-005	-3.5068079463692935e-006	-1	
0.04967529492413416	-0.0029522214750613311	1.6817386203483188e-006	-1	
0.048769756772509505	-0.0087721198527876704	9.5791611826870637e-007	-1	
0.048955707142027204	-0.0061293275176300885	2.734054819056943e-006	-1	
0.049504767698880611	-0.0075985197020950112	5.830303406813277e-007	-1	
0.049536396000867421	-0.0046723465228316555	1.6714214095838654e-006	-1	
0.050382984287183061	0.0061465486237367462	-4.5297725706159899e-006	-1	
0.049746950757151541	0.0078375299590646864	3.6644879849942751e-006	-1	
0.051867375293331922	0.0051167234596354791	-2.0955189819368914e-005	-1	
0.051463972084609039	0.0026609661928152619	-1.3480918299912233e-005	-1	
0.048563753129971285	0.0095160349745759629	2.2752709638696471e-005	-1	
0.049364483239776019	0.011298222060164904	1.1600633302284919e-005	-1	
0.047451484029903318	0.013577333289608468	5.3688713368234403e-005	-1	
0.045958627501425396	0.015452101133845193	9.622981715870293e-005	-1	
0.045619852165687209	0.018387531519214448	0.00012612328047125	-1	
0.044872969313798194	0.01974111629329154	0.00016058025968680015	-1	
0.045887405491867019	0.021090773953248477	0.0001413990439085422	-1	
0.044426925003091818	0.022432435467443099	0.00020631915421815233	-1	
0.047447404747741666	0.015914916644628917	6.2975235795497778e-005	-1	
0.047160047956411218	0.018254029978791698	8.208791160397643e-005	-1	
0.050000000000000003	-0.01	0	-1	
-0.01	0.050000000000000003	0	-1	
-0.01	0.051870468749999989	0	-1	
-0.0071080671012897102	0.051052701227878972	0.00012617497307830655	-1	
-0.0050607034616353182	0.050537464589494846	0.00021682500606147735	-1	
-0.003106635531632612	0.049739258228474824	0.0003047712127784341	-1	
0.0047990986972781396	0.048838943781147573	0.00069110607329843821	-1	
0.0034201464754194566	0.049470690067932407	0.00061908066408157319	-1	
0.0016280022666356705	0.050169420221314806	0.00052884253080046453	-1	
-0.0013703409682229125	0.05068597110634282	0.00038460943267876326	-1	
0.00022806781582072061	0.051488582161997032	0.00045967866432292288	-1	
0.0063020606992841401	0.049043193191334107	0.0007740989274238998	-1	
0.014635064002842781	0.04637086236385108	0.0013028033357420179	-1	
0.012040982639055717	0.04786338996598704	0.0011293310588987027	-1	
0.010280362258682918	0.0492802580271752	0.0010158718452026076	-1	
0.0086852294582741019	0.050390422535962237	0.00091486989580236112	-1	
0.038810010836168092	0.027650633086933371	0.00054355842657055826	-1	
0.038782359785216984	0.032011258156431889	0.00071935700378536504	-1	
0.03971855861904286	0.03021423929637708	0.0005959449288915861	-1	
0.038177778997720548	0.033750811943952581	0.0008408694173911472	-1	
0.034284384618459417	0.037596573585278688	0.0013663579099052517	-1	
0.032834720100977106	0.038721166258595424	0.0015730244166020334	-1	
0.036621416467790061	0.037373995514857698	0.0011778134335019951	-1	
0.037983309360140903	0.035813140929817189	0.00097001419007499963	-1	
0.041140842561064123	0.027219637169651093	0.00043164325281495761	-1	
0.028298719131572489	0.042318047345334876	0.0022717005325259797	-1	
0.026381749077792858	0.043514637357237242	0.0023367566713468971	-1	
0.029726371224049624	0.04187075891384863	0.0022018561985529678	-1	
0.031493241127627983	0.041376897041101215	0.0020340212769427131	-1	
0.032851447126889685	0.040396288938724247	0.0017863602262690045	-1	
0.0251285539413003	0.045997223762638491	0.0024791136691935385	-1	
0.021393467037253266	0.046074803044667788	0.0019499421355306775	-1	
0.022511401403333804	0.047500182359629758	0.0021656114968661489	-1	
0.019663530063492526	0.045537400490523419	0.0017318597980169198	-1	
0.0182631816960564	0.046162638392891052	0.0016137172324471626	-1	
0.016810288129044056	0.046909941084350149	0.0014956882962307459	-1	
0.042030124684363776	0.025167146171038303	0.00034384154662995018	-1	
0.043483377096295565	0.025092329051668985	0.00028347385947983389	-1	
0.052296304014274694	-5.0522320268816135e-005	-1.5885707908184882e-005	-1	
0.052878651777072433	-0.0017990235092588949	-1.6314882047515919e-005	-1	
0.051400206903574185	-0.0028992898773543526	-6.7908200631683917e-006	-1	
0.050475981297488391	-0.0065150212591164689	-1.2372493061722779e-006	-1	
0.050935234374999999	-0.0078649588481857265	-1.4544240604305162e-006	-1	
0.051445172112943839	-0.0054691177995071201	-4.5481834765600333e-006	-1	
0.052160179580621115	0.0071234857592277264	-2.8625027415041646e-005	-1	
0.05025412872016416	0.0098275315233595159	-4.044686797486633e-006	-1	
0.051821985500348652	0.0091230992323240549	-2.838062882148183e-005	-1	
0.053466343516728083	0.0059081624298279031	-4.1554753200885799e-005	-1	
0.052591611913553639	0.0037367424764032848	-2.6085987052203933e-005	-1	
0.053871530539313733	0.0043789107036231742	-4.105330297059745e-005	-1	
0.052834949203924522	0.0016438260750276474	-2.3442544122562444e-005	-1	
0.049166457458772884	0.014330880546900137	1.8750085312675922e-005	-1	
0.051088902474960875	0.013700902192642452	-2.3124699587176554e-005	-1	
0.052167665801057875	0.011989488375540525	-4.1133634436663003e-005	-1	
0.046493233873209638	0.01951235720748945	0.00010912503223126343	-1	
0.04654998410988713	0.022643721516238887	0.00013117272361915845	-1	
0.047482356268246574	0.020536888965745154	8.3855685223926187e-005	-1	
0.045663777967392842	0.024170887799277948	0.00018099864176746489	-1	
0.04878812707282805	0.017302244271601826	3.2759082751612762e-005	-1	
0.049297534557306788	0.019118020044234713	2.1470271942819496e-005	-1	
0.051870468749999989	-0.01	0	-1	
-0.01	0.053740937500000002	0	-1	
-0.0077188845974233266	0.053116288728984967	9.8640393996548471e-005	-1	
-0.00563785302811273	0.052567837276405509	0.00019003441341583038	-1	
-0.0038208520893396876	0.052936544046593183	0.00027017401144467602	-1	
-0.003070619103309601	0.051241083176930685	0.00030594494419640568	-1	
0.0047246634228307266	0.050353893282270745	0.00068782791438354893	-1	
0.0033852194423693569	0.051183171406368209	0.00061659830511245494	-1	
0.0019202202587439404	0.052070633869859141	0.0005410373476921025	-1	
-0.00090760845102870534	0.052413678768274477	0.00040423668974807949	-1	
0.00041631937721592365	0.05304039993404961	0.0004652322945087789	-1	
0.0073651042910810585	0.051476869436545759	0.00083387905083510494	-1	
0.0056614402670202048	0.051620487743055728	0.00073688022344872272	-1	
0.015896813440566621	0.048568451384375509	0.0014365643761741398	-1	
0.013735282778941984	0.048739786781353996	0.0012604254109143515	-1	
0.011821024467339191	0.049758209942844758	0.0011218611699789756	-1	
0.010562259990225144	0.051093682824374057	0.0010338107241069437	-1	
0.0088484807796646338	0.052326982086705415	0.00091781763022664488	-1	
0.040865694260642085	0.028924013086453471	0.00049429653202032447	-1	
0.040623912852334347	0.03202699376185518	0.00061325979365464472	-1	
0.039843214339984057	0.033516632834682245	0.0007229838041975077	-1	
0.04239514979803196	0.030243218378289582	0.0004529843808277506	-1	
0.040598343538790764	0.035019395167051728	0.00073831900711328249	-1	
0.034823060825416217	0.039350444686067895	0.0014989977799959567	-1	
0.037508057087705521	0.039547731302237134	0.0012673776125197642	-1	
0.039474014281313398	0.038177041720749275	0.00099135688120754691	-1	
0.040260801131616647	0.036678198685922481	0.00084198035109445016	-1	
0.042490665166578179	0.028340854953643569	0.00039717650176228798	-1	
0.042717642029087573	0.026449667155209796	0.00034356699204377955	-1	
0.028014814234276705	0.043786943341444624	0.002562813096225071	-1	
0.028990155496891105	0.043644762533614087	0.0026090554726701715	-1	
0.027570646671021475	0.044666841708544763	0.0027050061962096846	-1	
0.030128880645931715	0.043748813387273898	0.002655401800378614	-1	
0.03121959647250697	0.043190966336428237	0.0024253601633816291	-1	
0.032541408701640358	0.042882577466129577	0.0022104093241273777	-1	
0.034228964171647426	0.041349579334290967	0.0017863572238600261	-1	
0.025518966320551905	0.047751031357980006	0.0027135704565549004	-1	
0.023938185756742739	0.048548778971969166	0.0024432754394400208	-1	
0.028225995532199823	0.046412929745859761	0.0031933853989611705	-1	
0.020826814636684007	0.047670323540537879	0.001942445759132793	-1	
0.019452481097728742	0.046945515568606107	0.0017590071040933168	-1	
0.022173730069615698	0.049522132802688655	0.0021657421005755388	-1	
0.018242535314011821	0.047696089308847139	0.0016483902552730987	-1	
0.017857697901988136	0.048928003193568742	0.0016258108345092355	-1	
0.044892031306315028	0.025758970062311332	0.00023425901824521286	-1	
0.054044896639459432	-0.00037204830075273504	-2.6982178815806797e-005	-1	
0.054887467696629069	-0.0022507332372584963	-2.5512746770558486e-005	-1	
0.053419777280928879	-0.0032494645804065107	-1.5727109069059987e-005	-1	
0.052489264615272049	-0.0044866962849986428	-9.3455720745339671e-006	-1	
0.051870659242919545	-0.0068118685466464915	-4.1078801761373525e-006	-1	
0.053206469764776963	-0.0073409799742349506	-5.5880276890646859e-006	-1	
0.052907136871855436	-0.0058580693060126298	-8.1242427683963557e-006	-1	
0.054752521416890243	0.008590333898326764	-6.9827871378309495e-005	-1	
0.053447391648197826	0.010381117501718676	-5.8294365866803109e-005	-1	
0.055231767530332473	0.00565057152323588	-6.1408421056105948e-005	-1	
0.053935989668286666	0.0029483804727960168	-3.6768927718048607e-005	-1	
0.055247227472863349	0.0039813812485628717	-5.3398067174048455e-005	-1	
0.054508104107444381	0.001305144883156809	-3.5923000544859095e-005	-1	
0.050603597373899432	0.016791749190674197	-1.5535106837224078e-005	-1	
0.052489930597281444	0.015861817207925174	-6.1006091173762887e-005	-1	
0.053106334175268666	0.013851357839570264	-6.6929462354718038e-005	-1	
0.054984096600234275	0.011746069149940398	-9.2080442827273642e-005	-1	
0.048290453648719457	0.022694443104388409	6.5456801172186893e-005	-1	
0.04795958951902219	0.024615205567235111	8.8757751250104691e-005	-1	
0.049751315221073469	0.02174697787466915	9.1536021190452363e-006	-1	
0.046604125401352857	0.025665325782765654	0.00015596028397912008	-1	
0.050726594718465773	0.018390578636991943	-2.1378322685194274e-005	-1	
0.051357504819311298	0.02081326595107777	-4.5704423931548904e-005	-1	
0.053740937500000002	-0.01	0	-1	
-0.01	0.055611406250000002	0	-1	
-0.0079033799786945563	0.055634679124573524	8.8902270333078998e-005	-1	
-0.0063515140492279853	0.054082273195060135	0.00015707431914947168	-1	
-0.0019573706282627668	0.053435228417229377	0.00035364136993181237	-1	
-0.003620886133490769	0.054779761535221641	0.00027538300594408016	-1	
0.0035103309681600416	0.052891433487620043	0.00061838621964985382	-1	
0.0016405621453316698	0.054012411607200848	0.00052060880294163602	-1	
-0.00046370117906564622	0.054332352281680069	0.00041942197510579012	-1	
0.0070191085511971838	0.05379984464194347	0.0008015451713445299	-1	
0.0050994495245701007	0.053125181115574335	0.00070024344526652582	-1	
0.016725724091500836	0.04963689557064014	0.0015195625330307579	-1	
0.01547923699710483	0.049748172797029581	0.0014067372193601181	-1	
0.014221892224048302	0.049997008865659852	0.0013020922826340682	-1	
0.013272532832147566	0.050858143008748948	0.0012263917707710347	-1	
0.011998768126950353	0.0522357949901733	0.0011251264082220789	-1	
0.0089390610844681754	0.054089316943565245	0.00090935953183516509	-1	
0.011492319268285464	0.054042424741861689	0.0010717055090365315	-1	
0.042256030350964757	0.032649901286078691	0.00053248165632953327	-1	
0.042467764491884434	0.034383968749195061	0.00057497831978582463	-1	
0.04369376359725248	0.029410855457888942	0.00035954770528124475	-1	
0.044906004775756417	0.030364635912670458	0.00030983968529390524	-1	
0.04394905191745526	0.032219205002756102	0.00040960691931763723	-1	
0.043023848810592472	0.036278506070775929	0.00059518317556706967	-1	
0.036149422052289742	0.04095987193561719	0.0015314599967012929	-1	
0.038931918360096102	0.04051154587111986	0.0011830351937562123	-1	
0.041182130154050471	0.039858147839113484	0.00091008469207807955	-1	
0.041544916746052249	0.037781199628633563	0.00078122416762742893	-1	
0.04436888130141288	0.028023973373386784	0.00029660245433443664	-1	
0.028804761712756966	0.044376425268153372	0.0028093919839350628	-1	
0.029867945109206449	0.04437757010843587	0.0028838749652712399	-1	
0.028751117772556394	0.04512930211066405	0.0030213464971187917	-1	
0.030271541293023767	0.044414448654145879	0.002878786304042277	-1	
0.030970023640793553	0.044390369416359869	0.0027804757023844745	-1	
0.032006406250000001	0.044130000265804756	0.0025410147515464235	-1	
0.033711748818148465	0.043570033120046571	0.0021609126611294017	-1	
0.035834148287730516	0.042893943490985006	0.0017618329520748786	-1	
0.027281717702470655	0.048098839455778288	0.0031614295079949164	-1	
0.026341394074061393	0.049348490433389409	0.0029741108728543438	-1	
0.023900323827043261	0.050319043054195788	0.0024542851187913137	-1	
0.02937149638643333	0.046662187500000007	0.0036208031345133229	-1	
0.029026831559322095	0.0472690625	0.0036125302350277859	-1	
0.029402328347763865	0.045956429890793536	0.0034436604914296152	-1	
0.020288161036648222	0.049275512904750365	0.0019055866673098991	-1	
0.019434386756501457	0.048266867015489004	0.0017877667990765984	-1	
0.022153658048359358	0.051423655630873394	0.0021475080148203539	-1	
0.019024611020613987	0.049479388201201201	0.001754800963390514	-1	
0.017928956163585516	0.050216659048798157	0.0016382158954587236	-1	
0.046588140862892209	0.027332010277843065	0.00017441198147752265	-1	
0.056966002289828198	-0.00027623875609645264	-4.6025106251657538e-005	-1	
0.05687807457762515	-0.0027769150711948656	-3.3045525410515415e-005	-1	
0.055805985354133419	-0.0043837747843961695	-2.160768087386882e-005	-1	
0.053903786919346663	-0.0047199511603229711	-1.3771166566533579e-005	-1	
0.055086281675851952	-0.0066688442940144275	-1.1149428818793076e-005	-1	
0.055611406250000002	-0.0085949033209579782	-5.0844559805311923e-006	-1	
0.056198648055578684	0.0070880373236191507	-8.0751227741568618e-005	-1	
0.056544470479238204	0.01063842052226033	-0.00011050124295244502	-1	
0.057138285322917516	0.0085434574290182367	-0.00010306608561715794	-1	
0.056763472062472529	0.0053157075174028864	-7.627684737373715e-005	-1	
0.055842459742708676	0.0024218512784049424	-5.1372157047634109e-005	-1	
0.057239548972366008	0.0038218522861146677	-7.1432682641431165e-005	-1	
0.053204786470075517	0.017839412041022514	-8.9567825142168722e-005	-1	
0.054534561864144911	0.015370509539222785	-0.0001071829547986811	-1	
0.05518163303075925	0.013649390321812019	-0.00010845654320768839	-1	
0.056694430454718094	0.012604212629135924	-0.00012934906477869303	-1	
0.049693659853247078	0.023725374354609682	1.2562845201560634e-005	-1	
0.048066035227428	0.026561347602689678	9.439590848903905e-005	-1	
0.050096150136572509	0.025663254212884935	-4.5930459687382542e-006	-1	
0.051320955730133788	0.02259874890560375	-5.0598393983495729e-005	-1	
0.052148378611567008	0.019132140843756133	-6.5352820924552098e-005	-1	
0.053209731506114653	0.020957900948355687	-0.0001097041267790213	-1	
0.057481875000000002	-0.01	0	-1	
-0.01	0.057481875000000002	0	-1	
-0.0058587252464007474	0.05712436989854669	0.00017321293850415786	-1	
-0.0053806322323914947	0.05544617080943845	0.00019702301527474189	-1	
-0.0078550455307067942	0.05816399827357191	8.8248984288154237e-005	-1	
-0.0010971289364684722	0.05595551244869483	0.00038406069086551565	-1	
-0.0025491033033705618	0.056630797652257578	0.00031672644744242928	-1	
-0.0041344960663203699	0.056856118435759398	0.00024715654500327347	-1	
0.003272666482056384	0.055378618622127299	0.00059261837145185229	-1	
0.0052043525803105875	0.054727969650845712	0.00069558774155054819	-1	
0.00048032762522787637	0.055796828047370968	0.00045688394167276754	-1	
0.0083329024852259615	0.055746604091854932	0.00085590018961159134	-1	
0.0065483642260453032	0.056984603470685478	0.00074411968263438371	-1	
0.016609658436778415	0.050967467580601625	0.0015049112837814222	-1	
0.015091961986169381	0.050938185722805465	0.0013710773089654312	-1	
0.013841665065020744	0.052588119246759997	0.0012565775198915788	-1	
0.010163646490545221	0.055359915039953148	0.00096823978910912112	-1	
0.013278466919187923	0.054833896390339157	0.001180370848577895	-1	
0.011051945817138762	0.057006753326563769	0.00099392695739329334	-1	
0.012814766379088294	0.056731719514415621	0.0011095414675742687	-1	
0.044710473794628551	0.033577654214724056	0.00038909366573793686	-1	
0.044314096841766813	0.035083653168168083	0.00045553078589832016	-1	
0.046518138347802392	0.031689856886242089	0.00023030361398086651	-1	
0.046480852367711482	0.028995314787066535	0.00019865203226602089	-1	
0.044289366368140223	0.036842005193359242	0.00050283008153555458	-1	
0.043441997138058408	0.038169162315718992	0.00061868996345485101	-1	
0.038883019500936027	0.042230245480643622	0.0013021093955145769	-1	
0.037316150817005803	0.043443425090744857	0.0015959437966288435	-1	
0.040402389213171644	0.041402632239806759	0.0010697250529112625	-1	
0.043041529603170897	0.039989682408385969	0.00071895686616159707	-1	
0.043268953361673287	0.041880761657285485	0.00075346072625063413	-1	
0.02937757010843587	0.044867945109206463	0.0030473316494555227	-1	
0.029814643102460393	0.044814643102460396	0.0030809204774404639	-1	
0.030072499999999999	0.044767481896769025	0.0030600235711514701	-1	
0.029415096563643651	0.045270306281971366	0.0032169610080867886	-1	
0.030455234374999994	0.04477570584557556	0.0030052218328708641	-1	
0.031385937500000002	0.044999999999999998	0.002876705873548113	-1	
0.03076546875	0.044999999999999998	0.0030275059858394108	-1	
0.032626875	0.044999999999999998	0.0025994739740595367	-1	
0.035108749999999994	0.044999999999999998	0.0021014575211111552	-1	
0.029087657599977879	0.048786250000000003	0.0038057265267500378	-1	
0.027808614377382902	0.049889878162757494	0.0034014261487116523	-1	
0.026460417044810301	0.050907871600526969	0.0029969344119796259	-1	
0.023899075537004683	0.052530239598455993	0.002384422406036737	-1	
0.025456764287580147	0.05215640254802139	0.002700708609243061	-1	
0.029999999999999999	0.046965625000000004	0.0039512706646123085	-1	
0.029999999999999999	0.046358750000000004	0.0038037562939934899	-1	
0.029999999999999999	0.047572499999999997	0.0040688014486170675	-1	
0.029777825136205648	0.045448437499999994	0.0033962040334006172	-1	
0.029999999999999999	0.045751875000000004	0.0036120782618632224	-1	
0.019479423001844996	0.050675745104993612	0.0018031623287345941	-1	
0.021702381653419586	0.053230633212596599	0.0020235607839848577	-1	
0.020207675989239882	0.052119474653726981	0.0018726313598587828	-1	
0.018721636632549228	0.051963530549743731	0.0017049947834041673	-1	
0.048688281230742897	0.027997264356914936	6.9587907182957969e-005	-1	
0.05774093075310445	0.0019244210415699937	-6.3843526530070837e-005	-1	
0.059252014426958002	0.00079839719221588173	-6.7134063957753235e-005	-1	
0.058764165367922609	-0.0011325991507517917	-5.1516339048223822e-005	-1	
0.059377941183714998	-0.0026683781317488621	-4.4767459151290326e-005	-1	
0.058170960993265471	-0.004102814632485097	-3.1315882942692857e-005	-1	
0.056946066132049555	-0.0059431301835475743	-1.8269155538530664e-005	-1	
0.057841690844951568	-0.0078886592783613627	-1.0699830821500094e-005	-1	
0.057818975286360069	0.0064750890855433795	-9.5705667503184338e-005	-1	
0.05865092234744633	0.012361383315853904	-0.0001613598856110002	-1	
0.059265296543451113	0.010691766463858877	-0.00015271712826728592	-1	
0.059306248589916247	0.0087469806551240953	-0.00013358710318271406	-1	
0.059545719540458425	0.0052560690333518954	-0.00010410898213205265	-1	
0.059207738513619483	0.0032283014085989804	-8.4771748496742402e-005	-1	
0.053772423594076149	0.019409422683149484	-0.00011608428654342288	-1	
0.054843645458608335	0.018157667499170325	-0.00013660662328359672	-1	
0.055635791705259369	0.016659104966902902	-0.00014413424012379444	-1	
0.056770851576971267	0.014574234561443761	-0.00014926199892892827	-1	
0.058733076098401442	0.014138551525784047	-0.00018348339208899196	-1	
0.0518026131210454	0.024243422404618308	-7.5971679879666097e-005	-1	
0.050240783707497759	0.028194198542307414	-1.3211810135546041e-005	-1	
0.052305261945181279	0.025881802372811083	-0.000107846290364788	-1	
0.05169418967664928	0.027414012928245711	-8.7521518691296245e-005	-1	
0.05304532450955049	0.023063332083727441	-0.00011881947296391563	-1	
0.055120671008621634	0.021856889348764955	-0.00018361501451877172	-1	
0.055592192952646176	0.019882496868141655	-0.00017606323378598025	-1	
0.059352343750000001	-0.01	0	-1	
-0.01	0.059352343750000001	0	-1	
-0.0057156851214757018	0.058863468698324789	0.0001746290968177905	-1	
-0.0084397396844304584	0.060287578125000005	6.1737330958475234e-005	-1	
-0.0067182836325569758	0.060875510646630646	0.00012891767801409342	-1	
-0.00023077745274225573	0.057283286921226889	0.00041575047094023749	-1	
-0.0030546291533823048	0.05815023283786485	0.00028833119628324288	-1	
-0.0013957724228067733	0.058448626843869339	0.00035792975696067377	-1	
0.0046601393620258093	0.056692298350188686	0.000650722966234228	-1	
0.0030155147112016995	0.057039760810567962	0.00056784066391121443	-1	
0.0018598214143044647	0.058260372709157335	0.00050359706947151713	-1	
0.0082510862768001795	0.057533846891738537	0.00082616946041570065	-1	
0.0050551008900437252	0.058561747684071748	0.00064946302102711188	-1	
0.0071966913336521492	0.059057497877549103	0.0007476258081051463	-1	
0.015892406191665261	0.05230530507456993	0.0014271804278151682	-1	
0.017425060440826801	0.052706175628000701	0.0015607672919483668	-1	
0.015491877072754436	0.053838048586376565	0.0013675825010299599	-1	
0.014856165965354586	0.055986118817170381	0.0012677019820485421	-1	
0.012391856712817501	0.058184810508154793	0.0010475719538386768	-1	
0.009853885605758091	0.058328809173101008	0.00089967632742333982	-1	
0.013883572747131449	0.057929645277604386	0.0011462871350333694	-1	
0.046262902806449867	0.033454724560897355	0.00027482472471806996	-1	
0.046066759683297966	0.035227132799947491	0.00031867234251084378	-1	
0.045665830289874129	0.036685758523702906	0.00037976228026263429	-1	
0.04804297743133553	0.031191154638726556	0.00012787136299516341	-1	
0.047760744039492528	0.032770452734361459	0.00015860253556632998	-1	
0.048145117611445902	0.029464922456193629	0.0001077801253012493	-1	
0.045010022025559426	0.038025103402741491	0.00046714656874190236	-1	
0.044841967788264894	0.039506888460662408	0.00051866717021231874	-1	
0.0388315625	0.043892634347436753	0.0014091866106596422	-1	
0.040638639138901443	0.043116579138476642	0.0011216697654692718	-1	
0.037590624999999996	0.044999999999999998	0.0016675686001694336	-1	
0.04489690768809837	0.042354102879584368	0.00057892728342463914	-1	
0.043795312500000003	0.043642813569852758	0.00073914965562446003	-1	
0.045725444615954007	0.040913978146255484	0.00045624561002550193	-1	
0.029767481896769029	0.045072500000000001	0.0032136752408934103	-1	
0.029999999999999999	0.044999999999999998	0.0032200659572130361	-1	
0.030144999999999998	0.044999999999999998	0.0031833969079073537	-1	
0.032006406250000001	0.045770639694114414	0.0029109957738243644	-1	
0.031024362259818063	0.045890875334499689	0.0032461134609479093	-1	
0.030305018103230968	0.045305018103230968	0.00328649538996052	-1	
0.030518070491988961	0.045777973543283987	0.0033912224849769251	-1	
0.033552417728103315	0.046380286859913002	0.0026069346898768293	-1	
0.032600909525618893	0.046528129791054293	0.0028842820791969721	-1	
0.036349687499999991	0.04602614121774342	0.0019564540047408022	-1	
0.035771668320156588	0.047529066866400516	0.0021773337345146787	-1	
0.029999999999999999	0.050000000000000003	0.0042353264966268614	-1	
0.028605450980646992	0.051379508356663398	0.0036144463643925043	-1	
0.027957265441620572	0.052515060666130778	0.0032898301467833534	-1	
0.024780109007808294	0.054558335192578723	0.0023680679679232435	-1	
0.02301144886715005	0.054555458255919689	0.0021167159920228587	-1	
0.026236972838322603	0.05355548188862197	0.0027405207668078605	-1	
0.030642725110395053	0.046410624951429218	0.0035286115736646493	-1	
0.030823008358326024	0.0472690625	0.0036391349642072453	-1	
0.03089808839950197	0.048740535335663478	0.0037706150986474571	-1	
0.029999999999999999	0.045144999999999998	0.0033318816619107017	-1	
0.019927154627465301	0.054057727330553668	0.0017777036381575627	-1	
0.020232461424516714	0.055992230737971667	0.001712530415041619	-1	
0.018674647447642159	0.053384654501252946	0.0016679323745852524	-1	
0.060643318942089214	-0.00047265564888732104	-6.615298042709243e-005	-1	
0.060976038984405553	0.0015593458790659183	-8.4459221654018503e-005	-1	
0.060947211829768942	-0.0021461449750483073	-5.5077549725939094e-005	-1	
0.059893150170580743	-0.0047837179794551609	-3.2798513111361295e-005	-1	
0.061842265144749442	-0.0038136387100587417	-4.5785361253418031e-005	-1	
0.058629540698222925	-0.005897046943134426	-2.2682267533717779e-005	-1	
0.06028578517648743	-0.0085939579746061485	-9.0328869574606525e-006	-1	
0.059952164509052427	-0.0069395806524342228	-1.9086205685034654e-005	-1	
0.060444148440591115	0.0071693074184239255	-0.0001312248452360026	-1	
0.060253242058277846	0.01313446004520431	-0.00019756830414261001	-1	
0.061466472469338805	0.012140080247506912	-0.00020332149124770561	-1	
0.060974405946323841	0.0097475404715414386	-0.00016554468072468251	-1	
0.061537353543470029	0.0059639176080871189	-0.00012993979442302159	-1	
0.061118475511655383	0.0039866923624189317	-0.00010684145398716667	-1	
0.056445193797930775	0.018148418094347311	-0.00018031644198165673	-1	
0.057400581089297339	0.016863008526088491	-0.00018867241414150567	-1	
0.059477615700840321	0.015801309784623834	-0.00022028653143853872	-1	
0.060482431609484293	0.014647333937806928	-0.00022293401884285468	-1	
0.054699054357447992	0.024220108882241201	-0.00019631032305460541	-1	
0.051119335445882659	0.02975496551057704	-6.6383024275471246e-005	-1	
0.049505718896710377	0.030532196697868202	3.1196347250476275e-005	-1	
0.055402264372952287	0.026111788201127282	-0.00025259345919148254	-1	
0.054427353452059873	0.027878848943640556	-0.00023187626305569303	-1	
0.052620899053867402	0.028778669747277559	-0.00014638398092254627	-1	
0.056496499644423707	0.022656201439925628	-0.00024264566992341865	-1	
0.057478073570493712	0.021403876848684136	-0.00025579990506708456	-1	
0.057415364088303847	0.019422707010705566	-0.00022330510860276969	-1	
0.061222812500000001	-0.01	0	-1	
-0.01	0.061222812500000001	0	-1	
-0.0044816219602200743	0.061101034790934372	0.00021673412420975091	-1	
-0.0030580551792487344	0.059835709891325355	0.00028046465943459359	-1	
-0.0080668785072285087	0.062010009912664629	7.4077003135341341e-005	-1	
-0.0052589081043288542	0.062585405276066541	0.00018002384590371531	-1	
0.000261022495108113	0.058855979906801095	0.00042731262026792443	-1	
-0.00089956986154813667	0.060003413427886468	0.00036910642980877306	-1	
0.0033131114744788465	0.059941504330538374	0.00055269121016631101	-1	
0.0013696034560287452	0.060152881665221057	0.00046482054265693063	-1	
0.0055237371348084898	0.060168197332858775	0.00065023586595576346	-1	
0.006822352306523667	0.061223611488432944	0.00069377261136610634	-1	
0.0086523665655221585	0.060704673491079116	0.00078989801750690329	-1	
0.017450110522796294	0.054149991222259837	0.0015286701577196383	-1	
0.016977690350220748	0.055514560809117264	0.0014465434355369195	-1	
0.016837461625145451	0.057197720341504145	0.0013727873300785987	-1	
0.015468283017029006	0.0581866794133961	0.0012412251383041514	-1	
0.013958989111985103	0.059533292856841558	0.001100923256130749	-1	
0.012023934420085236	0.059652788440012691	0.00098874183899444403	-1	
0.010349110006442215	0.060888262752801528	0.00086911484022459003	-1	
0.047498930424343923	0.034740080083084011	0.00019741158764050403	-1	
0.047004815940959004	0.03641388628655505	0.00025877911806921646	-1	
0.046615577362913337	0.037723577248768639	0.00031257773888506427	-1	
0.04935686883693003	0.033175597058027306	4.6991598138992327e-005	-1	
0.048987291538055061	0.034622157515431531	7.990206629113703e-005	-1	
0.046127885753990246	0.039012174762476481	0.00038078661270903865	-1	
0.040072499999999997	0.044999999999999998	0.0012800684327123554	-1	
0.042554375000000005	0.044999999999999998	0.00093382887636085969	-1	
0.0388315625	0.045951399594709376	0.0015158935755356926	-1	
0.046592128935990684	0.042331472759214762	0.00038344588198564164	-1	
0.046277187499999997	0.043935686363400395	0.00044042184666756172	-1	
0.045036249999999993	0.044999999999999998	0.00060885771559585566	-1	
0.047624108485227801	0.040726798697451209	0.00025078437138198706	-1	
0.031667000202923658	0.046762733219559725	0.0032220338658157056	-1	
0.03329278942050768	0.047845180919409348	0.0028302061561233968	-1	
0.03180922844187755	0.047956393716958298	0.0033379804134108155	-1	
0.038280315155962391	0.047414688162767969	0.0016711474913061284	-1	
0.036563936254958879	0.049247837066385206	0.0020611804471414516	-1	
0.034679856544621433	0.049427010518565087	0.0025211298389139565	-1	
0.029999999999999999	0.052427500000000002	0.0040659282351735177	-1	
0.031343047789334777	0.05154468033346201	0.0035618053992324101	-1	
0.032611086847212464	0.049809544212041625	0.0031436696208837663	-1	
0.029157238842649799	0.053034375000000002	0.0036135309222510461	-1	
0.028233323210920282	0.053793112170785001	0.0031570473076155928	-1	
0.026233702616562184	0.055565922702677788	0.0024526912724618945	-1	
0.024474416944656713	0.056551646437579525	0.0021111148909849372	-1	
0.022309650979048943	0.056603977213663587	0.0018813139574427166	-1	
0.02786970364508411	0.055311849900059329	0.0027542366945383532	-1	
0.018679545507928861	0.055245970976060946	0.0016045775346940634	-1	
0.01825932136720845	0.058109315087376261	0.0014374039097692108	-1	
0.020660974211914599	0.058369641756773671	0.0016069082196496322	-1	
0.062361220143983681	0.00066248676362876124	-8.5087756367405916e-005	-1	
0.062478637890749311	-0.0014061100895819282	-6.7675862605565812e-005	-1	
0.062732489224794685	0.0032407683921714735	-0.00011192189160176569	-1	
0.061801994326866241	-0.0058308172863291751	-3.0403868994399537e-005	-1	
0.063506052217761372	-0.0029117138968758373	-5.8821255219834312e-005	-1	
0.063495682313483195	-0.0047344358967904773	-4.3042967335725829e-005	-1	
0.061850852023904321	-0.0079624258400531507	-1.4850089530817833e-005	-1	
0.062117940698795372	0.0081648383689821111	-0.00016043601220167383	-1	
0.06178248153253995	0.013676588459123951	-0.00023054452161875211	-1	
0.062973654617142147	0.012574960904394243	-0.00023116370057845332	-1	
0.062917426477525171	0.0099406437881518483	-0.00019215993881410931	-1	
0.06298535572649426	0.0067064481931685231	-0.0001519660379861649	-1	
0.062858838624319319	0.0050143181278234569	-0.00013155243752179083	-1	
0.058840801284062952	0.01804535621769059	-0.00023990478316660217	-1	
0.060785158729210614	0.016645627287594934	-0.00026075617702138026	-1	
0.061783954990196358	0.015451915912972075	-0.00025970138527393676	-1	
0.056717175720261422	0.024231988964854519	-0.0002765748942801209	-1	
0.05202284420428719	0.031700336498722011	-0.00013483711368204775	-1	
0.050885627364120584	0.032791748517578365	-6.2601820731501877e-005	-1	
0.057644697256560275	0.025627916542019666	-0.00034104063206779939	-1	
0.056425093138853605	0.028165189850980221	-0.00033957053947756904	-1	
0.054175448623073684	0.029636335426575178	-0.00024513942793442538	-1	
0.055875935412280739	0.029781056592884034	-0.00034361119598077931	-1	
0.057954928015102831	0.022788477956552075	-0.00029565641531083416	-1	
0.059102868200813424	0.021618714647015348	-0.00030959011326423761	-1	
0.059353805304089929	0.019836726405196136	-0.00028332225775969393	-1	
0.063093281249999994	-0.01	0	-1	
-0.01	0.063093281249999994	0	-1	
-0.0027943339743106365	0.061984578074572097	0.00027893079918947853	-1	
-0.0037915152040518922	0.063249388357054501	0.00023303841540868564	-1	
-0.0076550549616034615	0.063723543713875092	8.6344928653805789e-005	-1	
-0.0050548042323267954	0.064248496102326122	0.00018084363765636367	-1	
-0.00010935104447129572	0.061431395404235249	0.00039098749105967185	-1	
-0.0012719726988919672	0.062581020904572238	0.00033482742854709652	-1	
0.0049962966017543615	0.061756311588221646	0.0006033490139533981	-1	
0.0025838829458809777	0.062277092513762025	0.0004936271790997943	-1	
0.0064600219980687056	0.063090953337375008	0.00064402613591977914	-1	
0.0084229001547521908	0.063357167492546287	0.00072318923836231833	-1	
0.010537792049847474	0.062584447414865602	0.00083586931832296688	-1	
0.017808680286643421	0.05970931559170474	0.0013299759878893987	-1	
0.015691161131471891	0.060404094757360936	0.0011704220086167947	-1	
0.014072365039914873	0.061468715744483211	0.0010424563484730679	-1	
0.011956704956939644	0.061461221561495645	0.00093416557906231788	-1	
0.048309693829969629	0.035952565679404747	0.00014258718265044995	-1	
0.047977976189217071	0.037372925502829994	0.00018334487143497236	-1	
0.047492698563127239	0.038823461610408047	0.00024419040900831282	-1	
0.051549015071421976	0.034221559374392661	-0.00011910714864204961	-1	
0.050307563156412466	0.03541070837327704	-2.4727069867438267e-005	-1	
0.041313437499999994	0.045943401244902794	0.0011322672769261684	-1	
0.044653657988715512	0.046660386436721539	0.00068316072466238667	-1	
0.042986738981260181	0.047013431460665694	0.00091700004913481325	-1	
0.040977670071907182	0.047465633823066303	0.00122181661294637	-1	
0.049010909111434978	0.042752836432997453	0.00011218786571749876	-1	
0.047518124999999994	0.044999999999999998	0.00030035818286912449	-1	
0.046668292721737961	0.046834940707418928	0.00042141480429876702	-1	
0.049755183827168245	0.041229623560202121	2.6833312558968923e-005	-1	
0.049059348768824507	0.038454675343525258	8.9103909673690992e-005	-1	
0.05019721796549538	0.039592941511396466	-2.0629831597289831e-005	-1	
0.039602548078976688	0.048840286066404906	0.0014707109044839661	-1	
0.038204441270528536	0.050191554595501883	0.0017320297310354181	-1	
0.036613923641157155	0.051058681021208974	0.0020425397367190481	-1	
0.033671745007778205	0.051273588764090029	0.0027733885871747297	-1	
0.035216981466574704	0.052212027078718845	0.0023243028533432518	-1	
0.030739758697313754	0.053034375000000002	0.0036171968287648584	-1	
0.029999999999999999	0.053641250000000001	0.0038085883623529809	-1	
0.031724240728179115	0.053291335799095091	0.003194891811981571	-1	
0.033052252037488287	0.052972014695274169	0.0028175397431234863	-1	
0.029402328347763858	0.054043570109206442	0.0034499878789435263	-1	
0.028751117772556421	0.054870697889335983	0.0030206852618330699	-1	
0.027724183906618158	0.056286698589031021	0.0025146047597688018	-1	
0.026098321015043374	0.057747335748020226	0.0021142127072537645	-1	
0.022492547808067268	0.0584273082342643	0.0017447058580315638	-1	
0.02421858211788068	0.059042769705110985	0.0018141243558284922	-1	
0.028804761712757043	0.055623574731846578	0.0028043440690731303	-1	
0.019364315134974431	0.059123585947583539	0.0014636939194924373	-1	
0.020639335674910161	0.059824418529755966	0.0015043564848048075	-1	
0.063636530128698632	0.0017097057286400309	-0.00010250588306778213	-1	
0.063909716553479948	9.21868534322994e-005	-8.7919347958594944e-005	-1	
0.06455053096792468	-0.0014178975881066311	-7.6382118477850945e-005	-1	
0.064922100582797446	0.0035012259312323757	-0.00012962343143067077	-1	
0.063548458699264954	-0.0066723585252822827	-2.7073671391818666e-005	-1	
0.065580251669091622	-0.0038349050153166776	-5.651978102476215e-005	-1	
0.065027450787765895	-0.0054189982965098804	-4.0516709087140733e-005	-1	
0.064028515625000004	-0.0084572768316303858	-1.2840083595823232e-005	-1	
0.064059995884177573	0.0080196348770340785	-0.00017843210440633919	-1	
0.063280216403262673	0.014101253919293566	-0.00026110913509539145	-1	
0.064460377141288563	0.011749022056388298	-0.0002373985988817643	-1	
0.065291147346509384	0.0136676173879641	-0.00028127863225108757	-1	
0.064876966333915057	0.010100091406228483	-0.00021626475118572555	-1	
0.065169543547309916	0.0056923461944907872	-0.00015757677696064714	-1	
0.060697783155434989	0.01819962417496971	-0.00028634964982389676	-1	
0.06225350494511054	0.016859505036663485	-0.00029396379953659346	-1	
0.063629907784820888	0.015618246481471696	-0.00029449563707698994	-1	
0.058459378892117317	0.024163265104416017	-0.00034111705663188575	-1	
0.053719212682950906	0.03285359696157903	-0.00026367153733820116	-1	
0.054967054711649463	0.031225541071258776	-0.00031856490629665038	-1	
0.058870629026508858	0.02677072067940239	-0.00041977565353324325	-1	
0.059931898489418566	0.025096903630068265	-0.00041839704732787137	-1	
0.057652431704276932	0.029483554892602359	-0.00043439790914034915	-1	
0.056605254271937501	0.031248129196291708	-0.00042036233925188675	-1	
0.059853779889497145	0.023116536524733354	-0.00036580973227030443	-1	
0.06073253715613755	0.021444668772716745	-0.00035295418667451129	-1	
0.061467807832833038	0.019704917886555696	-0.00033459479222345677	-1	
0.064963750000000001	-0.01	0	-1	
-0.01	0.064963750000000001	0	-1	
-0.0031501100873036177	0.065358608092815143	0.00024401142921724823	-1	
-0.0012647088110444473	0.064216036237309607	0.00032204781243409656	-1	
-0.0071632769969539279	0.06570501858706955	9.9444335296616188e-005	-1	
-0.0051471669889159031	0.066596031335507427	0.00016682129009833348	-1	
0.00058248629255314307	0.063439722533040477	0.00040002251592398814	-1	
0.0041404281589582006	0.06416492550642354	0.00053146440215417925	-1	
0.002487300914530702	0.063942339129885062	0.00046906289219054536	-1	
0.0069058092321048724	0.065020988149591896	0.00062566645205149496	-1	
0.0053138383655971181	0.065269005325160417	0.00055957357891929331	-1	
0.010633786099281072	0.064978363356436308	0.000776325738487205	-1	
0.0087764429493522641	0.065580874204047818	0.00068704948705791691	-1	
0.012111348324501609	0.064391093213944553	0.00085467097526982191	-1	
0.012895872768406451	0.06300812620545275	0.00093236181809241438	-1	
0.019202678532111418	0.060614770112360696	0.0013665392087062068	-1	
0.017572825702644679	0.061598223688063738	0.0012224028013569899	-1	
0.015857842775577179	0.062221037409541241	0.0011053411102100673	-1	
0.014479956265543957	0.063002561724467207	0.0010068687510430899	-1	
0.049428681479008391	0.036888153870055819	5.0243846650166858e-005	-1	
0.051979077211985025	0.035812353690505894	-0.00016692885222765395	-1	
0.054052123801993472	0.034783275956748502	-0.00032018499025776381	-1	
0.050612081814026065	0.0379939584001108	-5.7821334562870986e-005	-1	
0.045235441880263919	0.048261881759812567	0.00061827533021690953	-1	
0.042148316525144752	0.048894360126025146	0.0010592830547599926	-1	
0.050000000000000003	0.044999999999999998	-9.8551306433619994e-008	-1	
0.051439804674003081	0.042805373998751707	-0.00016496747805449323	-1	
0.048759062500000006	0.046688991846295005	0.00015501297159803082	-1	
0.047545148283146696	0.049148290914799914	0.0003159988404248751	-1	
0.051429389062100477	0.040962866855216523	-0.00015207223989085041	-1	
0.051891775180097854	0.039179291755358704	-0.00018821227519668116	-1	
0.041232224242539875	0.050498245064852093	0.0012045169923875262	-1	
0.03857863161236362	0.051988203092001292	0.0016353920196896974	-1	
0.040371679009308992	0.052057798412635095	0.0013284968964184598	-1	
0.037072458555518613	0.053036729178815738	0.0018807002408356465	-1	
0.033867812499999997	0.05406766114234831	0.0024751282459910037	-1	
0.035108749999999994	0.055	0.0021054674350496536	-1	
0.030869076762321777	0.053982434615181936	0.0033372635948988975	-1	
0.029999999999999999	0.054248125000000001	0.0036145448154364188	-1	
0.031413410785630702	0.054345995805406527	0.0030582370085593651	-1	
0.032316640624999997	0.054122864752760139	0.0028488138188655599	-1	
0.029777825136205627	0.054551562500000012	0.003398945895826502	-1	
0.029415096563643658	0.054729693718028639	0.0032187940776939234	-1	
0.029377570108435894	0.05513205489079355	0.003047164415603812	-1	
0.028283136776773677	0.057688419369017294	0.0022672230710817083	-1	
0.028990155496891032	0.056355237466385842	0.0026088445370720677	-1	
0.026408853335546097	0.059686415144585767	0.0018625626034094161	-1	
0.021879680146754579	0.060584937613446493	0.0015259118967386395	-1	
0.025110573230093892	0.061144178593077074	0.0016394375965702688	-1	
0.023407939991001922	0.061368260278032702	0.0015428350612944181	-1	
0.029867945109206442	0.055622429891564101	0.002883934293238433	-1	
0.020549676648410453	0.061362354849434253	0.0013955356989299149	-1	
0.065576081533787189	0.0016749241134936621	-0.00011271207929230082	-1	
0.065545482843237829	-3.1371956977260546e-005	-9.4359182250298195e-005	-1	
0.067271402145797299	-0.0023201128611896114	-7.6460864126640221e-005	-1	
0.066631833010003264	0.0044176780255035858	-0.00015113436679303025	-1	
0.067396858773967797	0.0025486324075606574	-0.00013206641730324536	-1	
0.0656745769026469	-0.0077189406069756057	-2.0682893950848401e-005	-1	
0.067230174399539613	-0.003975501868166113	-5.9072009656881482e-005	-1	
0.066408767881812658	-0.006271353178024075	-3.5047405261006033e-005	-1	
0.066286679339221638	0.0078256738586697776	-0.00019528165232039285	-1	
0.066154110092366422	0.011594789975151166	-0.0002539580741765175	-1	
0.066085934340399013	0.016103389211452733	-0.00034156904106567745	-1	
0.067465979715241278	0.013416963478587124	-0.00030173939147802939	-1	
0.066808006851468163	0.0097308997063501948	-0.00022890795563654202	-1	
0.067815878229235391	0.0062590713806196562	-0.00018352376812820164	-1	
0.062451931806068471	0.018330018920360149	-0.00032723453050535859	-1	
0.06396933070721976	0.017440333103383429	-0.00033757633811745116	-1	
0.05576117124669288	0.033048740330807472	-0.00041115964898466052	-1	
0.061042364650688824	0.028933364467198065	-0.00058287448309425865	-1	
0.061121717725718817	0.026681923053443302	-0.00050925284628744048	-1	
0.059428361040963426	0.02978442251838315	-0.00053508458391736554	-1	
0.062569121300393868	0.026039272111526689	-0.00053920941281492484	-1	
0.062699866514225266	0.023995992604720982	-0.00047777232882578768	-1	
0.058221796369008219	0.031514586831045611	-0.00052672111022403407	-1	
0.057541671388551388	0.033934458037579836	-0.00056017729626322622	-1	
0.062565895572827934	0.020990627992767501	-0.00039097165743507583	-1	
0.06382111064388199	0.019434278667081136	-0.00038101254671328474	-1	
0.066834218750000007	-0.01	0	-1	
-0.01	0.066834218750000007	0	-1	
-0.0011694060128590871	0.066500171115576476	0.00030585010447026212	-1	
-0.003061795584200271	0.067782831037666608	0.00023064841426946004	-1	
-0.00012932522643981548	0.065312719350875445	0.00035438050173561335	-1	
-0.0061397065347575004	0.067471481648821718	0.00012930499510177665	-1	
-0.0074380632805774137	0.067728031374460734	8.5104537361984273e-005	-1	
-0.0051911349524107206	0.068944971387534831	0.00015378984106574227	-1	
0.0014478492543730742	0.065246913630434777	0.00041368401548899918	-1	
0.00311764048762584	0.065510969135683106	0.00047219221190181778	-1	
0.0074358606084171585	0.066654962536620288	0.00061247984900482161	-1	
0.004550637505089764	0.066687951485417132	0.00050709450289487497	-1	
0.011903403405515817	0.065967429237871217	0.00079769008674555788	-1	
0.0099973620915121582	0.067104717813603776	0.00069529720910780106	-1	
0.0085406204996863761	0.067882164877164433	0.00062476278635682639	-1	
0.013620012020985794	0.064332917836793263	0.00091990973285748098	-1	
0.013507635456699182	0.06583851473882088	0.00086351357614035883	-1	
0.018677370796683232	0.063148572460604679	0.0011957741578605943	-1	
0.017418819520888397	0.064211000196135751	0.0010866806031921208	-1	
0.015780283076327041	0.064043960300078834	0.001023806586143479	-1	
0.053512154198403349	0.036416716954311985	-0.00030278719058577405	-1	
0.052138543764729359	0.037452521492738235	-0.00019382566047292899	-1	
0.056010307271701351	0.034780388649484101	-0.00047218417429584285	-1	
0.055231108206058019	0.036346761362037912	-0.00045010159895671886	-1	
0.043496476040714424	0.050156951860444103	0.00086727239553913637	-1	
0.045696408705807781	0.050792257712744406	0.00056104752774575059	-1	
0.052481875000000004	0.044999999999999998	-0.00030086049238884705	-1	
0.0512409375	0.047212109877842655	-0.00015693793425980369	-1	
0.053722812500000001	0.043636138174745841	-0.00043713009766674458	-1	
0.054426577268798126	0.041931802495517603	-0.00049198657252926882	-1	
0.053210853562620217	0.040472982198944442	-0.00033714500342829472	-1	
0.049769197990933725	0.048898206581458367	2.940797104177159e-005	-1	
0.048229909474109919	0.050522869666059241	0.00022742611497370626	-1	
0.047140789950508591	0.051605543806959177	0.00036773513245591473	-1	
0.054483627067630123	0.039133709878612352	-0.00044384134958677131	-1	
0.042152276686402042	0.052010717043194585	0.0010524355836364421	-1	
0.038211093749999994	0.053786224268635593	0.0016329954493352775	-1	
0.039452031249999998	0.053917346974685948	0.0014211949493130628	-1	
0.041313437499999994	0.053569696454246689	0.0011463696756736088	-1	
0.037590624999999996	0.055	0.0016627907764557371	-1	
0.032626875	0.055	0.0025995073909594285	-1	
0.036349687499999998	0.055941912211975774	0.0017999203102923226	-1	
0.033867812499999997	0.055932778493946393	0.0022098752733061395	-1	
0.030774159111774592	0.054486827497299203	0.0032093440324758079	-1	
0.030305018103230968	0.054694981896769031	0.0032925396157784171	-1	
0.029999999999999999	0.054855000000000001	0.003334988766947029	-1	
0.031385937500000002	0.055	0.0028805167970658071	-1	
0.032006406250000001	0.055	0.0027366963362699739	-1	
0.029767481896769029	0.054927499999999997	0.0032155537672335717	-1	
0.029814643102460403	0.055185356897539596	0.0030819459505884716	-1	
0.028297864141576822	0.060223162201364769	0.0018425404530125727	-1	
0.02972637122404944	0.058129241086151383	0.002202232839205751	-1	
0.03012888064593167	0.056251186612726108	0.0026554206681219938	-1	
0.027019385584172263	0.061552884967982127	0.001650055794839375	-1	
0.021838941660113576	0.062041634288071378	0.0014135088452598187	-1	
0.024220168217137038	0.062881355733403171	0.0014430708645257191	-1	
0.025581601180115304	0.064160145033723956	0.0013617867029445745	-1	
0.022797324939581708	0.063120037488286665	0.0013727357354708729	-1	
0.030271541293023771	0.05558555134585412	0.0028788764954817796	-1	
0.030072499999999999	0.055232518103230974	0.0030612558921129678	-1	
0.019985935914644624	0.063741068767058637	0.0012189378675040738	-1	
0.021387694895171921	0.063427275361108232	0.0012971898613252039	-1	
0.06715214900682899	0.00054395959850975033	-0.00010719117333595264	-1	
0.068265218871502067	-0.00084421376772733018	-9.5646534970706798e-005	-1	
0.068823530285338552	-0.0042309575841071338	-5.9723092345110282e-005	-1	
0.069606472385847246	-0.0028199146120938485	-7.6735730575323738e-005	-1	
0.068559443634459163	0.0041999931748182137	-0.00015889145606009023	-1	
0.069231858156602405	0.0024916826892519284	-0.00013947290208639771	-1	
0.068821178433058156	0.00084601070975714977	-0.00011726039712508573	-1	
0.067615731906144588	-0.0082934485527802523	-1.6598310001937826e-005	-1	
0.067844060642800963	-0.0055134082930875395	-4.4720614158018182e-005	-1	
0.069030437629925973	0.0080988368905393644	-0.00021915861366016021	-1	
0.06831978551870653	0.011002195567657752	-0.00026360999668809191	-1	
0.067281444523267564	0.017319767355901211	-0.00038649220280205997	-1	
0.0679000589620469	0.015337639424010795	-0.00034735675145326094	-1	
0.066161137823861807	0.018605742972661068	-0.00040233389909806515	-1	
0.0694135248909694	0.012417067982613611	-0.0002993610494138106	-1	
0.069509293613045059	0.014202833397474414	-0.0003373570594616448	-1	
0.06920738665738517	0.0096808006526227855	-0.0002466155683001263	-1	
0.070248679293502064	0.005973798303622985	-0.00019251368902058305	-1	
0.06230213112797147	0.030253325027748426	-0.00069540517221190496	-1	
0.062735683307522355	0.02825367381321418	-0.00062785142579319466	-1	
0.06152635731939933	0.031803540071162179	-0.00072552620166323406	-1	
0.06000699468928139	0.032638123129397817	-0.00067611699726137021	-1	
0.063839205911506616	0.025093300430268188	-0.00054658227844334769	-1	
0.064024235024277093	0.026664269224876132	-0.00061110389107140839	-1	
0.064384228064233578	0.023387257212029368	-0.00050405554584227557	-1	
0.057554429848331312	0.035766612064102941	-0.00062508449208066477	-1	
0.060241876472730577	0.034617975173185385	-0.00077841098159027282	-1	
0.059366265320029157	0.036039015035265583	-0.00078064865290804577	-1	
0.064832418942756695	0.02115911014371669	-0.00044774162300845552	-1	
0.065957147431166138	0.020121992983690832	-0.00043962426029820487	-1	
0.0687046875	-0.01	0	-1	
-0.01	0.0687046875	0	-1	
-0.0014712112609103307	0.068092209849750673	0.00028115058870570845	-1	
0.00073480878599994285	0.067090456054523434	0.00036620715922133237	-1	
-0.0037895260418888766	0.070096932314351587	0.00019142465779724483	-1	
-0.0019815833521014746	0.07024814324454863	0.00024641004068480375	-1	
-0.0065308683612443855	0.06873581563422311	0.00011168893307372353	-1	
-0.0082724454336669129	0.069501633438264779	5.4468435287971291e-005	-1	
-0.0064632224194940933	0.070090088783352628	0.00010907900067976223	-1	
-0.0055671703471799807	0.071548372383279865	0.0001299597943964998	-1	
0.0026107413065628794	0.06812919645831389	0.00041782051465961842	-1	
0.006943307860331596	0.068300629133883753	0.00056169658066807155	-1	
0.0049719147553633509	0.068644215174128109	0.00048871237253785569	-1	
0.012170875097566808	0.067554451076429461	0.00075882272046909392	-1	
0.0100751151357146	0.069003916053051062	0.000648120016228082	-1	
0.0082229093931040984	0.06992720461723434	0.00056793712491583779	-1	
0.014832836699222286	0.065180434413442567	0.00093897443700450395	-1	
0.014345623567279517	0.067597286411790469	0.00083112444307652906	-1	
0.019816832191065954	0.064980752123319149	0.0011410623284654599	-1	
0.018437090989812763	0.065505537651215778	0.001062017801195924	-1	
0.016393766869543393	0.066074307665777668	0.00096191501678885225	-1	
0.056848829971594156	0.037432414899087399	-0.00062357638931099353	-1	
0.043795312500000003	0.052669884169166813	0.00080876439739081384	-1	
0.045199365013524187	0.053417633011926445	0.00061015955660612847	-1	
0.0529931329560984	0.046740924898780019	-0.0003772946471715759	-1	
0.054963750000000006	0.044999999999999998	-0.00061035302954810203	-1	
0.053027928282469307	0.048303929414001051	-0.00038903087774930375	-1	
0.052006718229144322	0.049487704669835778	-0.00025827545663156164	-1	
0.057004672217470465	0.0430208403313877	-0.00082148752650030416	-1	
0.055340358227220589	0.040550805511013727	-0.00056264174170990086	-1	
0.050024869471798669	0.050681974453264188	-3.3025561354168988e-006	-1	
0.048759062500000006	0.051964522088543373	0.00015807398877916513	-1	
0.04700773369604936	0.053257805131397856	0.0003774676865445226	-1	
0.056269699078030325	0.039146292864175265	-0.00062019075766516082	-1	
0.0388315625	0.055	0.0014682733011795236	-1	
0.040072499999999997	0.055	0.0012813723636961474	-1	
0.043795312500000003	0.054165381854686084	0.00078508564121774571	-1	
0.042554375000000005	0.055	0.00093276505742643145	-1	
0.037754041624238219	0.056503698589019588	0.0015391964674496092	-1	
0.032316640625000004	0.055994967012855806	0.0024615309937349884	-1	
0.035984059775152122	0.057456323272684816	0.0017048274848039692	-1	
0.033165004242764064	0.057779170701207229	0.0020277413179621059	-1	
0.03076546875	0.055	0.0030270160357868878	-1	
0.030144999999999998	0.055	0.0031860814169432372	-1	
0.029999999999999999	0.055	0.0032223697357477688	-1	
0.031696171874999998	0.055642581835600738	0.0026495467930611697	-1	
0.030970023640793553	0.055609630583640123	0.0027791786189167176	-1	
0.028864014278777616	0.06154900723122983	0.0016657391127263737	-1	
0.030141231016545412	0.059946501146653369	0.0018763313114993517	-1	
0.03152091038828967	0.058693094745636977	0.0020208410770158566	-1	
0.031441330849847876	0.056813741437084092	0.0024042122610060963	-1	
0.027278363120843287	0.063379247662876975	0.0014607525293656048	-1	
0.023715106974239973	0.064230863961406287	0.0013158165814929738	-1	
0.027057682805141502	0.065133586944891519	0.0012967941841599802	-1	
0.025695499030887869	0.06641833361586541	0.0011848121311679007	-1	
0.024299656095237973	0.065547891539578185	0.0012303783179975205	-1	
0.022344300350324645	0.064428889521185986	0.0012620137803575945	-1	
0.030455234375000001	0.055224294154424439	0.0030056590894565814	-1	
0.021039893778648885	0.06471706434184904	0.0011995745305499149	-1	
0.06992336171719965	-0.00045307368633459876	-0.00010502590620149819	-1	
0.070868777760179635	-0.0044430631394585911	-6.0628553597716859e-005	-1	
0.070390298956065203	-0.0064428341348398092	-3.8040340863726657e-005	-1	
0.071744317404192889	-0.0024597502486272617	-8.4984684754520418e-005	-1	
0.070239411498406443	0.0042913725766025833	-0.00016780138889380429	-1	
0.070489143332875787	0.0011538859968475614	-0.0001265229649746133	-1	
0.071788401805681953	0.0036346601228356549	-0.00016395575114201686	-1	
0.069639921874999997	-0.0082652156396829466	-1.8174326780494214e-005	-1	
0.07048931754443051	0.0087365334001307214	-0.00023822600089303455	-1	
0.071130137596210341	0.0072888695209124225	-0.00021719324312535846	-1	
0.070665726924138653	0.010318894665468297	-0.00026746238446213075	-1	
0.068986201263865773	0.017268534134069397	-0.00040555651001924185	-1	
0.068306706805195183	0.019101373581208256	-0.00044709298881026127	-1	
0.071117582952708883	0.012959576864809703	-0.00032224072315958967	-1	
0.070821295777494575	0.017022549151341944	-0.00041623499767351311	-1	
0.07165231697056143	0.014920785914411776	-0.00037010038043700427	-1	
0.07173539330011694	0.0052760928795005449	-0.00018795935297332932	-1	
0.063250803970438529	0.031980388680465481	-0.0008238261756652928	-1	
0.064426456965407997	0.030210520745969135	-0.00078208517290801729	-1	
0.06477821313014652	0.028374687844931679	-0.0007076639813984847	-1	
0.061451840289722531	0.033468176607380808	-0.00080291577881677254	-1	
0.065420207359791552	0.025042181483433304	-0.00058678674994625294	-1	
0.067144005410082516	0.02631041950694225	-0.00068009240062887923	-1	
0.066137168587487652	0.023020062261906771	-0.00053197853879288868	-1	
0.061861935460161763	0.035019793611786039	-0.00091316301831741251	-1	
0.061998943543377899	0.036618831498238538	-0.0010197802995037721	-1	
0.061266419106103136	0.038194691362881908	-0.0010548422687865721	-1	
0.058023529500254592	0.038808224220344786	-0.00078449576944728731	-1	
0.059756726943633855	0.039055363157921894	-0.00096310970094336907	-1	
0.067330989478370837	0.020795182559956174	-0.00048270422191274445	-1	
0.070575156249999993	-0.01	0	-1	
-0.01	0.070575156249999993	0	-1	
-6.5320031290300867e-005	0.068897904326174431	0.00031964133526568832	-1	
0.0014578605669612289	0.069158102878680544	0.00036631253933124648	-1	
-0.0032910204848951492	0.071841355922484987	0.00019491833028590239	-1	
-0.00073764937078752671	0.070829193955532582	0.00027904359762120402	-1	
-0.001337467761009699	0.072502100954154367	0.00024573893131805594	-1	
-0.0085683446568228273	0.070952933985667266	4.2804141929918202e-005	-1	
-0.0072167476001482175	0.071557531732604984	8.1774701256562212e-005	-1	
-0.0045646731000022842	0.072748149014968622	0.00015290894875549219	-1	
-0.0057420707138580796	0.073641365429371233	0.00011596955637151837	-1	
-0.0071543445181501304	0.073205953663588508	7.8590581250276729e-005	-1	
0.0038094796041601747	0.069906353903552029	0.0004305666297450151	-1	
0.0022038033363297412	0.07051137735432951	0.00037209860772572712	-1	
0.0064057353156133619	0.070040138073994521	0.00050942557579618025	-1	
0.0049747758946441911	0.07116585150515703	0.00044556418065162367	-1	
0.011842036734037411	0.069704621093694269	0.00068470691118330902	-1	
0.013422367503911898	0.069041267545276938	0.00075246627453946161	-1	
0.010451380651131601	0.07063322940487006	0.00061761010707809963	-1	
0.0098349441626364217	0.072187656563716507	0.00056173254830704398	-1	
0.0074509892506196048	0.072182732175424633	0.00049693381053284014	-1	
0.016264205112870651	0.067935733932140988	0.00088007820839608279	-1	
0.015099659358118678	0.069393652715540308	0.00078929795315224041	-1	
0.019455850185489055	0.066072516525596051	0.0010677596287873878	-1	
0.020599885194921005	0.065956579406331414	0.001110209270597271	-1	
0.018050987133824206	0.067398050006868396	0.00095834450948515651	-1	
0.045036249999999993	0.055	0.00060997313165114212	-1	
0.054800634986475832	0.04658236698807354	-0.00061009967800667881	-1	
0.056204687500000003	0.045834618145313907	-0.00078503727092995082	-1	
0.057445625	0.044999999999999998	-0.0009323602172950728	-1	
0.054303591294192245	0.049207742287255558	-0.00056066452673248	-1	
0.051701643514831017	0.05135354930821668	-0.00021809986962545853	-1	
0.05337041542388541	0.051113769375334066	-0.00043578599192309119	-1	
0.058909428757184461	0.043716120760206784	-0.001089027393095547	-1	
0.056979619587703957	0.040785263403204403	-0.00074873622096738215	-1	
0.058801468559071972	0.04208114077456674	-0.0010055900133986093	-1	
0.050925580158997202	0.052850218867068671	-0.00011689079616439574	-1	
0.048759062500000006	0.053735915645593969	0.00015438966930604183	-1	
0.047518124999999994	0.055	0.00030044077892596948	-1	
0.039452031249999998	0.056282594808384968	0.0013098171997339542	-1	
0.041090571242815538	0.056283879239793222	0.0010894634501051827	-1	
0.044884397542570599	0.056713540826292874	0.00059797556987641379	-1	
0.042995327782529527	0.056979159668612292	0.00082272508367500731	-1	
0.037391023993649734	0.057949840153051879	0.0014763827467711304	-1	
0.0388315625	0.057565189616769936	0.0013211812194929137	-1	
0.034291928846223507	0.059158368540389202	0.0017167518408869563	-1	
0.0359414716309795	0.059830048778855317	0.0014768651762469096	-1	
0.030301342176837411	0.061437295394214289	0.00166323853493961	-1	
0.029623234269724873	0.062774558546522849	0.001517421417073809	-1	
0.031941414318964197	0.060542001839515365	0.0017170182513988582	-1	
0.028705862901105592	0.064065994327226566	0.0013919254062572911	-1	
0.028963641757416822	0.065628980784264213	0.0012493862446048866	-1	
0.027463020848154666	0.066854664278727452	0.0011598246978954012	-1	
0.024129846010151838	0.06692308853444974	0.0011303940785079159	-1	
0.025309006738213263	0.068017292845138647	0.0010716690839920201	-1	
0.021897449352590536	0.065741329770874504	0.0011609214140686185	-1	
0.022752463559126506	0.066772026218473238	0.0011145040443587492	-1	
0.072783129887121573	-0.00055686603867434676	-0.00011020313959512215	-1	
0.072077043882694022	-0.0057892886500535388	-4.6803170183233702e-005	-1	
0.073441976408047255	-0.0039714944393023531	-6.9213139200857766e-005	-1	
0.071933905484513366	-0.0079233055465445096	-2.2871297290858338e-005	-1	
0.074027879609342373	-0.0017118219846435823	-9.7419304061530318e-005	-1	
0.072977043307969697	0.0017029501999500552	-0.00014027795421069398	-1	
0.07349979050776656	0.0030641783802136668	-0.0001603293594795235	-1	
0.073269758317579162	0.0045040714266295565	-0.00018080846367633105	-1	
0.072953055584165913	0.0091699913108573301	-0.00025691850144818871	-1	
0.072590719648655572	0.0066780658584877691	-0.00021288133365658611	-1	
0.072695934135515297	0.011678526924400124	-0.00030406648623608246	-1	
0.070044846813846942	0.018703384506910264	-0.0004555213527982822	-1	
0.069693799514407684	0.020478685083520586	-0.0005054915498793396	-1	
0.07277197978085162	0.013562000375066982	-0.00034439412978653908	-1	
0.072633336643051202	0.016956861878030399	-0.00042634288659269912	-1	
0.071823644551742102	0.018579269235506873	-0.00046700212420582726	-1	
0.074067337976001957	0.015847156019066978	-0.0004039437764331363	-1	
0.063049779673074069	0.033940571900075336	-0.00092314331060959725	-1	
0.065012937645641061	0.032862212888166861	-0.00095680271625184091	-1	
0.066238835258766102	0.031319519119233682	-0.00091141303458228107	-1	
0.06637069448387263	0.029353471773078142	-0.00080421212619964026	-1	
0.067525157905635597	0.024656058961412552	-0.00061948762922127518	-1	
0.068362571947083117	0.028239870185207169	-0.00079763532532205813	-1	
0.069149893851188832	0.026393102953057756	-0.00072219453230102477	-1	
0.06827953858276932	0.02313517243262779	-0.00057587587278836166	-1	
0.064385749251219496	0.035012441271785787	-0.001071008053192019	-1	
0.063352892664776228	0.038206386366841275	-0.0012401840936931354	-1	
0.064875767832313663	0.036653660469188595	-0.0012260507623169049	-1	
0.061271891490395455	0.039932476279725383	-0.0011693640680968658	-1	
0.05862923259678874	0.040394694158845661	-0.00091308011095201118	-1	
0.060152076470394188	0.04113948537187323	-0.0011198656220865841	-1	
0.069538524318757511	0.022100725507673263	-0.000556928291994304	-1	
0.072445625	-0.01	0	-1	
-0.01	0.072445625	0	-1	
0.00049267220802408287	0.070219849642920218	0.0003232338000014765	-1	
-0.0024715196377799059	0.07373380687388463	0.00020386064707434085	-1	
0.0003637253737078306	0.071648928882683011	0.00030303246451413647	-1	
6.2615723100648609e-005	0.073791180820830679	0.00027130192053517917	-1	
-0.0012269025882128864	0.074754110087800349	0.00022804639719836887	-1	
-0.0084715352605236795	0.072430425434035689	4.3402361564819557e-005	-1	
-0.0044216168628854304	0.074305068926064644	0.00014791247030868367	-1	
-0.0068437212059750605	0.074706522175038745	8.2482616355539673e-005	-1	
-0.0057836547510012153	0.075813071681686217	0.00010558331265305313	-1	
-0.0083887852199013169	0.074243921871896212	4.2917853286080054e-005	-1	
0.0024550024286585726	0.072202526812251713	0.00035641371570154092	-1	
0.0058135358215485574	0.072646743955481222	0.00044305267930724472	-1	
0.0041117493562118756	0.072624755531147153	0.00039707039386968715	-1	
0.012002718208071668	0.071450859543225956	0.0006381973605984675	-1	
0.013695938042074867	0.071907120271821834	0.00066806959208884689	-1	
0.0086404857877382078	0.073386236696681012	0.00050312925393356	-1	
0.011303857695241887	0.07295206729635291	0.00057971639972868221	-1	
0.0071910045015114443	0.074386485306747865	0.00044634465929244182	-1	
0.017599941938897481	0.069136855107919462	0.00086804896933132967	-1	
0.016470407421145573	0.070439528919753733	0.00078730407252622044	-1	
0.015352386796764504	0.071682271571479036	0.00071533654464974372	-1	
0.01996025748366792	0.067105875512576491	0.0010282502341601128	-1	
0.021416051696211205	0.066857978490870454	0.0010799599195748094	-1	
0.019681479687288745	0.068593009797461704	0.00094521119839806019	-1	
0.046705172231487652	0.056653714437904679	0.00038285417111692197	-1	
0.056204687500000003	0.047330115830833158	-0.00080878941160237422	-1	
0.058686562499999997	0.04643030354575331	-0.0011461358151705185	-1	
0.059927500000000002	0.044999999999999998	-0.0012811545980963514	-1	
0.055210634203611386	0.051252894528735798	-0.0006819616225499231	-1	
0.056540793475282049	0.049973661446942735	-0.00087265037525562712	-1	
0.052677884442873191	0.052728048399186773	-0.00033954089189178877	-1	
0.054419234498301522	0.05295869078681828	-0.00056330343229462536	-1	
0.06054796875	0.043717405191615037	-0.0013097285963697709	-1	
0.061168437500000013	0.042434810383230076	-0.0013214266434799012	-1	
0.050000000000000003	0.055	6.7080864702188492e-007	-1	
0.052481875000000004	0.055	-0.00030075780573924222	-1	
0.049198997661183158	0.057104026620569209	9.1039337435371251e-005	-1	
0.041198531440928034	0.057918859225433258	0.0010060995407825005	-1	
0.045725244722842617	0.058214293088203008	0.00047269015021703673	-1	
0.044218054305911102	0.058299500479990905	0.00064132703127258513	-1	
0.042777117644797302	0.058749594682534899	0.00079082637481720744	-1	
0.038728108509604543	0.060067523720274643	0.0011677555455963981	-1	
0.039847923529605825	0.058860514628126789	0.0011190294247167898	-1	
0.03380850135213366	0.060872557444636467	0.0015500010350799351	-1	
0.03547269470318342	0.061574212707290472	0.001353219892474258	-1	
0.037235581531979332	0.061112943486047698	0.0012421994256333934	-1	
0.031184639228423225	0.062648860246325225	0.001491735796710057	-1	
0.030549127735665281	0.064515249508465627	0.0013200786921659616	-1	
0.032635689906523033	0.062058743785525804	0.001495619212516874	-1	
0.029860895075519412	0.067346275058716987	0.0011011978971303645	-1	
0.028632434949076475	0.069005002073081453	0.0010032742186702284	-1	
0.026816735158163164	0.069029276030476039	0.0010109596033438283	-1	
0.023267919218123753	0.068008023760573827	0.001048327352828053	-1	
0.024727012173740293	0.06943531907951242	0.00098008775421457592	-1	
0.021473441779573096	0.068072620185267524	0.0010123696498629106	-1	
0.074846667598541763	0.00041886419845386198	-0.00012600131697332925	-1	
0.07383631738393176	-0.0062102243886589352	-4.3267054632677686e-005	-1	
0.074914371574329702	-0.0031600820110585003	-8.0370992018288781e-005	-1	
0.075259619428695579	-0.0048054213600853971	-6.0634159221488352e-005	-1	
0.074155291643290225	-0.0084773262437052872	-1.7356935988192854e-005	-1	
0.075725743421063002	-0.0016876644817112401	-9.9371964484094527e-005	-1	
0.074759165225678215	0.0022945869763464355	-0.00015161581122542949	-1	
0.074714319970284798	0.0038711015353619033	-0.0001744074426549828	-1	
0.074704634251890001	0.0054482240539311536	-0.00019857958054344188	-1	
0.074064362159302177	0.010615005343042144	-0.00028769122419224167	-1	
0.074878718415484671	0.0075418988614411007	-0.00023334077359559732	-1	
0.075443532180265255	0.0095654514075170973	-0.00027055535626773186	-1	
0.075120913569617101	0.011988822116728127	-0.00031803876555831377	-1	
0.074514816454138114	0.013312073824002292	-0.000344958408104459	-1	
0.072075555485449652	0.020580077456964125	-0.00053021615930185927	-1	
0.071145662177272945	0.022369488279827481	-0.0005838690873266214	-1	
0.074249315142593988	0.017563700040380929	-0.00044988955158041169	-1	
0.074675142708883951	0.019236515018212341	-0.00049964730155166882	-1	
0.07540210119751424	0.014465795878211143	-0.00037361217949482444	-1	
0.075858526800168191	0.016494803665066598	-0.00042404860853657687	-1	
0.067247749035468707	0.033012097629599037	-0.0010566443869909122	-1	
0.066094164675599254	0.035135060199698212	-0.0011675770892598056	-1	
0.068604942518969134	0.032119017409710376	-0.0010321134315711487	-1	
0.068698526673470858	0.03049704070308399	-0.00093047211614643937	-1	
0.069222633577926546	0.02462844770551793	-0.00064786729910481741	-1	
0.070548219744638749	0.029068147641368568	-0.00087805044715261258	-1	
0.070851053824569521	0.027206851472553324	-0.00078453626650369602	-1	
0.070847303933671585	0.02532108429542565	-0.00069715492595248392	-1	
0.064917831823793681	0.038218077895545911	-0.0013662691539552904	-1	
0.064058528369020498	0.040169951221144605	-0.0014757612790426457	-1	
0.06736431009347725	0.037941256214475	-0.0014948803024495878	-1	
0.0676551122493836	0.036298709768134221	-0.0013432251262262185	-1	
0.062608976006350264	0.042050159846948133	-0.0014764730883452658	-1	
0.076186562499999999	-0.01	0	-1	
-0.01	0.074316093750000006	0	-1	
-0.0027045598500773358	0.075391777136391461	0.00018505775554144552	-1	
0.001450912201211512	0.073286145859149804	0.00031462022889286174	-1	
0.0010834149648598348	0.07471701035480581	0.00028755644586313136	-1	
-0.001195845637237252	0.076856989100136108	0.00020984084466222882	-1	
0.00074777750521812236	0.076053625076272696	0.00026418942863549772	-1	
-0.0075370987262744623	0.076431815610393236	6.0272804667397616e-005	-1	
-0.0030107753877687089	0.077216444240827173	0.0001649050487398765	-1	
-0.0042997772722175231	0.0785437166843823	0.00012716945581726151	-1	
-0.0064700030432138875	0.077954548885437597	8.0716479635853594e-005	-1	
-0.01	0.076186562499999999	0	-1	
0.0029339515749047785	0.073843774870385348	0.00034687044140335825	-1	
0.0049372520930442421	0.074600838351091436	0.00038685980744957257	-1	
0.013897410738968002	0.0737792764242612	0.00061618478734076971	-1	
0.0093436124210631959	0.074925372194943191	0.0004857865519819752	-1	
0.012117680682370544	0.074394191729285866	0.00056073008259165309	-1	
0.008122514809584579	0.076363615110721095	0.00042882965416181563	-1	
0.0062366505533226549	0.076307596645035322	0.00038851324156326418	-1	
0.019166603855049719	0.070015749520113482	0.0008665837995340905	-1	
0.016973901437224263	0.072088559259864182	0.00073573039505601555	-1	
0.018516844504565019	0.072102021710156894	0.00076563349820804464	-1	
0.015759190948512743	0.073497612869541193	0.00066293976345584214	-1	
0.020656157432852519	0.069750286226556241	0.00090857467701164595	-1	
0.04752434031659946	0.058304358946664976	0.0002719868207793896	-1	
0.057854262017621429	0.048007318102932392	-0.0010536691084237957	-1	
0.06054796875	0.04608265302531403	-0.0014210345886482719	-1	
0.059584496355153484	0.047912344579179277	-0.0013203976836649019	-1	
0.061168437500000013	0.044999999999999998	-0.0014681610400533935	-1	
0.056496999792464135	0.052576157366338624	-0.00084971670392715217	-1	
0.057975371202180284	0.051040948263298302	-0.0010797957709345271	-1	
0.058854168519518184	0.049483761801143375	-0.0012183752109826819	-1	
0.056204687500000003	0.054088114539949238	-0.00078595261115198343	-1	
0.054963750000000006	0.055	-0.00060866673220172916	-1	
0.062245958375761787	0.043496301410980417	-0.0015392168115170514	-1	
0.0512409375	0.056155862889188078	-0.00014567564886164733	-1	
0.052874356756177292	0.056611808534038091	-0.00033283417785199328	-1	
0.054533027370476585	0.05663974547356309	-0.00053055662344928445	-1	
0.04927279815199577	0.058737662549439108	7.86620529072818e-005	-1	
0.050900333476668502	0.058578472011148588	-9.7343773758329659e-005	-1	
0.041143783700128479	0.06061033363712786	0.00089108131276841019	-1	
0.044988867419621714	0.059597472126922083	0.00052509729084538324	-1	
0.04655416270085725	0.059670180230957687	0.0003585997426887746	-1	
0.04360380656730807	0.060330303772826423	0.00064948039431201188	-1	
0.038850967913437534	0.061831064709110241	0.0010457058331402222	-1	
0.035124232167687473	0.063346339530811868	0.0012260537729907122	-1	
0.038001056456623973	0.063381168501761093	0.0010190148882191843	-1	
0.032344887750617023	0.063701290231867005	0.001343507207599063	-1	
0.032036180479606512	0.065408104975511416	0.0012022396644082883	-1	
0.031395057481032718	0.067880982590294098	0.0010318515319395773	-1	
0.031301473326533227	0.069502959296921629	0.0009298844389169686	-1	
0.029533876568190526	0.070861852254914037	0.00088073208109970688	-1	
0.027482110897456648	0.070718841087314591	0.00090785188180766009	-1	
0.025963606975544704	0.070341050480424758	0.00093198785622308452	-1	
0.022169017907425505	0.069728064483911362	0.00093556302605682124	-1	
0.024440081908489703	0.070941037212939637	0.00089421844825310977	-1	
0.022944314601056656	0.071009023915986111	0.00087842822714909684	-1	
0.076548400469647407	-0.00010767335981199634	-0.00012041848791584542	-1	
0.0770401381811813	0.0013894670324705951	-0.00014100393119949252	-1	
0.076071772470386281	-0.0070516930085476517	-3.4300729133379291e-005	-1	
0.076487894023952063	-0.0030674065242118202	-8.2436575428731623e-005	-1	
0.07722911407854649	-0.0044585048226777777	-6.5488416528049391e-005	-1	
0.075692522222754452	-0.0085428469464772123	-1.6848320844498307e-005	-1	
0.077553108689848868	-0.0015786247380450292	-0.00010155170728257428	-1	
0.076541875512217653	0.0028844485185987295	-0.00016193309501680338	-1	
0.076251215031049493	0.0046163422558502427	-0.00018761183214317586	-1	
0.076525589538528574	0.0063508906299492573	-0.00021540139889190754	-1	
0.076812541172765772	0.0083629402970812079	-0.0002500901025409992	-1	
0.07655541217223312	0.011742727514413059	-0.00031464857576563981	-1	
0.076924626709674121	0.010181636375233082	-0.00028377190060434668	-1	
0.076008198312993228	0.013142544170936975	-0.00034425586810701473	-1	
0.07454827487080655	0.020880604848946022	-0.00055125529467764747	-1	
0.073419986349026495	0.022083140433234366	-0.00058904255623495536	-1	
0.072822588508689542	0.024296206484628168	-0.00067055376458008333	-1	
0.076493777989687581	0.018290426343526942	-0.00047307277389955035	-1	
0.077168260462949473	0.020296687229757658	-0.00053222657718238989	-1	
0.076855260374729728	0.014384081743140381	-0.00037259000634058806	-1	
0.0777547476637271	0.016674111539380063	-0.00042766117038746447	-1	
0.067963819520394736	0.034591895024491517	-0.0012021813217566535	-1	
0.070139104924480888	0.032653724941288854	-0.0011014423092461458	-1	
0.071557568709721103	0.03099944316116349	-0.001005492311682246	-1	
0.072054667020471502	0.028048538420156376	-0.00083799680504138775	-1	
0.072877216684048493	0.029265310253354396	-0.00090932006263106464	-1	
0.072274356167826001	0.026452955190388806	-0.00076084959818530442	-1	
0.066191498647866595	0.039127442555363795	-0.0015517096348215316	-1	
0.065708071153776387	0.040841631459610943	-0.0017169346021951269	-1	
0.06401594022484787	0.04254367672731519	-0.0017047577853722914	-1	
0.06881536077157703	0.037351139753676078	-0.0014914390169311039	-1	
0.06805858568103558	0.039457998160485279	-0.0017171512022307552	-1	
0.069450872264334149	0.035484750491537279	-0.0013199328536406584	-1	
0.079927499999999999	-0.01	0	-1	
0.078057031249999992	-0.008553499714254972	-1.6893359259302997e-005	-1	
0.002022416756824305	0.075725706073367288	0.00029867242463373208	-1	
0.00025126772723782736	0.077605231079776169	0.00023593699507475996	-1	
-0.0014945820671706767	0.079208243243785698	0.00018343993949518602	-1	
0.0017141613303881243	0.077218109223194137	0.00027321412688281575	-1	
-0.0083179519247574239	0.077927272510575643	3.8601994422684488e-005	-1	
-0.0030302686034537635	0.079437794136210674	0.00014901908498318343	-1	
-0.0033881953436219348	0.0809487260336193	0.00013215024346367455	-1	
-0.0058184933942881153	0.080106881055379484	8.7194096077949042e-005	-1	
-0.0078895922019809519	0.0795590295408308	4.512131194498787e-005	-1	
-0.01	0.078057031249999992	0	-1	
0.0032188266006475202	0.075177217623348003	0.00033535192758293153	-1	
0.0043630980101778197	0.075918747324069502	0.00035202180056855567	-1	
0.014424922996865829	0.075921799953310096	0.00056399833524133319	-1	
0.010349493307987324	0.076163919938693633	0.00047953547471211549	-1	
0.01194448172657043	0.07612138975159842	0.00051272624190845575	-1	
0.0074031639295685757	0.078107792960874098	0.00038107337971299765	-1	
0.0092186255365960396	0.077836113598542991	0.00042137963654897861	-1	
0.0042526047451627389	0.077352040110039821	0.00032780428637220802	-1	
0.0055168609833947937	0.078052058762879406	0.00034398547638591335	-1	
0.019897254118481634	0.071412584371140966	0.000819022684153321	-1	
0.018283424439289007	0.073785186762737931	0.00069750900272167262	-1	
0.019782384133270759	0.072984781017555081	0.00075062344293140017	-1	
0.016019199444903334	0.076178831406986516	0.00058275658358568913	-1	
0.016992607848002602	0.074890321165769227	0.00063896478904674993	-1	
0.021431297944742432	0.071049669852818478	0.00085833594587662019	-1	
0.048201807822469973	0.059973458881607572	0.00018577876767177169	-1	
0.061788906250000004	0.046213775731364252	-0.001632899061187166	-1	
0.061421368387634567	0.048011796907998824	-0.001635310519478111	-1	
0.061795558729473232	0.049808445404498129	-0.0017321250246023834	-1	
0.062409375000000003	0.044999999999999998	-0.0016627295137297184	-1	
0.058686562500000011	0.053983537218011649	-0.00113445896633019	-1	
0.059097570949089677	0.052432990694733277	-0.00123492908586227	-1	
0.060486876082934821	0.051162157320331858	-0.0014855284623839663	-1	
0.057445625	0.055	-0.0009336830635415437	-1	
0.056204687500000003	0.056357186430147407	-0.00073901393063741507	-1	
0.0636503125	0.044058087788024232	-0.0017998778959361493	-1	
0.053642287976027846	0.058082267755134975	-0.00040371850205345194	-1	
0.055181938399496679	0.058495836154663181	-0.00056742762596997942	-1	
0.050286072334697084	0.060697785927415329	-2.7587722567460088e-005	-1	
0.052613964423082707	0.060223825721331087	-0.00026577996135353606	-1	
0.040535768679312627	0.062231925729000152	0.00087200047859855624	-1	
0.042610269679658037	0.062547714242659938	0.00067224172716351209	-1	
0.045699196896761683	0.061190726630971859	0.00041996348903507148	-1	
0.044765720214089685	0.063260017322792544	0.00045830917232871657	-1	
0.033905835324402007	0.064864939800302987	0.0011676032819293001	-1	
0.035614250748782231	0.064987558728214948	0.0010708745229903401	-1	
0.038138064539840526	0.064980206388213932	0.00091267635202784152	-1	
0.03975812352727235	0.065382024826814697	0.00077797013696220493	-1	
0.040633734679973471	0.063960984964733555	0.00077985960034517346	-1	
0.032752250964534019	0.066987902370404945	0.0010565959958812243	-1	
0.033761164741238928	0.068680480880768696	0.00091153463866058934	-1	
0.033629305516135195	0.07064652822692423	0.00080510276294061436	-1	
0.031315676730628468	0.071889170483505502	0.00079646975767143509	-1	
0.029381163961749134	0.072912918665709661	0.00077618597884861413	-1	
0.027897440963586918	0.072278246132706184	0.00082114089258336902	-1	
0.026442875278272156	0.071830641631552103	0.00085158940847592261	-1	
0.024787203456675712	0.07285882885259351	0.00079996852231914927	-1	
0.022238910329252466	0.072329761150676283	0.00080923214498961255	-1	
0.078114110672953541	0.00020739322693351061	-0.00012500471932975723	-1	
0.078524185470625424	0.0019194094574963743	-0.00014847477381097266	-1	
0.078117864352267474	-0.0064100099163971833	-4.2171484207105075e-005	-1	
0.079089231897919193	-0.0025743551136444289	-8.8779269676024917e-005	-1	
0.079335219110485106	-0.0046774758966865691	-6.2824238582376423e-005	-1	
0.080318276243019446	-0.0014740423238909033	-0.00010228136188604606	-1	
0.079704108120954811	5.6982089813103695e-005	-0.00012254669259609269	-1	
0.078612881210613231	0.0041223588954917116	-0.00018058342416631549	-1	
0.077902578425815591	0.0055488411714222866	-0.00020284927440619859	-1	
0.077842367547951818	0.0070285269220804495	-0.00022707862116277752	-1	
0.07831884969818155	0.0093882466993477562	-0.00026839738719996201	-1	
0.079053045217373732	0.0080120293093356616	-0.0002432973262660397	-1	
0.078206090460159097	0.012327732567773442	-0.00032615050115232568	-1	
0.079139297572174513	0.010609550026069234	-0.00029072096001858401	-1	
0.075820970491955852	0.021929114589371794	-0.00058771779079326851	-1	
0.074638778572238357	0.024024555134968463	-0.00066514323709476156	-1	
0.073873144445747801	0.026257954659721128	-0.00075888402270926766	-1	
0.078510217262374185	0.018659872854565853	-0.00047978054947005059	-1	
0.077924557845603024	0.022293074104017454	-0.0005945016681600711	-1	
0.079446550096169466	0.020796048428906616	-0.0005375811847173937	-1	
0.079231756947412482	0.01374723176805949	-0.00035499669558804723	-1	
0.079640556212159513	0.015695485750823662	-0.00039866406515949869	-1	
0.079767259907228619	0.017355123128947294	-0.00043921469453380362	-1	
0.071006764580122145	0.034363824888216279	-0.0012482361957623148	-1	
0.072645041227053925	0.033367168109467132	-0.0011774893676570592	-1	
0.073472619905496528	0.031087584947472706	-0.0010186083022103447	-1	
0.073502866677151182	0.027803917494012374	-0.00083268727421028038	-1	
0.074484578342660493	0.029054257014594537	-0.0008982158076234223	-1	
0.068479089611710245	0.041306905254363223	-0.0020208382308722528	-1	
0.066834995757235949	0.042220829298792797	-0.0020277817464439503	-1	
0.066132187499999995	0.044067221506053605	-0.0022098451382491432	-1	
0.069698657823163243	0.038562704605785945	-0.001663090152735123	-1	
0.070376765730275098	0.037225441453477746	-0.0015172929629874512	-1	
0.069858768983454264	0.040053498853346331	-0.0018762183244559808	-1	
0.071292289638143908	0.035926841565973477	-0.0013913301216166266	-1	
0.081797968750000005	-0.01	0	-1	
0.079805530303231953	-0.0075305146875020816	-2.8782277458157666e-005	-1	
0.081797968750000005	-0.0078964878285305122	-2.4192367163450937e-005	-1	
0.0030628264411048612	0.076531797744988375	0.00031277777320627519	-1	
0.00087357009214872013	0.079110801707931611	0.00023346204711939604	-1	
-0.0015732721873589553	0.081022979449949281	0.00016694402242324437	-1	
0.0029560553371471804	0.077990263881773936	0.00029086875945938997	-1	
-0.01	0.079927499999999999	0	-1	
-0.0032341467610281049	0.082980930264974925	0.00012237346619416666	-1	
-0.0052191805925451739	0.082519166590059354	8.8842249141782455e-005	-1	
-0.0073225938147026166	0.08096319597159736	5.3890049150992413e-005	-1	
-0.0085860513505564735	0.081797968749999991	2.7259582141530233e-005	-1	
0.013070074747404587	0.077442847748668345	0.00049986203869140729	-1	
0.014936738473701954	0.078258180016984785	0.00050783042443143175	-1	
0.0110393913033381	0.077602612966493373	0.00046067943589190045	-1	
0.0064013162277377182	0.080066477623500346	0.00032895409865536367	-1	
0.0085876441992189956	0.079821295188587785	0.00037164492683310502	-1	
0.010281382714965891	0.079044926632012735	0.00041587440562802482	-1	
0.0039331608083268844	0.079078284303908217	0.00029651993155807956	-1	
0.00492572986811406	0.080175583668389963	0.00029998699407356931	-1	
0.019794409382382389	0.074879013242353396	0.00067783829218897597	-1	
0.021310332224600624	0.073922235350959986	0.00073084193713789146	-1	
0.017144168630062621	0.077337376569415736	0.00056310309986533076	-1	
0.019161266096005106	0.076664339517014679	0.00060838238545513599	-1	
0.046891655767873547	0.062463938994042317	0.00028572754961601947	-1	
0.048722161410574241	0.061837050201890058	0.00012060688872945426	-1	
0.062927541444480706	0.04696327082118492	-0.0018806377022403075	-1	
0.063386076358844273	0.04894131897879167	-0.0020425246566587517	-1	
0.06343606374504214	0.050752162933614835	-0.0020611750996483349	-1	
0.061719684844036643	0.052585311837231412	-0.0016710933674928092	-1	
0.064891249999999998	0.044999999999999998	-0.0021054251779507082	-1	
0.061168437500000013	0.054048600405290449	-0.0015157074413668734	-1	
0.059927500000000002	0.055	-0.0012799821329478403	-1	
0.059361360861098625	0.056883420861523357	-0.001121646157977284	-1	
0.056731046638326926	0.058119238342714749	-0.00075390213509901496	-1	
0.055071565668692007	0.060086238653363058	-0.0005188046820369009	-1	
0.056946638700066048	0.059984644544804552	-0.0007174320444078505	-1	
0.050328756961454862	0.062399432534226563	-3.0217391971303772e-005	-1	
0.051664564587034875	0.061514566064415577	-0.00015937282452501244	-1	
0.05264024796909135	0.062813478915817192	-0.00023739883355704971	-1	
0.054209061031525688	0.062391627955532873	-0.0003870045344822262	-1	
0.043214717831059291	0.064336016563299694	0.00055886826077976564	-1	
0.046821744845817498	0.064725754505218849	0.0002581251577719742	-1	
0.045571061540493479	0.066076727206198782	0.00033274356594766019	-1	
0.034987062354361657	0.067137787111833935	0.00095674320411585619	-1	
0.03695022032692831	0.066059428099925294	0.00092288424993770205	-1	
0.03854815971027975	0.066531823392619552	0.00080256596949526465	-1	
0.039993005310720878	0.067361876870602258	0.00067570007292400884	-1	
0.042458328611455071	0.066065541962420649	0.00056104469400751087	-1	
0.035573543034596623	0.069789479254030451	0.00078212771340894019	-1	
0.033645497311201387	0.072405059644086306	0.00071778922469211055	-1	
0.035284455610197572	0.071767477795595419	0.00069801577883055557	-1	
0.032659355959545687	0.073861157221149124	0.00067694940009268862	-1	
0.0307618451506683	0.07461118821089037	0.00067891883431222362	-1	
0.02882529140830413	0.075029851753421709	0.00068537202111523907	-1	
0.026677252466137467	0.073334363166995736	0.00077716667330866851	-1	
0.0253880192751068	0.07446468085012177	0.00072796780043165286	-1	
0.022912698853478113	0.074725893974803489	0.00071004209583446843	-1	
0.080304343703805181	0.0017422333884831221	-0.00014498008333023191	-1	
0.079964708056871003	0.0032919585725091184	-0.00016736998799943758	-1	
0.080865378232051116	-0.0034325578840777153	-7.745835978070847e-005	-1	
0.081145065338777383	-0.0058444143036797368	-4.8335002839804147e-005	-1	
0.081433889789950739	-0.00025886964010414125	-0.00011694785475381825	-1	
0.082093466752268612	-0.0018888589555493445	-9.551388321665421e-005	-1	
0.079820432716312353	0.0050590995838041318	-0.00019400065362921596	-1	
0.079209849227788079	0.0064601176277984873	-0.00021691079282581564	-1	
0.079838570138643317	0.0093150484202051687	-0.00026512550636515728	-1	
0.080942712464206548	0.0074190823711933473	-0.00023004793246526198	-1	
0.079896733789863908	0.011870901248343547	-0.00031381281941190482	-1	
0.081261767752793646	0.009853023100188877	-0.00027135917171440256	-1	
0.076461502572499201	0.024248202226562467	-0.00067240390663285215	-1	
0.075480647610299545	0.025656608236267343	-0.0007325033889014885	-1	
0.07547408340489592	0.02737289517505466	-0.0008100607275985523	-1	
0.081483693947608515	0.019660262274475558	-0.00049088204836155217	-1	
0.07963362094784418	0.023610132480773642	-0.00062894094453048077	-1	
0.081023566213071857	0.021229779773684409	-0.00053935992073872072	-1	
0.080977462773149711	0.014703956174668433	-0.0003700138198269099	-1	
0.081207727018067194	0.016256222514661984	-0.00040491035386657469	-1	
0.081525324804402444	0.017792999680967935	-0.00044072612540645189	-1	
0.072458978412716896	0.034906128383824141	-0.0013017995711604655	-1	
0.073861862939638215	0.034295011631256825	-0.0012426227721303795	-1	
0.074998201624292937	0.032248528734315489	-0.0010868177154979603	-1	
0.075075743257491792	0.030563786416308678	-0.0009822117073769543	-1	
0.076097069021960007	0.029221674995525918	-0.00089939698591735872	-1	
0.068558669150152116	0.043186258562915941	-0.0024041650574727824	-1	
0.07027362877595042	0.041870758913848435	-0.0022021107043881821	-1	
0.067683359375000002	0.044005032987144206	-0.0024614910491117404	-1	
0.067373125000000006	0.044999999999999998	-0.0025994587331748691	-1	
0.071135985721222636	0.038450992768770134	-0.00166549858677447	-1	
0.072721636879155824	0.036620752337122857	-0.0014607543735602529	-1	
0.071702135858423013	0.039776837798634959	-0.0018422537672885607	-1	
0.083668437499999998	-0.01	0	-1	
0.083257336938253351	-0.0084821777170709586	-1.7131713466237732e-005	-1	
0.083085527156181088	-0.0063569252616076152	-4.1441315851455191e-005	-1	
0.0024073114616513036	0.079465826638463188	0.00026097569200021618	-1	
0.0012633385419008613	0.080917431591751854	0.00022239797366365395	-1	
-0.0012040265763602572	0.082801494929706052	0.00015969710000567227	-1	
-0.01	0.083668437499999998	0	-1	
-0.0021415413826306332	0.084147782149539552	0.00013377130900596782	-1	
-0.003689440619303729	0.08454695352441749	0.00010577209760415595	-1	
-0.0052745028703959015	0.084930749051568735	7.7860237573274696e-005	-1	
-0.0070827431705747547	0.082458402380418364	5.4429636505580817e-005	-1	
-0.0070413194935912294	0.08409986274947169	5.0835453911223133e-005	-1	
-0.0084461783803399717	0.08337336275822714	2.7767190585359858e-005	-1	
0.013441403686692438	0.079137192348540025	0.0004641647989018985	-1	
0.011805654332762282	0.079561915805248823	0.00042942953348905203	-1	
0.017005089060683071	0.079459243185015668	0.00050064195539815427	-1	
0.015287371871824188	0.080035838931304712	0.00046621475001177692	-1	
0.0057528211705401618	0.081328728091150243	0.00029789240471299262	-1	
0.0070856972459560708	0.081815825052622915	0.00031225959829100301	-1	
0.0089535918081843236	0.081616918767469682	0.00034504744832457117	-1	
0.010503443758363006	0.080639094334316444	0.00038723851556973001	-1	
0.0035022413380387802	0.080579241491902612	0.00026810571443135764	-1	
0.0043967414636913275	0.081859254614988858	0.00026742826941056227	-1	
0.02110658934462005	0.076245191881764263	0.00063979325293067786	-1	
0.018944171020351584	0.078469477473032692	0.00054849113524567102	-1	
0.021818811129028601	0.078103338111626619	0.00058036491257695095	-1	
0.048036851918952114	0.063342696021340655	0.00017247184740114399	-1	
0.049471270901909593	0.063504344772658386	4.604730123340797e-005	-1	
0.064783018533425413	0.04778797292128116	-0.0023242596100533177	-1	
0.06532014345537894	0.050572989481434905	-0.0025210936973505903	-1	
0.064228331679843334	0.05247093313359933	-0.002177297312593448	-1	
0.0636503125	0.053973858782256502	-0.0019564079140612103	-1	
0.066132187499999995	0.045932338857651696	-0.0024750796535408788	-1	
0.062409375000000003	0.055	-0.001667495348522736	-1	
0.061168437499999999	0.056107365652563142	-0.0014091439075631738	-1	
0.059597610786828591	0.058597367760193197	-0.001069636170074738	-1	
0.061116980499064104	0.057769754519356196	-0.0013021030197177868	-1	
0.058817869845949916	0.060141852160886529	-0.00090967940365794012	-1	
0.056091007426398214	0.061547126800296989	-0.00058220784435497684	-1	
0.057691949411032922	0.062328433677932837	-0.00070615583339156906	-1	
0.0513310104462886	0.063775263593612963	-0.0001134119775739036	-1	
0.052762235381152427	0.064351532973144138	-0.0002283063669817026	-1	
0.054101123363284188	0.065118259901890241	-0.00032531891225597232	-1	
0.056240917943173457	0.063270815450568299	-0.00054580382237324478	-1	
0.048660957077034682	0.064644303062319663	0.00010905337152870988	-1	
0.048061726119607427	0.066263185375679573	0.00014546799472727013	-1	
0.046098895678645023	0.067719749866425885	0.00026712338585363645	-1	
0.043907065170697583	0.067710343421167468	0.00041408179770258775	-1	
0.036749196029564134	0.068019611319534989	0.00082366741719646806	-1	
0.038473642680603201	0.068196459928838035	0.00072529748419706186	-1	
0.041882086667371976	0.068299324816017928	0.00052536168330963588	-1	
0.040571638959039168	0.070215577481616581	0.00053577930981728197	-1	
0.037697868872031345	0.069746674972251746	0.00069511804825238743	-1	
0.037041540120021844	0.071414384091845931	0.00064955638799563272	-1	
0.035003596074203447	0.073470836187757196	0.00063418186708417653	-1	
0.036704345749240523	0.073174588936347082	0.00059335758499454779	-1	
0.032558534069270194	0.075446310051511672	0.00061431136268482074	-1	
0.034143959517090386	0.075542750180966553	0.00057679850170200189	-1	
0.031367821575871556	0.07649753709988398	0.00059483947965324399	-1	
0.027054418635025411	0.075064960958649826	0.00069724652518271437	-1	
0.027995100448167706	0.077833929748022584	0.00058367269940837055	-1	
0.029982699828205159	0.077925984927318379	0.00056122384281745267	-1	
0.024969673914468339	0.076127427807681697	0.00065930666416873067	-1	
0.023026248272342283	0.076769478905210492	0.00063206263558616429	-1	
0.081432898981483218	0.0028016456495050333	-0.000158454962378976	-1	
0.082057324248792696	0.0013852825466518274	-0.00013789171486963743	-1	
0.081163937129537539	0.004330635687855462	-0.00018110674672823895	-1	
0.081922030685818659	-0.004532169802954027	-6.351022144793862e-005	-1	
0.083022213579591192	-0.00056459660639324193	-0.00011092498267884678	-1	
0.08393347525364829	-0.0021915039252800388	-8.9589958211942747e-005	-1	
0.083334603496340295	-0.0039574534945349491	-6.9182746389842811e-005	-1	
0.081135168835489602	0.0058807214975897214	-0.00020477136310254881	-1	
0.083317827941368799	0.0085462077185422709	-0.00024138114424006879	-1	
0.082649711331396911	0.0064147999195812546	-0.00020935184859964827	-1	
0.081823969003931754	0.011703976675159015	-0.00030421547842567455	-1	
0.082396113053958137	0.013587665252248421	-0.00033937597270954837	-1	
0.083518479990522032	0.010770846512855356	-0.00027898537125175269	-1	
0.07738629431853046	0.025938005116651671	-0.00073531403555598322	-1	
0.079221912924365437	0.025461389943385971	-0.00070116782530516713	-1	
0.07712378894380037	0.027846345890496633	-0.0008224006384994684	-1	
0.082991676206137441	0.018949812668438266	-0.00045837848680770716	-1	
0.083601510424899092	0.021531136810015568	-0.00052141796236449185	-1	
0.080767773072169854	0.024833770154039848	-0.00065970323846026194	-1	
0.082162889498488531	0.022403255450347555	-0.00056346037638531853	-1	
0.082515507861047124	0.015388892312547954	-0.00037705887387054433	-1	
0.083183898053334732	0.016934199646456746	-0.00040770299812454381	-1	
0.074439192326774095	0.035712135288491077	-0.0013506017636426111	-1	
0.076108509773918184	0.034717670147137239	-0.0012403813609288474	-1	
0.077500783878903953	0.033419313264389315	-0.0011230983421556505	-1	
0.07773857994582957	0.031530501254435031	-0.0010058246417060488	-1	
0.07858518581730467	0.029495850352812689	-0.00088446363927219686	-1	
0.068303828124999993	0.044357418164399268	-0.0026494899274551497	-1	
0.069871119354068284	0.043748813387273836	-0.0026553228732758738	-1	
0.069029976359206449	0.044390369416359883	-0.0027791043551004496	-1	
0.071009844503108974	0.043644762533614025	-0.0026087074567995804	-1	
0.071716863223226235	0.042311580630982483	-0.0022670320767623361	-1	
0.067993593749999998	0.044999999999999998	-0.0027366387556971602	-1	
0.067683359375000002	0.045877135247239798	-0.0028487547749010854	-1	
0.072980614415828343	0.038447115032017851	-0.0016494816682655021	-1	
0.075779831782863058	0.037118644266594329	-0.0014419620545806932	-1	
0.073591146664453197	0.040313584855414142	-0.0018621648185484911	-1	
0.085538906249999991	-0.01	0	-1	
0.084603671874999994	-0.0076696690140285019	-2.5818019966778552e-005	-1	
0.084899388227461584	-0.0057934688892023259	-4.6526132018200823e-005	-1	
0.00039201388007192297	0.083683510442760123	0.000179553672890467	-1	
0.0018968967561011458	0.082653644415905031	0.00021524019823159152	-1	
-0.00066966030473987503	0.085166124495418633	0.00014994639837595712	-1	
-0.01	0.085538906249999991	0	-1	
-0.0082812226503886349	0.085311668346186892	2.782679783911997e-005	-1	
-0.0025335997472708829	0.085697498275844858	0.000117398081062639	-1	
-0.005035394889957143	0.086494002114439153	7.5178177094285272e-005	-1	
-0.0066997721905169083	0.086022194267908206	5.1280512610493885e-005	-1	
0.01295396711036326	0.080801852790889597	0.00041880060338578094	-1	
0.019019044052437917	0.080286080715679831	0.00049590311170277172	-1	
0.01732066631603317	0.081613329071612298	0.00044713566314193403	-1	
0.015177614343005706	0.081844420773635213	0.00042112984650554818	-1	
0.0059237404214747044	0.082928197852554314	0.00027741940888711074	-1	
0.0082341432464548593	0.083302319448782441	0.00030570266732027102	-1	
0.010373337787014512	0.082323738667819904	0.00035258263880225062	-1	
0.011943499493318943	0.082100433423835925	0.00037789675968507501	-1	
0.0035643019613608514	0.083570215497260736	0.00023209624676050658	-1	
0.020530000002049579	0.079358746697135607	0.00053314118174224798	-1	
0.023139970604187887	0.080396803195942126	0.00051127938545170073	-1	
0.023492988688039906	0.07876228753191436	0.00056382227739607417	-1	
0.050162174207445981	0.064720390010036419	-1.2096989647424081e-005	-1	
0.066328254992222016	0.048726411235910136	-0.0027733379330754557	-1	
0.066947747962511739	0.04702798530472576	-0.002817483706127148	-1	
0.066707210579492429	0.052154819080590581	-0.0028301558942137772	-1	
0.067388913152787749	0.050190455787958756	-0.003143612242741655	-1	
0.066447582271896719	0.053619713140087011	-0.0026068882840050672	-1	
0.064891249999999998	0.055	-0.002101431768430884	-1	
0.062683849182994189	0.056556574909255183	-0.0015959429720663026	-1	
0.061068081639904112	0.059488454128879813	-0.001183061773396561	-1	
0.063850577947710235	0.059040128064382698	-0.0015316928969116347	-1	
0.060525985718686941	0.061822958279249524	-0.00099030089119855284	-1	
0.059262301125305568	0.062935387426714534	-0.00082092523517371147	-1	
0.05716830008966569	0.064731479025961838	-0.00057670174518220283	-1	
0.058679619255906694	0.064374766269189726	-0.00071005330419872262	-1	
0.051542204111943282	0.065316174836082166	-0.00012107885592282556	-1	
0.052331274923947138	0.066656464907381738	-0.0001693936554707633	-1	
0.055726750508478091	0.065654738047544542	-0.0004402167205491709	-1	
0.053921836719751232	0.067432665869979105	-0.00027305396186704125	-1	
0.049315646593623731	0.067449583761421669	4.7998862978442413e-005	-1	
0.050725199409479116	0.066699591541524772	-5.383416258472311e-005	-1	
0.047806320754089505	0.067970412889549178	0.00014866634794037033	-1	
0.045412729124309867	0.069303197939186656	0.00028642638983713512	-1	
0.043628055389141746	0.069482130905371739	0.00038902212970130763	-1	
0.038936350428709868	0.071197084756073142	0.00057961035770946886	-1	
0.040464444643125957	0.07189001124391288	0.00048824809077205973	-1	
0.043203118783117292	0.071224688286994256	0.00037178645271596263	-1	
0.038999602469084758	0.073747657025537872	0.00049009857579248	-1	
0.037191966972187955	0.074700432252355883	0.0005230080340184861	-1	
0.036329025042654874	0.076049989034537052	0.00050330656573128899	-1	
0.033262584909842963	0.076952085253184796	0.00054577660173692026	-1	
0.034869334718073561	0.077377997917748659	0.00049763775172765147	-1	
0.033111542006544183	0.078487602294541797	0.00049769628629233245	-1	
0.031728319103336226	0.079171211059096219	0.00049753029280930408	-1	
0.026215398618278585	0.07745401798932261	0.00060717889616301152	-1	
0.028554919007098244	0.079311794213778722	0.00052932578748818597	-1	
0.026472890999017923	0.079255508822374601	0.00054355644598904989	-1	
0.029554535208110789	0.080535823481705335	0.00048175847827659356	-1	
0.082903918843629854	0.0026043419315616521	-0.00015287466465689441	-1	
0.083502423621689428	0.0012852060256594757	-0.00013393825016657697	-1	
0.083655569751607178	0.0049163253670835676	-0.00018379171745075984	-1	
0.084546790134068392	-2.4311710997624442e-005	-0.00011495051686330586	-1	
0.085122295270205775	-0.0040186725348183728	-6.645114394238807e-005	-1	
0.086213648455307212	-0.00260144359261867	-8.0842030211994279e-005	-1	
0.0850522174900466	0.0091763494239512459	-0.00024379824504143353	-1	
0.085195637476970523	0.0073366167306478606	-0.00021429670234031039	-1	
0.085268379445559234	0.0057262772403978753	-0.00018980702199037603	-1	
0.084195955019294416	0.013726384185813971	-0.00033122797068179126	-1	
0.084879959982980355	0.012014180005776667	-0.0002939321225236722	-1	
0.078750229848929168	0.027298282092049472	-0.00078131502867483723	-1	
0.081103527900853956	0.027166706613273865	-0.00074280277029030234	-1	
0.084289517694467159	0.019995927674509122	-0.00047216738141210644	-1	
0.084569132534198066	0.018410942862438696	-0.00042998342129693071	-1	
0.083907965917175045	0.023185315193375369	-0.00056452806584545779	-1	
0.085537947300023121	0.021762796000674281	-0.00050156458398659023	-1	
0.08239639365195861	0.025195965134178083	-0.00065024860558270646	-1	
0.084196132081243699	0.015489998375013223	-0.00036743671663494107	-1	
0.085208656076308995	0.01693399636639439	-0.00038994033430278177	-1	
0.077601054144416495	0.035320392866154293	-0.0012456673321812382	-1	
0.077202675060420792	0.036879962511716886	-0.0013731811635540108	-1	
0.079520388790608049	0.033923851842173808	-0.001099658127235752	-1	
0.079634635725505373	0.03112597930908792	-0.00094592547231091978	-1	
0.080717863958856273	0.029275741313870087	-0.00083763356681233812	-1	
0.068614062500000003	0.044999999999999998	-0.0028804484500762058	-1	
0.069728458706976221	0.044414448654145858	-0.0028787836435462963	-1	
0.070132054890793563	0.044377570108435849	-0.002883830772544501	-1	
0.069544765625000005	0.04477570584557556	-0.0030055711799920571	-1	
0.069234531250000009	0.044999999999999998	-0.0030269350382021859	-1	
0.071195238287243098	0.044376425268153372	-0.0028042122684641024	-1	
0.072275816093382059	0.043713301410968672	-0.0025144330846128406	-1	
0.073901678984956573	0.042252664251979093	-0.0021139421243063128	-1	
0.068586589214369262	0.045654004194593506	-0.0030581664333205229	-1	
0.068275759271820932	0.046708664200905033	-0.0031948234374369736	-1	
0.074889426769908257	0.038855821406923258	-0.0016388044403894157	-1	
0.076592060009001248	0.038631739721964729	-0.0015423258273723293	-1	
0.075781417882115398	0.040957230294888423	-0.001813759616354236	-1	
0.087409374999999997	-0.01	0	-1	
0.087112787310203055	-0.0077668573527646233	-2.3452941369512864e-005	-1	
0.086781570637530253	-0.0055385876526645519	-4.7515344547677391e-005	-1	
0.0017412180066046854	0.084911789945709124	0.00018907154335056649	-1	
0.0011737090888649521	0.086740611578251803	0.00016349490518717435	-1	
-0.0011842014074959432	0.087088811490243362	0.00012781763545621858	-1	
-0.01	0.087409374999999997	0	-1	
-0.0080870258148664203	0.08801084427071118	2.6806714071980288e-005	-1	
-0.0036601057626316834	0.087274714981723664	9.1746359190801897e-005	-1	
-0.0061144356277819311	0.087650117961142138	5.5393972011577831e-005	-1	
0.013561733193063958	0.082398218847199875	0.00039102510311234113	-1	
0.019439646064789821	0.082008297371859259	0.00045214986440821032	-1	
0.020658482594923831	0.080960749174278521	0.00048657824715214081	-1	
0.016458827877237528	0.08367343333351808	0.00039112209105919874	-1	
0.018550855768683667	0.084454595522771694	0.00038700734245966656	-1	
0.013962857468942191	0.084058599379584611	0.00036057471816254246	-1	
0.0068976113099623974	0.084235072527049898	0.00027258333117705113	-1	
0.0052762177809745521	0.084400689393455602	0.0002475782416879904	-1	
0.0096819204695502269	0.08427923979092497	0.00030871742480012695	-1	
0.0074586128446291443	0.085745857425719066	0.00025797410730992674	-1	
0.011296530765961162	0.083613307487061125	0.00034047418373572131	-1	
0.0038191332644057054	0.085224598133647328	0.0002163606206768191	-1	
0.024169579546904938	0.081635250150198249	0.00047497730467051746	-1	
0.024793959373064358	0.080150664259751245	0.00051867484862163401	-1	
0.022087466322491967	0.081696225360017541	0.00047116133695084542	-1	
0.068656952210665229	0.048455319666537974	-0.0035617344221472204	-1	
0.06819077155812267	0.052043606283041798	-0.0033379173229401882	-1	
0.067399090474381099	0.05347187020894581	-0.0028842262415319899	-1	
0.069101911600498084	0.051259464664336667	-0.0037705445654599361	-1	
0.070000000000000007	0.050000000000000003	-0.0042352480966168513	-1	
0.067373125000000006	0.055	-0.0025994214025220354	-1	
0.064165851712269545	0.057106056509014944	-0.0017618834633429123	-1	
0.06628825118185154	0.056429966879953414	-0.0021608917823895185	-1	
0.062491942912294436	0.06045226869776265	-0.0012680234647558654	-1	
0.065771035828352517	0.058650420665709017	-0.0017864112938502737	-1	
0.065176939174583684	0.060649555313932131	-0.0014991933664975146	-1	
0.061707777809110319	0.063093023695899655	-0.0010136061683724076	-1	
0.060231204122018663	0.064312204169291259	-0.00083153893582290847	-1	
0.058155441648751791	0.066140245916378293	-0.00060142674857550872	-1	
0.059873396491661082	0.066228017021721319	-0.00071545875573622911	-1	
0.052526858562429488	0.06852189068662802	-0.0001651608957580828	-1	
0.050663781592876253	0.068305071630641409	-4.3849132622719494e-005	-1	
0.055690440425261167	0.067366215185520023	-0.00039570026619285641	-1	
0.053845568881932461	0.069855708286884893	-0.0002316622770215854	-1	
0.05556862979564943	0.06939796648063	-0.00034346047817309522	-1	
0.048122499200377943	0.069653760890540567	0.00011515165033032594	-1	
0.04659439738714119	0.070427410779522429	0.00019981854953970613	-1	
0.044686774437671925	0.072140008262343874	0.00027662825783056984	-1	
0.041327913381902386	0.073328635858896818	0.00040912297833864056	-1	
0.043305564457475139	0.073203635898864639	0.00032283553070369155	-1	
0.038400094478185674	0.075752287856195685	0.00045128106740923091	-1	
0.040477524830476945	0.075281607076461643	0.00039267727884701467	-1	
0.037205474366602619	0.077470088015520688	0.00043757085564592556	-1	
0.036037633909850326	0.078662142209260127	0.00043306182853198135	-1	
0.034423097685960455	0.079300281962507949	0.00044899681961136213	-1	
0.033026286486084785	0.080267591002388616	0.0004460490096080482	-1	
0.030619177382056509	0.0818007866437932	0.00043445907904524517	-1	
0.027916071515426914	0.080757254030049297	0.00048853199203382851	-1	
0.025773436262793561	0.081781841651753243	0.00046773393534560003	-1	
0.028719587994660789	0.08196286864943314	0.00044744740703051375	-1	
0.084256820697901219	0.0032146572309384503	-0.00015802198526357664	-1	
0.084906766631966127	0.0016403795284542359	-0.00013530073736088495	-1	
0.086306897268116731	0.00046634552289438036	-0.00011685274492173738	-1	
0.086948620623688855	-0.0010884721195943562	-9.6870355787896865e-005	-1	
0.08798362208233719	-0.0027991674295951997	-7.5286041609554368e-005	-1	
0.086609943468660605	0.01016562969314177	-0.00025077599813340493	-1	
0.087967181962209484	0.0088604661150787842	-0.00022167403212937714	-1	
0.086697055122968006	0.0064728497262512867	-0.00019404395049647162	-1	
0.086516599689646798	0.0047062620983030438	-0.00017052815693265215	-1	
0.086159364057678989	0.01530412853228791	-0.00034665563354916118	-1	
0.086210686993471536	0.01329037417910353	-0.00030764138217862825	-1	
0.086937530736994451	0.011795365589537404	-0.00027559806160903433	-1	
0.082437290418762715	0.028500381271063219	-0.00077034956587593089	-1	
0.083701043714029227	0.026832279412490619	-0.0006843432519702266	-1	
0.086192654768456056	0.019975703991140875	-0.00044793277121062651	-1	
0.086174863236160928	0.018301442972641843	-0.00040934072598387779	-1	
0.084233141281013071	0.025069770056584718	-0.00061671626301398452	-1	
0.085672668284945547	0.023922020495314857	-0.0005576769279754801	-1	
0.087931754865105211	0.020787923714424575	-0.00044159027038143356	-1	
0.087821160005988469	0.022704154076931417	-0.0004883093964897484	-1	
0.087884560284885213	0.016068335834090831	-0.00034371147385474344	-1	
0.078612305104829583	0.036572724638884301	-0.0012960345159300146	-1	
0.078161058339899434	0.037958365711924666	-0.0014130408080543027	-1	
0.081208446173894805	0.034882172522230144	-0.0010954674260192066	-1	
0.081424594387652732	0.031870770227207273	-0.00093846566805309232	-1	
0.082289468910147878	0.033269936156557788	-0.00097776344551386732	-1	
0.08302759555155477	0.030515085578797722	-0.00083745260147785898	-1	
0.069225840888225407	0.045513172502700788	-0.0032092626500520149	-1	
0.069927500000000004	0.044767481896769018	-0.003061159012050747	-1	
0.070185356897539616	0.044814643102460389	-0.003081843227044126	-1	
0.070622429891564142	0.04486794510920647	-0.0030470517657613235	-1	
0.069855	0.044999999999999998	-0.003185986844410901	-1	
0.069694981896769037	0.045305018103230982	-0.003292449099915684	-1	
0.071248882227443563	0.045129302110664106	-0.0030205619112078147	-1	
0.072130296354916412	0.044688150099940857	-0.0027540893864934335	-1	
0.07376629738343897	0.044434077297321656	-0.0024525144761662109	-1	
0.075525583055346318	0.043448353562419072	-0.0021108983289367831	-1	
0.069130923237678249	0.04601756538481807	-0.0033371840921454427	-1	
0.069260241302686265	0.046965625000000004	-0.0036171167859934757	-1	
0.078120319853251088	0.039415062386549134	-0.0015254929794928321	-1	
0.077507452191930365	0.04157269176573708	-0.0017444269407283623	-1	
0.089279843750000018	-0.01	0	-1	
0.088621845569403265	-0.0084704915032297115	-1.5386855448390332e-005	-1	
0.088600531275064981	-0.0060752580397896386	-3.9681344610698716e-005	-1	
0.089088534317611587	-0.0042426408032170447	-5.7886054267178358e-005	-1	
0.0030885342496086289	0.086730634647204194	0.00018942291052967416	-1	
0.00043058143037937919	0.088252406872236996	0.00014063432704400578	-1	
0.002107540292304786	0.08841232154677274	0.00016016244333834131	-1	
-0.002665792392335488	0.088634042394671125	9.7997569535855221e-005	-1	
-0.001040084488951658	0.089073933184317278	0.00011579278534067497	-1	
-0.01	0.089279843750000018	0	-1	
-0.007197526420846115	0.089808071675530843	3.5263710896783834e-005	-1	
-0.00529263304384697	0.089145414626245076	6.1448739932822911e-005	-1	
-0.0037666115192541089	0.08990865109688144	7.7569192917598389e-005	-1	
0.020429182739684072	0.08360787460406835	0.00041599150690344174	-1	
0.015322500800069749	0.085130110091429512	0.00035078190370472627	-1	
0.016540420259899991	0.086360328520345642	0.00033398160187269758	-1	
0.020334237710881668	0.085486388802648777	0.00037100702742719091	-1	
0.018573577794951439	0.086514821780656892	0.00034192664910869891	-1	
0.013151807334495579	0.08645033908982537	0.00030699224685242085	-1	
0.011210385172183526	0.085694787166837122	0.00030172613464452246	-1	
0.0063524933016044175	0.086917904049571545	0.0002284250608964184	-1	
0.0047334737389075456	0.086598387335655613	0.00021225162999513142	-1	
0.0090616150474610389	0.085911922682956485	0.00027472703375528551	-1	
0.0080935806605804805	0.087436410061144193	0.00024125489451653917	-1	
0.024089641025446178	0.083456804104783872	0.00042532817429908433	-1	
0.02215248152095067	0.084361579760775934	0.00040172843172980941	-1	
0.070000000000000007	0.047572499999999997	-0.0040658413954584114	-1	
0.068332999797076244	0.053237266780440259	-0.0032219691488151458	-1	
0.069176991641674068	0.052730937499999998	-0.0036390636444446393	-1	
0.067993593749999998	0.054229360305885613	-0.0029109338480694815	-1	
0.070000000000000007	0.052427500000000002	-0.0040687250210300462	-1	
0.07091234240002213	0.051213750000000002	-0.003805645490462388	-1	
0.072191385622617135	0.050110121837242561	-0.0034013374793013446	-1	
0.071394549019353035	0.048620491643336677	-0.0036143528139673418	-1	
0.067993593749999998	0.055869999734195243	-0.0025409500680060077	-1	
0.068614062500000003	0.055	-0.0028766335644932516	-1	
0.067458591298359641	0.057117422533870442	-0.0022103562633955056	-1	
0.063378583532209626	0.062626004485142175	-0.0011785322962461655	-1	
0.067148552873110265	0.059603711061275912	-0.0017863045187430414	-1	
0.06571561538154029	0.062403426414721436	-0.0013665087358039989	-1	
0.067165279899022767	0.061278833741404852	-0.0015728942333609836	-1	
0.062731256563607937	0.064493805601354592	-0.0010007815633283797	-1	
0.06182222100227866	0.066249188056047084	-0.00084025281208678388	-1	
0.058401935231709015	0.067842689314194946	-0.00055952312467576182	-1	
0.060935148373646927	0.067862351175735663	-0.00070891289564058721	-1	
0.051370043647090989	0.071052122976938234	-7.7147013881036808e-005	-1	
0.049562187879495644	0.071031071219240086	2.4488322256590817e-005	-1	
0.057297859561807947	0.069189760966169328	-0.0004509968576603871	-1	
0.054867581889534736	0.07103717308960425	-0.00027269382934049083	-1	
0.053121215669608361	0.071501769727712994	-0.00017177189035353225	-1	
0.056427846931557578	0.070960084397733075	-0.00035808244715923717	-1	
0.047935081240923244	0.07135626017418592	0.00011475779893581604	-1	
0.046427728827920782	0.072049882962681833	0.00018852684334390136	-1	
0.045663389950587774	0.074145224180523273	0.00020058212054073105	-1	
0.042316349283486793	0.074920663011717931	0.00033072769156817621	-1	
0.044034451266002451	0.075668781695174242	0.00024844024200648115	-1	
0.039304630301161152	0.077655625661360667	0.00037340688712198818	-1	
0.041685687563771202	0.076572170433133316	0.00032093624639448063	-1	
0.037728739236214164	0.079054713652530764	0.00038267662715816636	-1	
0.036022245336014606	0.080125358167178376	0.00039510215370593555	-1	
0.034501879197248363	0.081109846579689157	0.00039903286301456558	-1	
0.032742579681349804	0.082478344954898794	0.0003907676635378091	-1	
0.029547055865830528	0.083152171918180959	0.00040871740078573843	-1	
0.031190437675820165	0.083676560068296851	0.0003801250632290002	-1	
0.027290600852845119	0.082201910677950976	0.00044975179972067252	-1	
0.025962397181700934	0.084149321195804636	0.00040371730739032359	-1	
0.027896867675444182	0.083654731010921524	0.00040756943269086441	-1	
0.086149079777901511	0.0028054709622836148	-0.00014656657472660232	-1	
0.087776326433034471	0.0015523932077533787	-0.00012537938421302707	-1	
0.088629886562121479	-0.0011395760406504487	-9.1789698460689945e-005	-1	
0.089746835984700291	-0.0025482130699918861	-7.3785188525716671e-005	-1	
0.088707453972621628	0.010591808266264813	-0.00024226300588343753	-1	
0.088342107227263517	0.0070152075046132408	-0.00019272460949327838	-1	
0.089425792791345701	0.0087452831098203988	-0.00020969204870904579	-1	
0.08803955320756153	0.0053782962654922405	-0.00017249633824365087	-1	
0.087913806881748172	0.0036015966290274511	-0.00015005298318693797	-1	
0.087848481500213169	0.014463178422101621	-0.00031435056343503455	-1	
0.088185593679526775	0.012893405389295365	-0.00028362982841038183	-1	
0.084292687296965013	0.028839664296522877	-0.00074194823242031301	-1	
0.085253086160297559	0.027465721537750776	-0.00067304536937099022	-1	
0.085510544111213213	0.025941054416641181	-0.00061957848873583367	-1	
0.087747035061788631	0.018877413672755382	-0.00040211145333920865	-1	
0.08704326503388056	0.025048102604690793	-0.00056307564092399314	-1	
0.08922229022818122	0.019698961915955895	-0.00039800871453726268	-1	
0.09013950505172548	0.021876650244492205	-0.00042777403219901972	-1	
0.088715845208962654	0.024999364165623296	-0.00052658112936400554	-1	
0.09013955599395268	0.024120189849447363	-0.00047586383881208162	-1	
0.08945100249054487	0.017552930173817601	-0.00035271982792615627	-1	
0.089742383686411034	0.015676786302581187	-0.00031512545601217158	-1	
0.079450323351594521	0.038637645150576577	-0.0013949588090584103	-1	
0.08132262920331805	0.036851427539422422	-0.0011967131298608103	-1	
0.083138849956981578	0.034678561399408482	-0.0010119089538544006	-1	
0.08393332755787504	0.033211609629066871	-0.0009208754055049131	-1	
0.084872871065643327	0.030593093434828602	-0.00078953528416231679	-1	
0.070000000000000007	0.045751875000000004	-0.0036144499769302806	-1	
0.070000000000000007	0.044999999999999998	-0.0032222719242151459	-1	
0.070232518103230973	0.045072500000000001	-0.0032154512297254611	-1	
0.07058490343635633	0.045270306281971366	-0.0032186853328601407	-1	
0.070000000000000007	0.045144999999999998	-0.0033348914488798872	-1	
0.071766676789079567	0.046206887829214983	-0.0031569291331793757	-1	
0.070597671652236141	0.045956429890793543	-0.0034498843087655	-1	
0.073763027161677458	0.04644451811137764	-0.002740387476189556	-1	
0.075219890992192437	0.045441664807421595	-0.0023679131876445493	-1	
0.07769034902095269	0.043396022786339541	-0.001881141885489877	-1	
0.07698855113285083	0.045444541744081593	-0.0021165788849042623	-1	
0.070000000000000007	0.046358750000000004	-0.0038084961058412652	-1	
0.079360664325090841	0.040175581470246344	-0.0015040493233540076	-1	
0.07933902578808516	0.041630358243228145	-0.0016067115617655792	-1	
0.091150312499999997	-0.01	0	-1	
0.090166386557528927	-0.007848598438980765	-2.0616708120184801e-005	-1	
0.090406076103236324	-0.0054950505090030962	-4.3017817857999374e-005	-1	
0.09153850167795069	-0.0026957540360337895	-6.7718472201594521e-005	-1	
0.092009808081369424	-0.0045151196112272404	-4.9313595164259022e-005	-1	
0.0040239115846277375	0.08806889609284195	0.00018661273728774643	-1	
0.0005419073160744972	0.090178827276088308	0.0001264336699419092	-1	
0.0024659248365989919	0.090325951733318227	0.00014644357091375587	-1	
-0.0010488503119556467	0.090771482285833816	0.00010448238371770868	-1	
-0.01	0.091150312499999997	0	-1	
-0.0054663193237878167	0.090842796339293291	5.3421639588607041e-005	-1	
-0.0076809593498088254	0.091766138514506948	2.6033536532743425e-005	-1	
-0.0038602602305153623	0.09193009029385682	6.7072168819523327e-005	-1	
-0.0020208670587813686	0.092163219773869154	8.5526986403704832e-005	-1	
0.01485652634428347	0.086797333231873747	0.00031427573539313135	-1	
0.01693384367063579	0.087828036573853657	0.00030739918769604748	-1	
0.022078046278635341	0.086498321515933688	0.00035178081234706602	-1	
0.020158624799793669	0.087797484527546654	0.00032073615252397036	-1	
0.018321678845848826	0.088446795361176	0.00030190697825027035	-1	
0.012003709361348531	0.087772622539167594	0.00027407749841861976	-1	
0.01385087340759613	0.08821688739000938	0.00028113699126813336	-1	
0.010295876733269422	0.087385491823753339	0.00026447651402322186	-1	
0.0060670138774283587	0.088339835251606449	0.00020715370245994767	-1	
0.0080763039305906999	0.089242193507473699	0.00021612462938296268	-1	
0.024087960813119765	0.086339829556340869	0.00035537710475822589	-1	
0.070842761157350248	0.046965625000000004	-0.003613431384263315	-1	
0.069357274889604928	0.053589375048570725	-0.0035285366702970809	-1	
0.068975637740181922	0.054109124665500309	-0.0032460404260419586	-1	
0.070000000000000007	0.053034375000000002	-0.0039511927658738635	-1	
0.070973168440677914	0.052730937499999998	-0.0036124485645177219	-1	
0.072718282297529357	0.051901160544221711	-0.0031613472818821926	-1	
0.073658605925938481	0.050651509566610665	-0.0029740238896595497	-1	
0.073539582955189836	0.049092128399473231	-0.0029968343098769838	-1	
0.072042734558379548	0.047484939333869249	-0.0032897228263758242	-1	
0.068780403527493039	0.056809033663571748	-0.0024252687780301511	-1	
0.069029976359206449	0.055609630583640116	-0.0027803931617152167	-1	
0.069234531250000009	0.055	-0.0030274252622486662	-1	
0.068506758872372092	0.058623102958898915	-0.0020339021787608201	-1	
0.065162015561905803	0.0641526442781752	-0.0011794836869621229	-1	
0.069833629297204922	0.059962633409271146	-0.0018728757603028703	-1	
0.0679122010407988	0.063738304703007051	-0.0013490901603142537	-1	
0.068812957202064429	0.062121600060419092	-0.001551590667662204	-1	
0.064019819766958197	0.065992911363125642	-0.00098174536428918477	-1	
0.062770423315497523	0.068007123365766364	-0.0008000415742844062	-1	
0.060212917948210147	0.06961410033702968	-0.00059842083636489293	-1	
0.058578921497506042	0.070369788693524032	-0.00048671457698339988	-1	
0.061996137769252509	0.069366842651817695	-0.000697380390024153	-1	
0.051866869658834309	0.072790498531007358	-9.5735507588942033e-005	-1	
0.048970636948193064	0.072652735490898915	5.3020994105841716e-005	-1	
0.054837346547715396	0.072599048722258155	-0.00024621774471363399	-1	
0.053389825573998538	0.073279986408111869	-0.00016662001943213751	-1	
0.058378519388054301	0.072041956744243074	-0.00042983151409101828	-1	
0.057066143165700689	0.073097407191359889	-0.00034368609988924916	-1	
0.047562242047265266	0.073650809294452696	0.00011746911000607328	-1	
0.045951725841771082	0.076086086818238849	0.00016651794092928003	-1	
0.047889243607290209	0.075617242605595617	8.9788109126015449e-005	-1	
0.043688373714250481	0.077285882576322962	0.00023682302284802129	-1	
0.039529394524583698	0.079495855779457919	0.00032660548578599297	-1	
0.042324197387025177	0.078220659490820049	0.00026821745874405024	-1	
0.03741854483893866	0.080563062914519978	0.00035452852998020957	-1	
0.036253669556674091	0.081570238985032739	0.00035551405962096363	-1	
0.034574464037832327	0.082629335776933127	0.0003608703722549884	-1	
0.032738641703796062	0.085199696952842602	0.00032808675118468407	-1	
0.034639501488461677	0.08414916672465042	0.00032609622285045928	-1	
0.02913454568094085	0.084758199803922574	0.00037219599394335939	-1	
0.030594364232898651	0.085544596661607797	0.00034252005505614657	-1	
0.027109681606049763	0.085783498050307397	0.00036021473850944709	-1	
0.08933619906009288	0.00056568558290842098	-0.00010858579647915877	-1	
0.089654324023162466	0.0023838140320134914	-0.00012779739952753957	-1	
0.090485771710560894	-0.00090936948804824465	-8.8722668917683528e-005	-1	
0.0901842229376352	0.0099965210523289775	-0.00022134184762745364	-1	
0.090634238197276243	0.011523838867714173	-0.00023918232956280953	-1	
0.089969311446659525	0.0072003961041340707	-0.00018509000092716414	-1	
0.090877567046562066	0.0085631727381641296	-0.00019612652690305309	-1	
0.089452672798344859	0.004498460848074406	-0.00015381765433675451	-1	
0.089397922887250555	0.014042389420221837	-0.00029076999050490202	-1	
0.086554049093697238	0.029064114806713257	-0.00069206235726487731	-1	
0.086793405134501012	0.02680428209321974	-0.0006176593291557259	-1	
0.090903037522706551	0.019536456981201225	-0.00036824905335359776	-1	
0.091940653992950511	0.021169654161667713	-0.00038035986968136645	-1	
0.092221727520682514	0.024146562310387212	-0.00043123961497951028	-1	
0.08973449731595555	0.026326860968798094	-0.00053617112696488002	-1	
0.091324130322900696	0.026025512294807939	-0.00049081661108444535	-1	
0.091085664573286387	0.01787952296440587	-0.00033531199098946993	-1	
0.091048436973513003	0.014298728379947867	-0.00027662161099452234	-1	
0.092475571166726334	0.016959228100175243	-0.00029975960296023906	-1	
0.080797321467883668	0.039385229887650912	-0.0013663714935457513	-1	
0.082427174297338326	0.038401776311957556	-0.0012224747684480778	-1	
0.084067818726455232	0.036064259483470244	-0.0010353876973964212	-1	
0.084805274166431202	0.034599996082696635	-0.00094441957591604895	-1	
0.086346801966793341	0.031706042062184088	-0.00078390218943370478	-1	
0.086473949500587774	0.033988437457520559	-0.00085829305486081922	-1	
0.070222174863794368	0.045448437499999994	-0.0033988455089294057	-1	
0.074543235712419414	0.047843597451978435	-0.0027005927259787198	-1	
0.076100924462995018	0.047469760401544665	-0.0023843020486863575	-1	
0.079767538575483882	0.044007769262029671	-0.0017124879853162437	-1	
0.078297618346581208	0.04676936678740453	-0.0020234645687864667	-1	
0.080635684865023288	0.040876414052423794	-0.0014635393406389548	-1	
0.081740678632791358	0.041890684912622066	-0.0014373265595794299	-1	
0.09302078124999999	-0.01	0	-1	
0.092085546874999993	-0.0085698906982150935	-1.2703573251183283e-005	-1	
0.092355116239324242	-0.0068825234266789957	-2.7498076091510812e-005	-1	
0.093105894041398615	-0.0013382963694647198	-7.5498031856598591e-005	-1	
0.093536926499902986	-0.0034196150891562236	-5.5479819841964393e-005	-1	
0.09460926029042728	-0.0060239406913764866	-3.1399504447338226e-005	-1	
0.0050306151045985629	0.089354361953386779	0.00018390415874292568	-1	
0.0013974221502163048	0.091645061964081981	0.00012403526357358618	-1	
-0.00024094742631871688	0.092371044020458648	0.000102110290253107	-1	
0.004154989644317343	0.090913768372143544	0.00015813410876789686	-1	
0.0040469632093369755	0.092698929041354586	0.00013952467619515697	-1	
-0.01	0.09302078124999999	0	-1	
-0.0055071375746428564	0.092781859985775969	4.6848910624485691e-005	-1	
-0.0064748755861182596	0.094100636814203539	3.3622348497519123e-005	-1	
-0.008104223275742924	0.093956015625	1.8302581760636889e-005	-1	
-0.0028993693601737703	0.093515777945939224	6.9669863894105313e-005	-1	
-0.0012916269836150641	0.093643622981050695	8.3943963117051246e-005	-1	
0.015688572037597066	0.088698810637773948	0.0002844006251029364	-1	
0.017766610697587979	0.09006844538286328	0.0002696012027307847	-1	
0.022937694133219874	0.08832202151957888	0.00031354696548111671	-1	
0.021472440093212558	0.089706906617855839	0.00028510250039207708	-1	
0.019479748313861612	0.090013591488194239	0.00027583549960270978	-1	
0.012612587900701277	0.089303228861070061	0.0002538953342625519	-1	
0.010969513494541316	0.089185775533513104	0.00024310584510524349	-1	
0.014256466124830532	0.090415029853224069	0.00024679975665661586	-1	
0.0065682823824192707	0.089700760205765395	0.00019555346933616949	-1	
0.010214327676883093	0.090784488465107463	0.00021367293545030544	-1	
0.0084523115141903488	0.091263852625312239	0.00019293667820530146	-1	
0.026619636695073976	0.087719124958410472	0.00031920235593605725	-1	
0.025116318428518539	0.089033213894360655	0.00029650168535074866	-1	
0.069481929508011034	0.054222026456715991	-0.0033911437090082129	-1	
0.070000000000000007	0.053641250000000001	-0.0038036761614792759	-1	
0.070628503613566679	0.053337812499999998	-0.003620720871174014	-1	
0.07177400446780019	0.053587070254140244	-0.0031932991398289862	-1	
0.074481033679448486	0.052248968642020291	-0.0027134974025824071	-1	
0.07606181424325846	0.051451221028031832	-0.0024432075271797809	-1	
0.076099676172956543	0.049680956945804787	-0.0024541884087932262	-1	
0.069871119354068326	0.056251186612726149	-0.0026552982524780341	-1	
0.070273628775950586	0.058129241086151501	-0.0022016954798001554	-1	
0.069544765625000005	0.055224294154424439	-0.0030051354762538644	-1	
0.069728458706976221	0.055585551345854141	-0.0028786938709149733	-1	
0.069694981896769037	0.054694981896769017	-0.0032864116144295159	-1	
0.069855	0.055	-0.0031833090669878493	-1	
0.066315784290951224	0.065877904741761861	-0.0011011279624072352	-1	
0.071704714530371028	0.060194941398798447	-0.001849012313166119	-1	
0.071443685080112368	0.061815309190879367	-0.001636114249060124	-1	
0.070396649064889433	0.063079209399891784	-0.0014821044178961068	-1	
0.069649997553054829	0.064657574275598942	-0.0013133796345474679	-1	
0.068391260373856663	0.065867658931602499	-0.0011776861050431201	-1	
0.065709834209746326	0.067347549824529826	-0.000973311079520483	-1	
0.064329784612534427	0.068136533524901094	-0.0008674953387032585	-1	
0.063500150059261198	0.069391266972268217	-0.00076507179300181198	-1	
0.061226359642779338	0.070790928022124236	-0.00060277214294653851	-1	
0.059782139883143737	0.071362081902067595	-0.00051541092116080389	-1	
0.062836033773742139	0.070740933255182256	-0.00067432544977466253	-1	
0.051144346342609073	0.074372801758703089	-5.3973715121045198e-005	-1	
0.049405592255420946	0.074323226854245056	2.813420587190487e-005	-1	
0.0558532368496059	0.074468491116829974	-0.00026347258254053529	-1	
0.054042946933411731	0.074740269117467936	-0.00018169637713987029	-1	
0.059404329923524034	0.073377628762605937	-0.00043856794203586062	-1	
0.056883660249786056	0.075981514738147973	-0.000279151080892903	-1	
0.058555185249858741	0.075574124782779417	-0.00035073223295928563	-1	
0.047292056494294687	0.077519125235913117	0.0001023039359785984	-1	
0.044886605319864256	0.078425630772613192	0.0001802980078789632	-1	
0.048991792751135181	0.077008139757552108	3.9151836233406846e-005	-1	
0.050173107307361464	0.075815860379576383	-7.6049381650969015e-006	-1	
0.040760224671860773	0.080882226217774064	0.00026758695404007328	-1	
0.038562999822674811	0.081593383665764935	0.00030744029489701731	-1	
0.042962227936817865	0.080385864052802236	0.00021533770046717993	-1	
0.035985736635923346	0.083197161131686737	0.00032506742487586399	-1	
0.037383377861193556	0.084071954093890067	0.00028276347311505278	-1	
0.034449482819488855	0.086050341903496169	0.0002900986832842873	-1	
0.032196130821190931	0.086775347789864329	0.0003013753392346285	-1	
0.036043491561547972	0.085249576316478629	0.00028284283909085995	-1	
0.028603410089776543	0.087492324031128027	0.0003144949124703828	-1	
0.03048718838919413	0.087571881419766018	0.00030031894826235128	-1	
0.091418513432207804	0.00071152459293246566	-0.00010198964934450223	-1	
0.091642436028266647	0.0031320152270857991	-0.00012650135197602095	-1	
0.092386683260537297	0.010177535091913001	-0.00020404058352703778	-1	
0.092861806296339722	0.012609694798831467	-0.00023113550297600532	-1	
0.090937267162178606	0.0056149516959742981	-0.00015892052550680211	-1	
0.092608751233315315	0.0064253301498508409	-0.00015697341858805111	-1	
0.092759048215087014	0.0083168990570760149	-0.00017798542442198012	-1	
0.08846210341920413	0.030542885377043128	-0.00068205672038850981	-1	
0.088517823710436302	0.02812952072206364	-0.00061288013761925508	-1	
0.09276291336121302	0.018902920679612304	-0.00032655922481236905	-1	
0.093841664721254117	0.021530402246180757	-0.0003501457781862709	-1	
0.093995701293941802	0.024603635519074157	-0.00039915760849130105	-1	
0.092940313478669351	0.026100984985860599	-0.00045261051667771048	-1	
0.090430989895060876	0.028108862567171614	-0.00056110172017549741	-1	
0.091998683495189415	0.027496131938985292	-0.00050540940805817	-1	
0.092970777640859051	0.014231513513205601	-0.00025223162843776456	-1	
0.094026156232270133	0.017723085867746659	-0.00028743514225498703	-1	
0.094433170335633504	0.014941146025489844	-0.00024270901360091333	-1	
0.082191319713341524	0.040290684408301358	-0.0013299542924646119	-1	
0.084106157117428304	0.037835690238635214	-0.0011096355407010027	-1	
0.084308838868483699	0.039595905242649179	-0.0011706109414840868	-1	
0.085630155738775582	0.036016851129764584	-0.00096475920066431604	-1	
0.088090608110571136	0.032372296939258076	-0.00074751203856275616	-1	
0.087058691945844119	0.035382478370922142	-0.00088180472591410522	-1	
0.088689995927708695	0.0345493594385907	-0.00079021213483716096	-1	
0.077846341951639739	0.048576344369127132	-0.0021473865661879627	-1	
0.080072845372537227	0.045942272669448524	-0.0017777365280090267	-1	
0.081320454492073313	0.044754029023939414	-0.0016046961202619255	-1	
0.079792324010759419	0.047880525346275869	-0.0018724657334047135	-1	
0.083162538374851713	0.042802279658495521	-0.0013727065365646608	-1	
0.094891249999999996	-0.01	0	-1	
0.094042094982244903	-0.0081004679679956542	-1.5386574036804132e-005	-1	
0.094095515672426799	3.4319529808512703e-006	-8.3807973869908143e-005	-1	
0.094712886231944363	-0.0019697246344626655	-6.4337986523297044e-005	-1	
0.095662394776962659	-0.0034117922740866118	-4.968666536309057e-005	-1	
0.096023634904722335	-0.0050758019482818875	-3.6010668791502372e-005	-1	
0.096120192398925414	-0.0079965578550373825	-1.4388854141514626e-005	-1	
0.0066262923590288889	0.091275894247409256	0.00017742926934831164	-1	
0.0012679912505850874	0.09333769229405163	0.00010920443628666173	-1	
0.0057147784822231288	0.09267283066757194	0.00015411233495794292	-1	
0.0050408808391255245	0.094198658598963259	0.00013309155808498402	-1	
0.0029076301527452882	0.094849717633954486	0.00011078053318856455	-1	
-0.01	0.094891249999999996	0	-1	
-0.0037786257939306212	0.094867846001209552	5.5492112277129302e-005	-1	
-0.005341832678456386	0.095240117088596157	4.0637062268116232e-005	-1	
-0.0068862873774475815	0.095683807531469073	2.6343301430188225e-005	-1	
-0.0085803282587309931	0.095826484375000021	1.1898122739005276e-005	-1	
-0.0010365692814346128	0.09527406166791394	7.6452748781216236e-005	-1	
0.00096263720627117388	0.095313842078137756	9.2316448004193857e-005	-1	
0.016388241417069627	0.091087242501319832	0.00024635644153206106	-1	
0.018675499818013148	0.091675029942225428	0.00024442492189378167	-1	
0.023286303663229549	0.090587119709415215	0.00026897910597287737	-1	
0.02150671581629484	0.091945303890121122	0.00024446312120856184	-1	
0.013297556457829414	0.091814053591132261	0.00021936578616236547	-1	
0.011602705698023276	0.091879292158585868	0.00020794165518053659	-1	
0.014675204948666844	0.092803427031442939	0.00021135640752126248	-1	
0.0097944845029993462	0.092502021686382177	0.00018731011021890043	-1	
0.0083404823418160995	0.093744331498867628	0.00016193736830219957	-1	
0.027810031174208216	0.089342024521673655	0.00028187839323058519	-1	
0.025850941911276057	0.0907986534479161	0.00026108299155111264	-1	
0.070000000000000007	0.054248125000000001	-0.0036119948688458558	-1	
0.070597671652236127	0.054043570109206449	-0.0034435746033539562	-1	
0.072429353328978416	0.055333158291455284	-0.0027049078808167168	-1	
0.071248882227443591	0.054870697889335969	-0.0030212515275754507	-1	
0.074871446058699234	0.054002776237362451	-0.0024790504051915036	-1	
0.07748859859666718	0.052499817640372232	-0.0021655880351139078	-1	
0.077826269930382524	0.050477867197309345	-0.0021656486972234674	-1	
0.071009844503109015	0.056355237466385877	-0.0026089387356538966	-1	
0.070132054890793563	0.055622429891564122	-0.0028837776473785728	-1	
0.071701280868427947	0.057681952654665192	-0.0022715473802763586	-1	
0.069927500000000004	0.055232518103230974	-0.0030599328407172276	-1	
0.070000000000000007	0.054855000000000001	-0.0033317937997084106	-1	
0.070000000000000007	0.055	-0.0032199767847771346	-1	
0.067252849653983496	0.067729826568606488	-0.0010043664909933985	-1	
0.073083630277558917	0.061749674559109756	-0.0016254799867595519	-1	
0.073815740214491124	0.058935560247558402	-0.0019524235452326288	-1	
0.072622973614194467	0.064198643600928584	-0.0013817398967976573	-1	
0.070856714598419607	0.065919540255099621	-0.0012208841464143396	-1	
0.069315734298793813	0.067844776843498114	-0.0010504021891142993	-1	
0.066527648232271794	0.069595630384595111	-0.00086691572233034159	-1	
0.06487053054167588	0.070718618337034675	-0.00075183575927415328	-1	
0.061006374985029962	0.07232832654529614	-0.00053692272586652119	-1	
0.06292135568439651	0.072349121818807399	-0.00061112020873662926	-1	
0.052072685594896299	0.076045984683001389	-8.5991482382541203e-005	-1	
0.053840897592018662	0.076574758570968932	-0.00015333726725451967	-1	
0.060275617434723462	0.075565435773354367	-0.00041258948684941347	-1	
0.061819754563691438	0.074062107726230827	-0.00051080769192156286	-1	
0.055690716480037789	0.077962701221531677	-0.00020576611839800418	-1	
0.05772124175728939	0.077835603200643699	-0.00027621817040288159	-1	
0.059352352873788761	0.07709875135376687	-0.00034539909413083792	-1	
0.048658511369395932	0.078495461547713488	4.7894275481390486e-005	-1	
0.046959222144707352	0.079241436207163674	0.0001022699983559043	-1	
0.045595643471183459	0.08034497007028979	0.00013734825950344987	-1	
0.050722466814493744	0.077401810671301086	-2.7819230038734385e-005	-1	
0.050130277062647145	0.078891830480743885	-4.6407560539290912e-006	-1	
0.040051535904775559	0.082442531056896307	0.0002582158370218822	-1	
0.04241919890112044	0.082576825769511752	0.00020016666062797544	-1	
0.038981432450938658	0.083689498974716794	0.00025938889635677308	-1	
0.044221129498202359	0.08186065795957026	0.00016211786768235563	-1	
0.03765027606086243	0.085726693535210355	0.00024980250002047791	-1	
0.033654866083070722	0.087581005939268139	0.00027044728265938379	-1	
0.035373673637825738	0.087722599505218823	0.00024851286465750049	-1	
0.032160180474213644	0.088441391363875688	0.00026966255248316045	-1	
0.030645714101720897	0.089311094154061882	0.00026587473047277215	-1	
0.093694213532296067	0.0015659865836073076	-0.00010012976417987807	-1	
0.092416253016553457	0.0046933882287250716	-0.00013929923022900742	-1	
0.093358897605443747	0.0032537747697727994	-0.00011847236182107447	-1	
0.094327663137513867	0.01146033541818724	-0.00020028128764282678	-1	
0.09504816772498817	0.0097425937600440667	-0.00017299228321380236	-1	
0.094318684738326566	0.013323043836872247	-0.00022320280278406322	-1	
0.094053084720703423	0.0072623242910009348	-0.00015511623958794517	-1	
0.094673099288151832	0.004527732855457261	-0.00012266336812346196	-1	
0.090298566961162507	0.030015075095020671	-0.00061176804584922801	-1	
0.089934261674687696	0.032665037376885711	-0.00069156776381700783	-1	
0.095190234437327187	0.01968762187292962	-0.00029591417241350132	-1	
0.095786835010405871	0.021539061906991296	-0.00031084636656712608	-1	
0.095715080178384038	0.02397146851736864	-0.00034865036686095003	-1	
0.095566916912282196	0.02622277337531035	-0.00038702351125428306	-1	
0.094706718647405416	0.028308530998313774	-0.0004456285789873175	-1	
0.092016857248369138	0.029179215942027607	-0.00054064478918180504	-1	
0.095736095449037412	0.017470300168926398	-0.0002562270936368604	-1	
0.095764782676817581	0.014058001248626072	-0.0002134663611184272	-1	
0.096510384818926737	0.015471229315775069	-0.00021934733912328631	-1	
0.084531716982950922	0.041813320586582263	-0.0012412883031294058	-1	
0.085905691237573412	0.038520257548299436	-0.0010438463320358504	-1	
0.086044535054564247	0.040449505214156661	-0.0011004377673472572	-1	
0.086927606675017408	0.03688849644760455	-0.00093716593160692258	-1	
0.088367141056780174	0.036139601029156941	-0.00084933454565549592	-1	
0.091450694365959428	0.034432973547261082	-0.00067870051893553199	-1	
0.089966838702810387	0.036411760955182636	-0.00078769524151819632	-1	
0.079711838963347229	0.050724487095249425	-0.0019054407728541505	-1	
0.080520576998147325	0.049324254895008621	-0.001802796640668959	-1	
0.081325352552366045	0.046615345498747393	-0.0016681860884756618	-1	
0.083022309649782161	0.044485439190881389	-0.0014467461686553898	-1	
0.082549889477217989	0.045850008777745449	-0.0015291048900176925	-1	
0.081278363367453449	0.048036469450260549	-0.0017047321722996262	-1	
0.084918072541239939	0.043793933299958683	-0.0012777034630786128	-1	
0.096761718750000003	-0.01	0	-1	
0.09527497099683814	0.001104116067104156	-8.791317616240233e-005	-1	
0.095626650770952087	-0.00050474684570088989	-7.2847877422855254e-005	-1	
0.097285208351311075	-0.00099960097579068936	-6.1919387644634736e-005	-1	
0.097469816927627947	-0.0028757708654330773	-4.7764215307433387e-005	-1	
0.098132938336284101	-0.0044684996443810571	-3.511175258648129e-005	-1	
0.097425655378028497	-0.0060421151574173411	-2.6315667136419419e-005	-1	
0.098467983592061645	-0.0078872127064440224	-1.2910869738145245e-005	-1	
0.006659785724070855	0.094983647754474182	0.00013660139822861119	-1	
0.0048273889287448486	0.095985130598456009	0.00011454030673711612	-1	
0.0025595891578760253	0.097628858820426642	8.6131124316707e-005	-1	
-0.01	0.096761718750000003	0	-1	
-0.0025899833318912798	0.096302103186466398	5.8769384064520115e-005	-1	
-0.0039632653249737455	0.097560698094885809	4.3165922029508622e-005	-1	
-0.0056707037221932358	0.097005253901626814	3.2697439219904935e-005	-1	
-0.0078470962036147826	0.097787468817884679	1.5225798807439958e-005	-1	
-6.3365776581972747e-005	0.096620698610580785	7.5791679891567071e-005	-1	
0.016951915828414973	0.093637915409761213	0.00020736132645954344	-1	
0.019542759515070743	0.093304463585387284	0.00021901022437531434	-1	
0.025011607157814236	0.092256522349526332	0.00023680379824011336	-1	
0.023492432530915801	0.092978999349602506	0.00022651668922564201	-1	
0.021914495387053156	0.093586081027861423	0.00021685522902457888	-1	
0.013109615765508681	0.093529587611288531	0.00019321122797478298	-1	
0.011331377281645778	0.093640185357330971	0.00018216456535523757	-1	
0.015386088828378967	0.094386929705549377	0.00019077874693027149	-1	
0.0092233227312265107	0.095140289595115779	0.00015093849810945357	-1	
0.029417723149112132	0.090552878981228033	0.00025087508541554065	-1	
0.027737417545181452	0.091111156506074112	0.00024910630612276269	-1	
0.026672183491147458	0.092525503396859901	0.00022839007728400892	-1	
0.070222174863794368	0.054551562499999998	-0.003396116846181275	-1	
0.070584903436356344	0.054729693718028632	-0.0032168700719907356	-1	
0.071985185765723103	0.05621305665855509	-0.0025626986812040242	-1	
0.071195238287242987	0.055623574731846592	-0.0028092873937654072	-1	
0.07361825092220646	0.056485362642762757	-0.0023366520230413564	-1	
0.070622429891564115	0.05513205489079355	-0.0030472365709868277	-1	
0.075281976676658965	0.055767605698879549	-0.002219841610543971	-1	
0.07687773164512815	0.054466241724819293	-0.0021363870745946256	-1	
0.078606532962746556	0.053925196955335111	-0.0019499987838180774	-1	
0.079173185363317855	0.052329676459464902	-0.0019424658211888283	-1	
0.070185356897539602	0.055185356897539603	-0.0030808279047219501	-1	
0.070232518103230973	0.054927499999999997	-0.003213584860922874	-1	
0.068221188378056505	0.069597111243916362	-0.00091294958614902486	-1	
0.075061724787652648	0.061112692654538413	-0.0016344580114098593	-1	
0.074779737141611582	0.062950434877960981	-0.0014644687543155625	-1	
0.075517978091954291	0.059310292467403561	-0.0018040577291247623	-1	
0.0754905359274326	0.05756751165626673	-0.002001820753829714	-1	
0.074578955938531435	0.065090933770244178	-0.001284278777920966	-1	
0.072965393740756113	0.066038018998166276	-0.0012222518267798149	-1	
0.071042066203466633	0.068413540929106148	-0.0010376766341499079	-1	
0.072785725690127825	0.067900348933119054	-0.0010849493925103701	-1	
0.069899081042728031	0.069826799345851009	-0.00093270314235215047	-1	
0.066991394836886695	0.071542956774422586	-0.00077574355823501352	-1	
0.064948530074015812	0.072545105854487868	-0.00067178600139808896	-1	
0.063974620317952938	0.074092245268213439	-0.00057993130908589143	-1	
0.052378971380919896	0.077701234156441687	-8.8697288063077293e-005	-1	
0.053571742322699872	0.078889072227261853	-0.00012288436913390085	-1	
0.061805161378099965	0.076217134809415638	-0.00044411775603834256	-1	
0.063464077480119924	0.076106619313751692	-0.0004960877761198847	-1	
0.055301769754086447	0.079959675746367434	-0.00016857695295236197	-1	
0.057554092116566251	0.08008522062093143	-0.00023463457618749529	-1	
0.059464165766727223	0.078885080549516179	-0.00031055970999083616	-1	
0.062272768812269973	0.077812615801415186	-0.00041520531780277474	-1	
0.048961327203453371	0.079989283879032369	3.3442735239945521e-005	-1	
0.047361109100836817	0.080948955068098516	7.9752956475289465e-005	-1	
0.04610321655426465	0.082327132527043323	0.00010696639190282892	-1	
0.051376627939831693	0.079900521328162152	-4.4869850743560966e-005	-1	
0.040579244809042347	0.084072964824928181	0.00022153721682753255	-1	
0.043810554305514178	0.083452599242624714	0.00015629296401879669	-1	
0.042419420187176538	0.084932246724016516	0.00017131450488669267	-1	
0.039165423097955995	0.086443440857238193	0.00021321593670164469	-1	
0.045351719743730382	0.083694173745139655	0.00011648922694777687	-1	
0.037546877526444776	0.087905093884818944	0.0002166873380201838	-1	
0.034287214223313336	0.090408036325351743	0.00021658001555232767	-1	
0.036305084000258898	0.089661919769672582	0.00020667213650381108	-1	
0.032294830760353832	0.090429333702625889	0.00023385747501519501	-1	
0.030885496539591335	0.091171568525059143	0.00023158443065427286	-1	
0.094857967355972572	0.002612932120349523	-0.00010354448424176088	-1	
0.09615987641508085	0.012509764489573819	-0.0001908698101629134	-1	
0.096557755959448099	0.01074301727592759	-0.00016737663637078946	-1	
0.095717168789295523	0.0071301024026158948	-0.00013983064068920996	-1	
0.096765456804159239	0.0087904495435362877	-0.00014630081048542891	-1	
0.096659745949022019	0.005241315984134182	-0.00011481466987648454	-1	
0.096182939521465616	0.0034465187563356725	-0.00010275883971820379	-1	
0.091762736752345808	0.030840905273663087	-0.00058524991032337802	-1	
0.092498073379401649	0.032352549645293022	-0.00059387491054031154	-1	
0.096526814262458405	0.018840810572338031	-0.00026017851557182136	-1	
0.096955512453838238	0.020408971585318843	-0.00027202094763631755	-1	
0.097649273729475988	0.022100385754010621	-0.00027892486215868592	-1	
0.09712127888951376	0.024739187915862552	-0.00032593098817867749	-1	
0.097270816360931031	0.026334313752481367	-0.00034420501307079476	-1	
0.09632224517320831	0.027754540529188677	-0.00039057022804920205	-1	
0.095738971627149866	0.029916585697423264	-0.00044185283646636998	-1	
0.093869647996502575	0.030312837250635424	-0.00050736910295296812	-1	
0.097738517118619223	0.017228357472368904	-0.00021993864035364243	-1	
0.097972089019731132	0.013796752350375285	-0.00018028016388952668	-1	
0.098996002622996043	0.015590196526275807	-0.00018250578711579685	-1	
0.086498179327518854	0.041869991436237652	-0.0011162663047963614	-1	
0.08773715455033583	0.038531363896466976	-0.00094983204827245793	-1	
0.087976065579831619	0.040347211559942517	-0.00098854449288008706	-1	
0.088946600924431601	0.037571079981487024	-0.00086384515965921794	-1	
0.093932450884056107	0.035504370505616299	-0.00060302022862370982	-1	
0.091695363513938311	0.036162197871477189	-0.00070742450454540449	-1	
0.093731126344469173	0.033958846558924255	-0.00058185344623245042	-1	
0.091801987505297292	0.037963406552697559	-0.00074123244626831254	-1	
0.090403965252285362	0.039104132272982844	-0.00083156650828353912	-1	
0.080975388979357077	0.050520611798785572	-0.0017545235222609125	-1	
0.080565613243521017	0.05173313298449192	-0.0017878018132731306	-1	
0.08207104383640397	0.0497833409512006	-0.0016366685432772589	-1	
0.082574939559181978	0.047293824372007215	-0.0015620715264434268	-1	
0.084547693259768131	0.045777595702099119	-0.0013564453257686082	-1	
0.084113522480459113	0.047254181196212809	-0.0014212952085082039	-1	
0.087159030974397589	0.043206722274635609	-0.0011088140951651636	-1	
0.08671907423014634	0.045371496985603853	-0.0011848434771459869	-1	
0.098632187499999996	-0.01	0	-1	
0.096810705346708173	0.0016987912241013545	-8.4594922454744151e-005	-1	
0.0978532581157735	0.00063533428975572894	-7.0838227642549534e-005	-1	
0.098893292785558862	-0.0016397246433449445	-5.0596559344320144e-005	-1	
0.099829603145355272	-0.0041557002013401512	-3.2186622667186705e-005	-1	
0.099279471858577495	-0.0059295815193965429	-2.3428907320901106e-005	-1	
0.10060994368254249	-0.0076281030957151899	-1.2163273937794297e-005	-1	
0.10050265624999997	-0.01	0	-1	
0.0064086549255144461	0.096925311169450842	0.00011532790005338981	-1	
0.0081770882026625889	0.096418373892373094	0.00013049844073315261	-1	
0.0046630030681175452	0.098255732047952377	9.3322585171605601e-005	-1	
0.0014265582988527198	0.098913981791011296	7.0088917045918258e-005	-1	
0.0031261649694575471	0.09950513385254503	7.4921545799472265e-005	-1	
-0.01	0.098632187499999996	0	-1	
-0.0021164613326426908	0.098197281298940967	5.2806898992277541e-005	-1	
-0.0063604865538730883	0.098504885283156068	2.4128490312655423e-005	-1	
-0.0036450987441777757	0.099634850005957579	3.7398181597112012e-005	-1	
-0.0080646637282145925	0.10013726894210763	1.0917236995814919e-005	-1	
-0.00016473655537669948	0.098279095451635184	6.4854504584772537e-005	-1	
0.018473402375205086	0.09522766004872657	0.00018701230855160502	-1	
0.016114259024282478	0.0959625580802414	0.00017052785571774207	-1	
0.021133823393056014	0.095085742666981263	0.00019261128754117829	-1	
0.025410564545645803	0.09505386845455091	0.00019051465069922047	-1	
0.023370347119011169	0.095015914372977767	0.0001936425656759051	-1	
0.013750524641249968	0.095131965372972582	0.00017390003308876233	-1	
0.010860540287474039	0.095358520741311653	0.00015737720604609294	-1	
0.0098522228734818206	0.096672640644128921	0.00013642817267694215	-1	
0.029076597905855837	0.092333992596831518	0.0002223087994020329	-1	
0.028074620449554916	0.093923318545306972	0.00020125274964038581	-1	
0.077646066600129168	0.057393772923433291	-0.0018153148761854824	-1	
0.078945731290623863	0.0558863897003814	-0.0017984158416683748	-1	
0.080336469936506838	0.054462599509480875	-0.001732072483056947	-1	
0.080547518902258766	0.053054484431377391	-0.0017592151570499069	-1	
0.068752340777295168	0.071205202518412891	-0.0008345021568951659	-1	
0.076810065103419492	0.060480142535943679	-0.0016101794870103134	-1	
0.076468708008235006	0.062269089136830907	-0.0014695354779657055	-1	
0.076716810294730639	0.065318150299255598	-0.001222997541634324	-1	
0.077070313621862327	0.058894227559011213	-0.0017358563982470213	-1	
0.075442032104670917	0.067141370682567258	-0.0011226945210908886	-1	
0.072511866536114328	0.070188654503670622	-0.00093912078955042178	-1	
0.075061252352660562	0.069333218939275271	-0.00098752457907661201	-1	
0.071251415067867738	0.072118059416240651	-0.00082250358015670451	-1	
0.066050793669202176	0.07400358298669954	-0.00064102319098732058	-1	
0.068740634891624158	0.072998208796911213	-0.00074376334467484741	-1	
0.065466031776920036	0.075539328073260331	-0.00056747552566522295	-1	
0.052923818262958333	0.080370620626399825	-9.185377933541157e-005	-1	
0.065253320347792534	0.077168810595252976	-0.00050687481260605735	-1	
0.056116733050614001	0.081823816737221999	-0.00017214626014933952	-1	
0.053308891256407052	0.081941133292982526	-9.3710027627872357e-005	-1	
0.059644576235777687	0.080797132092873925	-0.00027945492159335696	-1	
0.058281246323986145	0.082149840706513336	-0.00022338334747481811	-1	
0.061372770386867413	0.079669532344949751	-0.00034625388952197017	-1	
0.063166871980112657	0.079392525012257423	-0.00039549335023348356	-1	
0.049262252416871204	0.082305055554683329	2.0354264444906408e-005	-1	
0.050596959281542953	0.081346818903734353	-1.7996565569163342e-005	-1	
0.047684884277944158	0.082623711910873865	6.3104005642828135e-005	-1	
0.040857108725897824	0.085845551514839039	0.00019138766730575628	-1	
0.044450033736790157	0.084967166868886071	0.00012704571166446813	-1	
0.042160210143390657	0.087078920326374168	0.00015315399354311771	-1	
0.043734310440188821	0.086488422711871085	0.0001292555440340789	-1	
0.039334965805341793	0.088258148053965188	0.00018586503614401618	-1	
0.041030474446361008	0.088346285725868862	0.00015864815006238751	-1	
0.04791961870810315	0.084215733225536701	5.0771883600667629e-005	-1	
0.046350769492902462	0.085357657792046557	8.2647859578167769e-005	-1	
0.038197633957597329	0.089682361242917813	0.00018344563567977221	-1	
0.035710248010886354	0.09115490716153668	0.00019200634574549182	-1	
0.033306438292609972	0.091860843179278728	0.00020323346575465488	-1	
0.037920435634567901	0.091714032757670871	0.00016131053570559212	-1	
0.03083843597872718	0.092763711979982719	0.00020636916220003745	-1	
0.097997550403340739	0.011841514343783726	-0.00016115553435999753	-1	
0.099129761864129057	0.010247242989046692	-0.00013376503104708387	-1	
0.097443131237308758	0.0072014877436427727	-0.00012531712736467095	-1	
0.09913085883846412	0.0082567599576949032	-0.00011768957740133672	-1	
0.098202589859873596	0.0048504877775708572	-9.9758188194930007e-005	-1	
0.098993959395996575	0.0034696010053864813	-8.3790667566693326e-005	-1	
0.098342027993430337	0.0020420897532919102	-7.8024730312825606e-005	-1	
0.094139835255163215	0.031975524493367997	-0.0005298776107591518	-1	
0.098063199226963549	0.019219038345776148	-0.00023643623475300084	-1	
0.098520344771908838	0.020755115802688091	-0.00024465097009493576	-1	
0.098387623068816404	0.023620345226325511	-0.00028123903988753633	-1	
0.099778946144594635	0.023028409919896613	-0.00024194624021344366	-1	
0.09862446223626406	0.025293469176649239	-0.00029524129374775574	-1	
0.097972259983451299	0.027829698111298692	-0.00034491975081173967	-1	
0.097086745933394725	0.029120486431826235	-0.00038857311746970754	-1	
0.097057656088160721	0.030610160290224495	-0.00041087911948982272	-1	
0.095720266495016873	0.0315525357316477	-0.00046938725070442384	-1	
0.099668758266061877	0.017542692601494794	-0.00018969965361854816	-1	
0.10050061529068492	0.013542174086013176	-0.00014224849760867967	-1	
0.099781023949563091	0.011908922703401237	-0.0001388697068645367	-1	
0.10116415938558583	0.015995328061961529	-0.00015107889104155989	-1	
0.087989092572014677	0.04189741279458091	-0.0010274595630776319	-1	
0.090680001984250774	0.04092566252729582	-0.00085631430895668137	-1	
0.089479696467898467	0.042323316065260762	-0.00095026793972445794	-1	
0.093270944696546398	0.036915605923229115	-0.00065603044853410313	-1	
0.095472491695368145	0.035744058092970744	-0.00054577211104745479	-1	
0.09532891814790205	0.033254335188093155	-0.00051041216908927309	-1	
0.09216547494523597	0.039835919976528217	-0.00076033096079249367	-1	
0.094053863152663689	0.039566811040468705	-0.00066659618739905644	-1	
0.08214230209796955	0.05107199680642089	-0.0016263082514005221	-1	
0.081757464686006281	0.05230391069114998	-0.001648676034012719	-1	
0.084575202427694215	0.048722398010363148	-0.0013970819946166086	-1	
0.08347211701772865	0.051380394657275043	-0.0014968874963983509	-1	
0.085764584917228645	0.047363672087743634	-0.0012869929116758939	-1	
0.088505993697435739	0.04460756600304798	-0.0010506598665318821	-1	
0.088139335736429653	0.046221779386381584	-0.0010987296515172862	-1	
0.087314727496061242	0.047547158821086725	-0.0011721828722296673	-1	
0.099330599720948529	0.0008232670147198598	-6.4148968855353824e-005	-1	
0.10117143088415377	-4.1632481255361216e-005	-4.9101847826851472e-005	-1	
0.10127553368140978	-0.0018938215610951581	-3.9083309654109671e-005	-1	
0.10233872462948651	-0.0039705536299305053	-2.545041153135731e-005	-1	
0.10119395847516048	-0.0055510721518946234	-2.1238650088075621e-005	-1	
0.10208438492902397	-0.0083733481266924648	-7.0079468884883891e-006	-1	
0.102373125	-0.01	0	-1	
0.0068079360688408884	0.098721116344629878	9.9724787467641315e-005	-1	
0.0087744846841515609	0.099029947711141902	0.00010559006440669205	-1	
0.0046575658423036684	0.10072833764303388	7.2262120723898306e-005	-1	
0.0015175373517409489	0.10062483619421426	5.9185216374360774e-005	-1	
-0.0011998189438429403	0.099650916334669853	5.1108062430206559e-005	-1	
0.0030390804732276307	0.10214710459176453	5.4899658362884565e-005	-1	
-0.01	0.10050265624999997	0	-1	
-0.005707679904736862	0.10002097832587843	2.4386977986808463e-005	-1	
-0.0029242948856540362	0.10113932866858782	3.5155973732358645e-005	-1	
-0.0042385242545431171	0.10216685745880333	2.5352883646557155e-005	-1	
-0.0083463264296931104	0.10213209322008651	7.4122553867201244e-006	-1	
-0.0068182621858984202	0.10145551930476318	1.5412062988516747e-005	-1	
0.018011910784407701	0.097107712042896199	0.00015876989208386293	-1	
0.019933600469938542	0.096873877183043647	0.00016475748265055014	-1	
0.016563671866863309	0.098392303038843054	0.0001384379613120474	-1	
0.014537103912747328	0.09751070821921487	0.00014477472582394364	-1	
0.022061338822810129	0.096541176695473171	0.00017081137634588836	-1	
0.027419524809574596	0.095684217604285499	0.00017622949088007172	-1	
0.025130550056845412	0.096538393943300799	0.00016860897157810513	-1	
0.023709849929083971	0.097052042838622163	0.00016267798086114528	-1	
0.012434207950327731	0.096886652589309619	0.00014537750962107101	-1	
0.010568057990057772	0.098166359229477945	0.00012249082804041504	-1	
0.029268430487864632	0.095374088473953011	0.00017453128030236789	-1	
0.079796446524718678	0.057363227951687051	-0.0016326448560930638	-1	
0.078356987876522677	0.059919681568118756	-0.0015621637427868523	-1	
0.079764278840986774	0.059067262244230451	-0.0015270819328225206	-1	
0.081447009488286176	0.056938481517517438	-0.0015164335875715584	-1	
0.081634201511416787	0.055367514468307635	-0.0015705061074458345	-1	
0.081736818303943276	0.053837361607108176	-0.0016142894717600938	-1	
0.078110857807856149	0.061655394006060418	-0.0014455974236348456	-1	
0.077933426820677637	0.063684529510783031	-0.0013066830738473801	-1	
0.078507591511772695	0.065381970310531154	-0.0011723781111723434	-1	
0.077509860848286344	0.068221708938605588	-0.0010230972852381451	-1	
0.073247536117536732	0.072045676008556714	-0.00083913717389572139	-1	
0.074970144790928395	0.071234908651412771	-0.00088145779843204822	-1	
0.07701288941487959	0.070379746696116921	-0.00091124771609734886	-1	
0.070466780842884144	0.073901047610778273	-0.00072778388056833436	-1	
0.072335401814747943	0.074451459667683753	-0.00071955433231164301	-1	
0.067098877111766542	0.075354191491162195	-0.00061015321200496013	-1	
0.068728845634555225	0.07586977354052242	-0.0006192365145651959	-1	
0.067193605257524922	0.077061132853161948	-0.00055040184792453295	-1	
0.066607541733391562	0.078913922526265029	-0.00047988676628860885	-1	
0.064800471065505724	0.080184287361358089	-0.00040961589707155696	-1	
0.05492854110282825	0.083429739849581977	-0.00012585448951990793	-1	
0.056870075071517937	0.084170533353199115	-0.0001646566166854687	-1	
0.051347219646296446	0.082808588132752312	-3.632437025684813e-005	-1	
0.053315916761858692	0.084608820797824003	-7.895156664220356e-005	-1	
0.061398326419564116	0.081270345689037238	-0.00031268500742091018	-1	
0.060433641307280898	0.08254809335878853	-0.00026743813000355279	-1	
0.059069174350942256	0.083906947239672305	-0.00021623613896391616	-1	
0.062885769455789137	0.081862603814689766	-0.00033210043920636707	-1	
0.049500466745344009	0.083899522194819165	1.2573888073364202e-005	-1	
0.043386276515192466	0.088822003349185691	0.0001157858257825019	-1	
0.044874081660618591	0.087724303265239389	9.7949898604629516e-005	-1	
0.039743179538891414	0.09077481355354397	0.00015032284483848567	-1	
0.041841443589091129	0.089837877778180447	0.00013110945860395927	-1	
0.047961759803518203	0.085922284489463832	4.4788352684526744e-005	-1	
0.04694157302399226	0.087720548533067794	5.8894665055904081e-005	-1	
0.036126508285796541	0.092707185677154802	0.00016726084018680286	-1	
0.033325174393678936	0.093613617591341208	0.00017782874056823626	-1	
0.034836440476321694	0.094159221209858146	0.0001592609018405631	-1	
0.039511647923396939	0.092563790161870316	0.00013453546355852438	-1	
0.038028249079408778	0.094025533302353206	0.00013415206827968753	-1	
0.031549327474173737	0.094746641064336487	0.000172917361607625	-1	
0.10056150744111453	0.0092527902198465215	-0.0001098141857334629	-1	
0.098903800851291357	0.0062792694844149037	-0.00010484070633039751	-1	
0.10031195627358981	0.0071193640574911728	-9.7964217443382459e-005	-1	
0.10066375928948396	0.0049294634487942971	-8.0764730833734135e-005	-1	
0.10088555981335819	0.0029908715472752438	-6.7491888885279586e-005	-1	
0.10036685097288962	0.01936952155718747	-0.00019375140702623738	-1	
0.10045581456115038	0.021676368332200654	-0.00021330763585800618	-1	
0.10081450054019343	0.024130133298039272	-0.00022813658529011687	-1	
0.10005087708424443	0.026296002652229679	-0.00026911319599001027	-1	
0.099616709688464672	0.02798456161200575	-0.00029956403181510377	-1	
0.10001787862898376	0.029656021308527725	-0.00030594636490430737	-1	
0.09854614988806755	0.030544125215227674	-0.00036217534100500484	-1	
0.09790779505973464	0.032964051408073659	-0.00041466655818974085	-1	
0.10153902671695889	0.018114298569153107	-0.00016087577350711802	-1	
0.10177844374620217	0.012004030474267142	-0.00011372732140379765	-1	
0.10222981657503835	0.013678869345685817	-0.00011780984685926382	-1	
0.10212001784035712	0.010033736468214503	-9.68507900382624e-005	-1	
0.10291395738012758	0.015272849908502816	-0.0001174447860842158	-1	
0.10297031745896826	0.017165094936357438	-0.00012833124991604885	-1	
0.091480363092742059	0.0428272512642668	-0.00084624954097090911	-1	
0.093304459688756794	0.04106824820111718	-0.0007246345382405044	-1	
0.09041042715204238	0.044994612441685067	-0.0009390446989629113	-1	
0.094918531228313452	0.038151356914461296	-0.00060540299070721473	-1	
0.097173143879387761	0.035596888895708098	-0.00047654887505235309	-1	
0.096724571729364162	0.034052806940358338	-0.00047205314370504873	-1	
0.096558814357043707	0.038397593632848739	-0.00053844629661690296	-1	
0.095620073824462568	0.039654353670834259	-0.0005956103634797836	-1	
0.095480905327950685	0.041216823417794715	-0.00062148651684074856	-1	
0.083858914442970972	0.053289138284725042	-0.0014335473332827287	-1	
0.085103597037195389	0.050449119173683811	-0.0013555702554963538	-1	
0.086378476749267394	0.048817100493773864	-0.0012512078917807608	-1	
0.085174495830641905	0.052326344370975046	-0.0013372700144320202	-1	
0.089693229666570756	0.046382423952514504	-0.00099892582683520459	-1	
0.088867338346859268	0.047708431701655771	-0.0010646489922189941	-1	
0.087947187669048188	0.049012626355990074	-0.0011355992393169087	-1	
0.1021698555242528	0.0015218859925457805	-5.1245999519193325e-005	-1	
0.10301518253050426	-0.000246624301712129	-3.8480316027887389e-005	-1	
0.10366606872077236	-0.002051869512851804	-2.8103939423906279e-005	-1	
0.10299363574851617	-0.0056142016173488466	-1.6949351054253687e-005	-1	
0.10453766078435028	-0.0047502143668118908	-1.5977235957649049e-005	-1	
0.10337495338576311	-0.0073419412215419734	-9.7239385282546988e-006	-1	
0.10424359375	-0.01	0	-1	
0.10471227920102062	-0.0083758728693534967	-4.8095610331737604e-006	-1	
0.0075676672256956342	0.10029899000961252	8.7898963409784787e-005	-1	
0.010217008531983067	0.10040174041332377	9.6434907019061385e-005	-1	
0.0088521312779588461	0.10138706195085519	8.1689339364037248e-005	-1	
0.0072959766967748115	0.10202903653784129	7.065031641950126e-005	-1	
0.0051920048239999517	0.10297055152301418	5.5728048986743168e-005	-1	
0.0008875957872050373	0.10220633457179094	4.6328213637628144e-005	-1	
-0.0012717939205745602	0.10136792177693482	4.1727504754578238e-005	-1	
0.0023516347431962689	0.1034929267805713	4.304685118270671e-005	-1	
0.0033119690150821097	0.10465979313190056	3.7493043920380403e-005	-1	
-0.01	0.102373125	0	-1	
-0.0023679919732686335	0.10320507784277537	2.8665681713750216e-005	-1	
-0.0056181187577786793	0.10284507402712743	1.7556560671416811e-005	-1	
-0.0042601934283190979	0.10347334582550925	2.0781699286518017e-005	-1	
-0.008583990657716584	0.10364926846328652	5.0983918440528199e-006	-1	
-0.0071018234553297012	0.10324741601769287	1.1010048659460355e-005	-1	
0.019171253616502442	0.098622080636505058	0.00013950830843069114	-1	
0.021622386229326485	0.098210276364276122	0.0001467192650226577	-1	
0.01558983703305342	0.099453886048456355	0.00012251250999329862	-1	
0.016978924464860899	0.099835656760580427	0.00012022640605352076	-1	
0.013028716974240781	0.098738439108974882	0.0001246932406657698	-1	
0.023128321180146988	0.098464180036241439	0.00014297521548365031	-1	
0.026443838585597491	0.09728505134863101	0.00015550146134498289	-1	
0.02868332261606683	0.097552235605902884	0.00014611334850309191	-1	
0.025636961234837351	0.098832877780828526	0.00013542262209899068	-1	
0.011882174486025694	0.10000844027930485	0.00010603354503175117	-1	
0.030939905381540043	0.096990752078160589	0.00014540807938432431	-1	
0.081802019174564478	0.058853342835399579	-0.0013975660537438939	-1	
0.080427550078395665	0.06175016587687307	-0.0013205640690444915	-1	
0.081735952066596784	0.060799714043909804	-0.0013008972229745957	-1	
0.083080994465847019	0.056431006593294454	-0.0014097367930051695	-1	
0.083077720632327268	0.054720034066447883	-0.0014663388548063949	-1	
0.08009665883938627	0.063898636380866555	-0.0012058704708738607	-1	
0.079944748951733979	0.066452273470347933	-0.001066043193325434	-1	
0.080891151511717427	0.065227235814960052	-0.0011019590794073405	-1	
0.079209011491590223	0.067999858921458572	-0.0010006967009926352	-1	
0.078995505093613611	0.06970007812990528	-0.00091703245689856751	-1	
0.073932936313831424	0.074395656457703227	-0.00072915080305202432	-1	
0.074919756450564673	0.073138112624771837	-0.00078726725595662181	-1	
0.076587090459970669	0.072229987166253187	-0.00082287750101192635	-1	
0.078139259938087208	0.071613075391559283	-0.00083729486959260087	-1	
0.070788243512405452	0.075459394321969547	-0.00066427814291472142	-1	
0.071752692090694736	0.076724946241099004	-0.0006225697628414248	-1	
0.074458065955649411	0.075905447613224458	-0.00066752461049583429	-1	
0.070075438497081699	0.076881959515662179	-0.00060019421834780042	-1	
0.069518062929511279	0.078471665545830155	-0.00053729545861955458	-1	
0.06816131994835703	0.079341144711966877	-0.00049122654653085225	-1	
0.06646990112838462	0.081118550902392783	-0.00041450645995630989	-1	
0.065005218438701523	0.08234922133654371	-0.00036046804049925252	-1	
0.055146204030187676	0.085415542457508598	-0.00011488580568310962	-1	
0.05711770409957502	0.085753090672164092	-0.00015310959255602919	-1	
0.058718816565193947	0.085800489783820294	-0.00018396617757061965	-1	
0.050677269000326236	0.085001432529403828	-1.549793882696716e-005	-1	
0.052719255638744224	0.086343526386032543	-5.7732131008656494e-005	-1	
0.061350559709853231	0.083893849591979791	-0.00026283407035344479	-1	
0.060264609043321683	0.085107319964922018	-0.00022266171637370794	-1	
0.063520655837193157	0.083938225580070552	-0.0003014543857516569	-1	
0.044023793032715301	0.09055753851591028	9.3055926551623101e-005	-1	
0.045911186773753367	0.089572250383844296	6.8787462837806347e-005	-1	
0.042496168542817417	0.092040579734071135	0.00010336922809603095	-1	
0.048966353646969871	0.087302459948611369	2.0738949327963716e-005	-1	
0.048204851660081538	0.088726542960068933	3.2620362416387417e-005	-1	
0.03643794955883619	0.094288747808318613	0.00014509817422633079	-1	
0.033419157283825975	0.095719122480471597	0.00014918170918121383	-1	
0.035479988738280288	0.096167734187668497	0.00013079605347017609	-1	
0.040337914261637867	0.094167326295670317	0.00011048856327092233	-1	
0.039094417285754343	0.095540683408544394	0.00010947255457255098	-1	
0.037655183027191154	0.096707302128388767	0.00010966592242871345	-1	
0.032602482891997839	0.097179551191977256	0.00013528085389313154	-1	
0.10263597192852467	0.0084480721470912793	-8.2338185581943107e-005	-1	
0.10194096662742372	0.0069323190036600871	-8.1021548918539971e-005	-1	
0.10216972700352678	0.0041197816445059645	-6.399637343609871e-005	-1	
0.10287018734576199	0.0055923261463634707	-6.5442766762637813e-005	-1	
0.10317028998346628	0.0028208833142866914	-5.0353676241130737e-005	-1	
0.1020811106860338	0.020458549928569433	-0.00016824005816974994	-1	
0.10244569576715094	0.022638590311031822	-0.00017646496794903888	-1	
0.10270973013094153	0.024565079050724862	-0.00018448986470717151	-1	
0.10172497901823972	0.026782947621185577	-0.00022837525593189117	-1	
0.10214459662419617	0.028443697731895874	-0.00023058673069250671	-1	
0.10117954187632507	0.030923006918434574	-0.00028192508581317453	-1	
0.099671635833999697	0.032218619939636997	-0.00034479251361742476	-1	
0.09857018609145575	0.034615996607363538	-0.00041103509934798066	-1	
0.10303916976394493	0.018950451404018631	-0.00013803734782390892	-1	
0.10326590237756544	0.011247144280196446	-8.9446116437951116e-005	-1	
0.104056618564036	0.013838608780633392	-9.1738779740184605e-005	-1	
0.10472555913787611	0.010459341151426393	-6.7345830374667667e-005	-1	
0.1046387482668074	0.0088029307251476906	-6.1469953746194167e-005	-1	
0.10479495380729008	0.016163786716481231	-9.044679716132322e-005	-1	
0.10586769326284783	0.017947363464282825	-7.8582998535549779e-005	-1	
0.093541204906708864	0.042729534088876593	-0.00073574033466788978	-1	
0.092601395317653115	0.044689372932174148	-0.00080843923611587955	-1	
0.09227728565165258	0.046838596810643798	-0.00084609267947989943	-1	
0.098683570329226991	0.036392180391487929	-0.00042693937799723577	-1	
0.098527313014588933	0.038354931190835106	-0.00045480824171941755	-1	
0.097592775298560461	0.040670018660487736	-0.00051832317690985613	-1	
0.0969326370864321	0.042472067797542562	-0.00056568026168947504	-1	
0.095403315971302333	0.043859260729802285	-0.00065286661853770586	-1	
0.085349993926331441	0.053948235001635154	-0.0012989198781465983	-1	
0.0848097554588811	0.055487543676885374	-0.0013059262947551287	-1	
0.086974351440513936	0.050278007973811982	-0.0012086477781352481	-1	
0.086657630316473958	0.052986300783298731	-0.001213986584068918	-1	
0.087589949086445962	0.05172266487015504	-0.0011571212142400924	-1	
0.090747190348571927	0.047959076495695072	-0.00094550996253931765	-1	
0.089622692707489182	0.049218053216751836	-0.0010209940341441475	-1	
0.088611493966544011	0.050530003951128173	-0.0010900078711040715	-1	
0.1047531099493996	0.00056711484056642925	-3.1568570217553188e-005	-1	
0.10478757565159605	-0.00098227756876866947	-2.6592447297178709e-005	-1	
0.10538630481392602	-0.0026428642722915539	-1.911295597193596e-005	-1	
0.10710182345533015	-0.0032474160176937271	-1.1148580107800593e-005	-1	
0.10584618392267489	-0.0059412427466041182	-9.5279866542839874e-006	-1	
0.10611406249999999	-0.01	0	-1	
0.10624589577359952	-0.0076649050804826879	-4.8860274254763706e-006	-1	
0.010333805154815997	0.10200150984822179	7.9721717805667259e-005	-1	
0.0090349533706059332	0.10303987764692081	6.5878790039875e-005	-1	
0.0068921094021404013	0.10472504443678896	4.5197104382041748e-005	-1	
0.0051008099031172351	0.10475986703315301	4.1069500707590301e-005	-1	
-0.00061578115063951576	0.10300497170827079	3.5954718855456499e-005	-1	
0.00089870583197516581	0.10390863891000805	3.5881253305472996e-005	-1	
0.0017066649938107142	0.10515961863102778	3.027429275884207e-005	-1	
0.0041161302362826644	0.10632323164154095	2.6965897696316472e-005	-1	
0.0027182056440993498	0.10614146306548987	2.5909694311297504e-005	-1	
-0.01	0.10424359375	0	-1	
-0.0032213142378395699	0.10426588064052918	2.142468891613923e-005	-1	
-0.0018790730090876744	0.10449358647438814	2.443732916086374e-005	-1	
-0.0060141248212031203	0.10433048235638852	1.2602472898795658e-005	-1	
-0.004537660784349324	0.10475021436681162	1.5955101730916597e-005	-1	
-0.0087789907727773529	0.10535580585897819	3.2109623988945333e-006	-1	
-0.0075073886701409361	0.10468584708473372	7.496282578615177e-006	-1	
0.018393611456739022	0.10034000326964707	0.00011572311360433528	-1	
0.020272476940334867	0.10017922392814067	0.00011934847990550296	-1	
0.022265767974532485	0.10050920427260418	0.00011545916576316984	-1	
0.015884346315898325	0.1008640552057419	0.00010553199422055608	-1	
0.013475782311118281	0.10063123779834748	0.00010309726005149861	-1	
0.018073140609183157	0.10219830462786911	9.1876160979559421e-005	-1	
0.024093364617561567	0.099647817782616263	0.00012607088006856996	-1	
0.027370183112133274	0.09903966184076024	0.00012954138451663007	-1	
0.029715101337386991	0.098875355741975812	0.0001255832039030711	-1	
0.025534200930798629	0.10050758806746457	0.00011334874920636264	-1	
0.011682319756552786	0.10287007882351493	7.3772763274262151e-005	-1	
0.03175994324577476	0.098863996685701144	0.00011847832673599213	-1	
0.083229085012907211	0.060178563132975767	-0.0012431722874935171	-1	
0.084518162644657224	0.057359438244750302	-0.0012711965391733486	-1	
0.081817243987913318	0.063063912001667097	-0.0011775800949066588	-1	
0.082972995696504986	0.061841346180134212	-0.0011819260484333136	-1	
0.08146955399253239	0.066879850910690888	-0.00099796420672448047	-1	
0.08239492782477234	0.065594729846144811	-0.0010278944811004847	-1	
0.080488211876911381	0.069024010764517127	-0.00091921734674358583	-1	
0.080276286947022102	0.070542022998014278	-0.00085436152853607926	-1	
0.07541393566042652	0.074878339270142091	-0.00070946375639643563	-1	
0.076410757030585016	0.073890925680537692	-0.00074857595966377598	-1	
0.077873858381649758	0.073206426269676605	-0.00076830407958019729	-1	
0.079766985831475248	0.071987666692241284	-0.00079856343208371415	-1	
0.073756382142826982	0.077947041980798576	-0.0005888470570593544	-1	
0.07191056385672083	0.07906660555182235	-0.00054043586270971315	-1	
0.07594262952974716	0.076178001239072035	-0.00065665985739834761	-1	
0.076237289615110101	0.077658335633252765	-0.00060179154369640957	-1	
0.070320688202341483	0.08095083210429431	-0.00046822007065463805	-1	
0.068374474693692927	0.080938426963730131	-0.00044675352254172434	-1	
0.067621681919026524	0.083137875485853135	-0.00037984673670909958	-1	
0.06579301755000537	0.084573235158036886	-0.00032277320561708417	-1	
0.05438966327750254	0.08710177851690723	-8.7957909074336043e-005	-1	
0.056237808900104484	0.087091594404431885	-0.00012360220628857173	-1	
0.059012948231446337	0.087439375754185936	-0.00016981296773944235	-1	
0.060403594595913802	0.086523644707454897	-0.00020490070843417135	-1	
0.051024814205760639	0.087046431930033072	-2.1111993651491977e-005	-1	
0.053410930060331284	0.088669524430024294	-6.192606945997422e-005	-1	
0.061930429394291824	0.085415542841362851	-0.0002476051982101599	-1	
0.063794877505689684	0.085827946790750134	-0.00027006712111505112	-1	
0.044082814784307783	0.09214662920520468	8.1955887057520087e-005	-1	
0.045826946329061764	0.091689654246202318	6.0341904440819869e-005	-1	
0.048531416305341898	0.090308078047262055	2.3937252051854531e-005	-1	
0.043285878133881288	0.093871442913057337	8.070257743902093e-005	-1	
0.050552508698960281	0.089066267994331441	-9.6876558924798366e-006	-1	
0.033970858775790577	0.098142544714443752	0.00011704958010878098	-1	
0.036177027375347504	0.098012001315093744	0.00010632669405072641	-1	
0.040514026304617048	0.096177956270814893	9.1672860869518099e-005	-1	
0.041699997941266449	0.095170544863054443	8.849204757367668e-005	-1	
0.039752292317216525	0.097823377387384017	8.4450172616276883e-005	-1	
0.038000005873315472	0.098587654253473059	8.9805749952634659e-005	-1	
0.10366176950963539	0.0071334317844949499	-6.5056484046723339e-005	-1	
0.10386962146284962	0.0043038528456713927	-5.1189623740390732e-005	-1	
0.10522541367925103	0.0063873581816446135	-4.6767594302330826e-005	-1	
0.10537586615306049	0.0026871669655402154	-3.3927266645876659e-005	-1	
0.10411053026061001	0.020380285325390549	-0.00012472863105258592	-1	
0.10402104334353014	0.022818076857211055	-0.00014116719951616489	-1	
0.10360201049308394	0.026288811468994363	-0.00017343767395724776	-1	
0.10464325313766815	0.024650754250959073	-0.00013638702140205092	-1	
0.10377822757590885	0.027928508660719862	-0.00017943974600215563	-1	
0.1034558782097677	0.029545836774301087	-0.00019946948706777456	-1	
0.1015696255400573	0.032472465220851614	-0.00028288669452521847	-1	
0.1031363653462976	0.03215891669959537	-0.00022790668845755287	-1	
0.10071639745436292	0.033823386435957128	-0.00032491105686869117	-1	
0.10013950237790342	0.035455598425758142	-0.00036158130296132202	-1	
0.10468985676475662	0.012117640571969663	-7.4519369007341443e-005	-1	
0.10648191604296307	0.013754022624688909	-5.403723372528103e-005	-1	
0.10627592466120954	0.0095476079412228389	-4.5006473137389791e-005	-1	
0.10653259372416121	0.01132777975727107	-4.6653544881443251e-005	-1	
0.10605231200233491	0.0078672127879230516	-4.2810934679944226e-005	-1	
0.10710746826175147	0.015987305654013979	-5.0137376642784206e-005	-1	
0.10600067084179322	0.019894416781908834	-8.3528152204656218e-005	-1	
0.10842194051244852	0.017266796874999997	-2.9067511320913708e-005	-1	
0.10803801492286444	0.019137265624999997	-3.9751156608246559e-005	-1	
0.093970833212478733	0.045994938752700915	-0.00074553617346830546	-1	
0.092323281133565013	0.048506374170938102	-0.00085152156887642941	-1	
0.094974686347279069	0.047598728372091108	-0.00069965360897414038	-1	
0.10043569054275281	0.037870264028016125	-0.00037191627841967617	-1	
0.10008186058611096	0.040476511125435467	-0.00040751252991909679	-1	
0.09896331960228387	0.042194022854139847	-0.00046977949668299863	-1	
0.097413681727094817	0.044329958969049038	-0.00055724358742063548	-1	
0.098899344762368224	0.043777713703783208	-0.00048330562399657426	-1	
0.096015627112460311	0.045831113252408101	-0.0006365306373614407	-1	
0.086846078800649582	0.054598664742844888	-0.0011769819658822415	-1	
0.086235536576861435	0.056735006640712342	-0.0011728141233805277	-1	
0.088464374304855445	0.054882061847286098	-0.0010620405270230693	-1	
0.089337398072986962	0.053490291838263065	-0.0010225437910502337	-1	
0.089097384197612733	0.051980001729342667	-0.0010512265910193215	-1	
0.090286285777547506	0.050775194986617062	-0.00097851550336544406	-1	
0.10633359710699496	-0.0010900847214968961	-1.8524609407929045e-005	-1	
0.10737966761555935	0.0009470668523774066	-1.6483597423686982e-005	-1	
0.10819832987750132	-0.0016415012689244613	-8.5309196300640418e-006	-1	
0.10827237497616184	-0.0045558509233696995	-5.3811569091740666e-006	-1	
0.10759974098692689	-0.0061775032541232875	-5.1382132970452973e-006	-1	
0.10798453124999999	-0.01	0	-1	
0.10757271744007718	-0.0089348415128380487	-1.4496288671727929e-006	-1	
0.10805935610924614	-0.0079556900317688407	-2.2156879965958592e-006	-1	
0.0096152485890607167	0.10459823611086909	5.1813472642094503e-005	-1	
0.008328923582356965	0.10627747646844514	3.3784524190814338e-005	-1	
0.0057067567281678258	0.10726323712469008	2.1932593575910686e-005	-1	
-0.00050233440702105456	0.10443124011237666	2.8794793246186929e-005	-1	
0.00029102522506445653	0.10562190892374507	2.4273204833443246e-005	-1	
0.0013903749459733379	0.10661485362072382	2.0573611181061189e-005	-1	
0.0041141369215584372	0.10814239346812612	1.3682879597402956e-005	-1	
0.0023030468750000004	0.10831358507967687	1.0922391309891807e-005	-1	
-0.01	0.10611406249999999	0	-1	
-0.0029711654050866539	0.10560412091208252	1.6883313753697503e-005	-1	
-0.0011889536851635029	0.1056864953418306	2.0636559855749844e-005	-1	
-0.0058461839226743462	0.10594124274660405	9.4758335397445189e-006	-1	
-0.0033749533857626267	0.10734194122154186	9.7759703892508168e-006	-1	
-0.0089885407376011084	0.10737934747422222	1.4923061183460424e-006	-1	
-0.0075997409869268187	0.10617750325412313	5.146879199318361e-006	-1	
0.021030270922575839	0.10178702919807318	9.887069171908626e-005	-1	
0.023718275058468127	0.10191359714707403	9.6779695159183489e-005	-1	
0.022324746498888503	0.10290213881562123	8.4782508065345006e-005	-1	
0.014582955012342563	0.10175227055457914	9.232413033093801e-005	-1	
0.016058025291191599	0.10304158917443869	7.9347880053331381e-005	-1	
0.013845079143207486	0.1031444217793492	7.4907064889310728e-005	-1	
0.018911242568154817	0.10385352989788534	7.2169106263077676e-005	-1	
0.017327228405731625	0.10481949300348264	5.9541737386135481e-005	-1	
0.02073997484503259	0.10354060203457198	7.6746424753391476e-005	-1	
0.027135131106252625	0.10100981988403096	0.00010458271520424421	-1	
0.028678727723528408	0.10019487988224322	0.00011164354155577547	-1	
0.030411949600824335	0.10040166394217494	0.00010477979883681922	-1	
0.025741163722980138	0.10265057084439007	8.6035150979969289e-005	-1	
0.011483205668191438	0.1047322197542689	5.3738264230023901e-005	-1	
0.033265478918358612	0.099729323846111079	0.0001025841906723998	-1	
0.085672973055134299	0.059226936623117413	-0.0011332768638369654	-1	
0.085767434563050207	0.061420612602124398	-0.0010522462052660084	-1	
0.083707334020520316	0.063355009427285058	-0.0010780762276595688	-1	
0.081992693276376885	0.068374567662999888	-0.00091200090585378851	-1	
0.083165377182944131	0.067125231655933607	-0.0009317542317283221	-1	
0.0842873743361304	0.065092798616992131	-0.00097765754206258562	-1	
0.082242456934386768	0.071020503982050495	-0.00079382507428726358	-1	
0.081401884723967838	0.072520632360219717	-0.00075001844337974674	-1	
0.07720966903534017	0.075357741904613029	-0.00068396573010754509	-1	
0.078820507930596501	0.074676878916495784	-0.00069879911443133718	-1	
0.080066774769026683	0.073604342745947474	-0.00072737798549964519	-1	
0.073722245839945258	0.080105583721815629	-0.00051652762956779083	-1	
0.075710267135156523	0.079632695982735466	-0.00053558485509179238	-1	
0.072182804778402845	0.081516891081712742	-0.00046664201325759193	-1	
0.07749608325780577	0.076834591064837143	-0.00062710717294755212	-1	
0.07786536792874417	0.079150444008086601	-0.00054746178741790828	-1	
0.07101354390440312	0.082769582192920896	-0.00042339020894585454	-1	
0.069298780212370667	0.082780285775901158	-0.00040753566556654539	-1	
0.067435341573518132	0.084783025114165175	-0.00033932338543206982	-1	
0.068975242380947321	0.085429844592745247	-0.00034097576044202628	-1	
0.065094528874129087	0.087226928598379841	-0.00026251365049050806	-1	
0.066575654690213107	0.086198008678229701	-0.00030004237728590883	-1	
0.055321712027013456	0.088544107168613967	-9.5855146557553849e-005	-1	
0.057299503886907056	0.088776349900858642	-0.00012748294840538751	-1	
0.060603261297410803	0.087932696150253675	-0.0001892319200783239	-1	
0.060425655774900437	0.089508305075238714	-0.00016734510029112778	-1	
0.059017029434919446	0.090236219246299043	-0.00013967836409536048	-1	
0.061765378124025751	0.086936970707971475	-0.00022108635194856884	-1	
0.054617507701569236	0.091395811653008321	-6.8615396594315175e-005	-1	
0.051304211769565837	0.090706239375170569	-2.0334872576135271e-005	-1	
0.05287173888628853	0.091599224467245582	-4.2058734453517348e-005	-1	
0.055876405236566319	0.090169327847252706	-9.4498684168062443e-005	-1	
0.062907876007948241	0.087955147146680568	-0.00022228228439939322	-1	
0.045077432466759465	0.093387366265067745	6.2488859406112764e-005	-1	
0.048106926008450353	0.091950116384368841	2.6826912709496045e-005	-1	
0.047943087766763412	0.093638203746813253	2.5772854693929695e-005	-1	
0.049763095011524608	0.091584621998721652	3.6913886550780354e-006	-1	
0.04324259493851286	0.09586488912085539	6.8827221883832688e-005	-1	
0.04475863032503595	0.095215579141954873	5.6854730166598497e-005	-1	
0.035702349233490742	0.099925601262969288	8.969530429947444e-005	-1	
0.041918444331932279	0.09684804318456175	7.4743111849553978e-005	-1	
0.039429359932167479	0.099473883205512634	7.3627843906070382e-005	-1	
0.041603867312445052	0.099042495125534563	6.2591527553078436e-005	-1	
0.037739026949333315	0.1011285433459571	6.9041637802326543e-005	-1	
0.10618850950135487	0.0045733639985490434	-3.2704028545084018e-005	-1	
0.10767706933139204	0.0059883968926041971	-2.2201066945689914e-005	-1	
0.10736144363330773	0.0029498637511420783	-1.9833165913325364e-005	-1	
0.10512401590571376	0.02163802676732075	-0.00010955685897261695	-1	
0.10569069139670063	0.023273178426170934	-0.00010372358974789338	-1	
0.10506206149838006	0.026893409728083951	-0.00013718126322715538	-1	
0.10686903180977335	0.024314168581032622	-7.8789271300581902e-005	-1	
0.1060274320188714	0.025642271146180805	-0.00010528815691988091	-1	
0.10541095367002333	0.028917209696244336	-0.00013680241204524688	-1	
0.10488843862523504	0.030646676538431256	-0.00016148125949857616	-1	
0.1026147099461808	0.033623426452270795	-0.00025608790480073239	-1	
0.10544146542837403	0.032366629702114492	-0.00015168475690579121	-1	
0.10413856531256913	0.03393128680126347	-0.0002044121546158928	-1	
0.10186400058031803	0.035607354344134159	-0.00029798283154825421	-1	
0.10823827341283913	0.012036146631567587	-2.469011054488009e-005	-1	
0.10816471416455783	0.014486915058618053	-2.9452787301269699e-005	-1	
0.10770370702571701	0.0085025350287031339	-2.6164255799974185e-005	-1	
0.10786919086708638	0.010226476798866147	-2.686942153821919e-005	-1	
0.10851739478108247	0.0072367036938686576	-1.5474536639029158e-005	-1	
0.10748815398947636	0.02173448382653741	-5.6704994667226457e-005	-1	
0.11	0.018202031249999997	0	-1	
0.11	0.016331562499999997	0	-1	
0.11	0.020072499999999997	0	-1	
0.093309009110987842	0.049852456360996555	-0.00079688488643900627	-1	
0.092057408145044622	0.051164754322015601	-0.00086837146739599978	-1	
0.097059993383338317	0.047636446231050844	-0.00059112485439824828	-1	
0.095982165327487212	0.049562281757520976	-0.00065013273960642915	-1	
0.10265525996281771	0.037297404473909876	-0.00028012274207420113	-1	
0.10234575476808117	0.039137667331759218	-0.00030368505674710646	-1	
0.10177537770773695	0.040756666118105744	-0.00033748023016488409	-1	
0.10076578630094217	0.042144906822192969	-0.00038905302439268919	-1	
0.097873421193272775	0.046051296681401482	-0.00054439738505362577	-1	
0.10011943430298378	0.044789420677302155	-0.00043203059434519054	-1	
0.088043618860950981	0.056470192545359559	-0.0010605583224788271	-1	
0.087294873808585263	0.058223997131151978	-0.0010654549968337355	-1	
0.08958859859618537	0.056029713373591174	-0.00097383970563658703	-1	
0.09142018624854803	0.053987541728849966	-0.00088927640851373981	-1	
0.091132691172588695	0.055586134295474571	-0.00088814801377810264	-1	
0.090810915485553922	0.052481905401535543	-0.00093813003819500111	-1	
0.11	-0.00050265625000000115	0	-1	
0.11	0.0013678124999999988	0	-1	
0.11	-0.0023731250000000011	0	-1	
0.11	-0.0042435937500000017	0	-1	
0.11	-0.0061140625000000014	0	-1	
0.10898854073760111	-0.0073793474742222228	-1.481926247781581e-006	-1	
0.108919765625	-0.01	0	-1	
0.10850649673505387	-0.0094989609656098949	-4.2195117166458449e-007	-1	
0.10866163598892889	-0.0088682763365860243	-8.7014374239652821e-007	-1	
0.10947679818521192	-0.0084521484375000011	-4.4138387936225502e-007	-1	
0.0104414071459785	0.10616841962632897	3.7610651214513494e-005	-1	
0.0079144531250000018	0.10843160988066383	1.3925891273897907e-005	-1	
0.0097123206805898865	0.10811194888027402	1.8045902441756354e-005	-1	
0.006979218750000001	0.11	0	-1	
0.0051087500000000004	0.11	0	-1	
-0.00036913513505518289	0.10694806776756709	1.5848029952079958e-005	-1	
0.00029077308098009375	0.10830017301010168	9.3638748370462043e-006	-1	
0.0032382812500000003	0.11	0	-1	
0.0013678125000000001	0.11	0	-1	
-0.01	0.10798453124999999	0	-1	
-0.0018696100287815493	0.10705871375157558	1.3003726989411708e-005	-1	
-0.0047122792010201473	0.10837587286935337	4.8328157947234272e-006	-1	
-0.0062458957735992346	0.10766490508048303	4.8817859254716407e-006	-1	
-0.0023731250000000002	0.11	0	-1	
-0.0014378906249999997	0.10852837179974499	6.8063277485766683e-006	-1	
-0.0094767981852119151	0.10845214843750001	4.4332877437059628e-007	-1	
-0.008059356109246036	0.10795569003176884	2.2198913530371119e-006	-1	
0.023911619787734591	0.10456486895094275	6.3887404518256057e-005	-1	
0.022121792295882261	0.10468443752395393	6.2891422492685603e-005	-1	
0.01521983367308938	0.10483641533860057	5.7491327335321882e-005	-1	
0.01328274788382908	0.10525073984096876	5.0740671880117181e-005	-1	
0.01804674376024594	0.10619841443443255	4.3825709062280402e-005	-1	
0.01959665971942735	0.10632836510811136	4.2833769187935386e-005	-1	
0.015747571309160033	0.10674572388770713	3.6354084325566831e-005	-1	
0.021398237036103517	0.10633434186531292	4.3050014720617706e-005	-1	
0.02749425789675921	0.10272745741116801	8.2972001146991157e-005	-1	
0.029213745300840362	0.10307761993556958	7.608270087016092e-005	-1	
0.030756291466742684	0.1021620848637366	8.341198493359347e-005	-1	
0.033174112053384101	0.10146341751484708	8.4162705907721232e-005	-1	
0.026546829546452634	0.10430518110120364	6.5331983905618792e-005	-1	
0.01319414914166306	0.10686976942738383	3.3196937361429767e-005	-1	
0.011676946004853335	0.10744178444506736	2.5950727343325126e-005	-1	
0.087692348909650275	0.060089060996713163	-0.00099131746828028762	-1	
0.087065603116779397	0.062344169559673854	-0.0009557497274123582	-1	
0.085574032822248555	0.063472726012532635	-0.00098610439961212336	-1	
0.084215352353727888	0.069533654769293518	-0.00080384317518157307	-1	
0.0850091419626261	0.066776666049107425	-0.00088350204201836208	-1	
0.086111314243226184	0.065264848757646682	-0.00089811234341908967	-1	
0.083437134496841717	0.0718783112226693	-0.00073537228921652668	-1	
0.082739967031463399	0.073173319047166632	-0.00070167100655674078	-1	
0.081544243225028415	0.074060285084664682	-0.00068911214545084145	-1	
0.078948642204148739	0.077225984800459294	-0.00060489893300384398	-1	
0.080491503599603012	0.075192776027575153	-0.00066248783878300303	-1	
0.075175917283467369	0.081605085832634719	-0.00047570453444470694	-1	
0.077919343845794867	0.081805266733030083	-0.00046839654570634783	-1	
0.072663100750930326	0.083233660011440266	-0.00042186122783649115	-1	
0.079944482306599299	0.080065983464448459	-0.00050900762085741118	-1	
0.070166629478039602	0.084259260670305813	-0.00037898060805695012	-1	
0.07208255356407231	0.084919170243724598	-0.00037612923977353702	-1	
0.068555176835382009	0.08704638870659448	-0.00030303262465920203	-1	
0.070787216590667168	0.086477485960727962	-0.00033234655726492097	-1	
0.066624535814185204	0.088000790007418464	-0.0002661108233009642	-1	
0.064528312982293348	0.08917381515624298	-0.00022348288610023046	-1	
0.06174665032863582	0.08885939552738277	-0.00019347092806617418	-1	
0.061731568377935225	0.09040757115341222	-0.00017331736743234375	-1	
0.060267317120665048	0.092016689430848758	-0.00013763165412019267	-1	
0.058353405496669668	0.092031457129693794	-0.00011454019470079613	-1	
0.05400658780209474	0.093043799033369179	-5.2440697104754834e-005	-1	
0.056787059138683267	0.093131382070867741	-8.6581959611930164e-005	-1	
0.051276419143869247	0.092510066197868918	-1.7366455191049031e-005	-1	
0.05251928175348624	0.093402125381975634	-3.2145387243477015e-005	-1	
0.063029456544680729	0.089309020234687897	-0.00020374541713172651	-1	
0.046418324260819412	0.094563092444076721	4.1567895911855632e-005	-1	
0.048956218848509155	0.096178568408931187	1.0502973898905542e-005	-1	
0.049894868103644602	0.09433201527116522	1.1693492813067044e-006	-1	
0.047360358981768692	0.096455174975602742	2.6296980014998546e-005	-1	
0.044515167203686722	0.096913948972246283	5.1501532150810024e-005	-1	
0.043349578354219362	0.098172971214265298	5.4907729376151071e-005	-1	
0.035050582238693347	0.10221356238045008	7.005493907630259e-005	-1	
0.040101722938344173	0.10101543527045073	5.8358473492231439e-005	-1	
0.043106115232870133	0.099871341044556694	4.7775824653576643e-005	-1	
0.041967088913844187	0.10139707239859588	4.5932640771374898e-005	-1	
0.038987532233261443	0.10247482688316495	5.2746213395474962e-005	-1	
0.036764334565884002	0.1032845015182136	5.4534501406821238e-005	-1	
0.10839531163592026	0.0043781306498165877	-1.359314739119314e-005	-1	
0.11	0.0051087499999999987	0	-1	
0.11	0.003238281249999999	0	-1	
0.10800116224580732	0.023221742157683228	-4.8061097351235715e-005	-1	
0.106602784977111	0.027244777277877105	-9.5578047523392596e-005	-1	
0.10838010874994911	0.024748671875000003	-4.123923647882589e-005	-1	
0.10837251576328236	0.026619140624999996	-4.4838470953095993e-005	-1	
0.10649039056915384	0.030187000322611839	-0.00010903047209097257	-1	
0.10801383317974998	0.029511223091391921	-6.0478109609400968e-005	-1	
0.10395583239863129	0.035959169744592658	-0.00022266617473674122	-1	
0.10596139877531745	0.033690301313629517	-0.00013971719902668473	-1	
0.10695840366647871	0.032676191621636083	-0.00010217613644347919	-1	
0.10579745799481255	0.03510294445359162	-0.00015107580150859086	-1	
0.11	0.010720156249999996	0	-1	
0.11	0.012590624999999998	0	-1	
0.11	0.014461093749999997	0	-1	
0.11	0.0088496874999999982	0	-1	
0.11	0.0069792187499999984	0	-1	
0.11	0.02194296875	0	-1	
0.095907370324038024	0.051249632083798576	-0.00065299393415712247	-1	
0.094736435147374107	0.052466865105114155	-0.00071216511927284806	-1	
0.092776046364554332	0.053093229166827231	-0.00081828420970427127	-1	
0.098352790046006694	0.049198784288118372	-0.00052937181492756764	-1	
0.099121865086147884	0.047322418919060458	-0.00048832939593751977	-1	
0.097587500931327148	0.051076696955555556	-0.00056719885306134496	-1	
0.10551200037044635	0.036897620739403621	-0.00016817086113397604	-1	
0.10545150342857729	0.038713850115388179	-0.00017768166430727459	-1	
0.10413788154886046	0.040679009769201989	-0.00023826760328843059	-1	
0.10227674574547527	0.043128929251481291	-0.00032749447903613829	-1	
0.10198880441618466	0.044986471570072323	-0.00034757031748541736	-1	
0.10154011937719272	0.046811863421225099	-0.00037311744816459665	-1	
0.089189408069651574	0.057559299584957709	-0.0009688906402217153	-1	
0.088966214782072534	0.059135063168958384	-0.00094687964380005219	-1	
0.090714872198022947	0.057040984166563974	-0.00089099068132916326	-1	
0.093442672161698895	0.05542175646490468	-0.0007616642988636412	-1	
0.093256739840557767	0.056983562510053348	-0.00075402253726204152	-1	
0.11	-0.0079845312500000012	0	-1	
0.10938738281249999	-0.01	0	-1	
0.10915357421874999	-0.0095548360000471816	-2.0846934599070524e-007	-1	
0.10945660297684988	-0.0091535742187500019	-2.5331957915217741e-007	-1	
0.11	-0.008919765625000001	0	-1	
0.0088496875000000016	0.11	0	-1	
0.010720156250000001	0.11	0	-1	
-0.00050265625000000006	0.11	0	-1	
-0.01	0.108919765625	0	-1	
-0.00424359375	0.11	0	-1	
-0.0061140625000000006	0.11	0	-1	
-0.007572717440077239	0.10893484151283822	1.450359732200106e-006	-1	
-0.0094566029768498507	0.10915357421874999	2.5402065625245964e-007	-1	
-0.0086616359889288598	0.10886827633658608	8.7176647645384121e-007	-1	
0.025439918157591491	0.10657305937314093	3.9401740733017571e-005	-1	
0.023157004887351437	0.10672479313628733	3.8318266326231096e-005	-1	
0.018786345128112138	0.10837145527840099	1.8790000666395221e-005	-1	
0.017266796875	0.10754407765913253	2.7959771770299203e-005	-1	
0.020491650447659712	0.10807902685036222	2.2415492854105764e-005	-1	
0.015952598911415442	0.10844965426966655	1.7321006836999939e-005	-1	
0.014461093750000001	0.10788167747568007	2.3023674004887143e-005	-1	
0.022664044950431984	0.10840467502549704	1.8615291472787838e-005	-1	
0.029158335103506586	0.10472936989472782	5.738770517253931e-005	-1	
0.03064594509438677	0.10395246940896814	6.3653779619321339e-005	-1	
0.03221629107668237	0.10268167532002734	7.3899529613792605e-005	-1	
0.033702258698360174	0.10286431679882618	6.7946203296354268e-005	-1	
0.027792490385031388	0.10565986246458602	4.8403558373917047e-005	-1	
0.012969755620133369	0.10844980175773257	1.6260025392999806e-005	-1	
0.088654153420034965	0.062222897214285561	-0.00088323513654907067	-1	
0.090291009276044581	0.060262388678927768	-0.0008517342223184353	-1	
0.087394258572801989	0.063903074508333629	-0.00089043700169826718	-1	
0.086241098329621527	0.069367683659284474	-0.00075147587249700849	-1	
0.085679305198872763	0.071321035047655343	-0.00070203087050145171	-1	
0.087813523756142653	0.068079789468662902	-0.00074306105290244083	-1	
0.087399769547432726	0.066407850927397635	-0.00081070097668423265	-1	
0.084227736381555646	0.07311848717799907	-0.00067556149104197984	-1	
0.082974086533958505	0.074738400787021139	-0.00064409905487801844	-1	
0.081145282575494374	0.077853267513859181	-0.00056641015787678212	-1	
0.082833905453500514	0.076314675527844017	-0.00059525042922189519	-1	
0.076466734444536694	0.082813836320917725	-0.00044286729752944363	-1	
0.074034009496890832	0.084373216499532416	-0.00039802283119943122	-1	
0.080882027013712637	0.081556203316315606	-0.00046204650031544817	-1	
0.078949767582716324	0.084267891145356516	-0.00040132899847708379	-1	
0.080265827540669632	0.083205458752613037	-0.00042275944624478319	-1	
0.077263005805058779	0.084392835563047941	-0.00040133258026687379	-1	
0.082243952432350428	0.0790410589284221	-0.00052024733624688347	-1	
0.082392826407518771	0.080652195309487043	-0.00047424651315546707	-1	
0.073118433602160804	0.085949499784137004	-0.00035705211867610172	-1	
0.067933395891247167	0.089108340464820926	-0.00025840506505742106	-1	
0.069736800540351113	0.088527431795296832	-0.00028311885767730945	-1	
0.072124299529753286	0.087495080896259042	-0.00031844304547550776	-1	
0.066241062061600617	0.089671936499530314	-0.00023347802354470234	-1	
0.063482778357856109	0.09059052462369406	-0.00019110496277799228	-1	
0.065168954134752433	0.091097495644040127	-0.0002010180381541858	-1	
0.062442009822720849	0.092079974712098403	-0.00016086847642795418	-1	
0.058617281817596165	0.094072468770490747	-0.00010016968507844003	-1	
0.060623503810223099	0.094531198044588607	-0.00011644986268605077	-1	
0.053548238879282228	0.094407174637184538	-4.177033940529965e-005	-1	
0.055359971390887747	0.094257522010005784	-6.3094762937593028e-005	-1	
0.056483650365770119	0.095971699794564019	-6.558244305217738e-005	-1	
0.051819039849416042	0.09476232328306107	-2.108909787692645e-005	-1	
0.049605328548603743	0.09766246075820785	3.3785747710663153e-006	-1	
0.050572061245483475	0.096289623598539736	-5.9971719065232956e-006	-1	
0.04802966059009129	0.098242568040267958	1.653267170935657e-005	-1	
0.045280119980440521	0.098449716409470381	3.8481485361110928e-005	-1	
0.044749404416636614	0.10001122456898358	3.618925688167224e-005	-1	
0.035009526667014734	0.10423400097535446	5.1206706021926229e-005	-1	
0.040737787768633106	0.10265606408053524	4.433448630373834e-005	-1	
0.043871068009623947	0.10140710848178079	3.5539896391766125e-005	-1	
0.042909910622580094	0.10314135204065533	3.2202246546289678e-005	-1	
0.03832614638243835	0.10411585514703131	4.2921976025802021e-005	-1	
0.036846246062947709	0.10501333520509699	3.9868874172253626e-005	-1	
0.11	0.0238134375	0	-1	
0.11	0.025683906250000003	0	-1	
0.11	0.027554374999999999	0	-1	
0.10799676812265507	0.031527832158579495	-6.4832118836753608e-005	-1	
0.11	0.029424843749999999	0	-1	
0.11	0.031295312499999998	0	-1	
0.10756404940424961	0.034101015625000002	-8.5062315927231566e-005	-1	
0.10837628457500208	0.032914629190349862	-5.4668375027872241e-005	-1	
0.10814664172773719	0.036223577900450998	-6.8426295535185068e-005	-1	
0.0968851706140125	0.05250131234758533	-0.00059920467053377303	-1	
0.094151718991498073	0.054017811471730237	-0.00073519448654134388	-1	
0.096031788019623268	0.05384091491455098	-0.00063737640188674311	-1	
0.10009550769975224	0.04881728552989182	-0.00044447012068398058	-1	
0.10019732516894767	0.050920840683981894	-0.00043977654531512927	-1	
0.09952081072983128	0.052915242673802231	-0.00046874391420525412	-1	
0.10716219518745829	0.03786170945867709	-0.00010855782849911085	-1	
0.10586338685987035	0.040410804627298562	-0.00016650503215463906	-1	
0.10428266783636522	0.043558485634560468	-0.00024213149795200098	-1	
0.10619511742977904	0.042816340989888187	-0.00015893539376976004	-1	
0.10413500521828956	0.04560456429194084	-0.00025357977231151447	-1	
0.10413689736020917	0.04726501195117639	-0.00025636574179961153	-1	
0.10268613970756531	0.048072719969309903	-0.00032279513494344077	-1	
0.090437819224699872	0.058529071023198653	-0.00087933380494098143	-1	
0.092009289597517127	0.058051814014299319	-0.00080481234478409214	-1	
0.095015470353563863	0.055432470865220969	-0.00067900410105876767	-1	
0.094025223252429985	0.059143439189220083	-0.00068653764910839006	-1	
0.095208358059361911	0.057769522991511585	-0.00064640923949644494	-1	
0.10985499999999999	-0.01	0	-1	
0.10969498189676903	-0.0096949818967690185	-5.2440854505774516e-008	-1	
0.11	-0.009387382812500001	0	-1	
0.012590625000000001	0.11	0	-1	
-0.01	0.10938738281249999	0	-1	
-0.0079845312500000012	0.11	0	-1	
-0.008506496735053928	0.1094989609656099	4.2256232459916533e-007	-1	
-0.0096949818967690185	0.10969498189676903	5.2568764709517734e-008	-1	
-0.0091535742187500001	0.10955483600004719	2.0890005608039427e-007	-1	
0.026250603191125294	0.10823749691403263	1.9989202766450621e-005	-1	
0.024400159179657776	0.10817902032427833	2.1048805796802384e-005	-1	
0.0200725	0.11	0	-1	
0.01820203125	0.11	0	-1	
0.016331562500000001	0.11	0	-1	
0.02194296875	0.11	0	-1	
0.014461093750000001	0.11	0	-1	
0.0238134375	0.11	0	-1	
0.029297532410710515	0.10637617660081541	3.9040339643419698e-005	-1	
0.030785441798865311	0.10562492225409706	4.5496012881037795e-005	-1	
0.032647466937564297	0.10417018480279364	5.7387084883989809e-005	-1	
0.028577708195590676	0.10787954300330999	2.3070165640529075e-005	-1	
0.089475752587619542	0.063624303218926689	-0.00080767943160273028	-1	
0.090735647434852518	0.061944125924878621	-0.00079184703103693771	-1	
0.092186395633014409	0.06066091141484517	-0.00075027347052860802	-1	
0.089051869720877128	0.065192514715282354	-0.00078233033945313024	-1	
0.08736163886398815	0.070747419315184024	-0.00067602120345735671	-1	
0.088606399424804	0.069586187748832629	-0.00067377894081313897	-1	
0.086660076242610129	0.073597924479685092	-0.00060898524554201211	-1	
0.087832127426893891	0.07237480176990535	-0.00061654843830181755	-1	
0.089050054015429259	0.06690093530727885	-0.00073490554397885762	-1	
0.085271498601052334	0.074232885680447447	-0.00061922302905559096	-1	
0.085431667806881426	0.075751328770790924	-0.00057126690909733394	-1	
0.083428141886974422	0.077938507689508107	-0.00053826342856140108	-1	
0.085061176409447478	0.077370048300867522	-0.00053127763065064057	-1	
0.075646985544123649	0.084633541424092809	-0.00039501703851856079	-1	
0.074577221348827979	0.085868476791534226	-0.00036364310474660237	-1	
0.082167659752897415	0.082910158816600285	-0.00041901228918866538	-1	
0.080408001555302103	0.085124821762895278	-0.00037655897414745832	-1	
0.078422147985118443	0.086834937972527546	-0.00034373511570336373	-1	
0.079963192161857904	0.086616375138004922	-0.00034513705533682212	-1	
0.081772702902232056	0.08440274504268426	-0.00038631988789466072	-1	
0.076052637726495273	0.086463480127183162	-0.00035273384863690753	-1	
0.083999902659003478	0.080426956578625836	-0.00046433826007996371	-1	
0.084786997506954231	0.079007834221570095	-0.00049197997702395081	-1	
0.084485682470720413	0.081975324925788212	-0.00042174384694633645	-1	
0.073786430313456178	0.087248886873827841	-0.00033069668943150787	-1	
0.067005281803254144	0.090967616382754454	-0.00021929820864626334	-1	
0.068463050745792522	0.090596499307567593	-0.00023674460956743057	-1	
0.070017249406828727	0.090878665089018554	-0.00024225450899948513	-1	
0.071550776789359977	0.089074435797813892	-0.0002835570484286936	-1	
0.073161793321387031	0.088765644846103414	-0.0002969093823108409	-1	
0.066202219535320198	0.092659945858575982	-0.00018774440616687452	-1	
0.06351290114255298	0.09354791629495636	-0.00015351733946375269	-1	
0.059288348214766501	0.095754008393851495	-9.3518062373492908e-005	-1	
0.062949049577481542	0.095515834643012845	-0.0001265731516236082	-1	
0.060207472210528266	0.097197739850685541	-8.924605950013509e-005	-1	
0.061916791826438312	0.097283622850763432	-0.00010117298335108077	-1	
0.053468010200188182	0.095843294455017686	-3.6044484399199628e-005	-1	
0.054933659243171985	0.096897897383192419	-4.6609206590699924e-005	-1	
0.058527947860421647	0.097526901507681313	-7.37871288263235e-005	-1	
0.055389646166959891	0.098662496816038794	-4.2662282728322984e-005	-1	
0.057193880366712267	0.098920322698197977	-5.4893318313864461e-005	-1	
0.051338935857641224	0.09785644434921846	-1.1567129959936648e-005	-1	
0.0495901683402247	0.099341455738028758	3.1848956376393607e-006	-1	
0.04751875471874336	0.10008151170475003	1.6992245413241987e-005	-1	
0.046088852692039363	0.1018283309438674	2.1892167598381235e-005	-1	
0.034118618219536739	0.10601926905585585	3.6590175868025967e-005	-1	
0.041450424993022116	0.10457013474187946	2.9997721487614974e-005	-1	
0.039572032901861502	0.10537210822153374	3.0449401113225638e-005	-1	
0.044652378338409432	0.10408751825409737	2.1116544025224855e-005	-1	
0.043246961938075222	0.10591761199959179	1.7895085797024488e-005	-1	
0.03693459597276106	0.10674185182453982	2.5722763403599703e-005	-1	
0.035302116400277868	0.10725542326944854	2.3754649662892333e-005	-1	
0.11	0.033165781249999998	0	-1	
0.10893555069472076	0.034168752586618382	-3.7119348052107909e-005	-1	
0.11	0.035036249999999998	0	-1	
0.11	0.036906718749999998	0	-1	
0.097978251381494547	0.054139271694822681	-0.00053844652644407956	-1	
0.096805716068974632	0.055290339326960591	-0.00058964503443594831	-1	
0.1017462166459506	0.049493869669630194	-0.00036747903975774119	-1	
0.1013026871963679	0.052407726943022398	-0.00038602451353978036	-1	
0.10271369930973184	0.051131818236330354	-0.00032234173341933207	-1	
0.10107077906243245	0.054975324860101163	-0.00038926902391290126	-1	
0.10829404706418418	0.039209249585882004	-6.6921725644147762e-005	-1	
0.10756332690832043	0.04081018716089542	-9.8578844498388487e-005	-1	
0.10647813588240376	0.045228093655114619	-0.00015081640383526589	-1	
0.10809564962083694	0.042642875217588624	-7.9021362182894977e-005	-1	
0.10565762829327116	0.047454920712988763	-0.00018919477732606886	-1	
0.10485652828073094	0.048761414753730185	-0.00022561324239748099	-1	
0.10341556353204651	0.049612545516816778	-0.00029077353492514951	-1	
0.096817196138207856	0.056933404742844008	-0.00057647799332425297	-1	
0.095652269549168376	0.060335183891053329	-0.00059441416156685509	-1	
0.093961776126289878	0.061435078010176752	-0.00065434790207367292	-1	
0.096775753888179494	0.058819564956957636	-0.00056069287025071069	-1	
0.11	-0.01	0	-1	
0.11	-0.0098550000000000009	0	-1	
-0.01	0.10985499999999999	0	-1	
-0.008919765625000001	0.11	0	-1	
-0.009387382812500001	0.11	0	-1	
-0.0098550000000000009	0.11	0	-1	
0.025683906250000003	0.11	0	-1	
0.027554374999999999	0.11	0	-1	
0.030961002680094003	0.10782171141211416	2.23206005782141e-005	-1	
0.032359459184480709	0.10660454117963573	3.3388434276525717e-005	-1	
0.029424843749999999	0.11	0	-1	
0.091051221997539344	0.064020358922618495	-0.00073074574960832462	-1	
0.09290954911166889	0.063181479208899466	-0.000669362892158304	-1	
0.091693144570603652	0.066247306191563229	-0.00065362669351746322	-1	
0.089074285365611919	0.071222943793833773	-0.00061520219739117385	-1	
0.090625581389200655	0.067561554494436557	-0.00066132940321020567	-1	
0.090869890886671467	0.069824395495962074	-0.00059757046939539187	-1	
0.087125355758736756	0.075290417598880707	-0.00055215024035485554	-1	
0.088456259732650422	0.074145990843307294	-0.00055437227125988545	-1	
0.090300294891340005	0.073790763870310985	-0.00051959534533792717	-1	
0.086653607453524129	0.076899219072287861	-0.00051864923238817049	-1	
0.087521252251582596	0.078333785609158879	-0.0004686996057090291	-1	
0.084315727209795965	0.083641531103757744	-0.00038521348993700392	-1	
0.083228899851066809	0.084915867837332348	-0.00036579587568464755	-1	
0.082486247040897881	0.086798503260077708	-0.00033079304208337098	-1	
0.077197915181950641	0.088031422469703552	-0.00031933083018297048	-1	
0.07936314808232163	0.087927663947551193	-0.0003191181321632148	-1	
0.080805204326323293	0.087925421501656498	-0.00031505326565556057	-1	
0.075749955193009269	0.088944512267455908	-0.00029973207025184138	-1	
0.086100246090636712	0.080098118810292107	-0.00044721109451404908	-1	
0.085934224517399571	0.083210724553784796	-0.000379042405477565	-1	
0.086931378421801278	0.081588944546265904	-0.00040274673703909311	-1	
0.067990996431452316	0.092103919531161982	-0.00020903635284287816	-1	
0.069530781922307244	0.092362249668390864	-0.00021460058800284532	-1	
0.071240162993841644	0.092101207187732376	-0.00022747136755723495	-1	
0.073804455716355091	0.090202178957293822	-0.00027116323930934702	-1	
0.072840469297993884	0.091446114402457604	-0.00024552156953285714	-1	
0.065619437328758953	0.094685941374199278	-0.00015611580451621181	-1	
0.067690634512038259	0.094292958985807709	-0.00017494108667669679	-1	
0.064430373541200847	0.096928743177406282	-0.00012159452964521893	-1	
0.059370806636876425	0.099262109787659855	-6.7506594363118144e-005	-1	
0.061517782988488513	0.099758415082687138	-7.6910699435451215e-005	-1	
0.062550010809020645	0.098655278316865033	-9.2562097749870914e-005	-1	
0.053638784895117322	0.098156314991168434	-3.0775622052396046e-005	-1	
0.055958874055702296	0.10112092801349473	-3.5938128973730357e-005	-1	
0.05402725409585251	0.10009378467000163	-2.7755956243166326e-005	-1	
0.057628272666438399	0.10061096180405124	-4.817795360683275e-005	-1	
0.051780461667418592	0.099544069572670021	-1.3059159836071146e-005	-1	
0.050506485908925217	0.10134115555010779	-3.2054219236590609e-006	-1	
0.04857944502353926	0.10240841637557799	7.3983804041107257e-006	-1	
0.047118301452580252	0.10304511283088677	1.3631033732664483e-005	-1	
0.033858974360044015	0.1081752527293541	1.688160349944042e-005	-1	
0.039907350324364398	0.10700789608477851	1.9031053047995482e-005	-1	
0.041536733019541403	0.10737306965998709	1.406156003083659e-005	-1	
0.038548953268584256	0.10797897648630084	1.4268036388168936e-005	-1	
0.045000281762490324	0.10597733519166271	1.3307815077532198e-005	-1	
0.046602029489376147	0.10526172252703592	1.0795903081786853e-005	-1	
0.043453359375	0.10815382309271865	7.8181591331661936e-006	-1	
0.036549072326875327	0.10836774657289559	1.3130739793997512e-005	-1	
0.035036249999999998	0.11	0	-1	
0.11	0.038777187499999997	0	-1	
0.098750173897858021	0.056098326247688526	-0.00049118104764266546	-1	
0.10293174145234438	0.052791113450229459	-0.00031044042836162399	-1	
0.10250086671325519	0.054308887119320789	-0.00032645228574147499	-1	
0.10433409251116613	0.050692430161865872	-0.00024925068811307673	-1	
0.10420661622403816	0.052125120615428039	-0.00025398138293236992	-1	
0.10236013735471572	0.055874509223358293	-0.00032775872033844621	-1	
0.10084149321849489	0.05746070763917089	-0.00038785838094250051	-1	
0.11	0.040647656249999997	0	-1	
0.10838563013879167	0.045323828124999993	-6.9060316518623885e-005	-1	
0.10790289703911629	0.047125999631665569	-9.0842333613527329e-005	-1	
0.11	0.042518124999999997	0	-1	
0.11	0.044388593749999997	0	-1	
0.1063428442053107	0.048773924379505375	-0.00015980242306821963	-1	
0.10558903726257589	0.050032915186293325	-0.00019330945065387881	-1	
0.09838658879575507	0.057911422440280129	-0.00049514555219516319	-1	
0.096069500104532815	0.062825508191440893	-0.00054215726905356798	-1	
0.096960292165930606	0.061396150619556569	-0.00052339254620168405	-1	
0.094520094469020433	0.063274862035306481	-0.00060007637221145909	-1	
0.098311193630867433	0.059660384494582122	-0.00048329172580147399	-1	
-0.01	0.11	0	-1	
0.031295312499999998	0.11	0	-1	
0.033165781249999998	0.11	0	-1	
0.093036361011483229	0.065216428244935468	-0.00062420929396101842	-1	
0.094609474082928552	0.064885634516128027	-0.00056858065871247536	-1	
0.093225441424688429	0.06696772697059071	-0.00058224245192884392	-1	
0.09238566110959559	0.068516135072972675	-0.00057890154415283102	-1	
0.091020828225573697	0.071870154078479798	-0.0005457094799262846	-1	
0.093322117247719674	0.070671916128457024	-0.00050512422019974225	-1	
0.088717426894276821	0.075795810193820534	-0.00050755622684461237	-1	
0.090240949631129302	0.075371228709178811	-0.00048522163156857053	-1	
0.092805013203005604	0.074676160754158283	-0.00044034964896795845	-1	
0.09289034268598359	0.072651668660207461	-0.00047827084745832231	-1	
0.087806805838737331	0.080066556916946363	-0.00042425457337990464	-1	
0.089947909739426818	0.076925422580186545	-0.00045714676293409683	-1	
0.089448045254591463	0.079441760601276001	-0.00041200150307774141	-1	
0.085474192848491976	0.084738101265238813	-0.00035219603239361691	-1	
0.084509870895131178	0.086826713683778645	-0.00031817161578404269	-1	
0.082524601818100313	0.088672996552101674	-0.00029408146227822348	-1	
0.076918604168234234	0.089901200537997591	-0.00028198529974794142	-1	
0.078315819828436453	0.089327806020085151	-0.00029256060571688646	-1	
0.080086516356887655	0.089431431483144905	-0.00028793737738984072	-1	
0.075303100760877026	0.090682499930237526	-0.00026558261860404146	-1	
0.087826710643202077	0.083418046924735159	-0.00035435689729258952	-1	
0.088591227137424969	0.08153052213611342	-0.00038218843192611932	-1	
0.070004656456287132	0.093849904448134278	-0.00019405397834578234	-1	
0.072768160722110897	0.093551690243604851	-0.00020967907394278806	-1	
0.071461300680306164	0.094394810609180202	-0.00019202828270306794	-1	
0.075052775183635997	0.092993327651788332	-0.00022451199839190473	-1	
0.066903813642187671	0.096357668150653289	-0.00014313828378218055	-1	
0.068329535972900396	0.095718707736101749	-0.00015886747320595208	-1	
0.066005842231306996	0.098110393739363491	-0.00011736320018618986	-1	
0.063960652773801474	0.099196105687463343	-9.5248899860389213e-005	-1	
0.060115600567240628	0.10093216701476454	-6.0028273923058561e-005	-1	
0.061639195904394727	0.10172815888457525	-6.1315325822904903e-005	-1	
0.063340140727329394	0.10147969859089798	-7.0757425865238324e-005	-1	
0.054233824497408628	0.10296269574135226	-2.0169753348505204e-005	-1	
0.055922814033208174	0.10281590116232345	-2.8354293240771953e-005	-1	
0.052649353603542774	0.10151014878618447	-1.5419515744235529e-005	-1	
0.05865026283675695	0.10202605662351533	-4.5407290660061159e-005	-1	
0.050512767327786437	0.10354399299016311	-2.1749839153382115e-006	-1	
0.048869862563041065	0.10506981516645665	3.7251136518912915e-006	-1	
0.04043648663435407	0.10846461240521771	9.221603368164705e-006	-1	
0.042518124999999997	0.11	0	-1	
0.036906718749999998	0.11	0	-1	
0.038777187499999997	0.11	0	-1	
0.045715797558582363	0.10757912619297995	6.8225689953632077e-006	-1	
0.047830339836045697	0.10628125187591012	5.4075440787079649e-006	-1	
0.044388593749999997	0.11	0	-1	
0.10438740407788809	0.05402440222561701	-0.00024313317699869229	-1	
0.10383384357488272	0.0554535835384867	-0.00026429878234632178	-1	
0.10550089632455716	0.051497672481389326	-0.00019682680991843155	-1	
0.10541464340048638	0.052968376714068961	-0.00019938943695893657	-1	
0.10237863850684173	0.057412305097616578	-0.00032091762659084599	-1	
0.10384646661271214	0.057749728424992416	-0.00025640092412618925	-1	
0.099827672812500712	0.058849651552890972	-0.00042354171496858378	-1	
0.10285757715782523	0.058885717639841746	-0.00029329315029148751	-1	
0.10168768287752189	0.0599014312431305	-0.00033695914581813389	-1	
0.11	0.046259062499999996	0	-1	
0.11	0.048129531249999996	0	-1	
0.10820327020377564	0.048972751687619082	-7.832023988285251e-005	-1	
0.1071401324074555	0.050512379961018719	-0.00012487517084599207	-1	
0.096088457616476206	0.064386372033101588	-0.00051911552585893268	-1	
0.098271112211274769	0.063710811668658177	-0.00044203487149593906	-1	
0.098644417510238613	0.061378963717223171	-0.00045238935240788942	-1	
0.1001089995345215	0.060522690556402609	-0.00039840192409366638	-1	
0.094576444294353218	0.066364729923884327	-0.00054442005247748069	-1	
0.096964796834910771	0.065678147901314154	-0.00046704951566622791	-1	
0.094376367155784249	0.06830120685069431	-0.00051686679048573399	-1	
0.09522210066865068	0.070097069039400384	-0.00045758510565309125	-1	
0.094943098319473118	0.072062404599747013	-0.0004322445544669393	-1	
0.091921217220664778	0.07649276248201628	-0.00042501925775308179	-1	
0.094126051507039871	0.073717796347654893	-0.00042521275813208018	-1	
0.093678036291845887	0.076224184651368224	-0.00039204414877752028	-1	
0.091247738280465243	0.078137442820893438	-0.00040677236586437505	-1	
0.0916283655860477	0.07987343537681825	-0.00036694670652139905	-1	
0.09022574383153828	0.08123579155841483	-0.00036430392482488644	-1	
0.086600784982828125	0.085867392599634856	-0.00031999698572158201	-1	
0.084653283845742569	0.08856600238257592	-0.00028479854348264984	-1	
0.086239492526102066	0.087838242480878168	-0.00028710154102870811	-1	
0.082054711663861593	0.090347796643513167	-0.00026510693192906184	-1	
0.083772254614510544	0.090072481704001117	-0.00026286324936953089	-1	
0.076942957690535108	0.091411299799714463	-0.00025403220544759341	-1	
0.078759866054280814	0.091783110426620199	-0.00024686444614682577	-1	
0.080466111811851024	0.091056388637141716	-0.00025718997282933083	-1	
0.089027545176017284	0.08474759556066383	-0.00031606011868887666	-1	
0.089845983351204139	0.083153901078054912	-0.00033416833449691159	-1	
0.06968489570580938	0.096495852877028249	-0.00015461458780738943	-1	
0.074032358048063518	0.095237063577327474	-0.00018650145661350078	-1	
0.071662140738758831	0.095937016299298905	-0.00016991340629775057	-1	
0.075990841839846016	0.094952460549534032	-0.00019401404232857552	-1	
0.077440500273571813	0.093605186237587276	-0.00021655047951699936	-1	
0.069113511420696633	0.09805199639242175	-0.00013206152853668986	-1	
0.067758948164304306	0.099007622378991217	-0.00011484236779374045	-1	
0.065949228808948407	0.10038233319674554	-9.2351647273476229e-005	-1	
0.060686615014897451	0.10315908007638389	-4.6565841456311685e-005	-1	
0.062327965903410824	0.10383286680040066	-4.7038688989387488e-005	-1	
0.065544510106968754	0.10234027246137192	-7.0961537674774116e-005	-1	
0.064098715788301175	0.10372121495829434	-5.3482465972726117e-005	-1	
0.052463921222956532	0.10383346402321428	-1.0303428380474285e-005	-1	
0.053979165979508824	0.10467919895723933	-1.4136889736072858e-005	-1	
0.058411045247693638	0.10366132958883335	-3.4872126229482075e-005	-1	
0.056859033665685788	0.10422931090483838	-2.5919602314429977e-005	-1	
0.051161741901484398	0.10589016292057339	-3.191090537459867e-006	-1	
0.04957086239501228	0.10672305750408832	1.0026724447546267e-006	-1	
0.040647656249999997	0.11	0	-1	
0.046259062499999996	0.11	0	-1	
0.048175097044411572	0.10857241281319295	1.6811372934362814e-006	-1	
0.10644812314940662	0.055001316512577308	-0.00015187903676868434	-1	
0.10483535606759906	0.056613739210143101	-0.00021777502409493787	-1	
0.10711711882675665	0.052330341037730335	-0.00012535055050439601	-1	
0.10539846689867284	0.058102346025944641	-0.00019001205502640234	-1	
0.10435042669843347	0.059300117205596921	-0.00022947912029083704	-1	
0.10321821431810381	0.060482694111672827	-0.00027047654478060958	-1	
0.10189457594489483	0.062743595082640879	-0.00030929545517124809	-1	
0.11	0.050000000000000003	0	-1	
0.11	0.051870468749999989	0	-1	
0.10036861164709815	0.065124762674289238	-0.00034724360018315834	-1	
0.098699525267801777	0.06560333400032993	-0.00040361377227590093	-1	
0.10016769497300741	0.062303741825777331	-0.00038141762426812954	-1	
0.09619880515073144	0.06751092700057737	-0.00046740649984375657	-1	
0.097908431830867199	0.067148989534302497	-0.00041307758023922616	-1	
0.096376027781964829	0.06905536470872882	-0.00043786401683228393	-1	
0.096639445514017416	0.070878244688262856	-0.00040193212490251278	-1	
0.096772345282205491	0.072491142532727565	-0.00037414500110621033	-1	
0.095723894266980747	0.074050216339356434	-0.00037883522146902449	-1	
0.093537024374201805	0.07854522616651223	-0.00035486143311193877	-1	
0.095276168922784482	0.077001693103997917	-0.00034348604317430191	-1	
0.092542252181580936	0.081251450325051253	-0.00032756605693478707	-1	
0.093881130527714921	0.080207659662409087	-0.00032126493137230792	-1	
0.091424259629130075	0.08246973048975613	-0.00032425493839428752	-1	
0.08813652113819978	0.08807013597510055	-0.00026784543778389297	-1	
0.08925992417821299	0.086524025449468855	-0.00028323479917003228	-1	
0.085445438842010807	0.090040140063643706	-0.00025454184972071507	-1	
0.087075049476820029	0.089659403120632641	-0.0002504311465620461	-1	
0.081870802931955561	0.09207053508581603	-0.00023628949570273013	-1	
0.084640110800961649	0.091673747499671346	-0.00023232139884082046	-1	
0.080043473656420658	0.093121673338200386	-0.00022275993670192506	-1	
0.0917508088485402	0.085248904167603515	-0.00027515158428306243	-1	
0.0706940742235877	0.097749374835333067	-0.00014146376237643288	-1	
0.075217605759616807	0.096512382438432062	-0.00016959225517637868	-1	
0.072579914851435182	0.097775354385460603	-0.00014647635011254636	-1	
0.077764009312830673	0.095831400114494661	-0.00018135796789269342	-1	
0.079326192873466955	0.094831909410482376	-0.00019614025058755659	-1	
0.069431786307492929	0.099678884138460114	-0.00011282418495807537	-1	
0.067518949918083451	0.10202577154884042	-8.0198518403933137e-005	-1	
0.061695767398115775	0.10537078312469214	-3.3588825817567328e-005	-1	
0.060033170219675427	0.10539592657039391	-2.9255902901338453e-005	-1	
0.063356016408417662	0.10527894198787885	-3.8099844779317262e-005	-1	
0.065821188348032175	0.10407726117033195	-5.4805666136272365e-005	-1	
0.067472824367515283	0.10371585654095572	-6.2377636511296404e-005	-1	
0.065080042835289148	0.10535541908919868	-4.1235474200379648e-005	-1	
0.052944596873405289	0.10615516044095311	-7.6181177143748964e-006	-1	
0.054745213475715301	0.10623624920833766	-1.167512334164145e-005	-1	
0.058264224414484964	0.10530747246506046	-2.5055373328760829e-005	-1	
0.056758487642487108	0.10624007643454841	-1.6674347677756922e-005	-1	
0.051793489915785064	0.10776973779110209	-2.7708005617758331e-006	-1	
0.050181461608046617	0.10830966591279884	-2.2377362653365458e-007	-1	
0.050000000000000003	0.11	0	-1	
0.10808681124363191	0.055829242425436014	-8.0913054558573604e-005	-1	
0.10808998382524501	0.05399328220743984	-8.2095508861692088e-005	-1	
0.10734054279649402	0.057506693882899106	-0.00011027007289247386	-1	
0.10619148648971062	0.059853630809450303	-0.00015277331934060372	-1	
0.1056806690539619	0.061706991004351265	-0.00016719693821339959	-1	
0.10405224906372307	0.063191815202279622	-0.00022344624005992219	-1	
0.10165735841518847	0.064271113599374916	-0.00030670625002862884	-1	
0.11	0.053740937500000002	0	-1	
0.10100638722601359	0.066807421430310168	-0.0003086361997113392	-1	
0.09952079630180076	0.067822861130229048	-0.00034965752995667584	-1	
0.097777655365397009	0.069727775158337876	-0.00038316204865809653	-1	
0.098459099532910294	0.071540232866189074	-0.00033895485328773358	-1	
0.098322781139902476	0.073269891294445	-0.00032107139479570077	-1	
0.096711604032178877	0.075709744644405261	-0.00032958388374989986	-1	
0.095544590067402915	0.079055670621779719	-0.00030696759279241461	-1	
0.096576263714066884	0.077636214933254608	-0.00030596999837126057	-1	
0.093111692469274518	0.082803820018713309	-0.00029414987810786789	-1	
0.095316310647383246	0.081114496029828412	-0.00028257297450748179	-1	
0.08981735256489029	0.088110239874256452	-0.00025238694520177612	-1	
0.089201714150170641	0.089930690557323972	-0.00023031324657888985	-1	
0.090978685959046401	0.086811070309325902	-0.00026024906159004008	-1	
0.087967621875934737	0.091133660713851081	-0.00022173152932986796	-1	
0.08687078368920087	0.092462971411523404	-0.00020862641253530849	-1	
0.081417514923212378	0.093493873983349185	-0.00021413523074992832	-1	
0.083354970777299822	0.092964344891706255	-0.00021671377884313202	-1	
0.085231882852532498	0.093548168769744061	-0.00020064594644453714	-1	
0.08117959747038743	0.094897411659629019	-0.00019263806181349355	-1	
0.092296292293894633	0.087848914189482097	-0.00023105392675754158	-1	
0.094075260004436417	0.084936722596243394	-0.000249386451252121	-1	
0.093869795046585963	0.087268142753818612	-0.00022104924775655815	-1	
0.071189686571579813	0.099280429041171459	-0.00012297668396806839	-1	
0.075467981710825957	0.098235334039112582	-0.00014515759551401902	-1	
0.078040721137592875	0.097922029261361648	-0.00015086239305132394	-1	
0.073216377240152716	0.09958127671573834	-0.00012349034145021502	-1	
0.079499625510122574	0.096399236532357865	-0.00017227843941771277	-1	
0.070426661495632217	0.10118194872890757	-9.7654293778802877e-005	-1	
0.069355203926809994	0.10292155824459409	-7.5065489383090327e-005	-1	
0.061883795919290323	0.10745619278769979	-1.8631000891956581e-005	-1	
0.060415343353365444	0.10843240839746195	-1.0223079930706111e-005	-1	
0.058768175517940877	0.10780297374870376	-1.2147470760322664e-005	-1	
0.064389005931024937	0.10666134877090661	-2.8483220956451918e-005	-1	
0.067036055223879426	0.10534918062458277	-4.4972234947835366e-005	-1	
0.069138831265845538	0.10503642595604673	-5.1523412409938632e-005	-1	
0.065973658092598739	0.10653203971987127	-3.1955879468694683e-005	-1	
0.053764086819926421	0.10799031677669289	-4.9454739034413493e-006	-1	
0.0560864005526895	0.10813786105403994	-7.3124913317221988e-006	-1	
0.051870468749999989	0.11	0	-1	
0.11	0.055611406250000002	0	-1	
0.11	0.057481875000000002	0	-1	
0.10806666409868416	0.059382059332409039	-7.7872181560490847e-005	-1	
0.1078218568693028	0.061300063540850006	-8.4770575558967446e-005	-1	
0.10695025641524451	0.062518150988466623	-0.00011577193430784908	-1	
0.10576995527432931	0.06344027549107463	-0.0001574614907558138	-1	
0.10295886454643535	0.065105180003021609	-0.00025252495805700798	-1	
0.10454063652890039	0.065067034783018993	-0.00019566830695811417	-1	
0.10126815679575593	0.068587751419562651	-0.00028365558768634138	-1	
0.10262186378264598	0.066689508988482638	-0.00025319743927636413	-1	
0.099934298903610455	0.069951257552337012	-0.00031257564476555518	-1	
0.10007231371938616	0.072537575016900141	-0.00028110651785788341	-1	
0.098748208631934051	0.074951947307701619	-0.0002892545828133325	-1	
0.10059225442877334	0.074795039721973614	-0.00024370304481876855	-1	
0.099161935672459178	0.076525885872008592	-0.00026100257100820999	-1	
0.098022032152242561	0.077687381732040872	-0.0002734187848885335	-1	
0.097118049048558822	0.078977607146387074	-0.00027682252613460835	-1	
0.095142273867935459	0.083170581067724181	-0.00025724498394514612	-1	
0.097879694050561031	0.080356651729602421	-0.00024494669433763959	-1	
0.097139284743856177	0.082566443765606637	-0.00023215302290269726	-1	
0.091177523946518943	0.089098539636614196	-0.00022519344166616035	-1	
0.090791959545225093	0.090944776651628312	-0.00020351344153402066	-1	
0.08919419401464794	0.09264096752078349	-0.00019228393358450331	-1	
0.086836837798586586	0.0941918649317839	-0.00018419582589480245	-1	
0.088488427862596974	0.09413524000609734	-0.00017642261129428941	-1	
0.082592775916145486	0.09429716989494441	-0.00019857384629226403	-1	
0.083612644382746806	0.095444877090381977	-0.00017873690013511746	-1	
0.085681550622938682	0.095993812347495919	-0.00016416462629090329	-1	
0.081072582845912802	0.096510584663045004	-0.00016885806819152692	-1	
0.094014353136662385	0.090081755199129671	-0.00018527503873089096	-1	
0.095767536013018392	0.086553490269977135	-0.00020625200078649769	-1	
0.096922796907475794	0.084886900574198912	-0.00020947308345346645	-1	
0.095764212107079236	0.088581330968845282	-0.00018369352736224328	-1	
0.072071067079107654	0.10081653453844672	-0.00010553909657557164	-1	
0.076969905606237399	0.099848730440073197	-0.00012407167624025461	-1	
0.075051109837004928	0.10012917828837319	-0.00011891878716182359	-1	
0.079174175709757821	0.099852810264409286	-0.00012406064125258963	-1	
0.080147857525520685	0.097836730337783367	-0.00015103208527941615	-1	
0.073631744548800393	0.10145047703516764	-0.00010019826769403288	-1	
0.071834832662953638	0.10363616623514008	-7.1247509497073414e-005	-1	
0.070904313432412519	0.10514009742203649	-5.2908857272601386e-005	-1	
0.061222812500000001	0.11	0	-1	
0.063093281249999994	0.11	0	-1	
0.06402851562499999	0.10844220296755769	-1.2986872760175506e-005	-1	
0.059352343750000001	0.11	0	-1	
0.057481875000000002	0.11	0	-1	
0.065898984374999997	0.10812020442787866	-1.7198461215664148e-005	-1	
0.068426873082132619	0.10747492727292701	-2.5405115188034395e-005	-1	
0.069866428185315577	0.1065720433941964	-3.615306719869432e-005	-1	
0.053740937500000002	0.11	0	-1	
0.055611406250000002	0.11	0	-1	
0.11	0.059352343750000001	0	-1	
0.11	0.061222812500000001	0	-1	
0.10842339711445489	0.062788855369453903	-5.9400224378403316e-005	-1	
0.1074028118773116	0.06402851562499999	-9.5158265373799337e-005	-1	
0.1061222487143121	0.065022756602413759	-0.00013867364340606656	-1	
0.10533095154794238	0.066437749863915499	-0.00016098216014238465	-1	
0.10314058690609962	0.068223977681601239	-0.00022479154711992633	-1	
0.10250066211185298	0.069930941124462492	-0.00023297800331541544	-1	
0.10170389477590187	0.071570572104261834	-0.00024310884939936805	-1	
0.10158805542283042	0.07323507008395673	-0.00023216389075900298	-1	
0.10239851069162781	0.076721037982885446	-0.00018267547287982941	-1	
0.10243876413085426	0.074670433095261141	-0.00019758979629490197	-1	
0.10050897622912097	0.077439085963435766	-0.00022043289108038364	-1	
0.098603872815662005	0.079056838297464321	-0.00024520741369891443	-1	
0.098832730664972057	0.081904910803360445	-0.00021014837579874684	-1	
0.10032612932135213	0.080868018619474236	-0.00019225244804752466	-1	
0.098898767242059329	0.085245055048003546	-0.00017609334913347153	-1	
0.099911395916067805	0.083678326872302589	-0.00017457921314960824	-1	
0.092589962724657762	0.091210773144900392	-0.00018486858229962245	-1	
0.09152403390134714	0.092682970587948943	-0.00017547527758081532	-1	
0.090333318496560691	0.094092800158071435	-0.00016622141935293048	-1	
0.08779152659062342	0.095633667428052918	-0.00016030774844625912	-1	
0.089442532120244861	0.09549025694043356	-0.00015416787501621484	-1	
0.084249758597968238	0.097216892797901605	-0.00015219321926294562	-1	
0.082217702220704847	0.09765184751019175	-0.00015069704700603151	-1	
0.087016731101335926	0.097455299709722609	-0.00014036105666657395	-1	
0.085530309836687829	0.098530769463285484	-0.00013140364244036066	-1	
0.094938109418916838	0.091361633588414023	-0.00016217287801520146	-1	
0.096410863800037189	0.090793822974518393	-0.00015359500100490598	-1	
0.09807257917436582	0.086917618136428038	-0.00017198972104241793	-1	
0.097689018527423552	0.089219507427622968	-0.00015481235484101534	-1	
0.076241500484475672	0.10156938344854409	-0.00010121412302912325	-1	
0.078068131883864578	0.10196262450404969	-9.6666529298579994e-005	-1	
0.074888300410437605	0.10257050300576273	-8.7556469824125473e-005	-1	
0.080084496419135148	0.10159945984444853	-0.0001008287661873057	-1	
0.081395862061575106	0.10012983788584812	-0.00011862874070635788	-1	
0.073446720615001612	0.10334732843060283	-7.6709455437831505e-005	-1	
0.073013544442298697	0.10548293127797137	-5.1116438424895831e-005	-1	
0.071497596214805184	0.10704828813499963	-3.2300531811490542e-005	-1	
0.064963750000000001	0.11	0	-1	
0.066834218750000007	0.11	0	-1	
0.0687046875	0.11	0	-1	
0.07025306109746994	0.10827935012468096	-1.8257114846516796e-005	-1	
0.11	0.063093281249999994	0	-1	
0.11	0.064963750000000001	0	-1	
0.10807982621410658	0.066222287796808707	-6.669844905134387e-005	-1	
0.1049517635636721	0.068208852942578904	-0.0001652230455327384	-1	
0.1068555022068616	0.068245171339517088	-0.00010269107608116121	-1	
0.10526312411597845	0.069993129896735243	-0.00014641992734292089	-1	
0.1038596216341186	0.070951347800690512	-0.00018424161796274296	-1	
0.10431511932743817	0.072588577967596712	-0.00016087370816623528	-1	
0.10315603490999475	0.07859509519811686	-0.00015195625875877585	-1	
0.10438417022591054	0.076342766121276023	-0.00013738922065128787	-1	
0.10430558501886365	0.074466482436920375	-0.00014990281791065833	-1	
0.10032105278250004	0.079148406455405843	-0.00020857759333911834	-1	
0.10195940768235998	0.080003383374880721	-0.00016701925659007622	-1	
0.10198522470561536	0.082027083601924011	-0.00015161472654427689	-1	
0.10028399815060818	0.086494530673200065	-0.00014500432343275157	-1	
0.10294614616619714	0.083808279569306088	-0.00012266845193321661	-1	
0.10203386364673434	0.085566438893781488	-0.00012586592238319485	-1	
0.093314817586740165	0.092857582467589919	-0.00015969986168350343	-1	
0.092230031528142048	0.094712664827132573	-0.00014700633815025385	-1	
0.090917168973475335	0.096250643648247175	-0.00013736732761204185	-1	
0.088846998559328497	0.098209470281977199	-0.00012419602952910773	-1	
0.090257787361018652	0.09762711633354805	-0.00012496374300663749	-1	
0.083766839676768665	0.09903698716536749	-0.00012922041330839661	-1	
0.087287946249140949	0.099395086151409268	-0.00011572008732884406	-1	
0.085329943840802655	0.1011575093483949	-9.9622208884961278e-005	-1	
0.095112620766965861	0.092930378357254331	-0.0001445744202854109	-1	
0.098673600761562077	0.092419111323831876	-0.00011695419853217218	-1	
0.096972818235226577	0.093229908171958573	-0.00012566909412245228	-1	
0.099127811478729344	0.090528051794852168	-0.00012736751336305389	-1	
0.099635430674749961	0.088650623695146105	-0.00013650087887114322	-1	
0.076439546868532424	0.10325219123461929	-8.00704520480324e-005	-1	
0.079840784836842024	0.10355396060270589	-7.6458303930672979e-005	-1	
0.078056553803534476	0.10375850436625685	-7.4186547972001404e-005	-1	
0.074811686379521875	0.1042520264514777	-6.6999619746767157e-005	-1	
0.081582849601170515	0.1040396251929908	-6.958629407549553e-005	-1	
0.082820314418352095	0.10272078457956958	-8.4546806265572386e-005	-1	
0.083163007587311946	0.10084533698847549	-0.00010722963326149347	-1	
0.073366798505051484	0.10734176328574244	-3.0007815438801222e-005	-1	
0.074869262472672324	0.10619169942144331	-4.4002008404332578e-005	-1	
0.072445625	0.11	0	-1	
0.070575156249999993	0.11	0	-1	
0.11	0.066834218750000007	0	-1	
0.10851637800709377	0.06786844998128129	-4.9015873395830821e-005	-1	
0.10849537699857657	0.069639921874999997	-4.7017732938288695e-005	-1	
0.10576046695349554	0.071645644282779475	-0.00012404942063589245	-1	
0.10748089136106767	0.071510390625000003	-7.3870609639343438e-005	-1	
0.10583735933573832	0.073342702193594275	-0.00011471132757314377	-1	
0.10399903289838415	0.080523926630441278	-0.00012232632382810191	-1	
0.10496189168255329	0.078842274181498445	-0.00011072412660664436	-1	
0.1056471656793621	0.077367364433218275	-0.00010219735758964194	-1	
0.1066586862703361	0.074829759710172	-8.7050335763561054e-005	-1	
0.10526082550419556	0.082208834854253746	-8.9456217957223496e-005	-1	
0.10228250265821959	0.08753152470552733	-0.00010968517285660801	-1	
0.10426538644756586	0.084840386662370371	-9.4882549072421458e-005	-1	
0.10358058230484446	0.086369008020866639	-9.7526351764629294e-005	-1	
0.09409698564452347	0.095776889277585459	-0.00012346757704866166	-1	
0.092576125897786465	0.096275214313790117	-0.00012775093497776864	-1	
0.091783559280372351	0.097665602881030947	-0.00011738134738246529	-1	
0.08877531787110654	0.10024294708016973	-0.00010139738021181942	-1	
0.090990349258756209	0.098848535567818627	-0.00010846337819872124	-1	
0.090486240101537802	0.10018059631623498	-9.6370965674170552e-005	-1	
0.086705019504062453	0.10211386369688732	-8.5615830610635528e-005	-1	
0.088366967196566296	0.10190559323102373	-8.4144287633848325e-005	-1	
0.084954430022542035	0.1036447377284913	-7.0902611786681678e-005	-1	
0.096034255759415613	0.094863662501660548	-0.00011864964497934884	-1	
0.099915032126611486	0.093594038442787464	-9.6742568865324871e-005	-1	
0.098812879652473595	0.094900509067308902	-9.6779984090534826e-005	-1	
0.10100035285218649	0.092273551982567939	-9.5023644888787921e-005	-1	
0.097414798960302307	0.095543342694731248	-0.00010261172214573137	-1	
0.10074057045273679	0.089956770612220197	-0.00011342178957359635	-1	
0.076649045585360495	0.10541838298640024	-5.3775599858623188e-005	-1	
0.07978441606108784	0.10502691849819712	-5.8527884288490947e-005	-1	
0.078325148760051852	0.10523505630085939	-5.6209508459399215e-005	-1	
0.083072294673781327	0.10506539958975011	-5.6392418837479569e-005	-1	
0.081360595588453391	0.10595658180548523	-4.6905720033082297e-005	-1	
0.074316093750000006	0.11	0	-1	
0.074889542964790751	0.10829659091905239	-1.9545961526557119e-005	-1	
0.076594246803881522	0.10772700219024173	-2.6471131156288942e-005	-1	
0.11	0.0687046875	0	-1	
0.11	0.070575156249999993	0	-1	
0.11	0.072445625	0	-1	
0.10819445895821951	0.073448655070225508	-4.952173421444177e-005	-1	
0.10610897687211632	0.080258752808483796	-8.0403118444479182e-005	-1	
0.10666078457434505	0.078639188301530119	-7.4244648124397334e-005	-1	
0.10774673807647496	0.076733875264603596	-5.4189190580738134e-005	-1	
0.10848289766159928	0.075161083021625358	-3.8946629618961327e-005	-1	
0.10645640113005157	0.084165134773710376	-6.0829054916413102e-005	-1	
0.1079470096941578	0.081910679590700322	-3.9546162290018295e-005	-1	
0.10313653628718461	0.08893690259228898	-9.0294573947808076e-005	-1	
0.10530934194994757	0.086150270962828374	-7.2743088973532187e-005	-1	
0.10478091177524294	0.088914773464997848	-6.9060645713345158e-005	-1	
0.095647649144170149	0.096970208007309266	-0.0001025498282219192	-1	
0.093982719545686461	0.097998106986751821	-0.00010269436506845895	-1	
0.092687041079850249	0.099128836399690001	-9.8251254846133418e-005	-1	
0.09109689671858541	0.1020256632380431	-7.5514951071412999e-005	-1	
0.092776629089675156	0.10104807814639749	-7.9485056983754469e-005	-1	
0.087279583246103132	0.10368717969372397	-6.6936554150410032e-005	-1	
0.089362919911813374	0.10356004780508482	-6.4311895285424533e-005	-1	
0.085351023469795687	0.10567211918668507	-4.7515184306336308e-005	-1	
0.10058064883064163	0.095273688823346914	-8.0214342009545957e-005	-1	
0.10257518908989846	0.094674186361008494	-6.6650636573348837e-005	-1	
0.097601737619921566	0.097070732177445773	-8.9397615058105627e-005	-1	
0.099993062175474434	0.096982200725637013	-7.3884859075466173e-005	-1	
0.10239221432292021	0.090403342245842899	-9.1252947912495052e-005	-1	
0.10307188582609365	0.092631479083034873	-7.2178673263849374e-005	-1	
0.077697362124778818	0.10659822643214074	-3.9899012004412281e-005	-1	
0.079263901127822306	0.10640599304477445	-4.2150102968002737e-005	-1	
0.083851199626903586	0.10672257970489127	-3.6839291665355778e-005	-1	
0.081797968750000005	0.10783616266778238	-2.4878780798419448e-005	-1	
0.080189294862785462	0.10772641797917071	-2.6445453076568605e-005	-1	
0.076186562499999999	0.11	0	-1	
0.078057031249999992	0.11	0	-1	
0.078643039496658268	0.10782559608389572	-2.5418543067966166e-005	-1	
0.11	0.074316093750000006	0	-1	
0.10801926560855379	0.079679385500198818	-4.2107654050497595e-005	-1	
0.10842656357576719	0.078156338403814363	-3.569393643381247e-005	-1	
0.11	0.076186562499999999	0	-1	
0.10819727626727388	0.083696162202785709	-3.1747830382205406e-005	-1	
0.10779371391620382	0.086261833305955188	-3.4069453730178993e-005	-1	
0.11	0.081797968750000005	0	-1	
0.11	0.079927499999999999	0	-1	
0.10442316733500308	0.091001551767759759	-6.4849245202486396e-005	-1	
0.10647964850803464	0.087806728702466544	-4.9867662090993307e-005	-1	
0.10582320560761506	0.089926888086459641	-5.2153068186165041e-005	-1	
0.10694052630097317	0.08911112898649122	-4.0164993459236212e-005	-1	
0.096524965612282895	0.098959077348140509	-8.0956893541108375e-005	-1	
0.095148087611829427	0.10064118686062402	-7.367430923039872e-005	-1	
0.091290371145399424	0.10367867954951762	-5.8830477305633491e-005	-1	
0.092795925553121425	0.10296931278597375	-6.1579841159961835e-005	-1	
0.094334965696717357	0.10217195621494472	-6.3814040635482578e-005	-1	
0.0886999263982923	0.1052165846465834	-4.8404974125757312e-005	-1	
0.087181545294322399	0.10662959074728821	-3.5373725100130731e-005	-1	
0.090482282606684575	0.10513363253619092	-4.6429867870715301e-005	-1	
0.086463811869366955	0.10837101233964154	-1.7295239667058483e-005	-1	
0.084603671874999994	0.10839192819333292	-1.7835208933082374e-005	-1	
0.10211361649438513	0.096756199327032708	-5.9995824978860681e-005	-1	
0.10439420179730423	0.094265749912339103	-5.2225436258311759e-005	-1	
0.10413235148998988	0.096111572758352415	-4.761039647149388e-005	-1	
0.098430203157199636	0.098794310721455877	-7.1736605272968958e-005	-1	
0.10120799560938548	0.09832032835018166	-5.8125812521560142e-005	-1	
0.10009145118393192	0.099741587416781755	-5.6555991999885525e-005	-1	
0.10565872448801597	0.092895855782495318	-4.4682787429664303e-005	-1	
0.083668437499999998	0.11	0	-1	
0.081797968750000005	0.11	0	-1	
0.079927499999999999	0.11	0	-1	
0.11	0.078057031249999992	0	-1	
0.11	0.083668437499999998	0	-1	
0.11	0.085538906249999991	0	-1	
0.11	0.087409374999999997	0	-1	
0.10819483386563218	0.087934330160732224	-2.5417604480400502e-005	-1	
0.10591801933670375	0.091376633856156519	-4.6571727519597502e-005	-1	
0.10716842194842351	0.090475655283365236	-3.427503682142468e-005	-1	
0.10842907749736468	0.089563813469922759	-2.0104007950720939e-005	-1	
0.096748527098657749	0.10054664319482287	-6.755849460920199e-005	-1	
0.096054445004581962	0.10239061799667259	-5.6208949898912391e-005	-1	
0.09207251460641501	0.10506497094509402	-4.4235026436603821e-005	-1	
0.094222333489995674	0.10383854503249225	-5.0223566901711023e-005	-1	
0.093645678747403593	0.10530726583271285	-3.9048353804725361e-005	-1	
0.089235452786643119	0.10691860879259103	-3.0466053085024392e-005	-1	
0.088344609374999994	0.10847245776544884	-1.5455452272080932e-005	-1	
0.091330325759142794	0.10632511737298402	-3.3845644394629256e-005	-1	
0.087409374999999997	0.11	0	-1	
0.085538906249999991	0.11	0	-1	
0.10263269479073939	0.099182626766722834	-4.5290615372388688e-005	-1	
0.10446713502112223	0.098204120101379647	-3.7427279882360519e-005	-1	
0.10638109551991042	0.094831237710439178	-3.2643039512983006e-005	-1	
0.10562332200561933	0.096946089038018018	-3.3227162763980983e-005	-1	
0.097889400978815128	0.10167303204655974	-5.450153694101819e-005	-1	
0.10049949029419693	0.10142541340228008	-4.5080612624031848e-005	-1	
0.10292881624055993	0.10082141851782364	-3.6282838097882445e-005	-1	
0.10724690070618489	0.091902730934785334	-3.0379052477391507e-005	-1	
0.10750914465536597	0.093307697817460428	-2.5101566809230894e-005	-1	
0.11	0.089279843750000018	0	-1	
0.10851166051381606	0.091117482659683557	-1.7361630685695324e-005	-1	
0.11	0.091150312499999997	0	-1	
0.097491337279405677	0.10336003155935616	-4.4505035100258625e-005	-1	
0.095218365605155467	0.10517948661449193	-3.7074420619170642e-005	-1	
0.092562292602658691	0.10711319795339228	-2.5180647213068583e-005	-1	
0.094620266294502861	0.1075602557201341	-1.9326108441693997e-005	-1	
0.091029579213081163	0.10815223564136398	-1.7100902968415309e-005	-1	
0.089279843750000018	0.11	0	-1	
0.10418074638021238	0.099796518119365962	-3.3641641511746399e-005	-1	
0.10557219500195672	0.099224814399124936	-2.7212800870507091e-005	-1	
0.10648485971515961	0.098105355313650111	-2.4160480751970482e-005	-1	
0.10717380523831688	0.096380799701695691	-2.2583361935373464e-005	-1	
0.10818695200014621	0.095078077963322224	-1.6122825428242117e-005	-1	
0.10039559621095177	0.10315485605365994	-3.5905290467578805e-005	-1	
0.10197713538535558	0.10233002981243407	-3.405677547719428e-005	-1	
0.103712684494058	0.10274170174452428	-2.5440013160749505e-005	-1	
0.10528366954179617	0.10098028769194796	-2.4120608701273609e-005	-1	
0.11	0.09302078124999999	0	-1	
0.09812262453670155	0.10497431110879572	-3.1930254144084623e-005	-1	
0.097011239129339788	0.10661602694713727	-2.3185602178203714e-005	-1	
0.09302078124999999	0.11	0	-1	
0.094891249999999996	0.11	0	-1	
0.096761718750000003	0.10858278773529946	-9.8217313672313267e-006	-1	
0.091150312499999997	0.11	0	-1	
0.10706257331791208	0.099429134946358161	-1.7901235020075887e-005	-1	
0.10816944094225699	0.097696953125	-1.3168812340510709e-005	-1	
0.11	0.094891249999999996	0	-1	
0.11	0.096761718750000003	0	-1	
0.10028158462610717	0.10534191934532031	-2.454392274869802e-005	-1	
0.10241090479623637	0.10435641742473838	-2.3586123568631843e-005	-1	
0.10555977072279607	0.10287230684727183	-1.7609743451996628e-005	-1	
0.10475021436681189	0.10453766078435041	-1.5925843868424609e-005	-1	
0.10684722504925541	0.10171827422185896	-1.4720024901315383e-005	-1	
0.098813057733416712	0.10744298410174714	-1.5311732519371501e-005	-1	
0.098632187499999996	0.11	0	-1	
0.10798148648991056	0.10067027965990601	-1.06918965883051e-005	-1	
0.10859269727503024	0.099257011383461449	-8.6825086378384239e-006	-1	
0.11	0.098632187499999996	0	-1	
0.10033545940503234	0.10694331631513025	-1.581956344378778e-005	-1	
0.10185275821151246	0.10607313714936373	-1.7378565667832171e-005	-1	
0.1034969928748867	0.10552563529166459	-1.6051635577177611e-005	-1	
0.10734194122154196	0.10337495338576314	-9.973436927900362e-006	-1	
0.10461105750195915	0.10650989189982842	-1.0430987497599117e-005	-1	
0.10594124274660409	0.10584618392267493	-9.4543882720647543e-006	-1	
0.10840057368093196	0.10215661997893186	-7.0936048973093648e-006	-1	
0.099959564931164285	0.10836711231929015	-8.7863909279811336e-006	-1	
0.10050265624999997	0.11	0	-1	
0.11	0.10050265624999997	0	-1	
0.10141282272483002	0.10812934457106485	-8.6272866929173993e-006	-1	
0.10324741601769377	0.1071018234553302	-1.0731981533661194e-005	-1	
0.10837587286935352	0.10471227920102068	-4.8916540446293055e-006	-1	
0.10455865696372178	0.10825586231593459	-5.2899599585503283e-006	-1	
0.10617750325412328	0.10759974098692689	-5.2093105450718266e-006	-1	
0.10766490508048263	0.10624589577359955	-4.904436896081106e-006	-1	
0.11	0.102373125	0	-1	
0.11	0.10424359375	0	-1	
0.102373125	0.11	0	-1	
0.11	0.10611406249999999	0	-1	
0.10424359375	0.11	0	-1	
0.10611406249999999	0.11	0	-1	
0.10737934747422222	0.10898854073760111	-1.4989099534493882e-006	-1	
0.10795569003176883	0.10805935610924614	-2.2355389306023226e-006	-1	
0.108934841512838	0.10757271744007715	-1.4587525318286864e-006	-1	
0.11	0.10798453124999999	0	-1	
0.10798453124999999	0.11	0	-1	
0.10845214843750001	0.10947679818521192	-4.4574888651783874e-007	-1	
0.10886827633658601	0.10866163598892889	-8.7740757760874407e-007	-1	
0.10949896096560989	0.10850649673505386	-4.2519684685714363e-007	-1	
0.11	0.108919765625	0	-1	
0.108919765625	0.11	0	-1	
0.10915357421874999	0.10945660297684988	-2.5556251072303346e-007	-1	
0.10955483600004717	0.10915357421874999	-2.1020230451525341e-007	-1	
0.11	0.10938738281249999	0	-1	
0.10938738281249999	0.11	0	-1	
0.10969498189676902	0.10969498189676902	-5.2891882233537979e-008	-1	
0.11	0.10985499999999999	0	-1	
0.10985499999999999	0.11	0	-1	
0.11	0.11	0	-1	
8778
0	1	2	1	0	-1	0	0
2	1	4	1	-1	-1	-1	0
3	4	1	1	-1	-1	0	0
5	2	4	1	0	-1	-1	0
7	4	3	1	-1	-1	-1	0
3	6	7	1	0	-1	-1	0
4	8	5	1	-1	-1	-1	0
4	7	8	1	-1	-1	-1	0
8	9	5	1	-1	0	-1	0
7	6	11	1	-1	-1	-1	0
12	8	7	1	-1	-1	-1	0
10	11	6	1	-1	-1	0	0
9	8	13	1	-1	-1	-1	0
12	7	11	1	-1	-1	-1	0
8	12	13	1	-1	-1	-1	0
11	10	15	1	-1	-1	-1	0
14	9	13	1	0	-1	-1	0
11	17	12	1	-1	-1	-1	0
15	10	16	1	-1	0	-1	0
15	17	11	1	-1	-1	-1	0
18	13	12	1	-1	-1	-1	0
13	18	14	1	-1	-1	-1	0
18	12	17	1	-1	-1	-1	0
14	18	19	1	-1	-1	0	0
15	16	20	1	-1	-1	-1	0
17	15	20	1	-1	-1	-1	0
16	22	20	1	-1	-1	-1	0
18	17	23	1	-1	-1	-1	0
21	22	16	1	-1	-1	0	0
17	20	23	1	-1	-1	-1	0
18	23	19	1	-1	-1	-1	0
23	25	19	1	-1	-1	-1	0
26	20	22	1	-1	-1	-1	0
19	25	24	1	-1	-1	0	0
23	20	26	1	-1	-1	-1	0
27	22	21	1	-1	-1	0	0
25	23	26	1	-1	-1	-1	0
22	28	26	1	-1	-1	-1	0
27	28	22	1	-1	-1	-1	0
29	24	25	1	0	-1	-1	0
25	26	30	1	-1	-1	-1	0
29	25	30	1	-1	-1	-1	0
32	26	28	1	-1	-1	-1	0
26	33	30	1	-1	-1	-1	0
26	32	31	1	-1	-1	-1	0
31	33	26	1	-1	-1	-1	0
35	28	27	1	-1	-1	-1	0
35	27	34	1	-1	0	-1	0
36	32	28	1	-1	-1	-1	0
38	29	30	1	-1	-1	-1	0
35	36	28	1	-1	-1	-1	0
38	30	33	1	-1	-1	-1	0
32	39	31	1	-1	-1	-1	0
39	33	31	1	-1	-1	-1	0
38	37	29	1	-1	0	-1	0
40	32	36	1	-1	-1	-1	0
40	39	32	1	-1	-1	-1	0
34	43	35	1	-1	-1	-1	0
38	33	41	1	-1	-1	-1	0
39	41	33	1	-1	-1	-1	0
43	36	35	1	-1	-1	-1	0
43	34	42	1	-1	0	-1	0
36	44	40	1	-1	-1	-1	0
38	46	37	1	-1	-1	-1	0
43	44	36	1	-1	-1	-1	0
47	38	41	1	-1	-1	-1	0
48	39	40	1	-1	-1	-1	0
39	48	41	1	-1	-1	-1	0
46	45	37	1	-1	0	-1	0
47	46	38	1	-1	-1	-1	0
40	44	49	1	-1	-1	-1	0
43	42	52	1	-1	-1	-1	0
40	50	48	1	-1	-1	-1	0
41	51	47	1	-1	-1	-1	0
50	40	49	1	-1	-1	-1	0
48	51	41	1	-1	-1	-1	0
44	43	55	1	-1	-1	-1	0
42	53	52	1	0	-1	-1	0
45	46	58	1	-1	-1	-1	0
44	56	49	1	-1	-1	-1	0
52	54	43	1	-1	-1	-1	0
43	54	55	1	-1	-1	-1	0
46	47	59	1	-1	-1	-1	0
44	55	56	1	-1	-1	-1	0
51	60	47	1	-1	-1	-1	0
50	62	48	1	-1	-1	-1	0
58	57	45	1	-1	0	-1	0
62	51	48	1	-1	-1	-1	0
50	49	63	1	-1	-1	-1	0
59	58	46	1	-1	-1	-1	0
61	59	47	1	-1	-1	-1	0
60	61	47	1	-1	-1	-1	0
56	64	49	1	-1	-1	-1	0
53	66	52	1	-1	-1	-1	0
52	66	54	1	-1	-1	-1	0
62	60	51	1	-1	-1	-1	0
49	64	63	1	-1	-1	-1	0
62	50	65	1	-1	-1	-1	0
69	55	54	1	-1	-1	-1	0
50	63	65	1	-1	-1	-1	0
55	69	56	1	-1	-1	-1	0
53	68	66	1	-1	-1	-1	0
72	57	58	1	-1	-1	-1	0
68	53	67	1	-1	0	-1	0
69	54	66	1	-1	-1	-1	0
72	58	59	1	-1	-1	-1	0
56	70	64	1	-1	-1	-1	0
73	59	61	1	-1	-1	-1	0
70	56	69	1	-1	-1	-1	0
60	75	61	1	-1	-1	-1	0
75	60	62	1	-1	-1	-1	0
71	57	72	1	0	-1	-1	0
74	72	59	1	-1	-1	-1	0
65	78	62	1	-1	-1	-1	0
73	74	59	1	-1	-1	-1	0
79	63	64	1	-1	-1	-1	0
63	79	65	1	-1	-1	-1	0
77	73	61	1	-1	-1	-1	0
76	61	75	1	-1	-1	-1	0
61	76	77	1	-1	-1	-1	0
64	70	80	1	-1	-1	-1	0
62	78	75	1	-1	-1	-1	0
82	69	66	1	-1	-1	-1	0
66	68	83	1	-1	-1	-1	0
85	68	67	1	-1	-1	-1	0
64	80	79	1	-1	-1	-1	0
81	78	65	1	-1	-1	-1	0
69	86	70	1	-1	-1	-1	0
79	81	65	1	-1	-1	-1	0
82	66	83	1	-1	-1	-1	0
71	72	89	1	-1	-1	-1	0
74	89	72	1	-1	-1	-1	0
67	84	85	1	0	-1	-1	0
68	85	83	1	-1	-1	-1	0
87	80	70	1	-1	-1	-1	0
82	86	69	1	-1	-1	-1	0
74	73	91	1	-1	-1	-1	0
91	73	77	1	-1	-1	-1	0
87	70	86	1	-1	-1	-1	0
75	93	76	1	-1	-1	-1	0
75	78	93	1	-1	-1	-1	0
94	77	76	1	-1	-1	-1	0
90	88	71	1	-1	0	-1	0
89	90	71	1	-1	-1	-1	0
92	89	74	1	-1	-1	-1	0
78	81	97	1	-1	-1	-1	0
74	91	92	1	-1	-1	-1	0
80	98	79	1	-1	-1	-1	0
79	98	81	1	-1	-1	-1	0
96	91	77	1	-1	-1	-1	0
76	93	95	1	-1	-1	-1	0
94	76	95	1	-1	-1	-1	0
102	82	83	1	-1	-1	-1	0
94	96	77	1	-1	-1	-1	0
100	80	87	1	-1	-1	-1	0
97	93	78	1	-1	-1	-1	0
82	102	86	1	-1	-1	-1	0
85	103	83	1	-1	-1	-1	0
89	92	90	1	-1	-1	-1	0
85	84	104	1	-1	0	-1	0
102	87	86	1	-1	-1	-1	0
98	80	99	1	-1	-1	-1	0
101	97	81	1	-1	-1	-1	0
99	80	100	1	-1	-1	-1	0
101	81	98	1	-1	-1	-1	0
88	90	108	1	-1	-1	-1	0
103	102	83	1	-1	-1	-1	0
109	90	92	1	-1	-1	-1	0
109	92	91	1	-1	-1	-1	0
105	103	85	1	-1	-1	-1	0
87	106	100	1	-1	-1	-1	0
104	105	85	1	-1	-1	-1	0
106	87	102	1	-1	-1	-1	0
111	91	96	1	-1	-1	-1	0
93	112	95	1	-1	-1	-1	0
112	93	97	1	-1	-1	-1	0
113	94	95	1	-1	-1	-1	0
96	94	113	1	-1	-1	-1	0
107	88	108	1	0	-1	-1	0
109	108	90	1	-1	-1	-1	0
110	109	91	1	-1	-1	-1	0
91	111	110	1	-1	-1	-1	0
97	101	116	1	-1	-1	-1	0
98	99	117	1	-1	-1	-1	0
98	117	101	1	-1	-1	-1	0
100	119	99	1	-1	-1	-1	0
112	114	95	1	-1	-1	-1	0
111	96	115	1	-1	-1	-1	0
114	113	95	1	-1	-1	-1	0
115	96	113	1	-1	-1	-1	0
97	116	112	1	-1	-1	-1	0
106	121	100	1	-1	-1	-1	0
123	102	103	1	-1	-1	-1	0
102	123	106	1	-1	-1	-1	0
103	105	125	1	-1	-1	-1	0
99	118	117	1	-1	-1	-1	0
116	101	117	1	-1	-1	-1	0
105	104	127	1	-1	-1	-1	0
120	118	99	1	-1	-1	-1	0
120	99	119	1	-1	-1	-1	0
100	122	119	1	-1	-1	-1	0
114	115	113	1	-1	-1	-1	0
100	121	122	1	-1	-1	-1	0
107	108	130	1	-1	-1	-1	0
131	108	109	1	-1	-1	-1	0
109	110	131	1	-1	-1	-1	0
103	124	123	1	-1	-1	-1	0
103	125	124	1	-1	-1	-1	0
111	132	110	1	-1	-1	-1	0
128	121	106	1	-1	-1	-1	0
123	128	106	1	-1	-1	-1	0
127	104	126	1	-1	0	-1	0
105	127	125	1	-1	-1	-1	0
133	111	115	1	-1	-1	-1	0
114	112	135	1	-1	-1	-1	0
112	116	135	1	-1	-1	-1	0
115	114	137	1	-1	-1	-1	0
130	129	107	1	-1	0	-1	0
108	131	130	1	-1	-1	-1	0
132	131	110	1	-1	-1	-1	0
140	116	117	1	-1	-1	-1	0
140	117	118	1	-1	-1	-1	0
128	123	124	1	-1	-1	-1	0
132	111	134	1	-1	-1	-1	0
134	111	133	1	-1	-1	-1	0
118	120	141	1	-1	-1	-1	0
120	119	142	1	-1	-1	-1	0
122	142	119	1	-1	-1	-1	0
135	136	114	1	-1	-1	-1	0
139	133	115	1	-1	-1	-1	0
121	144	122	1	-1	-1	-1	0
136	138	114	1	-1	-1	-1	0
138	137	114	1	-1	-1	-1	0
140	135	116	1	-1	-1	-1	0
137	139	115	1	-1	-1	-1	0
121	128	144	1	-1	-1	-1	0
125	149	124	1	-1	-1	-1	0
140	118	141	1	-1	-1	-1	0
128	124	148	1	-1	-1	-1	0
150	125	127	1	-1	-1	-1	0
150	127	126	1	-1	-1	-1	0
141	120	143	1	-1	-1	-1	0
143	120	142	1	-1	-1	-1	0
142	122	146	1	-1	-1	-1	0
136	135	140	1	-1	-1	-1	0
144	147	122	1	-1	-1	-1	0
154	129	130	1	-1	-1	-1	0
122	145	146	1	-1	-1	-1	0
147	145	122	1	-1	-1	-1	0
155	130	131	1	-1	-1	-1	0
132	155	131	1	-1	-1	-1	0
148	124	149	1	-1	-1	-1	0
156	132	134	1	-1	-1	-1	0
150	149	125	1	-1	-1	-1	0
133	157	134	1	-1	-1	-1	0
128	152	144	1	-1	-1	-1	0
150	126	151	1	-1	0	-1	0
128	148	152	1	-1	-1	-1	0
133	139	157	1	-1	-1	-1	0
138	136	159	1	-1	-1	-1	0
136	140	159	1	-1	-1	-1	0
137	138	160	1	-1	-1	-1	0
153	129	154	1	0	-1	-1	0
139	137	160	1	-1	-1	-1	0
155	154	130	1	-1	-1	-1	0
156	155	132	1	-1	-1	-1	0
144	152	147	1	-1	-1	-1	0
156	134	158	1	-1	-1	-1	0
141	164	140	1	-1	-1	-1	0
158	134	157	1	-1	-1	-1	0
143	165	141	1	-1	-1	-1	0
143	142	166	1	-1	-1	-1	0
146	166	142	1	-1	-1	-1	0
157	139	160	1	-1	-1	-1	0
159	162	138	1	-1	-1	-1	0
145	169	146	1	-1	-1	-1	0
162	161	138	1	-1	-1	-1	0
160	138	163	1	-1	-1	-1	0
145	147	170	1	-1	-1	-1	0
163	138	161	1	-1	-1	-1	0
164	159	140	1	-1	-1	-1	0
172	148	149	1	-1	-1	-1	0
164	141	165	1	-1	-1	-1	0
171	147	152	1	-1	-1	-1	0
149	150	173	1	-1	-1	-1	0
152	148	172	1	-1	-1	-1	0
143	167	165	1	-1	-1	-1	0
175	150	151	1	-1	-1	-1	0
166	168	143	1	-1	-1	-1	0
167	143	168	1	-1	-1	-1	0
166	146	169	1	-1	-1	-1	0
170	169	145	1	-1	-1	-1	0
154	179	153	1	-1	-1	-1	0
171	170	147	1	-1	-1	-1	0
154	155	180	1	-1	-1	-1	0
156	182	155	1	-1	-1	-1	0
174	172	149	1	-1	-1	-1	0
149	173	174	1	-1	-1	-1	0
156	158	183	1	-1	-1	-1	0
150	175	173	1	-1	-1	-1	0
158	157	184	1	-1	-1	-1	0
171	152	177	1	-1	-1	-1	0
177	152	172	1	-1	-1	-1	0
184	157	160	1	-1	-1	-1	0
176	175	151	1	-1	-1	0	0
184	160	163	1	-1	-1	-1	0
187	162	159	1	-1	-1	-1	0
178	153	179	1	0	-1	-1	0
164	187	159	1	-1	-1	-1	0
162	188	161	1	-1	-1	-1	0
163	161	189	1	-1	-1	-1	0
179	154	181	1	-1	-1	-1	0
181	154	180	1	-1	-1	-1	0
182	180	155	1	-1	-1	-1	0
192	164	165	1	-1	-1	-1	0
183	182	156	1	-1	-1	-1	0
193	165	167	1	-1	-1	-1	0
184	185	158	1	-1	-1	-1	0
186	183	158	1	-1	-1	-1	0
166	194	168	1	-1	-1	-1	0
194	166	169	1	-1	-1	-1	0
158	185	186	1	-1	-1	-1	0
195	167	168	1	-1	-1	-1	0
169	170	196	1	-1	-1	-1	0
184	163	191	1	-1	-1	-1	0
170	171	197	1	-1	-1	-1	0
161	188	189	1	-1	-1	-1	0
190	162	187	1	-1	-1	-1	0
190	188	162	1	-1	-1	-1	0
191	163	189	1	-1	-1	-1	0
192	187	164	1	-1	-1	-1	0
199	172	174	1	-1	-1	-1	0
197	171	177	1	-1	-1	-1	0
201	174	173	1	-1	-1	-1	0
201	173	175	1	-1	-1	-1	0
200	177	172	1	-1	-1	-1	0
193	192	165	1	-1	-1	-1	0
176	201	175	1	-1	-1	-1	0
193	167	195	1	-1	-1	-1	0
194	195	168	1	-1	-1	-1	0
169	196	194	1	-1	-1	-1	0
198	196	170	1	-1	-1	-1	0
178	179	207	1	-1	-1	-1	0
170	197	198	1	-1	-1	-1	0
181	207	179	1	-1	-1	-1	0
181	180	208	1	-1	-1	-1	0
192	190	187	1	-1	-1	-1	0
180	182	208	1	-1	-1	-1	0
199	200	172	1	-1	-1	-1	0
183	208	182	1	-1	-1	-1	0
199	174	202	1	-1	-1	-1	0
201	202	174	1	-1	-1	-1	0
197	177	205	1	-1	-1	-1	0
183	186	211	1	-1	-1	-1	0
201	176	204	1	-1	-1	-1	0
212	185	184	1	-1	-1	-1	0
200	205	177	1	-1	-1	-1	0
203	204	176	1	-1	-1	0	0
185	213	186	1	-1	-1	-1	0
191	212	184	1	-1	-1	-1	0
178	207	206	1	-1	-1	0	0
216	189	188	1	-1	-1	-1	0
217	188	190	1	-1	-1	-1	0
207	181	209	1	-1	-1	-1	0
191	189	218	1	-1	-1	-1	0
208	209	181	1	-1	-1	-1	0
208	183	210	1	-1	-1	-1	0
192	219	190	1	-1	-1	-1	0
192	193	219	1	-1	-1	-1	0
211	210	183	1	-1	-1	-1	0
193	195	222	1	-1	-1	-1	0
214	185	212	1	-1	-1	-1	0
214	213	185	1	-1	-1	-1	0
194	223	195	1	-1	-1	-1	0
215	211	186	1	-1	-1	-1	0
213	215	186	1	-1	-1	-1	0
225	194	196	1	-1	-1	-1	0
225	196	198	1	-1	-1	-1	0
226	198	197	1	-1	-1	-1	0
216	188	217	1	-1	-1	-1	0
191	220	212	1	-1	-1	-1	0
218	189	216	1	-1	-1	-1	0
190	219	217	1	-1	-1	-1	0
209	208	210	1	-1	-1	-1	0
226	197	205	1	-1	-1	-1	0
191	218	220	1	-1	-1	-1	0
193	221	219	1	-1	-1	-1	0
200	199	229	1	-1	-1	-1	0
202	201	231	1	-1	-1	-1	0
229	199	202	1	-1	-1	-1	0
205	200	230	1	-1	-1	-1	0
201	204	231	1	-1	-1	-1	0
221	193	222	1	-1	-1	-1	0
233	204	203	1	-1	-1	0	0
195	223	222	1	-1	-1	-1	0
224	223	194	1	-1	-1	-1	0
214	215	213	1	-1	-1	-1	0
194	225	224	1	-1	-1	-1	0
198	227	225	1	-1	-1	-1	0
206	207	238	1	-1	-1	-1	0
226	228	198	1	-1	-1	-1	0
198	228	227	1	-1	-1	-1	0
207	209	238	1	-1	-1	-1	0
239	209	210	1	-1	-1	-1	0
230	200	229	1	-1	-1	-1	0
210	211	240	1	-1	-1	-1	0
232	229	202	1	-1	-1	-1	0
231	232	202	1	-1	-1	-1	0
236	226	205	1	-1	-1	-1	0
241	211	215	1	-1	-1	-1	0
214	212	242	1	-1	-1	-1	0
234	231	204	1	-1	-1	-1	0
205	230	236	1	-1	-1	-1	0
235	204	233	1	-1	-1	-1	0
214	244	215	1	-1	-1	-1	0
235	234	204	1	-1	-1	-1	0
212	220	242	1	-1	-1	-1	0
217	246	216	1	-1	-1	-1	0
238	237	206	1	-1	0	-1	0
247	218	216	1	-1	-1	-1	0
219	248	217	1	-1	-1	-1	0
218	247	220	1	-1	-1	-1	0
209	239	238	1	-1	-1	-1	0
248	219	221	1	-1	-1	-1	0
241	240	211	1	-1	-1	-1	0
250	221	222	1	-1	-1	-1	0
240	239	210	1	-1	-1	-1	0
222	223	253	1	-1	-1	-1	0
242	243	214	1	-1	-1	-1	0
244	214	243	1	-1	-1	-1	0
224	253	223	1	-1	-1	-1	0
241	215	245	1	-1	-1	-1	0
244	245	215	1	-1	-1	-1	0
224	225	256	1	-1	-1	-1	0
225	227	257	1	-1	-1	-1	0
247	216	246	1	-1	-1	-1	0
248	246	217	1	-1	-1	-1	0
249	242	220	1	-1	-1	-1	0
226	258	228	1	-1	-1	-1	0
257	227	228	1	-1	-1	-1	0
220	247	249	1	-1	-1	-1	0
261	230	229	1	-1	-1	-1	0
248	221	251	1	-1	-1	-1	0
258	226	236	1	-1	-1	-1	0
232	261	229	1	-1	-1	-1	0
221	250	252	1	-1	-1	-1	0
251	221	252	1	-1	-1	-1	0
222	254	250	1	-1	-1	-1	0
232	231	264	1	-1	-1	-1	0
230	263	236	1	-1	-1	-1	0
222	253	254	1	-1	-1	-1	0
264	231	234	1	-1	-1	-1	0
224	255	253	1	-1	-1	-1	0
249	243	242	1	-1	-1	-1	0
266	235	233	1	-1	-1	0	0
255	224	256	1	-1	-1	-1	0
234	235	267	1	-1	-1	-1	0
257	256	225	1	-1	-1	-1	0
228	258	259	1	-1	-1	-1	0
260	257	228	1	-1	-1	-1	0
270	237	238	1	-1	-1	-1	0
238	239	270	1	-1	-1	-1	0
228	259	260	1	-1	-1	-1	0
239	240	271	1	-1	-1	-1	0
272	240	241	1	-1	-1	-1	0
230	261	262	1	-1	-1	-1	0
262	263	230	1	-1	-1	-1	0
254	252	250	1	-1	-1	-1	0
258	236	263	1	-1	-1	-1	0
261	232	265	1	-1	-1	-1	0
274	241	245	1	-1	-1	-1	0
264	265	232	1	-1	-1	-1	0
244	243	275	1	-1	-1	-1	0
255	254	253	1	-1	-1	-1	0
234	267	264	1	-1	-1	-1	0
277	245	244	1	-1	-1	-1	0
249	276	243	1	-1	-1	-1	0
235	266	268	1	-1	-1	-1	0
267	235	268	1	-1	-1	-1	0
278	247	246	1	-1	-1	-1	0
248	279	246	1	-1	-1	-1	0
247	280	249	1	-1	-1	-1	0
237	270	269	1	-1	-1	0	0
248	251	281	1	-1	-1	-1	0
270	239	271	1	-1	-1	-1	0
272	271	240	1	-1	-1	-1	0
273	272	241	1	-1	-1	-1	0
283	251	252	1	-1	-1	-1	0
265	262	261	1	-1	-1	-1	0
274	273	241	1	-1	-1	-1	0
284	252	254	1	-1	-1	-1	0
243	276	275	1	-1	-1	-1	0
254	255	286	1	-1	-1	-1	0
274	245	277	1	-1	-1	-1	0
277	244	275	1	-1	-1	-1	0
256	287	255	1	-1	-1	-1	0
256	257	288	1	-1	-1	-1	0
278	246	279	1	-1	-1	-1	0
278	280	247	1	-1	-1	-1	0
260	289	257	1	-1	-1	-1	0
249	282	276	1	-1	-1	-1	0
248	281	279	1	-1	-1	-1	0
291	259	258	1	-1	-1	-1	0
249	280	282	1	-1	-1	-1	0
258	263	290	1	-1	-1	-1	0
293	260	259	1	-1	-1	-1	0
283	281	251	1	-1	-1	-1	0
283	252	284	1	-1	-1	-1	0
295	263	262	1	-1	-1	-1	0
265	295	262	1	-1	-1	-1	0
285	284	254	1	-1	-1	-1	0
296	265	264	1	-1	-1	-1	0
254	286	285	1	-1	-1	-1	0
264	267	296	1	-1	-1	-1	0
286	255	287	1	-1	-1	-1	0
288	287	256	1	-1	-1	-1	0
298	268	266	1	-1	-1	0	0
268	299	267	1	-1	-1	-1	0
257	289	288	1	-1	-1	-1	0
258	290	291	1	-1	-1	-1	0
270	302	269	1	-1	-1	-1	0
291	292	259	1	-1	-1	-1	0
260	294	289	1	-1	-1	-1	0
259	292	293	1	-1	-1	-1	0
271	303	270	1	-1	-1	-1	0
303	271	272	1	-1	-1	-1	0
294	260	293	1	-1	-1	-1	0
263	295	290	1	-1	-1	-1	0
273	304	272	1	-1	-1	-1	0
305	273	274	1	-1	-1	-1	0
277	306	274	1	-1	-1	-1	0
295	265	297	1	-1	-1	-1	0
265	296	297	1	-1	-1	-1	0
275	276	307	1	-1	-1	-1	0
275	307	277	1	-1	-1	-1	0
299	296	267	1	-1	-1	-1	0
268	298	300	1	-1	-1	-1	0
308	276	282	1	-1	-1	-1	0
299	268	300	1	-1	-1	-1	0
310	278	279	1	-1	-1	-1	0
280	278	311	1	-1	-1	-1	0
301	269	302	1	0	-1	-1	0
312	279	281	1	-1	-1	-1	0
280	311	282	1	-1	-1	-1	0
302	270	303	1	-1	-1	-1	0
313	281	283	1	-1	-1	-1	0
272	304	303	1	-1	-1	-1	0
305	304	273	1	-1	-1	-1	0
284	316	283	1	-1	-1	-1	0
305	274	306	1	-1	-1	-1	0
285	317	284	1	-1	-1	-1	0
285	286	318	1	-1	-1	-1	0
308	307	276	1	-1	-1	-1	0
306	277	309	1	-1	-1	-1	0
320	286	287	1	-1	-1	-1	0
277	307	309	1	-1	-1	-1	0
287	288	320	1	-1	-1	-1	0
289	321	288	1	-1	-1	-1	0
278	310	311	1	-1	-1	-1	0
279	312	310	1	-1	-1	-1	0
291	290	323	1	-1	-1	-1	0
314	308	282	1	-1	-1	-1	0
322	289	294	1	-1	-1	-1	0
281	313	312	1	-1	-1	-1	0
311	314	282	1	-1	-1	-1	0
291	325	292	1	-1	-1	-1	0
324	290	295	1	-1	-1	-1	0
283	315	313	1	-1	-1	-1	0
292	327	293	1	-1	-1	-1	0
315	283	316	1	-1	-1	-1	0
293	328	294	1	-1	-1	-1	0
324	295	297	1	-1	-1	-1	0
317	316	284	1	-1	-1	-1	0
319	317	285	1	-1	-1	-1	0
285	318	319	1	-1	-1	-1	0
329	297	296	1	-1	-1	-1	0
329	296	299	1	-1	-1	-1	0
286	320	318	1	-1	-1	-1	0
288	321	320	1	-1	-1	-1	0
298	332	300	1	-1	-1	-1	0
333	299	300	1	-1	-1	-1	0
321	289	322	1	-1	-1	-1	0
290	324	323	1	-1	-1	-1	0
291	323	325	1	-1	-1	-1	0
302	336	301	1	-1	-1	-1	0
292	325	326	1	-1	-1	-1	0
303	338	302	1	-1	-1	-1	0
294	328	322	1	-1	-1	-1	0
303	304	338	1	-1	-1	-1	0
292	326	327	1	-1	-1	-1	0
339	304	305	1	-1	-1	-1	0
328	293	327	1	-1	-1	-1	0
330	324	297	1	-1	-1	-1	0
340	305	306	1	-1	-1	-1	0
341	306	309	1	-1	-1	-1	0
330	297	329	1	-1	-1	-1	0
343	307	308	1	-1	-1	-1	0
307	343	309	1	-1	-1	-1	0
298	331	332	1	0	-1	-1	0
299	333	329	1	-1	-1	-1	0
344	308	314	1	-1	-1	-1	0
332	334	300	1	-1	-1	-1	0
333	300	334	1	-1	-1	-1	0
310	312	346	1	-1	-1	-1	0
311	310	347	1	-1	-1	-1	0
312	313	346	1	-1	-1	-1	0
347	314	311	1	-1	-1	-1	0
335	301	336	1	0	-1	-1	0
336	302	337	1	-1	-1	-1	0
349	313	315	1	-1	-1	-1	0
302	338	337	1	-1	-1	-1	0
315	316	350	1	-1	-1	-1	0
339	338	304	1	-1	-1	-1	0
339	305	340	1	-1	-1	-1	0
342	340	306	1	-1	-1	-1	0
317	352	316	1	-1	-1	-1	0
317	319	353	1	-1	-1	-1	0
342	306	341	1	-1	-1	-1	0
354	319	318	1	-1	-1	-1	0
320	354	318	1	-1	-1	-1	0
330	329	333	1	-1	-1	-1	0
344	343	308	1	-1	-1	-1	0
345	341	309	1	-1	-1	-1	0
320	321	354	1	-1	-1	-1	0
343	345	309	1	-1	-1	-1	0
321	322	356	1	-1	-1	-1	0
346	347	310	1	-1	-1	-1	0
344	314	347	1	-1	-1	-1	0
358	323	324	1	-1	-1	-1	0
357	322	328	1	-1	-1	-1	0
348	346	313	1	-1	-1	-1	0
359	325	323	1	-1	-1	-1	0
359	326	325	1	-1	-1	-1	0
348	313	349	1	-1	-1	-1	0
324	330	358	1	-1	-1	-1	0
327	326	361	1	-1	-1	-1	0
351	349	315	1	-1	-1	-1	0
350	351	315	1	-1	-1	-1	0
327	362	328	1	-1	-1	-1	0
316	352	350	1	-1	-1	-1	0
352	317	353	1	-1	-1	-1	0
355	353	319	1	-1	-1	-1	0
354	355	319	1	-1	-1	-1	0
365	330	333	1	-1	-1	-1	0
367	332	331	1	-1	-1	-1	0
356	354	321	1	-1	-1	-1	0
367	334	332	1	-1	-1	-1	0
357	356	322	1	-1	-1	-1	0
333	334	368	1	-1	-1	-1	0
323	358	359	1	-1	-1	-1	0
370	335	336	1	-1	-1	-1	0
337	372	336	1	-1	-1	-1	0
359	360	326	1	-1	-1	-1	0
326	360	361	1	-1	-1	-1	0
372	337	338	1	-1	-1	-1	0
338	339	372	1	-1	-1	-1	0
357	328	364	1	-1	-1	-1	0
361	363	327	1	-1	-1	-1	0
363	362	327	1	-1	-1	-1	0
374	339	340	1	-1	-1	-1	0
330	365	358	1	-1	-1	-1	0
364	328	362	1	-1	-1	-1	0
374	340	342	1	-1	-1	-1	0
342	341	375	1	-1	-1	-1	0
375	341	345	1	-1	-1	-1	0
343	344	377	1	-1	-1	-1	0
367	331	366	1	-1	0	-1	0
333	368	365	1	-1	-1	-1	0
378	345	343	1	-1	-1	-1	0
334	367	368	1	-1	-1	-1	0
347	379	344	1	-1	-1	-1	0
335	370	369	1	-1	-1	0	0
346	382	347	1	-1	-1	-1	0
346	348	382	1	-1	-1	-1	0
336	371	370	1	-1	-1	-1	0
371	336	372	1	-1	-1	-1	0
383	348	349	1	-1	-1	-1	0
372	339	373	1	-1	-1	-1	0
351	384	349	1	-1	-1	-1	0
350	385	351	1	-1	-1	-1	0
339	374	373	1	-1	-1	-1	0
386	350	352	1	-1	-1	-1	0
386	352	353	1	-1	-1	-1	0
374	342	376	1	-1	-1	-1	0
342	375	376	1	-1	-1	-1	0
353	355	389	1	-1	-1	-1	0
378	343	377	1	-1	-1	-1	0
355	354	390	1	-1	-1	-1	0
354	356	390	1	-1	-1	-1	0
381	375	345	1	-1	-1	-1	0
344	380	377	1	-1	-1	-1	0
379	380	344	1	-1	-1	-1	0
345	378	381	1	-1	-1	-1	0
347	382	379	1	-1	-1	-1	0
392	356	357	1	-1	-1	-1	0
358	395	359	1	-1	-1	-1	0
382	348	383	1	-1	-1	-1	0
360	359	396	1	-1	-1	-1	0
364	394	357	1	-1	-1	-1	0
384	383	349	1	-1	-1	-1	0
358	365	395	1	-1	-1	-1	0
361	360	397	1	-1	-1	-1	0
385	350	386	1	-1	-1	-1	0
363	361	398	1	-1	-1	-1	0
387	351	385	1	-1	-1	-1	0
351	388	384	1	-1	-1	-1	0
362	363	399	1	-1	-1	-1	0
399	364	362	1	-1	-1	-1	0
351	387	388	1	-1	-1	-1	0
386	353	389	1	-1	-1	-1	0
368	402	365	1	-1	-1	-1	0
389	355	391	1	-1	-1	-1	0
355	390	391	1	-1	-1	-1	0
366	404	367	1	-1	-1	-1	0
390	356	393	1	-1	-1	-1	0
405	368	367	1	-1	-1	-1	0
356	392	393	1	-1	-1	-1	0
394	392	357	1	-1	-1	-1	0
407	369	370	1	-1	-1	-1	0
407	370	371	1	-1	-1	-1	0
359	395	396	1	-1	-1	-1	0
409	371	372	1	-1	-1	-1	0
396	397	360	1	-1	-1	-1	0
410	372	373	1	-1	-1	-1	0
397	398	361	1	-1	-1	-1	0
373	374	410	1	-1	-1	-1	0
394	364	401	1	-1	-1	-1	0
376	410	374	1	-1	-1	-1	0
398	400	363	1	-1	-1	-1	0
400	399	363	1	-1	-1	-1	0
395	365	402	1	-1	-1	-1	0
376	375	412	1	-1	-1	-1	0
364	399	401	1	-1	-1	-1	0
381	411	375	1	-1	-1	-1	0
378	377	415	1	-1	-1	-1	0
380	414	377	1	-1	-1	-1	0
404	366	403	1	-1	0	-1	0
391	390	393	1	-1	-1	-1	0
378	416	381	1	-1	-1	-1	0
368	405	402	1	-1	-1	-1	0
417	380	379	1	-1	-1	-1	0
405	367	404	1	-1	-1	-1	0
417	379	382	1	-1	-1	-1	0
369	407	406	1	-1	-1	0	0
382	383	420	1	-1	-1	-1	0
407	371	408	1	-1	-1	-1	0
383	384	420	1	-1	-1	-1	0
371	409	408	1	-1	-1	-1	0
372	410	409	1	-1	-1	-1	0
388	421	384	1	-1	-1	-1	0
387	385	422	1	-1	-1	-1	0
423	385	386	1	-1	-1	-1	0
412	375	411	1	-1	-1	-1	0
376	413	410	1	-1	-1	-1	0
424	386	389	1	-1	-1	-1	0
376	412	413	1	-1	-1	-1	0
388	387	426	1	-1	-1	-1	0
377	414	415	1	-1	-1	-1	0
389	391	428	1	-1	-1	-1	0
416	378	415	1	-1	-1	-1	0
411	381	419	1	-1	-1	-1	0
418	414	380	1	-1	-1	-1	0
391	393	429	1	-1	-1	-1	0
418	380	417	1	-1	-1	-1	0
419	381	416	1	-1	-1	-1	0
392	431	393	1	-1	-1	-1	0
394	431	392	1	-1	-1	-1	0
420	417	382	1	-1	-1	-1	0
395	433	396	1	-1	-1	-1	0
421	420	384	1	-1	-1	-1	0
401	432	394	1	-1	-1	-1	0
396	435	397	1	-1	-1	-1	0
385	423	422	1	-1	-1	-1	0
395	402	433	1	-1	-1	-1	0
436	398	397	1	-1	-1	-1	0
424	423	386	1	-1	-1	-1	0
425	387	422	1	-1	-1	-1	0
437	400	398	1	-1	-1	-1	0
427	421	388	1	-1	-1	-1	0
399	400	438	1	-1	-1	-1	0
426	387	425	1	-1	-1	-1	0
438	401	399	1	-1	-1	-1	0
428	424	389	1	-1	-1	-1	0
427	388	426	1	-1	-1	-1	0
428	391	430	1	-1	-1	-1	0
405	443	402	1	-1	-1	-1	0
391	429	430	1	-1	-1	-1	0
445	404	403	1	-1	-1	-1	0
393	431	429	1	-1	-1	-1	0
405	404	445	1	-1	-1	-1	0
420	418	417	1	-1	-1	-1	0
394	432	431	1	-1	-1	-1	0
406	407	448	1	-1	-1	-1	0
448	407	408	1	-1	-1	-1	0
396	433	434	1	-1	-1	-1	0
396	434	435	1	-1	-1	-1	0
408	409	449	1	-1	-1	-1	0
397	435	436	1	-1	-1	-1	0
410	450	409	1	-1	-1	-1	0
436	437	398	1	-1	-1	-1	0
432	401	441	1	-1	-1	-1	0
413	451	410	1	-1	-1	-1	0
452	412	411	1	-1	-1	-1	0
451	413	412	1	-1	-1	-1	0
440	400	437	1	-1	-1	-1	0
439	438	400	1	-1	-1	-1	0
433	402	443	1	-1	-1	-1	0
440	439	400	1	-1	-1	-1	0
401	438	442	1	-1	-1	-1	0
452	411	419	1	-1	-1	-1	0
454	415	414	1	-1	-1	-1	0
401	442	441	1	-1	-1	-1	0
455	416	415	1	-1	-1	-1	0
418	454	414	1	-1	-1	-1	0
445	403	444	1	-1	0	-1	0
416	457	419	1	-1	-1	-1	0
443	405	446	1	-1	-1	-1	0
405	445	446	1	-1	-1	-1	0
420	459	418	1	-1	-1	-1	0
459	420	421	1	-1	-1	-1	0
448	447	406	1	-1	0	-1	0
448	408	449	1	-1	-1	-1	0
409	450	449	1	-1	-1	-1	0
422	423	464	1	-1	-1	-1	0
422	463	425	1	-1	-1	-1	0
421	427	462	1	-1	-1	-1	0
443	434	433	1	-1	-1	-1	0
451	450	410	1	-1	-1	-1	0
424	465	423	1	-1	-1	-1	0
453	451	412	1	-1	-1	-1	0
465	424	428	1	-1	-1	-1	0
452	453	412	1	-1	-1	-1	0
426	425	467	1	-1	-1	-1	0
470	427	426	1	-1	-1	-1	0
456	415	454	1	-1	-1	-1	0
455	415	456	1	-1	-1	-1	0
416	455	457	1	-1	-1	-1	0
430	471	428	1	-1	-1	-1	0
454	418	458	1	-1	-1	-1	0
419	461	452	1	-1	-1	-1	0
430	429	473	1	-1	-1	-1	0
472	429	431	1	-1	-1	-1	0
472	431	432	1	-1	-1	-1	0
461	419	457	1	-1	-1	-1	0
418	460	458	1	-1	-1	-1	0
421	462	459	1	-1	-1	-1	0
459	460	418	1	-1	-1	-1	0
476	435	434	1	-1	-1	-1	0
475	432	441	1	-1	-1	-1	0
463	422	464	1	-1	-1	-1	0
479	436	435	1	-1	-1	-1	0
464	423	465	1	-1	-1	-1	0
479	437	436	1	-1	-1	-1	0
425	463	466	1	-1	-1	-1	0
443	477	434	1	-1	-1	-1	0
480	440	437	1	-1	-1	-1	0
438	439	481	1	-1	-1	-1	0
466	467	425	1	-1	-1	-1	0
470	462	427	1	-1	-1	-1	0
438	481	442	1	-1	-1	-1	0
440	482	439	1	-1	-1	-1	0
469	426	467	1	-1	-1	-1	0
426	469	468	1	-1	-1	-1	0
470	426	468	1	-1	-1	-1	0
471	465	428	1	-1	-1	-1	0
442	485	441	1	-1	-1	-1	0
429	472	473	1	-1	-1	-1	0
474	471	430	1	-1	-1	-1	0
430	473	474	1	-1	-1	-1	0
446	487	443	1	-1	-1	-1	0
489	445	444	1	-1	-1	-1	0
475	472	432	1	-1	-1	-1	0
446	445	490	1	-1	-1	-1	0
476	434	477	1	-1	-1	-1	0
448	492	447	1	-1	-1	-1	0
478	435	476	1	-1	-1	-1	0
492	448	449	1	-1	-1	-1	0
435	478	479	1	-1	-1	-1	0
493	449	450	1	-1	-1	-1	0
450	451	493	1	-1	-1	-1	0
479	480	437	1	-1	-1	-1	0
451	453	496	1	-1	-1	-1	0
441	485	475	1	-1	-1	-1	0
481	439	482	1	-1	-1	-1	0
498	453	452	1	-1	-1	-1	0
440	480	484	1	-1	-1	-1	0
483	482	440	1	-1	-1	-1	0
477	443	487	1	-1	-1	-1	0
484	483	440	1	-1	-1	-1	0
481	486	442	1	-1	-1	-1	0
497	452	461	1	-1	-1	-1	0
454	501	456	1	-1	-1	-1	0
485	442	486	1	-1	-1	-1	0
454	458	501	1	-1	-1	-1	0
502	455	456	1	-1	-1	-1	0
502	457	455	1	-1	-1	-1	0
501	458	460	1	-1	-1	-1	0
475	473	472	1	-1	-1	-1	0
488	489	444	1	-1	-1	0	0
504	461	457	1	-1	-1	-1	0
446	490	487	1	-1	-1	-1	0
459	505	460	1	-1	-1	-1	0
489	490	445	1	-1	-1	-1	0
505	459	462	1	-1	-1	-1	0
447	492	491	1	-1	-1	0	0
508	463	464	1	-1	-1	-1	0
494	492	449	1	-1	-1	-1	0
470	505	462	1	-1	-1	-1	0
493	495	449	1	-1	-1	-1	0
449	495	494	1	-1	-1	-1	0
463	509	466	1	-1	-1	-1	0
510	464	465	1	-1	-1	-1	0
451	496	493	1	-1	-1	-1	0
466	511	467	1	-1	-1	-1	0
465	471	510	1	-1	-1	-1	0
452	497	498	1	-1	-1	-1	0
469	467	512	1	-1	-1	-1	0
500	496	453	1	-1	-1	-1	0
469	513	468	1	-1	-1	-1	0
499	453	498	1	-1	-1	-1	0
470	468	513	1	-1	-1	-1	0
500	453	499	1	-1	-1	-1	0
503	456	501	1	-1	-1	-1	0
503	502	456	1	-1	-1	-1	0
471	474	517	1	-1	-1	-1	0
457	502	504	1	-1	-1	-1	0
461	507	497	1	-1	-1	-1	0
518	474	473	1	-1	-1	-1	0
475	518	473	1	-1	-1	-1	0
506	501	460	1	-1	-1	-1	0
506	460	505	1	-1	-1	-1	0
504	507	461	1	-1	-1	-1	0
477	520	476	1	-1	-1	-1	0
521	478	476	1	-1	-1	-1	0
475	485	519	1	-1	-1	-1	0
479	478	523	1	-1	-1	-1	0
463	508	509	1	-1	-1	-1	0
510	508	464	1	-1	-1	-1	0
480	479	523	1	-1	-1	-1	0
495	493	496	1	-1	-1	-1	0
466	509	511	1	-1	-1	-1	0
522	477	487	1	-1	-1	-1	0
523	484	480	1	-1	-1	-1	0
481	482	524	1	-1	-1	-1	0
512	467	511	1	-1	-1	-1	0
515	505	470	1	-1	-1	-1	0
482	483	525	1	-1	-1	-1	0
481	524	486	1	-1	-1	-1	0
484	526	483	1	-1	-1	-1	0
512	514	469	1	-1	-1	-1	0
513	469	514	1	-1	-1	-1	0
471	517	510	1	-1	-1	-1	0
470	513	516	1	-1	-1	-1	0
530	485	486	1	-1	-1	-1	0
516	515	470	1	-1	-1	-1	0
503	504	502	1	-1	-1	-1	0
490	532	487	1	-1	-1	-1	0
474	518	517	1	-1	-1	-1	0
488	534	489	1	-1	-1	-1	0
519	518	475	1	-1	-1	-1	0
490	489	534	1	-1	-1	-1	0
521	476	520	1	-1	-1	-1	0
491	492	536	1	-1	-1	-1	0
522	520	477	1	-1	-1	-1	0
523	478	521	1	-1	-1	-1	0
494	537	492	1	-1	-1	-1	0
506	505	515	1	-1	-1	-1	0
538	494	495	1	-1	-1	-1	0
539	495	496	1	-1	-1	-1	0
525	524	482	1	-1	-1	-1	0
519	485	530	1	-1	-1	-1	0
540	498	497	1	-1	-1	-1	0
539	496	500	1	-1	-1	-1	0
527	525	483	1	-1	-1	-1	0
484	523	529	1	-1	-1	-1	0
483	526	527	1	-1	-1	-1	0
484	528	526	1	-1	-1	-1	0
499	498	541	1	-1	-1	-1	0
500	499	542	1	-1	-1	-1	0
532	522	487	1	-1	-1	-1	0
486	524	531	1	-1	-1	-1	0
529	528	484	1	-1	-1	-1	0
540	497	507	1	-1	-1	-1	0
531	530	486	1	-1	-1	-1	0
544	503	501	1	-1	-1	-1	0
506	543	501	1	-1	-1	-1	0
503	545	504	1	-1	-1	-1	0
533	534	488	1	-1	-1	0	0
545	507	504	1	-1	-1	-1	0
490	534	532	1	-1	-1	-1	0
535	491	536	1	0	-1	-1	0
536	492	537	1	-1	-1	-1	0
550	509	508	1	-1	-1	-1	0
547	506	515	1	-1	-1	-1	0
550	508	510	1	-1	-1	-1	0
494	538	537	1	-1	-1	-1	0
538	495	539	1	-1	-1	-1	0
552	511	509	1	-1	-1	-1	0
554	512	511	1	-1	-1	-1	0
515	516	547	1	-1	-1	-1	0
541	498	540	1	-1	-1	-1	0
517	553	510	1	-1	-1	-1	0
542	539	500	1	-1	-1	-1	0
512	556	514	1	-1	-1	-1	0
542	499	541	1	-1	-1	-1	0
514	558	513	1	-1	-1	-1	0
516	513	557	1	-1	-1	-1	0
544	501	543	1	-1	-1	-1	0
546	503	544	1	-1	-1	-1	0
546	545	503	1	-1	-1	-1	0
548	540	507	1	-1	-1	-1	0
547	543	506	1	-1	-1	-1	0
562	517	518	1	-1	-1	-1	0
562	518	519	1	-1	-1	-1	0
507	545	549	1	-1	-1	-1	0
548	507	549	1	-1	-1	-1	0
520	564	521	1	-1	-1	-1	0
564	520	522	1	-1	-1	-1	0
566	523	521	1	-1	-1	-1	0
550	551	509	1	-1	-1	-1	0
552	509	551	1	-1	-1	-1	0
530	563	519	1	-1	-1	-1	0
550	510	553	1	-1	-1	-1	0
554	511	552	1	-1	-1	-1	0
524	525	568	1	-1	-1	-1	0
523	566	529	1	-1	-1	-1	0
522	532	567	1	-1	-1	-1	0
555	512	554	1	-1	-1	-1	0
527	569	525	1	-1	-1	-1	0
559	547	516	1	-1	-1	-1	0
531	524	568	1	-1	-1	-1	0
555	556	512	1	-1	-1	-1	0
526	570	527	1	-1	-1	-1	0
526	528	571	1	-1	-1	-1	0
557	513	558	1	-1	-1	-1	0
558	514	556	1	-1	-1	-1	0
553	517	561	1	-1	-1	-1	0
529	574	528	1	-1	-1	-1	0
516	557	560	1	-1	-1	-1	0
516	560	559	1	-1	-1	-1	0
531	575	530	1	-1	-1	-1	0
562	561	517	1	-1	-1	-1	0
546	549	545	1	-1	-1	-1	0
532	534	579	1	-1	-1	-1	0
563	562	519	1	-1	-1	-1	0
579	534	533	1	-1	-1	-1	0
521	564	565	1	-1	-1	-1	0
565	566	521	1	-1	-1	-1	0
536	581	535	1	-1	0	-1	0
564	522	567	1	-1	-1	-1	0
537	583	536	1	-1	-1	-1	0
537	538	583	1	-1	-1	-1	0
539	584	538	1	-1	-1	-1	0
568	525	569	1	-1	-1	-1	0
586	539	542	1	-1	-1	-1	0
570	526	571	1	-1	-1	-1	0
530	575	563	1	-1	-1	-1	0
587	541	540	1	-1	-1	-1	0
566	574	529	1	-1	-1	-1	0
573	569	527	1	-1	-1	-1	0
527	570	572	1	-1	-1	-1	0
588	542	541	1	-1	-1	-1	0
527	572	573	1	-1	-1	-1	0
574	571	528	1	-1	-1	-1	0
548	587	540	1	-1	-1	-1	0
577	531	568	1	-1	-1	-1	0
532	578	567	1	-1	-1	-1	0
543	591	544	1	-1	-1	-1	0
547	590	543	1	-1	-1	-1	0
576	575	531	1	-1	-1	-1	0
544	592	546	1	-1	-1	-1	0
531	577	576	1	-1	-1	-1	0
593	549	546	1	-1	-1	-1	0
579	578	532	1	-1	-1	-1	0
549	594	548	1	-1	-1	-1	0
580	579	533	1	-1	-1	0	0
590	547	559	1	-1	-1	-1	0
550	596	551	1	-1	-1	-1	0
550	553	596	1	-1	-1	-1	0
582	581	536	1	-1	-1	-1	0
597	552	551	1	-1	-1	-1	0
583	582	536	1	-1	-1	-1	0
598	554	552	1	-1	-1	-1	0
585	583	538	1	-1	-1	-1	0
584	585	538	1	-1	-1	-1	0
554	600	555	1	-1	-1	-1	0
539	586	584	1	-1	-1	-1	0
555	601	556	1	-1	-1	-1	0
553	561	599	1	-1	-1	-1	0
588	541	587	1	-1	-1	-1	0
556	602	558	1	-1	-1	-1	0
542	589	586	1	-1	-1	-1	0
604	557	558	1	-1	-1	-1	0
589	542	588	1	-1	-1	-1	0
560	557	604	1	-1	-1	-1	0
590	591	543	1	-1	-1	-1	0
605	559	560	1	-1	-1	-1	0
544	591	592	1	-1	-1	-1	0
548	594	587	1	-1	-1	-1	0
561	562	607	1	-1	-1	-1	0
592	593	546	1	-1	-1	-1	0
562	563	607	1	-1	-1	-1	0
593	595	549	1	-1	-1	-1	0
594	549	595	1	-1	-1	-1	0
564	610	565	1	-1	-1	-1	0
610	564	567	1	-1	-1	-1	0
566	565	611	1	-1	-1	-1	0
551	596	597	1	-1	-1	-1	0
563	575	608	1	-1	-1	-1	0
597	598	552	1	-1	-1	-1	0
553	599	596	1	-1	-1	-1	0
569	614	568	1	-1	-1	-1	0
600	554	598	1	-1	-1	-1	0
612	574	566	1	-1	-1	-1	0
559	605	590	1	-1	-1	-1	0
573	614	569	1	-1	-1	-1	0
601	555	600	1	-1	-1	-1	0
571	615	570	1	-1	-1	-1	0
616	572	570	1	-1	-1	-1	0
567	578	613	1	-1	-1	-1	0
577	568	614	1	-1	-1	-1	0
601	603	556	1	-1	-1	-1	0
602	556	603	1	-1	-1	-1	0
574	617	571	1	-1	-1	-1	0
573	572	618	1	-1	-1	-1	0
602	604	558	1	-1	-1	-1	0
599	561	607	1	-1	-1	-1	0
606	560	604	1	-1	-1	-1	0
605	560	606	1	-1	-1	-1	0
575	576	621	1	-1	-1	-1	0
622	576	577	1	-1	-1	-1	0
609	607	563	1	-1	-1	-1	0
609	563	608	1	-1	-1	-1	0
624	578	579	1	-1	-1	-1	0
579	580	624	1	-1	-1	-1	0
611	565	610	1	-1	-1	-1	0
611	612	566	1	-1	-1	-1	0
627	581	582	1	0	-1	-1	0
613	610	567	1	-1	-1	-1	0
582	583	628	1	-1	-1	-1	0
629	583	585	1	-1	-1	-1	0
584	630	585	1	-1	-1	-1	0
586	630	584	1	-1	-1	-1	0
570	615	616	1	-1	-1	-1	0
571	617	615	1	-1	-1	-1	0
608	575	621	1	-1	-1	-1	0
573	619	614	1	-1	-1	-1	0
572	616	618	1	-1	-1	-1	0
620	574	612	1	-1	-1	-1	0
631	586	589	1	-1	-1	-1	0
587	632	588	1	-1	-1	-1	0
619	573	618	1	-1	-1	-1	0
588	633	589	1	-1	-1	-1	0
617	574	620	1	-1	-1	-1	0
594	632	587	1	-1	-1	-1	0
614	623	577	1	-1	-1	-1	0
635	591	590	1	-1	-1	-1	0
578	625	613	1	-1	-1	-1	0
622	621	576	1	-1	-1	-1	0
636	592	591	1	-1	-1	-1	0
622	577	623	1	-1	-1	-1	0
638	595	593	1	-1	-1	-1	0
578	624	625	1	-1	-1	-1	0
637	593	592	1	-1	-1	-1	0
594	595	639	1	-1	-1	-1	0
580	626	624	1	0	-1	-1	0
590	605	635	1	-1	-1	-1	0
642	597	596	1	-1	-1	-1	0
599	642	596	1	-1	-1	-1	0
627	582	628	1	-1	-1	-1	0
597	643	598	1	-1	-1	-1	0
628	583	629	1	-1	-1	-1	0
644	600	598	1	-1	-1	-1	0
585	630	629	1	-1	-1	-1	0
586	631	630	1	-1	-1	-1	0
648	601	600	1	-1	-1	-1	0
607	646	599	1	-1	-1	-1	0
632	633	588	1	-1	-1	-1	0
603	601	649	1	-1	-1	-1	0
589	634	631	1	-1	-1	-1	0
603	651	602	1	-1	-1	-1	0
634	589	633	1	-1	-1	-1	0
623	614	619	1	-1	-1	-1	0
602	651	604	1	-1	-1	-1	0
591	635	636	1	-1	-1	-1	0
607	609	646	1	-1	-1	-1	0
606	604	653	1	-1	-1	-1	0
637	592	636	1	-1	-1	-1	0
654	605	606	1	-1	-1	-1	0
632	594	640	1	-1	-1	-1	0
638	593	637	1	-1	-1	-1	0
594	639	640	1	-1	-1	-1	0
641	595	638	1	-1	-1	-1	0
639	595	641	1	-1	-1	-1	0
608	658	609	1	-1	-1	-1	0
597	642	643	1	-1	-1	-1	0
611	610	661	1	-1	-1	-1	0
610	613	661	1	-1	-1	-1	0
612	611	662	1	-1	-1	-1	0
645	598	643	1	-1	-1	-1	0
658	608	621	1	-1	-1	-1	0
598	645	644	1	-1	-1	-1	0
599	647	642	1	-1	-1	-1	0
600	644	648	1	-1	-1	-1	0
647	599	646	1	-1	-1	-1	0
654	635	605	1	-1	-1	-1	0
620	612	663	1	-1	-1	-1	0
615	666	616	1	-1	-1	-1	0
667	615	617	1	-1	-1	-1	0
650	601	648	1	-1	-1	-1	0
649	601	650	1	-1	-1	-1	0
613	625	665	1	-1	-1	-1	0
616	669	618	1	-1	-1	-1	0
649	652	603	1	-1	-1	-1	0
667	617	620	1	-1	-1	-1	0
633	632	640	1	-1	-1	-1	0
652	651	603	1	-1	-1	-1	0
618	670	619	1	-1	-1	-1	0
604	651	653	1	-1	-1	-1	0
623	619	671	1	-1	-1	-1	0
655	606	653	1	-1	-1	-1	0
646	609	659	1	-1	-1	-1	0
623	671	622	1	-1	-1	-1	0
622	673	621	1	-1	-1	-1	0
654	606	656	1	-1	-1	-1	0
606	655	657	1	-1	-1	-1	0
606	657	656	1	-1	-1	-1	0
675	625	624	1	-1	-1	-1	0
626	675	624	1	-1	-1	-1	0
609	658	660	1	-1	-1	-1	0
660	659	609	1	-1	-1	-1	0
628	679	627	1	-1	-1	-1	0
662	611	661	1	-1	-1	-1	0
662	663	612	1	-1	-1	-1	0
629	681	628	1	-1	-1	-1	0
661	613	664	1	-1	-1	-1	0
629	630	682	1	-1	-1	-1	0
665	664	613	1	-1	-1	-1	0
631	682	630	1	-1	-1	-1	0
667	666	615	1	-1	-1	-1	0
631	634	683	1	-1	-1	-1	0
668	616	666	1	-1	-1	-1	0
633	684	634	1	-1	-1	-1	0
658	621	673	1	-1	-1	-1	0
647	646	659	1	-1	-1	-1	0
669	616	668	1	-1	-1	-1	0
620	663	672	1	-1	-1	-1	0
618	669	670	1	-1	-1	-1	0
685	633	640	1	-1	-1	-1	0
635	687	636	1	-1	-1	-1	0
667	620	672	1	-1	-1	-1	0
671	619	670	1	-1	-1	-1	0
689	638	637	1	-1	-1	-1	0
636	688	637	1	-1	-1	-1	0
625	676	665	1	-1	-1	-1	0
671	674	622	1	-1	-1	-1	0
673	622	674	1	-1	-1	-1	0
638	690	641	1	-1	-1	-1	0
639	692	640	1	-1	-1	-1	0
693	639	641	1	-1	-1	-1	0
675	676	625	1	-1	-1	-1	0
687	635	654	1	-1	-1	-1	0
626	677	675	1	0	-1	-1	0
694	643	642	1	-1	-1	-1	0
694	642	647	1	-1	-1	-1	0
643	695	645	1	-1	-1	-1	0
678	627	679	1	0	-1	-1	0
696	644	645	1	-1	-1	-1	0
680	679	628	1	-1	-1	-1	0
644	696	648	1	-1	-1	-1	0
681	680	628	1	-1	-1	-1	0
681	629	682	1	-1	-1	-1	0
631	683	682	1	-1	-1	-1	0
701	650	648	1	-1	-1	-1	0
649	650	702	1	-1	-1	-1	0
633	685	684	1	-1	-1	-1	0
702	652	649	1	-1	-1	-1	0
686	683	634	1	-1	-1	-1	0
686	634	684	1	-1	-1	-1	0
647	659	699	1	-1	-1	-1	0
652	704	651	1	-1	-1	-1	0
653	651	704	1	-1	-1	-1	0
636	687	688	1	-1	-1	-1	0
655	653	704	1	-1	-1	-1	0
689	637	688	1	-1	-1	-1	0
654	656	706	1	-1	-1	-1	0
685	640	692	1	-1	-1	-1	0
638	689	691	1	-1	-1	-1	0
707	657	655	1	-1	-1	-1	0
690	638	691	1	-1	-1	-1	0
656	657	708	1	-1	-1	-1	0
693	641	690	1	-1	-1	-1	0
693	692	639	1	-1	-1	-1	0
658	710	660	1	-1	-1	-1	0
660	711	659	1	-1	-1	-1	0
695	643	694	1	-1	-1	-1	0
713	662	661	1	-1	-1	-1	0
697	645	695	1	-1	-1	-1	0
713	661	664	1	-1	-1	-1	0
696	645	698	1	-1	-1	-1	0
714	663	662	1	-1	-1	-1	0
645	697	698	1	-1	-1	-1	0
710	658	673	1	-1	-1	-1	0
647	700	694	1	-1	-1	-1	0
664	665	716	1	-1	-1	-1	0
648	696	701	1	-1	-1	-1	0
647	699	700	1	-1	-1	-1	0
687	654	706	1	-1	-1	-1	0
715	672	663	1	-1	-1	-1	0
718	666	667	1	-1	-1	-1	0
666	719	668	1	-1	-1	-1	0
701	703	650	1	-1	-1	-1	0
703	702	650	1	-1	-1	-1	0
668	721	669	1	-1	-1	-1	0
676	717	665	1	-1	-1	-1	0
672	720	667	1	-1	-1	-1	0
702	705	652	1	-1	-1	-1	0
704	652	705	1	-1	-1	-1	0
669	722	670	1	-1	-1	-1	0
723	671	670	1	-1	-1	-1	0
707	655	704	1	-1	-1	-1	0
699	659	711	1	-1	-1	-1	0
708	706	656	1	-1	-1	-1	0
725	674	671	1	-1	-1	-1	0
707	709	657	1	-1	-1	-1	0
708	657	709	1	-1	-1	-1	0
727	673	674	1	-1	-1	-1	0
676	675	728	1	-1	-1	-1	0
677	728	675	1	-1	-1	-1	0
660	710	712	1	-1	-1	-1	0
711	660	712	1	-1	-1	-1	0
679	731	678	1	-1	-1	-1	0
713	714	662	1	-1	-1	-1	0
700	695	694	1	-1	-1	-1	0
731	679	680	1	-1	-1	-1	0
715	663	714	1	-1	-1	-1	0
713	664	716	1	-1	-1	-1	0
698	701	696	1	-1	-1	-1	0
732	680	681	1	-1	-1	-1	0
681	682	733	1	-1	-1	-1	0
717	716	665	1	-1	-1	-1	0
683	734	682	1	-1	-1	-1	0
734	683	686	1	-1	-1	-1	0
666	718	719	1	-1	-1	-1	0
685	735	684	1	-1	-1	-1	0
718	667	720	1	-1	-1	-1	0
686	684	736	1	-1	-1	-1	0
719	721	668	1	-1	-1	-1	0
727	710	673	1	-1	-1	-1	0
721	722	669	1	-1	-1	-1	0
672	715	726	1	-1	-1	-1	0
687	740	688	1	-1	-1	-1	0
670	722	723	1	-1	-1	-1	0
738	685	692	1	-1	-1	-1	0
707	704	705	1	-1	-1	-1	0
741	689	688	1	-1	-1	-1	0
726	720	672	1	-1	-1	-1	0
671	723	724	1	-1	-1	-1	0
671	724	725	1	-1	-1	-1	0
689	741	691	1	-1	-1	-1	0
717	676	728	1	-1	-1	-1	0
691	742	690	1	-1	-1	-1	0
742	693	690	1	-1	-1	-1	0
727	674	725	1	-1	-1	-1	0
692	693	744	1	-1	-1	-1	0
706	740	687	1	-1	-1	-1	0
677	729	728	1	0	-1	-1	0
695	746	697	1	-1	-1	-1	0
730	678	731	1	0	-1	-1	0
746	695	700	1	-1	-1	-1	0
747	698	697	1	-1	-1	-1	0
732	731	680	1	-1	-1	-1	0
732	681	733	1	-1	-1	-1	0
701	698	749	1	-1	-1	-1	0
727	712	710	1	-1	-1	-1	0
734	733	682	1	-1	-1	-1	0
750	700	699	1	-1	-1	-1	0
735	736	684	1	-1	-1	-1	0
703	701	752	1	-1	-1	-1	0
737	735	685	1	-1	-1	-1	0
734	686	739	1	-1	-1	-1	0
703	754	702	1	-1	-1	-1	0
685	738	737	1	-1	-1	-1	0
686	736	739	1	-1	-1	-1	0
711	751	699	1	-1	-1	-1	0
702	756	705	1	-1	-1	-1	0
707	705	756	1	-1	-1	-1	0
740	741	688	1	-1	-1	-1	0
758	706	708	1	-1	-1	-1	0
751	711	712	1	-1	-1	-1	0
744	738	692	1	-1	-1	-1	0
741	743	691	1	-1	-1	-1	0
759	709	707	1	-1	-1	-1	0
743	742	691	1	-1	-1	-1	0
709	761	708	1	-1	-1	-1	0
742	745	693	1	-1	-1	-1	0
745	744	693	1	-1	-1	-1	0
746	747	697	1	-1	-1	-1	0
748	698	747	1	-1	-1	-1	0
714	713	767	1	-1	-1	-1	0
749	698	748	1	-1	-1	-1	0
766	713	716	1	-1	-1	-1	0
715	714	767	1	-1	-1	-1	0
700	750	746	1	-1	-1	-1	0
750	699	751	1	-1	-1	-1	0
717	769	716	1	-1	-1	-1	0
712	727	764	1	-1	-1	-1	0
749	753	701	1	-1	-1	-1	0
740	706	758	1	-1	-1	-1	0
701	753	752	1	-1	-1	-1	0
715	768	726	1	-1	-1	-1	0
773	719	718	1	-1	-1	-1	0
718	720	772	1	-1	-1	-1	0
754	755	702	1	-1	-1	-1	0
703	752	757	1	-1	-1	-1	0
755	756	702	1	-1	-1	-1	0
757	754	703	1	-1	-1	-1	0
721	719	774	1	-1	-1	-1	0
725	764	727	1	-1	-1	-1	0
771	717	728	1	-1	-1	-1	0
776	722	721	1	-1	-1	-1	0
775	720	726	1	-1	-1	-1	0
756	759	707	1	-1	-1	-1	0
777	723	722	1	-1	-1	-1	0
778	724	723	1	-1	-1	-1	0
760	758	708	1	-1	-1	-1	0
765	751	712	1	-1	-1	-1	0
724	779	725	1	-1	-1	-1	0
762	760	708	1	-1	-1	-1	0
762	708	761	1	-1	-1	-1	0
759	763	709	1	-1	-1	-1	0
761	709	763	1	-1	-1	-1	0
728	729	782	1	-1	-1	-1	0
765	712	764	1	-1	-1	-1	0
767	713	766	1	-1	-1	-1	0
731	785	730	1	-1	-1	-1	0
731	732	785	1	-1	-1	-1	0
767	768	715	1	-1	-1	-1	0
786	732	733	1	-1	-1	-1	0
769	766	716	1	-1	-1	-1	0
786	733	734	1	-1	-1	-1	0
717	770	769	1	-1	-1	-1	0
770	717	771	1	-1	-1	-1	0
736	735	790	1	-1	-1	-1	0
789	734	739	1	-1	-1	-1	0
790	735	737	1	-1	-1	-1	0
718	772	773	1	-1	-1	-1	0
736	791	739	1	-1	-1	-1	0
719	773	774	1	-1	-1	-1	0
792	737	738	1	-1	-1	-1	0
779	764	725	1	-1	-1	-1	0
720	775	772	1	-1	-1	-1	0
721	774	776	1	-1	-1	-1	0
722	776	777	1	-1	-1	-1	0
726	768	781	1	-1	-1	-1	0
744	794	738	1	-1	-1	-1	0
796	741	740	1	-1	-1	-1	0
777	778	723	1	-1	-1	-1	0
743	741	796	1	-1	-1	-1	0
728	782	771	1	-1	-1	-1	0
742	743	797	1	-1	-1	-1	0
780	724	778	1	-1	-1	-1	0
726	781	775	1	-1	-1	-1	0
724	780	779	1	-1	-1	-1	0
745	794	744	1	-1	-1	-1	0
742	797	745	1	-1	-1	-1	0
746	801	747	1	-1	-1	-1	0
796	740	758	1	-1	-1	-1	0
782	729	783	1	-1	0	-1	0
802	748	747	1	-1	-1	-1	0
746	750	801	1	-1	-1	-1	0
784	730	785	1	0	-1	-1	0
748	803	749	1	-1	-1	-1	0
732	787	785	1	-1	-1	-1	0
788	732	786	1	-1	-1	-1	0
788	787	732	1	-1	-1	-1	0
805	753	749	1	-1	-1	-1	0
750	751	806	1	-1	-1	-1	0
789	786	734	1	-1	-1	-1	0
752	753	808	1	-1	-1	-1	0
758	760	796	1	-1	-1	-1	0
757	752	808	1	-1	-1	-1	0
791	736	790	1	-1	-1	-1	0
809	755	754	1	-1	-1	-1	0
737	793	790	1	-1	-1	-1	0
757	809	754	1	-1	-1	-1	0
810	756	755	1	-1	-1	-1	0
737	792	793	1	-1	-1	-1	0
751	765	807	1	-1	-1	-1	0
739	795	789	1	-1	-1	-1	0
738	794	792	1	-1	-1	-1	0
795	739	791	1	-1	-1	-1	0
812	759	756	1	-1	-1	-1	0
763	759	812	1	-1	-1	-1	0
762	814	760	1	-1	-1	-1	0
798	743	796	1	-1	-1	-1	0
797	743	798	1	-1	-1	-1	0
799	794	745	1	-1	-1	-1	0
815	761	763	1	-1	-1	-1	0
761	816	762	1	-1	-1	-1	0
800	745	797	1	-1	-1	-1	0
745	800	799	1	-1	-1	-1	0
765	764	819	1	-1	-1	-1	0
802	747	801	1	-1	-1	-1	0
748	802	803	1	-1	-1	-1	0
766	822	767	1	-1	-1	-1	0
785	787	784	1	-1	-1	-1	0
749	803	804	1	-1	-1	-1	0
801	750	806	1	-1	-1	-1	0
766	769	822	1	-1	-1	-1	0
768	767	822	1	-1	-1	-1	0
804	805	749	1	-1	-1	-1	0
819	764	779	1	-1	-1	-1	0
789	788	786	1	-1	-1	-1	0
770	824	769	1	-1	-1	-1	0
807	806	751	1	-1	-1	-1	0
771	825	770	1	-1	-1	-1	0
753	805	808	1	-1	-1	-1	0
796	760	814	1	-1	-1	-1	0
768	823	781	1	-1	-1	-1	0
773	772	828	1	-1	-1	-1	0
827	772	775	1	-1	-1	-1	0
755	809	811	1	-1	-1	-1	0
810	755	811	1	-1	-1	-1	0
829	774	773	1	-1	-1	-1	0
812	756	810	1	-1	-1	-1	0
808	813	757	1	-1	-1	-1	0
813	809	757	1	-1	-1	-1	0
826	771	782	1	-1	-1	-1	0
774	830	776	1	-1	-1	-1	0
832	777	776	1	-1	-1	-1	0
831	775	781	1	-1	-1	-1	0
777	834	778	1	-1	-1	-1	0
782	783	826	1	-1	-1	-1	0
761	815	816	1	-1	-1	-1	0
778	834	780	1	-1	-1	-1	0
814	762	817	1	-1	-1	-1	0
763	812	818	1	-1	-1	-1	0
807	765	821	1	-1	-1	-1	0
779	780	835	1	-1	-1	-1	0
816	817	762	1	-1	-1	-1	0
797	798	800	1	-1	-1	-1	0
763	818	815	1	-1	-1	-1	0
820	765	819	1	-1	-1	-1	0
765	820	821	1	-1	-1	-1	0
787	839	784	1	-1	0	-1	0
768	822	823	1	-1	-1	-1	0
822	769	824	1	-1	-1	-1	0
787	788	840	1	-1	-1	-1	0
824	770	825	1	-1	-1	-1	0
789	843	788	1	-1	-1	-1	0
825	771	826	1	-1	-1	-1	0
813	808	805	1	-1	-1	-1	0
790	845	791	1	-1	-1	-1	0
772	827	828	1	-1	-1	-1	0
843	789	795	1	-1	-1	-1	0
793	844	790	1	-1	-1	-1	0
828	829	773	1	-1	-1	-1	0
846	795	791	1	-1	-1	-1	0
793	792	847	1	-1	-1	-1	0
809	813	811	1	-1	-1	-1	0
792	794	847	1	-1	-1	-1	0
819	779	835	1	-1	-1	-1	0
827	775	831	1	-1	-1	-1	0
829	830	774	1	-1	-1	-1	0
831	781	823	1	-1	-1	-1	0
832	776	830	1	-1	-1	-1	0
799	847	794	1	-1	-1	-1	0
832	833	777	1	-1	-1	-1	0
833	834	777	1	-1	-1	-1	0
850	798	796	1	-1	-1	-1	0
826	783	838	1	-1	0	-1	0
800	798	851	1	-1	-1	-1	0
800	852	799	1	-1	-1	-1	0
780	836	835	1	-1	-1	-1	0
780	834	837	1	-1	-1	-1	0
837	836	780	1	-1	-1	-1	0
801	856	802	1	-1	-1	-1	0
796	814	850	1	-1	-1	-1	0
801	806	855	1	-1	-1	-1	0
802	857	803	1	-1	-1	-1	0
804	803	858	1	-1	-1	-1	0
787	841	839	1	-1	-1	-1	0
841	787	840	1	-1	-1	-1	0
859	805	804	1	-1	-1	-1	0
842	840	788	1	-1	-1	-1	0
843	842	788	1	-1	-1	-1	0
806	807	862	1	-1	-1	-1	0
805	861	813	1	-1	-1	-1	0
845	790	844	1	-1	-1	-1	0
791	845	846	1	-1	-1	-1	0
811	864	810	1	-1	-1	-1	0
810	863	812	1	-1	-1	-1	0
848	844	793	1	-1	-1	-1	0
795	849	843	1	-1	-1	-1	0
793	847	848	1	-1	-1	-1	0
807	821	862	1	-1	-1	-1	0
813	866	811	1	-1	-1	-1	0
795	846	849	1	-1	-1	-1	0
818	812	863	1	-1	-1	-1	0
817	867	814	1	-1	-1	-1	0
798	850	851	1	-1	-1	-1	0
853	847	799	1	-1	-1	-1	0
815	869	816	1	-1	-1	-1	0
818	868	815	1	-1	-1	-1	0
816	870	817	1	-1	-1	-1	0
852	853	799	1	-1	-1	-1	0
800	851	854	1	-1	-1	-1	0
852	800	854	1	-1	-1	-1	0
801	855	856	1	-1	-1	-1	0
874	820	819	1	-1	-1	-1	0
802	856	857	1	-1	-1	-1	0
820	875	821	1	-1	-1	-1	0
803	857	858	1	-1	-1	-1	0
804	858	860	1	-1	-1	-1	0
877	823	822	1	-1	-1	-1	0
859	804	860	1	-1	-1	-1	0
806	862	855	1	-1	-1	-1	0
877	822	824	1	-1	-1	-1	0
859	861	805	1	-1	-1	-1	0
835	874	819	1	-1	-1	-1	0
824	825	880	1	-1	-1	-1	0
867	850	814	1	-1	-1	-1	0
823	878	831	1	-1	-1	-1	0
881	825	826	1	-1	-1	-1	0
863	810	864	1	-1	-1	-1	0
884	828	827	1	-1	-1	-1	0
865	864	811	1	-1	-1	-1	0
866	813	861	1	-1	-1	-1	0
865	811	866	1	-1	-1	-1	0
886	829	828	1	-1	-1	-1	0
827	831	885	1	-1	-1	-1	0
881	826	838	1	-1	-1	-1	0
887	830	829	1	-1	-1	-1	0
847	853	848	1	-1	-1	-1	0
888	832	830	1	-1	-1	-1	0
869	815	868	1	-1	-1	-1	0
873	818	863	1	-1	-1	-1	0
869	870	816	1	-1	-1	-1	0
891	833	832	1	-1	-1	-1	0
817	872	867	1	-1	-1	-1	0
871	817	870	1	-1	-1	-1	0
862	821	876	1	-1	-1	-1	0
834	833	892	1	-1	-1	-1	0
818	873	868	1	-1	-1	-1	0
871	872	817	1	-1	-1	-1	0
892	837	834	1	-1	-1	-1	0
893	835	836	1	-1	-1	-1	0
837	894	836	1	-1	-1	-1	0
867	851	850	1	-1	-1	-1	0
875	820	874	1	-1	-1	-1	0
821	875	876	1	-1	-1	-1	0
898	839	841	1	0	-1	-1	0
879	823	877	1	-1	-1	-1	0
840	899	841	1	-1	-1	-1	0
823	879	878	1	-1	-1	-1	0
840	842	899	1	-1	-1	-1	0
877	824	880	1	-1	-1	-1	0
842	843	902	1	-1	-1	-1	0
825	881	882	1	-1	-1	-1	0
825	883	880	1	-1	-1	-1	0
825	882	883	1	-1	-1	-1	0
845	844	904	1	-1	-1	-1	0
849	902	843	1	-1	-1	-1	0
904	844	848	1	-1	-1	-1	0
846	845	906	1	-1	-1	-1	0
885	884	827	1	-1	-1	-1	0
884	886	828	1	-1	-1	-1	0
831	878	889	1	-1	-1	-1	0
893	874	835	1	-1	-1	-1	0
907	849	846	1	-1	-1	-1	0
886	887	829	1	-1	-1	-1	0
830	887	888	1	-1	-1	-1	0
885	831	890	1	-1	-1	-1	0
848	853	908	1	-1	-1	-1	0
831	889	890	1	-1	-1	-1	0
891	832	888	1	-1	-1	-1	0
897	881	838	1	-1	-1	0	0
892	833	891	1	-1	-1	-1	0
854	851	912	1	-1	-1	-1	0
912	852	854	1	-1	-1	-1	0
853	852	913	1	-1	-1	-1	0
893	836	895	1	-1	-1	-1	0
895	836	894	1	-1	-1	-1	0
837	892	896	1	-1	-1	-1	0
916	856	855	1	-1	-1	-1	0
896	894	837	1	-1	-1	-1	0
851	867	911	1	-1	-1	-1	0
857	856	917	1	-1	-1	-1	0
917	858	857	1	-1	-1	-1	0
916	855	862	1	-1	-1	-1	0
877	880	879	1	-1	-1	-1	0
860	858	919	1	-1	-1	-1	0
859	860	920	1	-1	-1	-1	0
901	841	899	1	-1	-1	-1	0
900	898	841	1	-1	-1	-1	0
874	893	875	1	-1	-1	-1	0
861	859	921	1	-1	-1	-1	0
901	900	841	1	-1	-1	-1	0
880	883	879	1	-1	-1	-1	0
899	842	903	1	-1	-1	-1	0
903	842	902	1	-1	-1	-1	0
866	861	921	1	-1	-1	-1	0
867	872	911	1	-1	-1	-1	0
863	864	925	1	-1	-1	-1	0
905	845	904	1	-1	-1	-1	0
926	864	865	1	-1	-1	-1	0
845	905	906	1	-1	-1	-1	0
865	866	927	1	-1	-1	-1	0
907	846	906	1	-1	-1	-1	0
848	909	904	1	-1	-1	-1	0
925	873	863	1	-1	-1	-1	0
849	910	902	1	-1	-1	-1	0
862	876	924	1	-1	-1	-1	0
848	908	909	1	-1	-1	-1	0
907	910	849	1	-1	-1	-1	0
868	929	869	1	-1	-1	-1	0
868	873	929	1	-1	-1	-1	0
932	870	869	1	-1	-1	-1	0
932	871	870	1	-1	-1	-1	0
911	912	851	1	-1	-1	-1	0
933	872	871	1	-1	-1	-1	0
853	915	908	1	-1	-1	-1	0
852	912	913	1	-1	-1	-1	0
914	853	913	1	-1	-1	-1	0
853	914	915	1	-1	-1	-1	0
936	876	875	1	-1	-1	-1	0
917	856	916	1	-1	-1	-1	0
858	917	918	1	-1	-1	-1	0
918	919	858	1	-1	-1	-1	0
939	878	879	1	-1	-1	-1	0
921	859	920	1	-1	-1	-1	0
922	920	860	1	-1	-1	-1	0
883	940	879	1	-1	-1	-1	0
862	924	916	1	-1	-1	-1	0
860	919	923	1	-1	-1	-1	0
935	875	893	1	-1	-1	-1	0
903	901	899	1	-1	-1	-1	0
881	941	882	1	-1	-1	-1	0
860	923	922	1	-1	-1	-1	0
878	939	889	1	-1	-1	-1	0
866	921	927	1	-1	-1	-1	0
883	882	942	1	-1	-1	-1	0
945	884	885	1	-1	-1	-1	0
926	925	864	1	-1	-1	-1	0
886	884	946	1	-1	-1	-1	0
872	934	911	1	-1	-1	-1	0
939	890	889	1	-1	-1	-1	0
904	909	905	1	-1	-1	-1	0
897	941	881	1	-1	-1	-1	0
926	865	928	1	-1	-1	-1	0
865	927	928	1	-1	-1	-1	0
886	949	887	1	-1	-1	-1	0
885	890	948	1	-1	-1	-1	0
895	935	893	1	-1	-1	-1	0
950	888	887	1	-1	-1	-1	0
925	929	873	1	-1	-1	-1	0
869	929	930	1	-1	-1	-1	0
951	891	888	1	-1	-1	-1	0
869	930	931	1	-1	-1	-1	0
931	932	869	1	-1	-1	-1	0
891	952	892	1	-1	-1	-1	0
871	932	933	1	-1	-1	-1	0
938	924	876	1	-1	-1	-1	0
872	933	934	1	-1	-1	-1	0
952	896	892	1	-1	-1	-1	0
896	953	894	1	-1	-1	-1	0
894	954	895	1	-1	-1	-1	0
875	935	937	1	-1	-1	-1	0
937	936	875	1	-1	-1	-1	0
936	938	876	1	-1	-1	-1	0
898	900	960	1	-1	-1	0	0
939	879	940	1	-1	-1	-1	0
962	900	901	1	-1	-1	-1	0
921	920	922	1	-1	-1	-1	0
943	882	941	1	-1	-1	-1	0
940	883	944	1	-1	-1	-1	0
963	901	903	1	-1	-1	-1	0
882	943	942	1	-1	-1	-1	0
964	903	902	1	-1	-1	-1	0
883	942	944	1	-1	-1	-1	0
945	946	884	1	-1	-1	-1	0
910	964	902	1	-1	-1	-1	0
939	948	890	1	-1	-1	-1	0
966	906	905	1	-1	-1	-1	0
947	945	885	1	-1	-1	-1	0
905	909	965	1	-1	-1	-1	0
967	907	906	1	-1	-1	-1	0
948	947	885	1	-1	-1	-1	0
949	886	946	1	-1	-1	-1	0
968	910	907	1	-1	-1	-1	0
887	949	950	1	-1	-1	-1	0
956	935	895	1	-1	-1	-1	0
908	970	909	1	-1	-1	-1	0
950	951	888	1	-1	-1	-1	0
970	908	915	1	-1	-1	-1	0
951	952	891	1	-1	-1	-1	0
911	971	912	1	-1	-1	-1	0
959	941	897	1	-1	-1	0	0
972	913	912	1	-1	-1	-1	0
913	972	914	1	-1	-1	-1	0
894	953	954	1	-1	-1	-1	0
973	915	914	1	-1	-1	-1	0
895	954	955	1	-1	-1	-1	0
896	952	957	1	-1	-1	-1	0
895	955	956	1	-1	-1	-1	0
896	958	953	1	-1	-1	-1	0
917	916	975	1	-1	-1	-1	0
918	917	975	1	-1	-1	-1	0
957	958	896	1	-1	-1	-1	0
918	976	919	1	-1	-1	-1	0
916	924	975	1	-1	-1	-1	0
934	971	911	1	-1	-1	-1	0
919	978	923	1	-1	-1	-1	0
900	961	960	1	-1	0	-1	0
922	979	921	1	-1	-1	-1	0
900	962	961	1	-1	-1	-1	0
981	922	923	1	-1	-1	-1	0
962	901	963	1	-1	-1	-1	0
980	927	921	1	-1	-1	-1	0
935	956	937	1	-1	-1	-1	0
963	903	964	1	-1	-1	-1	0
980	928	927	1	-1	-1	-1	0
984	925	926	1	-1	-1	-1	0
965	966	905	1	-1	-1	-1	0
985	929	925	1	-1	-1	-1	0
906	966	967	1	-1	-1	-1	0
986	926	928	1	-1	-1	-1	0
964	910	968	1	-1	-1	-1	0
943	941	959	1	-1	-1	-1	0
967	969	907	1	-1	-1	-1	0
968	907	969	1	-1	-1	-1	0
909	970	965	1	-1	-1	-1	0
985	930	929	1	-1	-1	-1	0
938	983	924	1	-1	-1	-1	0
930	989	931	1	-1	-1	-1	0
931	990	932	1	-1	-1	-1	0
972	912	971	1	-1	-1	-1	0
992	933	932	1	-1	-1	-1	0
974	970	915	1	-1	-1	-1	0
973	914	972	1	-1	-1	-1	0
952	951	957	1	-1	-1	-1	0
934	933	993	1	-1	-1	-1	0
974	915	973	1	-1	-1	-1	0
937	995	936	1	-1	-1	-1	0
936	995	938	1	-1	-1	-1	0
918	975	977	1	-1	-1	-1	0
977	976	918	1	-1	-1	-1	0
919	976	978	1	-1	-1	-1	0
939	940	999	1	-1	-1	-1	0
980	921	979	1	-1	-1	-1	0
924	983	975	1	-1	-1	-1	0
979	922	981	1	-1	-1	-1	0
923	978	982	1	-1	-1	-1	0
940	944	999	1	-1	-1	-1	0
997	948	939	1	-1	-1	-1	0
942	943	1000	1	-1	-1	-1	0
923	982	981	1	-1	-1	-1	0
1000	944	942	1	-1	-1	-1	0
996	937	956	1	-1	-1	-1	0
984	985	925	1	-1	-1	-1	0
1003	946	945	1	-1	-1	-1	0
945	947	1003	1	-1	-1	-1	0
928	980	988	1	-1	-1	-1	0
986	984	926	1	-1	-1	-1	0
934	994	971	1	-1	-1	-1	0
946	1004	949	1	-1	-1	-1	0
986	928	987	1	-1	-1	-1	0
947	948	1007	1	-1	-1	-1	0
943	959	1001	1	-1	-1	-1	0
949	1004	950	1	-1	-1	-1	0
928	988	987	1	-1	-1	-1	0
930	985	989	1	-1	-1	-1	0
931	989	991	1	-1	-1	-1	0
1010	951	950	1	-1	-1	-1	0
990	931	991	1	-1	-1	-1	0
932	990	992	1	-1	-1	-1	0
983	938	995	1	-1	-1	-1	0
951	1010	957	1	-1	-1	-1	0
933	992	993	1	-1	-1	-1	0
954	953	1013	1	-1	-1	-1	0
993	994	934	1	-1	-1	-1	0
1013	955	954	1	-1	-1	-1	0
1013	953	958	1	-1	-1	-1	0
956	955	1014	1	-1	-1	-1	0
937	996	995	1	-1	-1	-1	0
958	957	1017	1	-1	-1	-1	0
997	939	998	1	-1	-1	-1	0
998	939	999	1	-1	-1	-1	0
1021	961	962	1	-1	-1	-1	0
1001	1000	943	1	-1	-1	-1	0
1002	999	944	1	-1	-1	-1	0
1000	1002	944	1	-1	-1	-1	0
963	1022	962	1	-1	-1	-1	0
964	1024	963	1	-1	-1	-1	0
946	1003	1005	1	-1	-1	-1	0
948	997	1009	1	-1	-1	-1	0
1005	1004	946	1	-1	-1	-1	0
964	968	1024	1	-1	-1	-1	0
1006	1003	947	1	-1	-1	-1	0
965	1025	966	1	-1	-1	-1	0
967	966	1026	1	-1	-1	-1	0
965	970	1025	1	-1	-1	-1	0
947	1008	1006	1	-1	-1	-1	0
947	1007	1008	1	-1	-1	-1	0
967	1027	969	1	-1	-1	-1	0
948	1009	1007	1	-1	-1	-1	0
968	969	1028	1	-1	-1	-1	0
1012	950	1004	1	-1	-1	-1	0
996	956	1016	1	-1	-1	-1	0
950	1011	1010	1	-1	-1	-1	0
1011	950	1012	1	-1	-1	-1	0
974	1030	970	1	-1	-1	-1	0
972	971	1033	1	-1	-1	-1	0
1019	1001	959	1	-1	-1	0	0
973	972	1034	1	-1	-1	-1	0
973	1035	974	1	-1	-1	-1	0
955	1013	1015	1	-1	-1	-1	0
1010	1017	957	1	-1	-1	-1	0
1014	955	1015	1	-1	-1	-1	0
956	1014	1016	1	-1	-1	-1	0
1013	958	1015	1	-1	-1	-1	0
975	1037	977	1	-1	-1	-1	0
1038	976	977	1	-1	-1	-1	0
1018	1015	958	1	-1	-1	-1	0
1018	958	1017	1	-1	-1	-1	0
976	1039	978	1	-1	-1	-1	0
983	1037	975	1	-1	-1	-1	0
971	994	1032	1	-1	-1	-1	0
979	1042	980	1	-1	-1	-1	0
1041	982	978	1	-1	-1	-1	0
1021	1020	961	1	-1	0	-1	0
979	981	1042	1	-1	-1	-1	0
1021	962	1022	1	-1	-1	-1	0
1044	981	982	1	-1	-1	-1	0
963	1023	1022	1	-1	-1	-1	0
1042	988	980	1	-1	-1	-1	0
963	1024	1023	1	-1	-1	-1	0
1026	966	1025	1	-1	-1	-1	0
1048	985	984	1	-1	-1	-1	0
984	986	1049	1	-1	-1	-1	0
1026	1027	967	1	-1	-1	-1	0
1028	1024	968	1	-1	-1	-1	0
1012	1004	1005	1	-1	-1	-1	0
989	985	1050	1	-1	-1	-1	0
1052	986	987	1	-1	-1	-1	0
1029	969	1027	1	-1	-1	-1	0
983	995	1047	1	-1	-1	-1	0
969	1029	1028	1	-1	-1	-1	0
970	1031	1025	1	-1	-1	-1	0
988	1053	987	1	-1	-1	-1	0
1030	1031	970	1	-1	-1	-1	0
989	1056	991	1	-1	-1	-1	0
1032	1033	971	1	-1	-1	-1	0
1047	995	996	1	-1	-1	-1	0
1033	1034	972	1	-1	-1	-1	0
991	1058	990	1	-1	-1	-1	0
1036	1030	974	1	-1	-1	-1	0
990	1059	992	1	-1	-1	-1	0
973	1034	1035	1	-1	-1	-1	0
992	1059	993	1	-1	-1	-1	0
974	1035	1036	1	-1	-1	-1	0
994	993	1061	1	-1	-1	-1	0
1038	1039	976	1	-1	-1	-1	0
1037	1040	977	1	-1	-1	-1	0
1040	1038	977	1	-1	-1	-1	0
1041	978	1039	1	-1	-1	-1	0
1064	997	998	1	-1	-1	-1	0
998	999	1066	1	-1	-1	-1	0
1037	983	1046	1	-1	-1	-1	0
1043	1042	981	1	-1	-1	-1	0
1044	1043	981	1	-1	-1	-1	0
999	1002	1067	1	-1	-1	-1	0
1045	982	1041	1	-1	-1	-1	0
1001	1068	1000	1	-1	-1	-1	0
1064	1009	997	1	-1	-1	-1	0
1000	1068	1002	1	-1	-1	-1	0
982	1045	1044	1	-1	-1	-1	0
1016	1063	996	1	-1	-1	-1	0
1047	1046	983	1	-1	-1	-1	0
1006	1071	1003	1	-1	-1	-1	0
1071	1005	1003	1	-1	-1	-1	0
1049	1048	984	1	-1	-1	-1	0
1026	1025	1031	1	-1	-1	-1	0
1048	1050	985	1	-1	-1	-1	0
1054	988	1042	1	-1	-1	-1	0
1051	1049	986	1	-1	-1	-1	0
1006	1008	1073	1	-1	-1	-1	0
994	1062	1032	1	-1	-1	-1	0
1012	1005	1072	1	-1	-1	-1	0
1001	1019	1069	1	-1	-1	-1	0
1051	986	1052	1	-1	-1	-1	0
1007	1074	1008	1	-1	-1	-1	0
1074	1007	1009	1	-1	-1	-1	0
1053	988	1054	1	-1	-1	-1	0
987	1053	1052	1	-1	-1	-1	0
989	1050	1057	1	-1	-1	-1	0
1011	1077	1010	1	-1	-1	-1	0
1055	1056	989	1	-1	-1	-1	0
1057	1055	989	1	-1	-1	-1	0
1012	1079	1011	1	-1	-1	-1	0
1010	1077	1017	1	-1	-1	-1	0
1063	1047	996	1	-1	-1	-1	0
990	1058	1059	1	-1	-1	-1	0
1056	1060	991	1	-1	-1	-1	0
991	1060	1058	1	-1	-1	-1	0
1081	1014	1015	1	-1	-1	-1	0
1016	1014	1082	1	-1	-1	-1	0
1059	1061	993	1	-1	-1	-1	0
1015	1018	1083	1	-1	-1	-1	0
1062	994	1061	1	-1	-1	-1	0
1018	1017	1085	1	-1	-1	-1	0
1040	1037	1046	1	-1	-1	-1	0
1064	998	1065	1	-1	-1	-1	0
1065	998	1066	1	-1	-1	-1	0
1089	1020	1021	1	-1	-1	-1	0
1067	1066	999	1	-1	-1	-1	0
1021	1022	1090	1	-1	-1	-1	0
1090	1022	1023	1	-1	-1	-1	0
1069	1068	1001	1	-1	-1	-1	0
1091	1023	1024	1	-1	-1	-1	0
1067	1002	1070	1	-1	-1	-1	0
1070	1002	1068	1	-1	-1	-1	0
1024	1028	1091	1	-1	-1	-1	0
1093	1027	1026	1	-1	-1	-1	0
1005	1071	1072	1	-1	-1	-1	0
1064	1076	1009	1	-1	-1	-1	0
1027	1094	1029	1	-1	-1	-1	0
1071	1006	1073	1	-1	-1	-1	0
1093	1026	1031	1	-1	-1	-1	0
1029	1095	1028	1	-1	-1	-1	0
1073	1008	1075	1	-1	-1	-1	0
1030	1096	1031	1	-1	-1	-1	0
1074	1075	1008	1	-1	-1	-1	0
1009	1076	1074	1	-1	-1	-1	0
1036	1096	1030	1	-1	-1	-1	0
1084	1063	1016	1	-1	-1	-1	0
1012	1072	1080	1	-1	-1	-1	0
1033	1032	1099	1	-1	-1	-1	0
1077	1011	1078	1	-1	-1	-1	0
1101	1034	1033	1	-1	-1	-1	0
1078	1011	1079	1	-1	-1	-1	0
1080	1079	1012	1	-1	-1	-1	0
1035	1034	1102	1	-1	-1	-1	0
1102	1036	1035	1	-1	-1	-1	0
1019	1087	1069	1	0	-1	-1	0
1014	1081	1082	1	-1	-1	-1	0
1081	1015	1083	1	-1	-1	-1	0
1085	1017	1077	1	-1	-1	-1	0
1039	1038	1105	1	-1	-1	-1	0
1082	1084	1016	1	-1	-1	-1	0
1040	1105	1038	1	-1	-1	-1	0
1041	1039	1106	1	-1	-1	-1	0
1086	1083	1018	1	-1	-1	-1	0
1086	1018	1085	1	-1	-1	-1	0
1032	1062	1098	1	-1	-1	-1	0
1046	1107	1040	1	-1	-1	-1	0
1043	1111	1042	1	-1	-1	-1	0
1110	1045	1041	1	-1	-1	-1	0
1088	1020	1089	1	0	-1	-1	0
1112	1043	1044	1	-1	-1	-1	0
1090	1089	1021	1	-1	-1	-1	0
1045	1114	1044	1	-1	-1	-1	0
1090	1023	1092	1	-1	-1	-1	0
1091	1092	1023	1	-1	-1	-1	0
1054	1042	1111	1	-1	-1	-1	0
1068	1069	1070	1	-1	-1	-1	0
1046	1047	1115	1	-1	-1	-1	0
1048	1049	1116	1	-1	-1	-1	0
1116	1050	1048	1	-1	-1	-1	0
1028	1095	1091	1	-1	-1	-1	0
1027	1093	1094	1	-1	-1	-1	0
1051	1117	1049	1	-1	-1	-1	0
1029	1094	1095	1	-1	-1	-1	0
1031	1097	1093	1	-1	-1	-1	0
1120	1051	1052	1	-1	-1	-1	0
1071	1080	1072	1	-1	-1	-1	0
1096	1097	1031	1	-1	-1	-1	0
1047	1063	1115	1	-1	-1	-1	0
1057	1050	1118	1	-1	-1	-1	0
1121	1052	1053	1	-1	-1	-1	0
1122	1053	1054	1	-1	-1	-1	0
1032	1098	1099	1	-1	-1	-1	0
1033	1099	1100	1	-1	-1	-1	0
1101	1033	1100	1	-1	-1	-1	0
1036	1103	1096	1	-1	-1	-1	0
1125	1056	1055	1	-1	-1	-1	0
1055	1057	1124	1	-1	-1	-1	0
1034	1101	1102	1	-1	-1	-1	0
1102	1104	1036	1	-1	-1	-1	0
1060	1056	1126	1	-1	-1	-1	0
1104	1103	1036	1	-1	-1	-1	0
1058	1060	1130	1	-1	-1	-1	0
1058	1131	1059	1	-1	-1	-1	0
1039	1105	1106	1	-1	-1	-1	0
1061	1059	1131	1	-1	-1	-1	0
1109	1105	1040	1	-1	-1	-1	0
1131	1062	1061	1	-1	-1	-1	0
1108	1040	1107	1	-1	-1	-1	0
1041	1106	1110	1	-1	-1	-1	0
1040	1108	1109	1	-1	-1	-1	0
1064	1065	1136	1	-1	-1	-1	0
1112	1111	1043	1	-1	-1	-1	0
1115	1107	1046	1	-1	-1	-1	0
1110	1114	1045	1	-1	-1	-1	0
1113	1112	1044	1	-1	-1	-1	0
1138	1065	1066	1	-1	-1	-1	0
1113	1044	1114	1	-1	-1	-1	0
1067	1139	1066	1	-1	-1	-1	0
1067	1070	1139	1	-1	-1	-1	0
1136	1076	1064	1	-1	-1	-1	0
1140	1070	1069	1	-1	-1	-1	0
1135	1063	1084	1	-1	-1	-1	0
1117	1116	1049	1	-1	-1	-1	0
1116	1118	1050	1	-1	-1	-1	0
1142	1071	1073	1	-1	-1	-1	0
1051	1119	1117	1	-1	-1	-1	0
1054	1111	1123	1	-1	-1	-1	0
1120	1119	1051	1	-1	-1	-1	0
1075	1145	1073	1	-1	-1	-1	0
1052	1121	1120	1	-1	-1	-1	0
1071	1143	1080	1	-1	-1	-1	0
1134	1098	1062	1	-1	-1	-1	0
1074	1146	1075	1	-1	-1	-1	0
1076	1146	1074	1	-1	-1	-1	0
1121	1053	1122	1	-1	-1	-1	0
1087	1141	1069	1	-1	-1	-1	0
1122	1054	1123	1	-1	-1	-1	0
1148	1077	1078	1	-1	-1	-1	0
1129	1057	1118	1	-1	-1	-1	0
1124	1125	1055	1	-1	-1	-1	0
1149	1078	1079	1	-1	-1	-1	0
1126	1056	1125	1	-1	-1	-1	0
1079	1080	1150	1	-1	-1	-1	0
1124	1057	1128	1	-1	-1	-1	0
1148	1085	1077	1	-1	-1	-1	0
1127	1128	1057	1	-1	-1	-1	0
1127	1057	1129	1	-1	-1	-1	0
1063	1135	1115	1	-1	-1	-1	0
1152	1082	1081	1	-1	-1	-1	0
1083	1152	1081	1	-1	-1	-1	0
1132	1060	1126	1	-1	-1	-1	0
1131	1058	1130	1	-1	-1	-1	0
1084	1082	1153	1	-1	-1	-1	0
1109	1106	1105	1	-1	-1	-1	0
1132	1130	1060	1	-1	-1	-1	0
1155	1083	1086	1	-1	-1	-1	0
1133	1062	1131	1	-1	-1	-1	0
1086	1085	1156	1	-1	-1	-1	0
1133	1134	1062	1	-1	-1	-1	0
1115	1108	1107	1	-1	-1	-1	0
1089	1159	1088	1	-1	0	-1	0
1136	1065	1137	1	-1	-1	-1	0
1089	1090	1161	1	-1	-1	-1	0
1065	1138	1137	1	-1	-1	-1	0
1092	1161	1090	1	-1	-1	-1	0
1138	1066	1139	1	-1	-1	-1	0
1092	1091	1163	1	-1	-1	-1	0
1070	1140	1139	1	-1	-1	-1	0
1095	1163	1091	1	-1	-1	-1	0
1140	1069	1141	1	-1	-1	-1	0
1093	1166	1094	1	-1	-1	-1	0
1167	1093	1097	1	-1	-1	-1	0
1095	1094	1168	1	-1	-1	-1	0
1071	1142	1144	1	-1	-1	-1	0
1143	1071	1144	1	-1	-1	-1	0
1136	1146	1076	1	-1	-1	-1	0
1073	1145	1142	1	-1	-1	-1	0
1097	1096	1167	1	-1	-1	-1	0
1075	1147	1145	1	-1	-1	-1	0
1098	1171	1099	1	-1	-1	-1	0
1096	1103	1169	1	-1	-1	-1	0
1147	1075	1146	1	-1	-1	-1	0
1100	1099	1172	1	-1	-1	-1	0
1135	1084	1153	1	-1	-1	-1	0
1100	1172	1101	1	-1	-1	-1	0
1151	1080	1143	1	-1	-1	-1	0
1078	1149	1148	1	-1	-1	-1	0
1173	1102	1101	1	-1	-1	-1	0
1079	1150	1149	1	-1	-1	-1	0
1102	1173	1104	1	-1	-1	-1	0
1174	1103	1104	1	-1	-1	-1	0
1151	1150	1080	1	-1	-1	-1	0
1158	1141	1087	1	-1	-1	0	0
1152	1154	1082	1	-1	-1	-1	0
1148	1156	1085	1	-1	-1	-1	0
1153	1082	1154	1	-1	-1	-1	0
1155	1152	1083	1	-1	-1	-1	0
1109	1178	1106	1	-1	-1	-1	0
1131	1130	1133	1	-1	-1	-1	0
1179	1110	1106	1	-1	-1	-1	0
1109	1108	1180	1	-1	-1	-1	0
1155	1086	1157	1	-1	-1	-1	0
1086	1156	1157	1	-1	-1	-1	0
1098	1134	1171	1	-1	-1	-1	0
1115	1181	1108	1	-1	-1	-1	0
1111	1112	1184	1	-1	-1	-1	0
1183	1114	1110	1	-1	-1	-1	0
1159	1089	1162	1	-1	-1	-1	0
1160	1089	1161	1	-1	-1	-1	0
1160	1162	1089	1	-1	-1	-1	0
1113	1186	1112	1	-1	-1	-1	0
1114	1187	1113	1	-1	-1	-1	0
1140	1138	1139	1	-1	-1	-1	0
1161	1092	1165	1	-1	-1	-1	0
1163	1164	1092	1	-1	-1	-1	0
1185	1123	1111	1	-1	-1	-1	0
1164	1165	1092	1	-1	-1	-1	0
1116	1117	1189	1	-1	-1	-1	0
1116	1189	1118	1	-1	-1	-1	0
1095	1168	1163	1	-1	-1	-1	0
1167	1166	1093	1	-1	-1	-1	0
1119	1191	1117	1	-1	-1	-1	0
1168	1094	1166	1	-1	-1	-1	0
1135	1181	1115	1	-1	-1	-1	0
1120	1193	1119	1	-1	-1	-1	0
1170	1167	1096	1	-1	-1	-1	0
1096	1169	1170	1	-1	-1	-1	0
1121	1194	1120	1	-1	-1	-1	0
1196	1121	1122	1	-1	-1	-1	0
1118	1192	1129	1	-1	-1	-1	0
1099	1171	1172	1	-1	-1	-1	0
1123	1197	1122	1	-1	-1	-1	0
1173	1101	1172	1	-1	-1	-1	0
1103	1174	1169	1	-1	-1	-1	0
1199	1125	1124	1	-1	-1	-1	0
1124	1128	1198	1	-1	-1	-1	0
1126	1125	1200	1	-1	-1	-1	0
1175	1104	1173	1	-1	-1	-1	0
1104	1176	1174	1	-1	-1	-1	0
1175	1177	1104	1	-1	-1	-1	0
1177	1176	1104	1	-1	-1	-1	0
1203	1128	1127	1	-1	-1	-1	0
1201	1132	1126	1	-1	-1	-1	0
1129	1204	1127	1	-1	-1	-1	0
1106	1178	1179	1	-1	-1	-1	0
1180	1178	1109	1	-1	-1	-1	0
1181	1180	1108	1	-1	-1	-1	0
1132	1208	1130	1	-1	-1	-1	0
1130	1208	1133	1	-1	-1	-1	0
1182	1110	1179	1	-1	-1	-1	0
1208	1134	1133	1	-1	-1	-1	0
1182	1183	1110	1	-1	-1	-1	0
1111	1184	1185	1	-1	-1	-1	0
1112	1186	1184	1	-1	-1	-1	0
1187	1114	1183	1	-1	-1	-1	0
1161	1165	1160	1	-1	-1	-1	0
1188	1186	1113	1	-1	-1	-1	0
1137	1215	1136	1	-1	-1	-1	0
1188	1113	1187	1	-1	-1	-1	0
1217	1137	1138	1	-1	-1	-1	0
1146	1136	1213	1	-1	-1	-1	0
1117	1190	1189	1	-1	-1	-1	0
1140	1218	1138	1	-1	-1	-1	0
1117	1191	1190	1	-1	-1	-1	0
1141	1218	1140	1	-1	-1	-1	0
1189	1192	1118	1	-1	-1	-1	0
1135	1153	1212	1	-1	-1	-1	0
1193	1191	1119	1	-1	-1	-1	0
1197	1123	1185	1	-1	-1	-1	0
1147	1146	1213	1	-1	-1	-1	0
1220	1144	1142	1	-1	-1	-1	0
1220	1142	1145	1	-1	-1	-1	0
1195	1193	1120	1	-1	-1	-1	0
1194	1195	1120	1	-1	-1	-1	0
1143	1144	1222	1	-1	-1	-1	0
1196	1194	1121	1	-1	-1	-1	0
1221	1151	1143	1	-1	-1	-1	0
1197	1196	1122	1	-1	-1	-1	0
1171	1134	1211	1	-1	-1	-1	0
1224	1145	1147	1	-1	-1	-1	0
1219	1141	1158	1	-1	-1	-1	0
1154	1212	1153	1	-1	-1	-1	0
1199	1124	1198	1	-1	-1	-1	0
1199	1200	1125	1	-1	-1	-1	0
1148	1149	1228	1	-1	-1	-1	0
1206	1129	1192	1	-1	-1	-1	0
1150	1229	1149	1	-1	-1	-1	0
1181	1135	1212	1	-1	-1	-1	0
1126	1200	1202	1	-1	-1	-1	0
1126	1202	1201	1	-1	-1	-1	0
1150	1151	1229	1	-1	-1	-1	0
1148	1226	1156	1	-1	-1	-1	0
1205	1198	1128	1	-1	-1	-1	0
1204	1203	1127	1	-1	-1	-1	0
1128	1203	1205	1	-1	-1	-1	0
1152	1231	1154	1	-1	-1	-1	0
1155	1231	1152	1	-1	-1	-1	0
1226	1157	1156	1	-1	-1	-1	0
1204	1129	1207	1	-1	-1	-1	0
1206	1207	1129	1	-1	-1	-1	0
1201	1209	1132	1	-1	-1	-1	0
1155	1157	1235	1	-1	-1	-1	0
1210	1208	1132	1	-1	-1	-1	0
1210	1132	1209	1	-1	-1	-1	0
1211	1134	1208	1	-1	-1	-1	0
1162	1239	1159	1	-1	0	-1	0
1160	1240	1162	1	-1	-1	-1	0
1136	1214	1213	1	-1	-1	-1	0
1214	1136	1215	1	-1	-1	-1	0
1160	1165	1240	1	-1	-1	-1	0
1216	1215	1137	1	-1	-1	-1	0
1216	1137	1217	1	-1	-1	-1	0
1164	1163	1243	1	-1	-1	-1	0
1138	1218	1217	1	-1	-1	-1	0
1164	1244	1165	1	-1	-1	-1	0
1163	1168	1243	1	-1	-1	-1	0
1219	1218	1141	1	-1	-1	-1	0
1167	1246	1166	1	-1	-1	-1	0
1168	1166	1247	1	-1	-1	-1	0
1170	1246	1167	1	-1	-1	-1	0
1147	1213	1225	1	-1	-1	-1	0
1143	1222	1221	1	-1	-1	-1	0
1223	1144	1220	1	-1	-1	-1	0
1249	1170	1169	1	-1	-1	-1	0
1224	1220	1145	1	-1	-1	-1	0
1144	1223	1222	1	-1	-1	-1	0
1249	1169	1174	1	-1	-1	-1	0
1171	1252	1172	1	-1	-1	-1	0
1224	1147	1225	1	-1	-1	-1	0
1173	1172	1252	1	-1	-1	-1	0
1212	1154	1232	1	-1	-1	-1	0
1249	1174	1176	1	-1	-1	-1	0
1226	1148	1227	1	-1	-1	-1	0
1173	1254	1175	1	-1	-1	-1	0
1230	1151	1221	1	-1	-1	-1	0
1227	1148	1228	1	-1	-1	-1	0
1229	1228	1149	1	-1	-1	-1	0
1177	1175	1255	1	-1	-1	-1	0
1176	1177	1256	1	-1	-1	-1	0
1229	1151	1230	1	-1	-1	-1	0
1219	1158	1238	1	-1	0	-1	0
1260	1179	1178	1	-1	-1	-1	0
1259	1178	1180	1	-1	-1	-1	0
1233	1154	1231	1	-1	-1	-1	0
1226	1237	1157	1	-1	-1	-1	0
1154	1234	1232	1	-1	-1	-1	0
1154	1233	1234	1	-1	-1	-1	0
1155	1235	1231	1	-1	-1	-1	0
1182	1179	1261	1	-1	-1	-1	0
1180	1181	1262	1	-1	-1	-1	0
1157	1236	1235	1	-1	-1	-1	0
1211	1208	1210	1	-1	-1	-1	0
1183	1182	1265	1	-1	-1	-1	0
1157	1237	1236	1	-1	-1	-1	0
1211	1253	1171	1	-1	-1	-1	0
1185	1184	1267	1	-1	-1	-1	0
1183	1266	1187	1	-1	-1	-1	0
1186	1268	1184	1	-1	-1	-1	0
1266	1188	1187	1	-1	-1	-1	0
1162	1241	1239	1	-1	-1	-1	0
1268	1186	1188	1	-1	-1	-1	0
1242	1162	1240	1	-1	-1	-1	0
1241	1162	1242	1	-1	-1	-1	0
1165	1244	1240	1	-1	-1	-1	0
1197	1185	1269	1	-1	-1	-1	0
1164	1243	1245	1	-1	-1	-1	0
1189	1190	1273	1	-1	-1	-1	0
1225	1213	1214	1	-1	-1	-1	0
1244	1164	1245	1	-1	-1	-1	0
1273	1192	1189	1	-1	-1	-1	0
1190	1191	1274	1	-1	-1	-1	0
1212	1264	1181	1	-1	-1	-1	0
1248	1243	1168	1	-1	-1	-1	0
1247	1166	1246	1	-1	-1	-1	0
1191	1193	1275	1	-1	-1	-1	0
1168	1247	1248	1	-1	-1	-1	0
1195	1275	1193	1	-1	-1	-1	0
1170	1250	1246	1	-1	-1	-1	0
1195	1194	1277	0	-1	-1	-1	0
1196	1276	1194	0	-1	-1	-1	0
1170	1249	1251	1	-1	-1	-1	0
1206	1192	1273	1	-1	-1	-1	0
1251	1250	1170	1	-1	-1	-1	0
1280	1196	1197	0	-1	-1	-1	0
1171	1253	1252	1	-1	-1	-1	0
1173	1252	1254	1	-1	-1	-1	0
1284	1199	1198	1	-1	-1	-1	0
1176	1257	1249	1	-1	-1	-1	0
1285	1200	1199	1	-1	-1	-1	0
1254	1255	1175	1	-1	-1	-1	0
1205	1284	1198	1	-1	-1	-1	0
1286	1202	1200	1	-1	-1	-1	0
1256	1257	1176	1	-1	-1	-1	0
1202	1287	1201	1	-1	-1	-1	0
1258	1177	1255	1	-1	-1	-1	0
1204	1207	1279	0	-1	-1	-1	0
1227	1237	1226	1	-1	-1	-1	0
1177	1258	1256	1	-1	-1	-1	0
1203	1204	1290	0	-1	-1	-1	0
1259	1260	1178	1	-1	-1	-1	0
1209	1201	1288	1	-1	-1	-1	0
1291	1205	1203	0	-1	-1	-1	0
1260	1261	1179	1	-1	-1	-1	0
1263	1259	1180	1	-1	-1	-1	0
1262	1263	1180	1	-1	-1	-1	0
1293	1207	1206	1	-1	-1	-1	0
1181	1264	1262	1	-1	-1	-1	0
1264	1212	1232	1	-1	-1	-1	0
1261	1265	1182	1	-1	-1	-1	0
1210	1209	1294	1	-1	-1	-1	0
1266	1183	1265	1	-1	-1	-1	0
1211	1210	1296	1	-1	-1	-1	0
1268	1267	1184	1	-1	-1	-1	0
1185	1267	1269	1	-1	-1	-1	0
1297	1214	1215	1	-1	-1	-1	0
1188	1266	1272	1	-1	-1	-1	0
1271	1268	1188	1	-1	-1	-1	0
1270	1271	1188	1	-1	-1	-1	0
1188	1272	1270	1	-1	-1	-1	0
1216	1299	1215	1	-1	-1	-1	0
1216	1217	1300	1	-1	-1	-1	0
1225	1214	1298	1	-1	-1	-1	0
1273	1190	1274	1	-1	-1	-1	0
1217	1218	1302	1	-1	-1	-1	0
1219	1302	1218	1	-1	-1	-1	0
1191	1275	1274	1	-1	-1	-1	0
1250	1247	1246	1	-1	-1	-1	0
1277	1194	1276	0	-1	-1	-1	0
1275	1195	1278	0	-1	-1	-1	0
1197	1269	1282	0	-1	-1	-1	0
1305	1223	1220	1	-1	-1	-1	0
1220	1224	1305	1	-1	-1	-1	0
1221	1222	1306	1	-1	-1	-1	0
1279	1195	1277	0	-1	-1	-1	0
1195	1279	1278	0	-1	-1	-1	0
1308	1222	1223	1	-1	-1	-1	0
1196	1281	1276	0	-1	-1	-1	0
1230	1221	1306	1	-1	-1	-1	0
1280	1281	1196	0	-1	-1	-1	0
1254	1252	1253	1	-1	-1	-1	0
1251	1249	1257	1	-1	-1	-1	0
1224	1225	1310	1	-1	-1	-1	0
1253	1211	1296	1	-1	-1	-1	0
1238	1303	1219	1	-1	-1	-1	0
1197	1283	1280	0	-1	-1	-1	0
1197	1282	1283	0	-1	-1	-1	0
1278	1279	1207	0	-1	-1	-1	0
1228	1311	1227	1	-1	-1	-1	0
1285	1199	1284	1	-1	-1	-1	0
1312	1228	1229	1	-1	-1	-1	0
1285	1286	1200	1	-1	-1	-1	0
1206	1273	1293	1	-1	-1	-1	0
1313	1229	1230	1	-1	-1	-1	0
1204	1279	1290	0	-1	-1	-1	0
1311	1237	1227	1	-1	-1	-1	0
1201	1287	1288	1	-1	-1	-1	0
1289	1202	1286	1	-1	-1	-1	0
1278	1207	1293	0	-1	-1	-1	0
1287	1202	1289	1	-1	-1	-1	0
1231	1315	1233	1	-1	-1	-1	0
1284	1205	1292	0	-1	-1	-1	0
1231	1235	1315	1	-1	-1	-1	0
1316	1232	1234	1	-1	-1	-1	0
1291	1203	1290	0	-1	-1	-1	0
1315	1235	1236	1	-1	-1	-1	0
1319	1234	1233	1	-1	-1	-1	0
1205	1291	1292	0	-1	-1	-1	0
1288	1295	1209	1	-1	-1	-1	0
1236	1237	1322	1	-1	-1	-1	0
1209	1295	1294	1	-1	-1	-1	0
1296	1210	1294	1	-1	-1	-1	0
1325	1239	1241	1	0	-1	-1	0
1242	1240	1326	1	-1	-1	-1	0
1214	1297	1298	1	-1	-1	-1	0
1328	1241	1242	1	-1	-1	-1	0
1215	1299	1297	1	-1	-1	-1	0
1240	1244	1327	1	-1	-1	-1	0
1232	1317	1264	1	-1	-1	-1	0
1245	1327	1244	1	-1	-1	-1	0
1299	1216	1301	1	-1	-1	-1	0
1300	1301	1216	1	-1	-1	-1	0
1243	1330	1245	1	-1	-1	-1	0
1217	1302	1300	1	-1	-1	-1	0
1248	1330	1243	1	-1	-1	-1	0
1302	1219	1304	1	-1	-1	-1	0
1219	1303	1304	1	-1	-1	-1	0
1332	1248	1247	1	-1	-1	-1	0
1247	1250	1332	1	-1	-1	-1	0
1298	1310	1225	1	-1	-1	-1	0
1306	1222	1307	1	-1	-1	-1	0
1251	1334	1250	1	-1	-1	-1	0
1305	1308	1223	1	-1	-1	-1	0
1222	1308	1307	1	-1	-1	-1	0
1309	1305	1224	1	-1	-1	-1	0
1274	1293	1273	1	-1	-1	-1	0
1274	1275	1293	0	-1	-1	-1	0
1262	1264	1317	1	-1	-1	-1	0
1310	1309	1224	1	-1	-1	-1	0
1257	1336	1251	1	-1	-1	-1	0
1253	1337	1254	1	-1	-1	-1	0
1279	1277	1290	0	-1	-1	-1	0
1278	1293	1275	0	-1	-1	-1	0
1338	1255	1254	1	-1	-1	-1	0
1314	1230	1306	1	-1	-1	-1	0
1312	1311	1228	1	-1	-1	-1	0
1258	1255	1340	1	-1	-1	-1	0
1229	1313	1312	1	-1	-1	-1	0
1256	1342	1257	1	-1	-1	-1	0
1256	1258	1341	1	-1	-1	-1	0
1230	1314	1313	1	-1	-1	-1	0
1344	1260	1259	1	-1	-1	-1	0
1324	1303	1238	1	-1	-1	0	0
1232	1316	1317	1	-1	-1	-1	0
1345	1261	1260	1	-1	-1	-1	0
1263	1344	1259	1	-1	-1	-1	0
1233	1315	1318	1	-1	-1	-1	0
1233	1318	1319	1	-1	-1	-1	0
1316	1234	1320	1	-1	-1	-1	0
1237	1311	1323	1	-1	-1	-1	0
1236	1321	1315	1	-1	-1	-1	0
1346	1265	1261	1	-1	-1	-1	0
1347	1263	1262	1	-1	-1	-1	0
1320	1234	1319	1	-1	-1	-1	0
1321	1236	1322	1	-1	-1	-1	0
1349	1266	1265	1	-1	-1	-1	0
1322	1237	1323	1	-1	-1	-1	0
1268	1350	1267	1	-1	-1	-1	0
1253	1296	1337	1	-1	-1	-1	0
1267	1350	1269	1	-1	-1	-1	0
1349	1272	1266	1	-1	-1	-1	0
1268	1271	1351	1	-1	-1	-1	0
1327	1326	1240	1	-1	-1	-1	0
1325	1241	1328	1	-1	-1	-1	0
1270	1354	1271	1	-1	-1	-1	0
1270	1272	1353	1	-1	-1	-1	0
1242	1326	1329	1	-1	-1	-1	0
1242	1329	1328	1	-1	-1	-1	0
1282	1269	1352	0	-1	-1	-1	0
1327	1245	1331	1	-1	-1	-1	0
1300	1302	1304	1	-1	-1	-1	0
1331	1245	1330	1	-1	-1	-1	0
1357	1277	1276	0	-1	-1	-1	0
1333	1330	1248	1	-1	-1	-1	0
1333	1248	1332	1	-1	-1	-1	0
1281	1357	1276	0	-1	-1	-1	0
1250	1334	1332	1	-1	-1	-1	0
1281	1280	1358	0	-1	-1	-1	0
1251	1335	1334	1	-1	-1	-1	0
1283	1358	1280	0	-1	-1	-1	0
1251	1336	1335	1	-1	-1	-1	0
1277	1357	1290	0	-1	-1	-1	0
1283	1282	1360	0	-1	-1	-1	0
1347	1262	1317	1	-1	-1	-1	0
1254	1337	1338	1	-1	-1	-1	0
1285	1284	1363	1	-1	-1	-1	0
1339	1255	1338	1	-1	-1	-1	0
1255	1339	1340	1	-1	-1	-1	0
1257	1343	1336	1	-1	-1	-1	0
1366	1286	1285	1	-1	-1	-1	0
1357	1291	1290	0	-1	-1	-1	0
1256	1341	1342	1	-1	-1	-1	0
1340	1341	1258	1	-1	-1	-1	0
1292	1365	1284	0	-1	-1	-1	0
1257	1342	1343	1	-1	-1	-1	0
1286	1367	1289	1	-1	-1	-1	0
1359	1292	1291	0	-1	-1	-1	0
1288	1287	1369	1	-1	-1	-1	0
1289	1368	1287	1	-1	-1	-1	0
1344	1345	1260	1	-1	-1	-1	0
1345	1346	1261	1	-1	-1	-1	0
1295	1288	1370	1	-1	-1	-1	0
1263	1348	1344	1	-1	-1	-1	0
1263	1347	1348	1	-1	-1	-1	0
1349	1265	1346	1	-1	-1	-1	0
1372	1294	1295	1	-1	-1	-1	0
1294	1372	1296	1	-1	-1	-1	0
1351	1350	1268	1	-1	-1	-1	0
1297	1375	1298	1	-1	-1	-1	0
1269	1350	1352	0	-1	-1	-1	0
1299	1376	1297	1	-1	-1	-1	0
1376	1299	1301	1	-1	-1	-1	0
1355	1351	1271	1	-1	-1	-1	0
1349	1356	1272	1	-1	-1	-1	0
1270	1353	1354	1	-1	-1	-1	0
1300	1378	1301	1	-1	-1	-1	0
1354	1355	1271	1	-1	-1	-1	0
1272	1356	1353	1	-1	-1	-1	0
1304	1378	1300	1	-1	-1	-1	0
1377	1310	1298	1	-1	-1	-1	0
1303	1381	1304	1	-1	-1	-1	0
1330	1333	1331	1	-1	-1	-1	0
1282	1352	1360	0	-1	-1	-1	0
1308	1305	1382	1	-1	-1	-1	0
1309	1382	1305	1	-1	-1	-1	0
1306	1307	1383	1	-1	-1	-1	0
1281	1359	1357	0	-1	-1	-1	0
1358	1359	1281	0	-1	-1	-1	0
1307	1308	1385	1	-1	-1	-1	0
1383	1314	1306	1	-1	-1	-1	0
1358	1283	1362	0	-1	-1	-1	0
1283	1360	1361	0	-1	-1	-1	0
1372	1337	1296	1	-1	-1	-1	0
1362	1283	1361	0	-1	-1	-1	0
1309	1310	1387	1	-1	-1	-1	0
1291	1357	1359	0	-1	-1	-1	0
1381	1303	1324	1	-1	-1	-1	0
1312	1388	1311	1	-1	-1	-1	0
1364	1363	1284	0	-1	-1	-1	0
1388	1312	1313	1	-1	-1	-1	0
1364	1284	1365	0	-1	-1	-1	0
1366	1285	1363	1	-1	-1	-1	0
1292	1359	1365	0	-1	-1	-1	0
1313	1314	1389	1	-1	-1	-1	0
1366	1367	1286	1	-1	-1	-1	0
1323	1311	1388	1	-1	-1	-1	0
1369	1287	1368	1	-1	-1	-1	0
1391	1318	1315	1	-1	-1	-1	0
1392	1317	1316	1	-1	-1	-1	0
1371	1289	1367	1	-1	-1	-1	0
1315	1321	1391	1	-1	-1	-1	0
1369	1370	1288	1	-1	-1	-1	0
1371	1368	1289	1	-1	-1	-1	0
1320	1392	1316	1	-1	-1	-1	0
1318	1395	1319	1	-1	-1	-1	0
1319	1396	1320	1	-1	-1	-1	0
1370	1374	1295	1	-1	-1	-1	0
1373	1372	1295	1	-1	-1	-1	0
1398	1321	1322	1	-1	-1	-1	0
1373	1295	1374	1	-1	-1	-1	0
1323	1400	1322	1	-1	-1	-1	0
1337	1372	1338	1	-1	-1	-1	0
1375	1297	1376	1	-1	-1	-1	0
1338	1372	1339	1	-1	-1	-1	0
1375	1377	1298	1	-1	-1	-1	0
1325	1328	1402	1	-1	-1	0	0
1326	1327	1403	1	-1	-1	-1	0
1301	1379	1376	1	-1	-1	-1	0
1317	1393	1347	1	-1	-1	-1	0
1404	1329	1326	1	-1	-1	-1	0
1380	1301	1378	1	-1	-1	-1	0
1380	1379	1301	1	-1	-1	-1	0
1327	1331	1403	1	-1	-1	-1	0
1328	1329	1405	1	-1	-1	-1	0
1378	1304	1381	1	-1	-1	-1	0
1331	1333	1407	1	-1	-1	-1	0
1377	1387	1310	1	-1	-1	-1	0
1307	1384	1383	1	-1	-1	-1	0
1332	1334	1409	1	-1	-1	-1	0
1332	1410	1333	1	-1	-1	-1	0
1308	1382	1385	1	-1	-1	-1	0
1385	1384	1307	1	-1	-1	-1	0
1309	1386	1382	1	-1	-1	-1	0
1334	1335	1409	1	-1	-1	-1	0
1309	1387	1386	1	-1	-1	-1	0
1358	1365	1359	0	-1	-1	-1	0
1412	1335	1336	1	-1	-1	-1	0
1339	1372	1373	1	-1	-1	-1	0
1365	1358	1362	0	-1	-1	-1	0
1390	1314	1383	1	-1	-1	-1	0
1313	1389	1388	1	-1	-1	-1	0
1336	1343	1413	1	-1	-1	-1	0
1414	1340	1339	1	-1	-1	-1	0
1389	1314	1390	1	-1	-1	-1	0
1340	1415	1341	1	-1	-1	-1	0
1341	1416	1342	1	-1	-1	-1	0
1342	1417	1343	1	-1	-1	-1	0
1393	1317	1392	1	-1	-1	-1	0
1394	1318	1391	1	-1	-1	-1	0
1381	1324	1401	1	-1	0	-1	0
1345	1344	1418	1	-1	-1	-1	0
1318	1394	1395	1	-1	-1	-1	0
1392	1320	1396	1	-1	-1	-1	0
1345	1419	1346	1	-1	-1	-1	0
1344	1348	1418	1	-1	-1	-1	0
1391	1321	1398	1	-1	-1	-1	0
1397	1319	1395	1	-1	-1	-1	0
1400	1323	1388	1	-1	-1	-1	0
1397	1396	1319	1	-1	-1	-1	0
1349	1346	1420	1	-1	-1	-1	0
1347	1422	1348	1	-1	-1	-1	0
1398	1322	1399	1	-1	-1	-1	0
1400	1399	1322	1	-1	-1	-1	0
1350	1351	1423	0	-1	-1	-1	0
1423	1352	1350	0	-1	-1	-1	0
1349	1420	1356	1	-1	-1	-1	0
1414	1339	1373	1	-1	-1	-1	0
1355	1424	1351	0	-1	-1	-1	0
1404	1326	1403	1	-1	-1	-1	0
1427	1354	1353	1	-1	-1	-1	0
1405	1402	1328	1	-1	-1	-1	0
1353	1356	1427	1	-1	-1	-1	0
1354	1428	1355	1	-1	-1	-1	0
1406	1329	1404	1	-1	-1	-1	0
1352	1426	1360	0	-1	-1	-1	0
1406	1405	1329	1	-1	-1	-1	0
1331	1408	1403	1	-1	-1	-1	0
1408	1331	1407	1	-1	-1	-1	0
1407	1333	1410	1	-1	-1	-1	0
1332	1409	1410	1	-1	-1	-1	0
1411	1409	1335	1	-1	-1	-1	0
1361	1360	1434	0	-1	-1	-1	0
1335	1412	1411	1	-1	-1	-1	0
1362	1361	1435	0	-1	-1	-1	0
1421	1347	1393	1	-1	-1	-1	0
1413	1412	1336	1	-1	-1	-1	0
1365	1362	1436	0	-1	-1	-1	0
1438	1363	1364	0	-1	-1	-1	0
1364	1365	1436	0	-1	-1	-1	0
1439	1366	1363	1	-1	-1	-1	0
1340	1414	1415	1	-1	-1	-1	0
1341	1415	1416	1	-1	-1	-1	0
1413	1343	1417	1	-1	-1	-1	0
1367	1366	1442	1	-1	-1	-1	0
1416	1417	1342	1	-1	-1	-1	0
1367	1443	1371	1	-1	-1	-1	0
1369	1368	1445	1	-1	-1	-1	0
1418	1419	1345	1	-1	-1	-1	0
1371	1444	1368	1	-1	-1	-1	0
1369	1446	1370	1	-1	-1	-1	0
1420	1346	1419	1	-1	-1	-1	0
1422	1418	1348	1	-1	-1	-1	0
1446	1374	1370	1	-1	-1	-1	0
1347	1421	1422	1	-1	-1	-1	0
1373	1374	1449	1	-1	-1	-1	0
1425	1423	1351	0	-1	-1	-1	0
1351	1424	1425	0	-1	-1	-1	0
1423	1426	1352	0	-1	-1	-1	0
1452	1375	1376	1	-1	-1	-1	0
1375	1451	1377	1	-1	-1	-1	0
1393	1392	1421	1	-1	-1	-1	0
1431	1356	1420	1	-1	-1	-1	0
1429	1424	1355	0	-1	-1	-1	0
1453	1376	1379	1	-1	-1	-1	0
1428	1354	1427	1	-1	-1	-1	0
1355	1428	1429	0	-1	-1	-1	0
1455	1380	1378	1	-1	-1	-1	0
1356	1430	1427	1	-1	-1	-1	0
1381	1455	1378	1	-1	-1	-1	0
1379	1380	1456	1	-1	-1	-1	0
1404	1403	1408	1	-1	-1	-1	0
1432	1430	1356	1	-1	-1	-1	0
1377	1454	1387	1	-1	-1	-1	0
1356	1431	1432	1	-1	-1	-1	0
1360	1426	1433	0	-1	-1	-1	0
1459	1385	1382	1	-1	-1	-1	0
1459	1382	1386	1	-1	-1	-1	0
1460	1383	1384	1	-1	-1	-1	0
1434	1360	1433	0	-1	-1	-1	0
1435	1361	1434	0	-1	-1	-1	0
1385	1461	1384	1	-1	-1	-1	0
1390	1383	1460	1	-1	-1	-1	0
1362	1435	1437	0	-1	-1	-1	0
1436	1362	1437	0	-1	-1	-1	0
1373	1449	1414	1	-1	-1	-1	0
1386	1387	1464	1	-1	-1	-1	0
1381	1401	1458	1	-1	-1	-1	0
1439	1363	1438	0	-1	-1	-1	0
1364	1436	1441	0	-1	-1	-1	0
1388	1389	1465	1	-1	-1	-1	0
1438	1364	1440	0	-1	-1	-1	0
1389	1390	1466	1	-1	-1	-1	0
1441	1440	1364	0	-1	-1	-1	0
1366	1439	1442	1	-1	-1	-1	0
1442	1443	1367	1	-1	-1	-1	0
1468	1394	1391	1	-1	-1	-1	0
1465	1400	1388	1	-1	-1	-1	0
1368	1444	1445	1	-1	-1	-1	0
1391	1398	1468	1	-1	-1	-1	0
1392	1396	1470	1	-1	-1	-1	0
1395	1394	1471	1	-1	-1	-1	0
1447	1369	1445	1	-1	-1	-1	0
1447	1446	1369	1	-1	-1	-1	0
1443	1448	1371	1	-1	-1	-1	0
1448	1444	1371	1	-1	-1	-1	0
1470	1396	1397	1	-1	-1	-1	0
1395	1473	1397	1	-1	-1	-1	0
1431	1420	1419	1	-1	-1	-1	0
1446	1450	1374	1	-1	-1	-1	0
1475	1398	1399	1	-1	-1	-1	0
1450	1449	1374	1	-1	-1	-1	0
1426	1423	1425	0	-1	-1	-1	0
1399	1400	1476	1	-1	-1	-1	0
1375	1452	1451	1	-1	-1	-1	0
1376	1453	1452	1	-1	-1	-1	0
1377	1451	1454	1	-1	-1	-1	0
1469	1421	1392	1	-1	-1	-1	0
1402	1405	1479	1	-1	-1	0	0
1456	1453	1379	1	-1	-1	-1	0
1406	1404	1480	1	-1	-1	-1	0
1457	1380	1455	1	-1	-1	-1	0
1482	1405	1406	1	-1	-1	-1	0
1404	1408	1481	1	-1	-1	-1	0
1456	1380	1457	1	-1	-1	-1	0
1381	1458	1455	1	-1	-1	-1	0
1484	1408	1407	1	-1	-1	-1	0
1410	1484	1407	1	-1	-1	-1	0
1409	1485	1410	1	-1	-1	-1	0
1411	1485	1409	1	-1	-1	-1	0
1464	1387	1454	1	-1	-1	-1	0
1462	1460	1384	1	-1	-1	-1	0
1463	1385	1459	1	-1	-1	-1	0
1461	1462	1384	1	-1	-1	-1	0
1459	1386	1464	1	-1	-1	-1	0
1461	1385	1463	1	-1	-1	-1	0
1412	1487	1411	1	-1	-1	-1	0
1437	1441	1436	0	-1	-1	-1	0
1489	1412	1413	1	-1	-1	-1	0
1390	1460	1467	1	-1	-1	-1	0
1465	1389	1466	1	-1	-1	-1	0
1492	1413	1417	1	-1	-1	-1	0
1467	1466	1390	1	-1	-1	-1	0
1415	1414	1494	1	-1	-1	-1	0
1417	1416	1492	1	-1	-1	-1	0
1415	1495	1416	1	-1	-1	-1	0
1392	1470	1469	1	-1	-1	-1	0
1497	1419	1418	1	-1	-1	-1	0
1394	1468	1472	1	-1	-1	-1	0
1401	1478	1458	1	0	-1	-1	0
1418	1422	1497	1	-1	-1	-1	0
1394	1472	1471	1	-1	-1	-1	0
1471	1473	1395	1	-1	-1	-1	0
1468	1398	1475	1	-1	-1	-1	0
1470	1397	1474	1	-1	-1	-1	0
1498	1422	1421	1	-1	-1	-1	0
1400	1465	1477	1	-1	-1	-1	0
1473	1474	1397	1	-1	-1	-1	0
1419	1497	1431	1	-1	-1	-1	0
1425	1424	1501	0	-1	-1	-1	0
1475	1399	1476	1	-1	-1	-1	0
1477	1476	1400	1	-1	-1	-1	0
1425	1502	1426	0	-1	-1	-1	0
1424	1429	1501	0	-1	-1	-1	0
1414	1449	1493	1	-1	-1	-1	0
1503	1428	1427	1	-1	-1	-1	0
1430	1504	1427	1	-1	-1	-1	0
1502	1433	1426	0	-1	-1	-1	0
1429	1428	1505	0	-1	-1	-1	0
1432	1431	1500	1	-1	-1	-1	0
1404	1481	1480	1	-1	-1	-1	0
1479	1405	1482	1	-1	-1	-1	0
1432	1507	1430	1	-1	-1	-1	0
1480	1483	1406	1	-1	-1	-1	0
1483	1482	1406	1	-1	-1	-1	0
1509	1434	1433	0	-1	-1	-1	0
1408	1484	1481	1	-1	-1	-1	0
1510	1435	1434	0	-1	-1	-1	0
1410	1486	1484	1	-1	-1	-1	0
1485	1486	1410	1	-1	-1	-1	0
1435	1512	1437	0	-1	-1	-1	0
1411	1488	1485	1	-1	-1	-1	0
1411	1487	1488	1	-1	-1	-1	0
1499	1421	1469	1	-1	-1	-1	0
1490	1487	1412	1	-1	-1	-1	0
1467	1460	1462	1	-1	-1	-1	0
1489	1490	1412	1	-1	-1	-1	0
1437	1513	1441	0	-1	-1	-1	0
1515	1439	1438	0	-1	-1	-1	0
1450	1493	1449	1	-1	-1	-1	0
1413	1491	1489	1	-1	-1	-1	0
1440	1515	1438	0	-1	-1	-1	0
1491	1413	1492	1	-1	-1	-1	0
1439	1516	1442	1	-1	-1	-1	0
1518	1440	1441	0	-1	-1	-1	0
1494	1414	1493	1	-1	-1	-1	0
1416	1496	1492	1	-1	-1	-1	0
1415	1494	1495	1	-1	-1	-1	0
1442	1520	1443	1	-1	-1	-1	0
1495	1496	1416	1	-1	-1	-1	0
1522	1445	1444	1	-1	-1	-1	0
1443	1521	1448	1	-1	-1	-1	0
1444	1448	1523	1	-1	-1	-1	0
1468	1475	1472	1	-1	-1	-1	0
1524	1447	1445	1	-1	-1	-1	0
1525	1446	1447	1	-1	-1	-1	0
1499	1498	1421	1	-1	-1	-1	0
1422	1500	1497	1	-1	-1	-1	0
1498	1500	1422	1	-1	-1	-1	0
1525	1450	1446	1	-1	-1	-1	0
1431	1497	1500	1	-1	-1	-1	0
1501	1502	1425	0	-1	-1	-1	0
1452	1530	1451	1	-1	-1	-1	0
1503	1427	1504	1	-1	-1	-1	0
1530	1454	1451	1	-1	-1	-1	0
1501	1429	1506	0	-1	-1	-1	0
1503	1505	1428	0	-1	-1	-1	0
1453	1531	1452	1	-1	-1	-1	0
1432	1500	1508	1	-1	-1	-1	0
1506	1429	1505	0	-1	-1	-1	0
1507	1504	1430	1	-1	-1	-1	0
1456	1532	1453	1	-1	-1	-1	0
1433	1502	1509	0	-1	-1	-1	0
1535	1457	1455	1	-1	-1	-1	0
1432	1508	1507	1	-1	-1	-1	0
1535	1455	1458	1	-1	-1	-1	0
1537	1456	1457	1	-1	-1	-1	0
1464	1454	1533	1	-1	-1	-1	0
1511	1434	1509	0	-1	-1	-1	0
1434	1511	1510	0	-1	-1	-1	0
1512	1435	1510	0	-1	-1	-1	0
1463	1459	1538	1	-1	-1	-1	0
1464	1538	1459	1	-1	-1	-1	0
1462	1461	1539	1	-1	-1	-1	0
1514	1437	1512	0	-1	-1	-1	0
1461	1463	1539	1	-1	-1	-1	0
1437	1514	1513	0	-1	-1	-1	0
1462	1540	1467	1	-1	-1	-1	0
1515	1516	1439	0	-1	-1	-1	0
1478	1535	1458	1	-1	-1	-1	0
1440	1517	1515	0	-1	-1	-1	0
1518	1441	1513	0	-1	-1	-1	0
1493	1450	1529	1	-1	-1	-1	0
1465	1466	1544	1	-1	-1	-1	0
1517	1440	1518	0	-1	-1	-1	0
1516	1519	1442	1	-1	-1	-1	0
1467	1545	1466	1	-1	-1	-1	0
1442	1519	1520	1	-1	-1	-1	0
1443	1520	1521	1	-1	-1	-1	0
1470	1546	1469	1	-1	-1	-1	0
1477	1465	1544	1	-1	-1	-1	0
1444	1523	1522	1	-1	-1	-1	0
1474	1546	1470	1	-1	-1	-1	0
1548	1471	1472	1	-1	-1	-1	0
1445	1522	1524	1	-1	-1	-1	0
1473	1471	1549	1	-1	-1	-1	0
1524	1526	1447	1	-1	-1	-1	0
1528	1448	1521	1	-1	-1	-1	0
1472	1475	1551	1	-1	-1	-1	0
1523	1448	1528	1	-1	-1	-1	0
1473	1552	1474	1	-1	-1	-1	0
1447	1527	1525	1	-1	-1	-1	0
1527	1447	1526	1	-1	-1	-1	0
1476	1551	1475	1	-1	-1	-1	0
1450	1525	1529	1	-1	-1	-1	0
1554	1476	1477	1	-1	-1	-1	0
1452	1531	1530	1	-1	-1	-1	0
1546	1499	1469	1	-1	-1	-1	0
1532	1531	1453	1	-1	-1	-1	0
1534	1454	1530	1	-1	-1	-1	0
1482	1557	1479	1	-1	0	-1	0
1480	1481	1558	1	-1	-1	-1	0
1534	1533	1454	1	-1	-1	-1	0
1480	1559	1483	1	-1	-1	-1	0
1532	1456	1536	1	-1	-1	-1	0
1484	1560	1481	1	-1	-1	-1	0
1483	1561	1482	1	-1	-1	-1	0
1457	1535	1537	1	-1	-1	-1	0
1537	1536	1456	1	-1	-1	-1	0
1484	1486	1564	1	-1	-1	-1	0
1565	1486	1485	1	-1	-1	-1	0
1488	1565	1485	1	-1	-1	-1	0
1533	1543	1464	1	-1	-1	-1	0
1488	1487	1566	1	-1	-1	-1	0
1541	1462	1539	1	-1	-1	-1	0
1462	1541	1540	1	-1	-1	-1	0
1490	1566	1487	1	-1	-1	-1	0
1463	1538	1542	1	-1	-1	-1	0
1463	1542	1539	1	-1	-1	-1	0
1464	1543	1538	1	-1	-1	-1	0
1490	1489	1569	1	-1	-1	-1	0
1491	1568	1489	1	-1	-1	-1	0
1467	1540	1545	1	-1	-1	-1	0
1491	1492	1571	1	-1	-1	-1	0
1545	1544	1466	1	-1	-1	-1	0
1496	1571	1492	1	-1	-1	-1	0
1494	1493	1573	1	-1	-1	-1	0
1494	1574	1495	1	-1	-1	-1	0
1547	1471	1548	1	-1	-1	-1	0
1575	1496	1495	1	-1	-1	-1	0
1471	1547	1549	1	-1	-1	-1	0
1556	1535	1478	1	-1	-1	0	0
1550	1548	1472	1	-1	-1	-1	0
1576	1498	1499	1	-1	-1	-1	0
1553	1546	1474	1	-1	-1	-1	0
1551	1550	1472	1	-1	-1	-1	0
1473	1549	1552	1	-1	-1	-1	0
1577	1500	1498	1	-1	-1	-1	0
1477	1544	1555	1	-1	-1	-1	0
1553	1474	1552	1	-1	-1	-1	0
1551	1476	1554	1	-1	-1	-1	0
1580	1502	1501	0	-1	-1	-1	0
1508	1500	1577	1	-1	-1	-1	0
1477	1555	1554	1	-1	-1	-1	0
1506	1581	1501	0	-1	-1	-1	0
1582	1503	1504	1	-1	-1	-1	0
1509	1502	1580	0	-1	-1	-1	0
1583	1505	1503	0	-1	-1	-1	0
1529	1573	1493	1	-1	-1	-1	0
1480	1558	1559	1	-1	-1	-1	0
1586	1504	1507	1	-1	-1	-1	0
1587	1506	1505	0	-1	-1	-1	0
1558	1481	1560	1	-1	-1	-1	0
1482	1562	1557	1	-1	-1	-1	0
1508	1586	1507	1	-1	-1	-1	0
1482	1561	1562	1	-1	-1	-1	0
1563	1483	1559	1	-1	-1	-1	0
1563	1561	1483	1	-1	-1	-1	0
1560	1484	1564	1	-1	-1	-1	0
1511	1509	1591	0	-1	-1	-1	0
1593	1510	1511	0	-1	-1	-1	0
1512	1510	1592	0	-1	-1	-1	0
1486	1565	1564	1	-1	-1	-1	0
1565	1488	1567	1	-1	-1	-1	0
1488	1566	1567	1	-1	-1	-1	0
1514	1512	1595	0	-1	-1	-1	0
1499	1546	1578	1	-1	-1	-1	0
1514	1596	1513	0	-1	-1	-1	0
1489	1568	1569	1	-1	-1	-1	0
1570	1566	1490	1	-1	-1	-1	0
1596	1518	1513	0	-1	-1	-1	0
1570	1490	1569	1	-1	-1	-1	0
1599	1516	1515	0	-1	-1	-1	0
1491	1572	1568	1	-1	-1	-1	0
1599	1515	1517	0	-1	-1	-1	0
1491	1571	1572	1	-1	-1	-1	0
1516	1601	1519	1	-1	-1	-1	0
1518	1603	1517	0	-1	-1	-1	0
1574	1494	1573	1	-1	-1	-1	0
1571	1496	1575	1	-1	-1	-1	0
1604	1520	1519	1	-1	-1	-1	0
1495	1574	1575	1	-1	-1	-1	0
1545	1555	1544	1	-1	-1	-1	0
1520	1604	1521	1	-1	-1	-1	0
1498	1576	1577	1	-1	-1	-1	0
1522	1523	1607	1	-1	-1	-1	0
1606	1524	1522	1	-1	-1	-1	0
1521	1605	1528	1	-1	-1	-1	0
1579	1576	1499	1	-1	-1	-1	0
1578	1579	1499	1	-1	-1	-1	0
1526	1524	1609	1	-1	-1	-1	0
1528	1608	1523	1	-1	-1	-1	0
1501	1581	1580	0	-1	-1	-1	0
1525	1527	1610	1	-1	-1	-1	0
1610	1529	1525	1	-1	-1	-1	0
1526	1611	1527	1	-1	-1	-1	0
1503	1582	1583	0	-1	-1	-1	0
1504	1584	1582	1	-1	-1	-1	0
1585	1584	1504	1	-1	-1	-1	0
1577	1590	1508	1	-1	-1	-1	0
1504	1586	1585	1	-1	-1	-1	0
1505	1583	1587	0	-1	-1	-1	0
1506	1589	1581	0	-1	-1	-1	0
1553	1578	1546	1	-1	-1	-1	0
1618	1530	1531	1	-1	-1	-1	0
1591	1509	1580	0	-1	-1	-1	0
1588	1506	1587	0	-1	-1	-1	0
1534	1530	1618	1	-1	-1	-1	0
1531	1532	1619	1	-1	-1	-1	0
1506	1588	1589	0	-1	-1	-1	0
1508	1590	1586	1	-1	-1	-1	0
1532	1536	1620	1	-1	-1	-1	0
1534	1622	1533	1	-1	-1	-1	0
1592	1510	1593	0	-1	-1	-1	0
1511	1591	1594	0	-1	-1	-1	0
1625	1537	1535	1	-1	-1	-1	0
1533	1622	1543	1	-1	-1	-1	0
1593	1511	1594	0	-1	-1	-1	0
1536	1537	1626	1	-1	-1	-1	0
1512	1592	1595	0	-1	-1	-1	0
1514	1595	1597	1	-1	-1	-1	0
1542	1538	1627	1	-1	-1	-1	0
1514	1598	1596	1	-1	-1	-1	0
1627	1538	1543	1	-1	-1	-1	0
1539	1628	1541	1	-1	-1	-1	0
1539	1542	1628	1	-1	-1	-1	0
1598	1514	1597	1	-1	-1	-1	0
1541	1630	1540	1	-1	-1	-1	0
1516	1599	1600	0	-1	-1	-1	0
1545	1540	1631	1	-1	-1	-1	0
1535	1556	1625	1	-1	-1	-1	0
1518	1596	1603	0	-1	-1	-1	0
1601	1516	1600	0	-1	-1	-1	0
1602	1599	1517	0	-1	-1	-1	0
1529	1616	1573	1	-1	-1	-1	0
1603	1602	1517	0	-1	-1	-1	0
1519	1601	1604	1	-1	-1	-1	0
1521	1604	1605	1	-1	-1	-1	0
1555	1545	1631	1	-1	-1	-1	0
1549	1547	1636	1	-1	-1	-1	0
1547	1548	1637	1	-1	-1	-1	0
1522	1607	1606	1	-1	-1	-1	0
1637	1548	1550	1	-1	-1	-1	0
1608	1607	1523	1	-1	-1	-1	0
1606	1609	1524	1	-1	-1	-1	0
1549	1639	1552	1	-1	-1	-1	0
1550	1551	1640	1	-1	-1	-1	0
1576	1590	1577	1	-1	-1	-1	0
1639	1553	1552	1	-1	-1	-1	0
1590	1576	1579	1	-1	-1	-1	0
1642	1551	1554	1	-1	-1	-1	0
1526	1609	1612	1	-1	-1	-1	0
1605	1615	1528	1	-1	-1	-1	0
1526	1612	1611	1	-1	-1	-1	0
1527	1613	1610	1	-1	-1	-1	0
1528	1614	1608	1	-1	-1	-1	0
1613	1527	1611	1	-1	-1	-1	0
1555	1646	1554	1	-1	-1	-1	0
1610	1617	1529	1	-1	-1	-1	0
1615	1614	1528	1	-1	-1	-1	0
1529	1617	1616	1	-1	-1	-1	0
1559	1558	1650	1	-1	-1	-1	0
1619	1618	1531	1	-1	-1	-1	0
1562	1649	1557	1	-1	0	-1	0
1651	1558	1560	1	-1	-1	-1	0
1621	1619	1532	1	-1	-1	-1	0
1532	1620	1621	1	-1	-1	-1	0
1563	1559	1652	1	-1	-1	-1	0
1643	1578	1553	1	-1	-1	-1	0
1560	1564	1651	1	-1	-1	-1	0
1624	1534	1618	1	-1	-1	-1	0
1561	1654	1562	1	-1	-1	-1	0
1654	1561	1563	1	-1	-1	-1	0
1622	1534	1623	1	-1	-1	-1	0
1565	1651	1564	1	-1	-1	-1	0
1624	1623	1534	1	-1	-1	-1	0
1536	1626	1620	1	-1	-1	-1	0
1626	1537	1625	1	-1	-1	-1	0
1658	1565	1567	1	-1	-1	-1	0
1567	1566	1659	1	-1	-1	-1	0
1566	1570	1659	1	-1	-1	-1	0
1569	1568	1661	1	-1	-1	-1	0
1630	1629	1540	1	-1	-1	-1	0
1579	1578	1643	1	-1	-1	-1	0
1635	1543	1622	1	-1	-1	-1	0
1629	1631	1540	1	-1	-1	-1	0
1568	1572	1661	1	-1	-1	-1	0
1628	1632	1541	1	-1	-1	-1	0
1662	1570	1569	1	-1	-1	-1	0
1542	1627	1634	1	-1	-1	-1	0
1541	1633	1630	1	-1	-1	-1	0
1542	1634	1628	1	-1	-1	-1	0
1627	1543	1635	1	-1	-1	-1	0
1541	1632	1633	1	-1	-1	-1	0
1572	1571	1664	1	-1	-1	-1	0
1664	1571	1575	1	-1	-1	-1	0
1667	1574	1573	1	-1	-1	-1	0
1575	1574	1668	1	-1	-1	-1	0
1547	1637	1636	1	-1	-1	-1	0
1549	1636	1638	1	-1	-1	-1	0
1549	1638	1639	1	-1	-1	-1	0
1637	1550	1641	1	-1	-1	-1	0
1556	1648	1625	1	0	-1	-1	0
1581	1670	1580	0	-1	-1	-1	0
1550	1640	1641	1	-1	-1	-1	0
1640	1551	1642	1	-1	-1	-1	0
1647	1555	1631	1	-1	-1	-1	0
1644	1553	1639	1	-1	-1	-1	0
1672	1583	1582	0	-1	-1	-1	0
1669	1590	1579	1	-1	-1	-1	0
1673	1582	1584	1	-1	-1	-1	0
1617	1610	1613	1	-1	-1	-1	0
1643	1553	1645	1	-1	-1	-1	0
1670	1591	1580	0	-1	-1	-1	0
1589	1671	1581	0	-1	-1	-1	0
1553	1644	1645	1	-1	-1	-1	0
1554	1646	1642	1	-1	-1	-1	0
1583	1675	1587	0	-1	-1	-1	0
1584	1585	1676	1	-1	-1	-1	0
1585	1586	1677	1	-1	-1	-1	0
1555	1647	1646	1	-1	-1	-1	0
1677	1586	1590	1	-1	-1	-1	0
1587	1678	1588	0	-1	-1	-1	0
1594	1591	1670	0	-1	-1	-1	0
1573	1616	1666	1	-1	-1	-1	0
1588	1679	1589	0	-1	-1	-1	0
1650	1558	1651	1	-1	-1	-1	0
1619	1624	1618	1	-1	-1	-1	0
1650	1653	1559	1	-1	-1	-1	0
1653	1652	1559	1	-1	-1	-1	0
1649	1562	1655	1	-1	-1	-1	0
1682	1592	1593	0	-1	-1	-1	0
1682	1595	1592	0	-1	-1	-1	0
1593	1594	1683	0	-1	-1	-1	0
1562	1654	1655	1	-1	-1	-1	0
1563	1652	1657	1	-1	-1	-1	0
1656	1654	1563	1	-1	-1	-1	0
1658	1651	1565	1	-1	-1	-1	0
1657	1656	1563	1	-1	-1	-1	0
1686	1597	1595	1	-1	-1	-1	0
1598	1687	1596	1	-1	-1	-1	0
1598	1597	1688	1	-1	-1	-1	0
1658	1567	1660	1	-1	-1	-1	0
1659	1660	1567	1	-1	-1	-1	0
1687	1603	1596	1	-1	-1	-1	0
1599	1690	1600	0	-1	-1	-1	0
1602	1690	1599	0	-1	-1	-1	0
1579	1643	1669	1	-1	-1	-1	0
1600	1691	1601	0	-1	-1	-1	0
1570	1663	1659	1	-1	-1	-1	0
1662	1569	1661	1	-1	-1	-1	0
1570	1662	1663	1	-1	-1	-1	0
1601	1692	1604	1	-1	-1	-1	0
1661	1572	1665	1	-1	-1	-1	0
1602	1603	1693	1	-1	-1	-1	0
1605	1604	1692	1	-1	-1	-1	0
1665	1572	1664	1	-1	-1	-1	0
1573	1666	1667	1	-1	-1	-1	0
1575	1668	1664	1	-1	-1	-1	0
1696	1606	1607	1	-1	-1	-1	0
1668	1574	1667	1	-1	-1	-1	0
1606	1695	1609	1	-1	-1	-1	0
1605	1692	1615	1	-1	-1	-1	0
1608	1698	1607	1	-1	-1	-1	0
1608	1614	1694	1	-1	-1	-1	0
1609	1699	1612	1	-1	-1	-1	0
1581	1671	1670	0	-1	-1	-1	0
1700	1613	1611	1	-1	-1	-1	0
1611	1612	1700	1	-1	-1	-1	0
1673	1672	1582	0	-1	-1	-1	0
1672	1674	1583	0	-1	-1	-1	0
1583	1674	1675	0	-1	-1	-1	0
1676	1673	1584	1	-1	-1	-1	0
1615	1705	1614	1	-1	-1	-1	0
1617	1613	1704	1	-1	-1	-1	0
1677	1676	1585	1	-1	-1	-1	0
1617	1706	1616	1	-1	-1	-1	0
1675	1678	1587	0	-1	-1	-1	0
1590	1669	1681	1	-1	-1	-1	0
1671	1589	1680	0	-1	-1	-1	0
1588	1678	1679	0	-1	-1	-1	0
1621	1707	1619	1	-1	-1	-1	0
1681	1677	1590	1	-1	-1	-1	0
1684	1594	1670	0	-1	-1	-1	0
1679	1680	1589	0	-1	-1	-1	0
1621	1620	1708	1	-1	-1	-1	0
1624	1619	1707	1	-1	-1	-1	0
1709	1620	1626	1	-1	-1	-1	0
1623	1711	1622	1	-1	-1	-1	0
1669	1643	1645	1	-1	-1	-1	0
1682	1593	1683	0	-1	-1	-1	0
1712	1623	1624	1	-1	-1	-1	0
1594	1685	1683	0	-1	-1	-1	0
1594	1684	1685	0	-1	-1	-1	0
1686	1595	1682	1	-1	-1	-1	0
1654	1656	1655	1	-1	-1	-1	0
1626	1625	1714	1	-1	-1	-1	0
1635	1622	1711	1	-1	-1	-1	0
1597	1686	1688	1	-1	-1	-1	0
1687	1598	1689	1	-1	-1	-1	0
1689	1598	1688	1	-1	-1	-1	0
1715	1634	1627	1	-1	-1	-1	0
1632	1628	1717	1	-1	-1	-1	0
1629	1630	1718	1	-1	-1	-1	0
1627	1635	1716	1	-1	-1	-1	0
1634	1717	1628	1	-1	-1	-1	0
1631	1629	1719	1	-1	-1	-1	0
1690	1691	1600	0	-1	-1	-1	0
1633	1718	1630	1	-1	-1	-1	0
1693	1603	1687	1	-1	-1	-1	0
1601	1691	1692	0	-1	-1	-1	0
1632	1720	1633	1	-1	-1	-1	0
1602	1694	1690	1	-1	-1	-1	0
1648	1714	1625	1	-1	-1	-1	0
1616	1706	1666	1	-1	-1	-1	0
1694	1602	1693	1	-1	-1	-1	0
1665	1664	1668	1	-1	-1	-1	0
1696	1695	1606	1	-1	-1	-1	0
1719	1647	1631	1	-1	-1	-1	0
1637	1725	1636	1	-1	-1	-1	0
1691	1615	1692	1	-1	-1	-1	0
1636	1724	1638	1	-1	-1	-1	0
1607	1697	1696	1	-1	-1	-1	0
1608	1694	1698	1	-1	-1	-1	0
1607	1698	1697	1	-1	-1	-1	0
1695	1699	1609	1	-1	-1	-1	0
1727	1639	1638	1	-1	-1	-1	0
1637	1641	1726	1	-1	-1	-1	0
1641	1640	1728	1	-1	-1	-1	0
1642	1728	1640	1	-1	-1	-1	0
1639	1727	1644	1	-1	-1	-1	0
1705	1615	1691	1	-1	-1	-1	0
1701	1612	1699	1	-1	-1	-1	0
1705	1694	1614	1	-1	-1	-1	0
1612	1701	1702	1	-1	-1	-1	0
1703	1700	1612	1	-1	-1	-1	0
1704	1613	1700	1	-1	-1	-1	0
1612	1702	1703	1	-1	-1	-1	0
1642	1646	1730	1	-1	-1	-1	0
1732	1645	1644	1	-1	-1	-1	0
1671	1684	1670	0	-1	-1	-1	0
1617	1704	1706	1	-1	-1	-1	0
1736	1646	1647	1	-1	-1	-1	0
1620	1709	1708	1	-1	-1	-1	0
1710	1707	1621	1	-1	-1	-1	0
1621	1708	1710	1	-1	-1	-1	0
1739	1650	1651	1	-1	-1	-1	0
1738	1649	1655	1	0	-1	-1	0
1653	1650	1739	1	-1	-1	-1	0
1707	1712	1624	1	-1	-1	-1	0
1653	1741	1652	1	-1	-1	-1	0
1623	1713	1711	1	-1	-1	-1	0
1645	1734	1669	1	-1	-1	-1	0
1623	1712	1713	1	-1	-1	-1	0
1740	1651	1658	1	-1	-1	-1	0
1626	1714	1709	1	-1	-1	-1	0
1657	1652	1741	1	-1	-1	-1	0
1656	1744	1655	1	-1	-1	-1	0
1745	1656	1657	1	-1	-1	-1	0
1627	1716	1715	1	-1	-1	-1	0
1717	1634	1715	1	-1	-1	-1	0
1719	1629	1718	1	-1	-1	-1	0
1749	1658	1660	1	-1	-1	-1	0
1632	1717	1720	1	-1	-1	-1	0
1711	1723	1635	1	-1	-1	-1	0
1751	1660	1659	1	-1	-1	-1	0
1721	1718	1633	1	-1	-1	-1	0
1663	1751	1659	1	-1	-1	-1	0
1716	1635	1723	1	-1	-1	-1	0
1689	1698	1687	1	-1	-1	-1	0
1720	1722	1633	1	-1	-1	-1	0
1721	1633	1722	1	-1	-1	-1	0
1753	1662	1661	1	-1	-1	-1	0
1693	1687	1698	1	-1	-1	-1	0
1754	1661	1665	1	-1	-1	-1	0
1755	1663	1662	1	-1	-1	-1	0
1734	1681	1669	1	-1	-1	-1	0
1697	1698	1689	1	-1	-1	-1	0
1693	1698	1694	1	-1	-1	-1	0
1725	1724	1636	1	-1	-1	-1	0
1691	1690	1705	1	-1	-1	-1	0
1637	1726	1725	1	-1	-1	-1	0
1690	1694	1705	1	-1	-1	-1	0
1727	1638	1724	1	-1	-1	-1	0
1758	1665	1668	1	-1	-1	-1	0
1667	1666	1760	1	-1	-1	-1	0
1729	1726	1641	1	-1	-1	-1	0
1762	1668	1667	1	-1	-1	-1	0
1728	1729	1641	1	-1	-1	-1	0
1648	1737	1714	1	0	-1	-1	0
1728	1642	1730	1	-1	-1	-1	0
1719	1736	1647	1	-1	-1	-1	0
1731	1644	1727	1	-1	-1	-1	0
1732	1644	1731	1	-1	-1	-1	0
1703	1704	1700	1	-1	-1	-1	0
1673	1764	1672	0	-1	-1	-1	0
1733	1645	1732	1	-1	-1	-1	0
1764	1674	1672	0	-1	-1	-1	0
1730	1646	1736	1	-1	-1	-1	0
1735	1645	1733	1	-1	-1	-1	0
1763	1671	1680	0	-1	-1	-1	0
1734	1645	1735	1	-1	-1	-1	0
1673	1676	1766	1	-1	-1	-1	0
1767	1675	1674	0	-1	-1	-1	0
1671	1763	1684	0	-1	-1	-1	0
1675	1768	1678	0	-1	-1	-1	0
1676	1677	1771	1	-1	-1	-1	0
1681	1771	1677	1	-1	-1	-1	0
1651	1740	1739	1	-1	-1	-1	0
1773	1679	1678	0	-1	-1	-1	0
1684	1763	1685	0	-1	-1	-1	0
1666	1706	1761	1	-1	-1	-1	0
1679	1774	1680	0	-1	-1	-1	0
1739	1742	1653	1	-1	-1	-1	0
1743	1741	1653	1	-1	-1	-1	0
1738	1655	1744	1	-1	-1	-1	0
1742	1743	1653	1	-1	-1	-1	0
1682	1683	1776	1	-1	-1	-1	0
1776	1686	1682	1	-1	-1	-1	0
1741	1746	1657	1	-1	-1	-1	0
1656	1745	1744	1	-1	-1	-1	0
1683	1685	1777	1	-1	-1	-1	0
1723	1711	1713	1	-1	-1	-1	0
1740	1658	1750	1	-1	-1	-1	0
1745	1657	1748	1	-1	-1	-1	0
1657	1746	1747	1	-1	-1	-1	0
1657	1747	1748	1	-1	-1	-1	0
1688	1686	1780	1	-1	-1	-1	0
1658	1749	1750	1	-1	-1	-1	0
1688	1782	1689	1	-1	-1	-1	0
1749	1660	1752	1	-1	-1	-1	0
1751	1752	1660	1	-1	-1	-1	0
1661	1754	1753	1	-1	-1	-1	0
1689	1782	1697	1	-1	-1	-1	0
1753	1755	1662	1	-1	-1	-1	0
1663	1757	1751	1	-1	-1	-1	0
1663	1755	1756	1	-1	-1	-1	0
1695	1696	1784	1	-1	-1	-1	0
1757	1663	1756	1	-1	-1	-1	0
1665	1759	1754	1	-1	-1	-1	0
1786	1696	1697	1	-1	-1	-1	0
1695	1785	1699	1	-1	-1	-1	0
1665	1758	1759	1	-1	-1	-1	0
1734	1771	1681	1	-1	-1	-1	0
1701	1699	1787	1	-1	-1	-1	0
1760	1666	1761	1	-1	-1	-1	0
1668	1762	1758	1	-1	-1	-1	0
1667	1760	1762	1	-1	-1	-1	0
1702	1701	1789	1	-1	-1	-1	0
1702	1790	1703	1	-1	-1	-1	0
1704	1703	1792	1	-1	-1	-1	0
1706	1704	1792	1	-1	-1	-1	0
1764	1673	1765	0	-1	-1	-1	0
1765	1673	1766	0	-1	-1	-1	0
1674	1764	1767	0	-1	-1	-1	0
1707	1710	1794	1	-1	-1	-1	0
1675	1767	1769	0	-1	-1	-1	0
1676	1770	1766	1	-1	-1	-1	0
1768	1675	1769	0	-1	-1	-1	0
1708	1709	1795	1	-1	-1	-1	0
1794	1712	1707	1	-1	-1	-1	0
1710	1708	1796	1	-1	-1	-1	0
1770	1676	1772	1	-1	-1	-1	0
1775	1763	1680	0	-1	-1	-1	0
1771	1772	1676	1	-1	-1	-1	0
1773	1678	1768	0	-1	-1	-1	0
1714	1797	1709	1	-1	-1	-1	0
1713	1712	1799	1	-1	-1	-1	0
1778	1685	1763	1	-1	-1	-1	0
1773	1774	1679	0	-1	-1	-1	0
1774	1775	1680	0	-1	-1	-1	0
1802	1715	1716	1	-1	-1	-1	0
1802	1717	1715	1	-1	-1	-1	0
1683	1777	1776	1	-1	-1	-1	0
1723	1713	1801	1	-1	-1	-1	0
1804	1720	1717	1	-1	-1	-1	0
1779	1777	1685	1	-1	-1	-1	0
1803	1716	1723	1	-1	-1	-1	0
1805	1719	1718	1	-1	-1	-1	0
1779	1685	1778	1	-1	-1	-1	0
1686	1776	1781	1	-1	-1	-1	0
1721	1805	1718	1	-1	-1	-1	0
1686	1781	1780	1	-1	-1	-1	0
1797	1714	1737	1	-1	-1	-1	0
1722	1720	1807	1	-1	-1	-1	0
1688	1780	1783	1	-1	-1	-1	0
1808	1721	1722	1	-1	-1	-1	0
1782	1688	1783	1	-1	-1	-1	0
1792	1761	1706	1	-1	-1	-1	0
1736	1719	1806	1	-1	-1	-1	0
1725	1812	1724	1	-1	-1	-1	0
1727	1724	1811	1	-1	-1	-1	0
1784	1785	1695	1	-1	-1	-1	0
1697	1782	1786	1	-1	-1	-1	0
1726	1814	1725	1	-1	-1	-1	0
1786	1784	1696	1	-1	-1	-1	0
1811	1731	1727	1	-1	-1	-1	0
1814	1726	1729	1	-1	-1	-1	0
1785	1787	1699	1	-1	-1	-1	0
1729	1728	1815	1	-1	-1	-1	0
1815	1728	1730	1	-1	-1	-1	0
1701	1787	1788	1	-1	-1	-1	0
1701	1788	1789	1	-1	-1	-1	0
1731	1819	1732	1	-1	-1	-1	0
1789	1791	1702	1	-1	-1	-1	0
1791	1790	1702	1	-1	-1	-1	0
1736	1818	1730	1	-1	-1	-1	0
1733	1732	1820	1	-1	-1	-1	0
1790	1793	1703	1	-1	-1	-1	0
1792	1703	1793	1	-1	-1	-1	0
1822	1735	1733	1	-1	-1	-1	0
1823	1734	1735	1	-1	-1	-1	0
1708	1795	1796	1	-1	-1	-1	0
1797	1795	1709	1	-1	-1	-1	0
1710	1798	1794	1	-1	-1	-1	0
1798	1710	1796	1	-1	-1	-1	0
1712	1794	1799	1	-1	-1	-1	0
1739	1740	1828	1	-1	-1	-1	0
1739	1828	1742	1	-1	-1	-1	0
1744	1827	1738	1	-1	0	-1	0
1800	1713	1799	1	-1	-1	-1	0
1741	1743	1829	1	-1	-1	-1	0
1713	1800	1801	1	-1	-1	-1	0
1743	1742	1830	1	-1	-1	-1	0
1829	1746	1741	1	-1	-1	-1	0
1740	1750	1828	1	-1	-1	-1	0
1802	1716	1803	1	-1	-1	-1	0
1833	1744	1745	1	-1	-1	-1	0
1804	1717	1802	1	-1	-1	-1	0
1833	1745	1748	1	-1	-1	-1	0
1747	1746	1834	1	-1	-1	-1	0
1803	1723	1801	1	-1	-1	-1	0
1771	1734	1823	1	-1	-1	-1	0
1806	1719	1805	1	-1	-1	-1	0
1748	1747	1835	1	-1	-1	-1	0
1804	1807	1720	1	-1	-1	-1	0
1809	1805	1721	1	-1	-1	-1	0
1838	1750	1749	1	-1	-1	-1	0
1809	1721	1808	1	-1	-1	-1	0
1838	1749	1752	1	-1	-1	-1	0
1810	1722	1807	1	-1	-1	-1	0
1808	1722	1810	1	-1	-1	-1	0
1839	1752	1751	1	-1	-1	-1	0
1757	1839	1751	1	-1	-1	-1	0
1812	1811	1724	1	-1	-1	-1	0
1753	1754	1841	1	-1	-1	-1	0
1753	1841	1755	1	-1	-1	-1	0
1813	1812	1725	1	-1	-1	-1	0
1756	1755	1841	1	-1	-1	-1	0
1813	1725	1814	1	-1	-1	-1	0
1842	1754	1759	1	-1	-1	-1	0
1756	1843	1757	1	-1	-1	-1	0
1814	1729	1816	1	-1	-1	-1	0
1797	1737	1826	1	-1	0	-1	0
1815	1817	1729	1	-1	-1	-1	0
1819	1731	1811	1	-1	-1	-1	0
1817	1816	1729	1	-1	-1	-1	0
1815	1730	1818	1	-1	-1	-1	0
1758	1847	1759	1	-1	-1	-1	0
1762	1846	1758	1	-1	-1	-1	0
1772	1771	1823	1	-1	-1	-1	0
1736	1806	1825	1	-1	-1	-1	0
1760	1761	1849	1	-1	-1	-1	0
1762	1760	1849	1	-1	-1	-1	0
1732	1819	1821	1	-1	-1	-1	0
1732	1821	1820	1	-1	-1	-1	0
1733	1820	1822	1	-1	-1	-1	0
1736	1825	1818	1	-1	-1	-1	0
1824	1735	1822	1	-1	-1	-1	0
1824	1823	1735	1	-1	-1	-1	0
1764	1765	1853	0	-1	-1	-1	0
1767	1764	1853	0	-1	-1	-1	0
1854	1765	1766	0	-1	-1	-1	0
1775	1852	1763	1	-1	-1	-1	0
1855	1766	1770	1	-1	-1	-1	0
1767	1856	1769	0	-1	-1	-1	0
1763	1852	1778	1	-1	-1	-1	0
1769	1858	1768	0	-1	-1	-1	0
1768	1858	1773	0	-1	-1	-1	0
1742	1828	1830	1	-1	-1	-1	0
1860	1770	1772	1	-1	-1	-1	0
1850	1761	1792	1	-1	-1	-1	0
1832	1829	1743	1	-1	-1	-1	0
1743	1830	1831	1	-1	-1	-1	0
1827	1744	1833	1	-1	-1	-1	0
1832	1743	1831	1	-1	-1	-1	0
1828	1750	1830	1	-1	-1	-1	0
1862	1774	1773	0	-1	-1	-1	0
1829	1834	1746	1	-1	-1	-1	0
1862	1775	1774	0	-1	-1	-1	0
1836	1747	1834	1	-1	-1	-1	0
1837	1833	1748	1	-1	-1	-1	0
1835	1747	1836	1	-1	-1	-1	0
1776	1777	1865	1	-1	-1	-1	0
1750	1838	1830	1	-1	-1	-1	0
1823	1824	1772	1	-1	-1	-1	0
1835	1837	1748	1	-1	-1	-1	0
1777	1779	1865	1	-1	-1	-1	0
1781	1776	1865	1	-1	-1	-1	0
1779	1778	1867	1	-1	-1	-1	0
1752	1840	1838	1	-1	-1	-1	0
1869	1780	1781	1	-1	-1	-1	0
1840	1752	1839	1	-1	-1	-1	0
1780	1869	1783	1	-1	-1	-1	0
1850	1792	1793	1	-1	-1	-1	0
1871	1782	1783	1	-1	-1	-1	0
1754	1842	1841	1	-1	-1	-1	0
1786	1782	1871	1	-1	-1	-1	0
1756	1841	1844	1	-1	-1	-1	0
1839	1757	1845	1	-1	-1	-1	0
1819	1811	1812	1	-1	-1	-1	0
1874	1785	1784	1	-1	-1	-1	0
1844	1843	1756	1	-1	-1	-1	0
1786	1874	1784	1	-1	-1	-1	0
1845	1757	1843	1	-1	-1	-1	0
1875	1787	1785	1	-1	-1	-1	0
1759	1848	1842	1	-1	-1	-1	0
1875	1788	1787	1	-1	-1	-1	0
1758	1846	1847	1	-1	-1	-1	0
1877	1789	1788	1	-1	-1	-1	0
1759	1847	1848	1	-1	-1	-1	0
1772	1824	1861	1	-1	-1	-1	0
1789	1879	1791	1	-1	-1	-1	0
1762	1851	1846	1	-1	-1	-1	0
1850	1849	1761	1	-1	-1	-1	0
1791	1880	1790	1	-1	-1	-1	0
1849	1851	1762	1	-1	-1	-1	0
1880	1793	1790	1	-1	-1	-1	0
1853	1765	1854	0	-1	-1	-1	0
1795	1884	1796	1	-1	-1	-1	0
1883	1794	1798	1	-1	-1	-1	0
1854	1766	1855	0	-1	-1	-1	0
1884	1795	1797	1	-1	-1	-1	0
1794	1883	1799	1	-1	-1	-1	0
1767	1853	1857	0	-1	-1	-1	0
1796	1885	1798	1	-1	-1	-1	0
1856	1767	1857	0	-1	-1	-1	0
1856	1859	1769	0	-1	-1	-1	0
1770	1860	1855	1	-1	-1	-1	0
1858	1769	1859	0	-1	-1	-1	0
1889	1800	1799	1	-1	-1	-1	0
1864	1852	1775	1	-1	-1	-1	0
1890	1801	1800	1	-1	-1	-1	0
1861	1860	1772	1	-1	-1	-1	0
1863	1773	1858	0	-1	-1	-1	0
1891	1803	1801	1	-1	-1	-1	0
1852	1866	1778	1	-1	-1	-1	0
1827	1833	1837	1	-1	-1	-1	0
1773	1863	1862	0	-1	-1	-1	0
1802	1803	1893	1	-1	-1	-1	0
1804	1802	1892	1	-1	-1	-1	0
1775	1862	1864	1	-1	-1	-1	0
1807	1804	1896	1	-1	-1	-1	0
1822	1861	1824	1	-1	-1	-1	0
1897	1806	1805	1	-1	-1	-1	0
1797	1826	1887	1	-1	-1	-1	0
1866	1867	1778	1	-1	-1	-1	0
1805	1809	1897	1	-1	-1	-1	0
1779	1868	1865	1	-1	-1	-1	0
1810	1807	1896	1	-1	-1	-1	0
1868	1779	1867	1	-1	-1	-1	0
1781	1865	1870	1	-1	-1	-1	0
1809	1808	1899	1	-1	-1	-1	0
1899	1808	1810	1	-1	-1	-1	0
1869	1781	1870	1	-1	-1	-1	0
1882	1850	1793	1	-1	-1	-1	0
1783	1869	1873	1	-1	-1	-1	0
1871	1783	1872	1	-1	-1	-1	0
1842	1844	1841	1	-1	-1	-1	0
1812	1813	1903	1	-1	-1	-1	0
1873	1872	1783	1	-1	-1	-1	0
1898	1825	1806	1	-1	-1	-1	0
1813	1814	1906	1	-1	-1	-1	0
1786	1871	1876	1	-1	-1	-1	0
1785	1874	1875	1	-1	-1	-1	0
1812	1904	1819	1	-1	-1	-1	0
1816	1906	1814	1	-1	-1	-1	0
1874	1786	1876	1	-1	-1	-1	0
1815	1907	1817	1	-1	-1	-1	0
1877	1788	1875	1	-1	-1	-1	0
1907	1815	1818	1	-1	-1	-1	0
1816	1817	1909	1	-1	-1	-1	0
1819	1904	1821	1	-1	-1	-1	0
1877	1878	1789	1	-1	-1	-1	0
1879	1789	1878	1	-1	-1	-1	0
1907	1818	1825	1	-1	-1	-1	0
1879	1881	1791	1	-1	-1	-1	0
1911	1820	1821	1	-1	-1	-1	0
1881	1880	1791	1	-1	-1	-1	0
1822	1820	1912	1	-1	-1	-1	0
1793	1880	1882	1	-1	-1	-1	0
1884	1886	1796	1	-1	-1	-1	0
1886	1885	1796	1	-1	-1	-1	0
1797	1887	1884	1	-1	-1	-1	0
1883	1798	1888	1	-1	-1	-1	0
1883	1889	1799	1	-1	-1	-1	0
1798	1885	1888	1	-1	-1	-1	0
1890	1800	1889	1	-1	-1	-1	0
1829	1832	1918	1	-1	-1	-1	0
1830	1919	1831	1	-1	-1	-1	0
1834	1829	1918	1	-1	-1	-1	0
1863	1858	1859	0	-1	-1	-1	0
1849	1850	1882	1	-1	-1	-1	0
1827	1837	1917	1	-1	-1	0	0
1891	1801	1890	1	-1	-1	-1	0
1882	1851	1849	1	-1	-1	-1	0
1832	1831	1920	1	-1	-1	-1	0
1891	1893	1803	1	-1	-1	-1	0
1919	1830	1838	1	-1	-1	-1	0
1802	1894	1892	1	-1	-1	-1	0
1834	1918	1836	1	-1	-1	-1	0
1894	1802	1893	1	-1	-1	-1	0
1804	1892	1895	1	-1	-1	-1	0
1835	1836	1923	1	-1	-1	-1	0
1923	1837	1835	1	-1	-1	-1	0
1804	1895	1896	1	-1	-1	-1	0
1822	1915	1861	1	-1	-1	-1	0
1806	1897	1898	1	-1	-1	-1	0
1897	1809	1900	1	-1	-1	-1	0
1838	1840	1928	1	-1	-1	-1	0
1810	1896	1901	1	-1	-1	-1	0
1809	1899	1900	1	-1	-1	-1	0
1929	1840	1839	1	-1	-1	-1	0
1902	1899	1810	1	-1	-1	-1	0
1902	1810	1901	1	-1	-1	-1	0
1839	1845	1929	1	-1	-1	-1	0
1842	1930	1844	1	-1	-1	-1	0
1843	1844	1931	1	-1	-1	-1	0
1904	1812	1903	1	-1	-1	-1	0
1845	1843	1931	1	-1	-1	-1	0
1848	1930	1842	1	-1	-1	-1	0
1813	1905	1903	1	-1	-1	-1	0
1813	1906	1905	1	-1	-1	-1	0
1935	1847	1846	1	-1	-1	-1	0
1826	1916	1887	1	0	-1	-1	0
1907	1825	1898	1	-1	-1	-1	0
1906	1816	1908	1	-1	-1	-1	0
1848	1847	1936	1	-1	-1	-1	0
1851	1935	1846	1	-1	-1	-1	0
1909	1908	1816	1	-1	-1	-1	0
1907	1910	1817	1	-1	-1	-1	0
1817	1910	1909	1	-1	-1	-1	0
1820	1911	1912	1	-1	-1	-1	0
1904	1914	1821	1	-1	-1	-1	0
1913	1911	1821	1	-1	-1	-1	0
1854	1941	1853	0	-1	-1	-1	0
1914	1913	1821	1	-1	-1	-1	0
1915	1822	1912	1	-1	-1	-1	0
1853	1941	1857	0	-1	-1	-1	0
1942	1854	1855	0	-1	-1	-1	0
1864	1940	1852	1	-1	-1	-1	0
1852	1940	1866	1	-1	-1	-1	0
1856	1857	1945	0	-1	-1	-1	0
1859	1856	1945	0	-1	-1	-1	0
1944	1855	1860	1	-1	-1	-1	0
1949	1863	1859	0	-1	-1	-1	0
1919	1920	1831	1	-1	-1	-1	0
1921	1918	1832	1	-1	-1	-1	0
1861	1950	1860	1	-1	-1	-1	0
1882	1939	1851	1	-1	-1	-1	0
1832	1920	1922	1	-1	-1	-1	0
1832	1922	1921	1	-1	-1	-1	0
1951	1862	1863	1	-1	-1	-1	0
1862	1951	1864	1	-1	-1	-1	0
1924	1836	1918	1	-1	-1	-1	0
1837	1927	1917	1	-1	0	-1	0
1895	1892	1894	1	-1	-1	-1	0
1928	1919	1838	1	-1	-1	-1	0
1925	1836	1924	1	-1	-1	-1	0
1923	1836	1926	1	-1	-1	-1	0
1925	1926	1836	1	-1	-1	-1	0
1927	1837	1923	1	-1	-1	-1	0
1868	1956	1865	1	-1	-1	-1	0
1957	1867	1866	1	-1	-1	-1	0
1956	1870	1865	1	-1	-1	-1	0
1867	1959	1868	1	-1	-1	-1	0
1956	1869	1870	1	-1	-1	-1	0
1929	1928	1840	1	-1	-1	-1	0
1960	1873	1869	1	-1	-1	-1	0
1871	1872	1961	1	-1	-1	-1	0
1932	1844	1930	1	-1	-1	-1	0
1962	1872	1873	1	-1	-1	-1	0
1931	1844	1932	1	-1	-1	-1	0
1845	1934	1929	1	-1	-1	-1	0
1961	1876	1871	1	-1	-1	-1	0
1933	1845	1931	1	-1	-1	-1	0
1875	1874	1963	1	-1	-1	-1	0
1845	1933	1934	1	-1	-1	-1	0
1874	1876	1963	1	-1	-1	-1	0
1910	1907	1898	1	-1	-1	-1	0
1875	1964	1877	1	-1	-1	-1	0
1848	1938	1930	1	-1	-1	-1	0
1935	1937	1847	1	-1	-1	-1	0
1937	1936	1847	1	-1	-1	-1	0
1878	1877	1966	1	-1	-1	-1	0
1848	1936	1938	1	-1	-1	-1	0
1851	1939	1935	1	-1	-1	-1	0
1878	1968	1879	1	-1	-1	-1	0
1950	1861	1915	1	-1	-1	-1	0
1969	1881	1879	1	-1	-1	-1	0
1881	1970	1880	1	-1	-1	-1	0
1882	1880	1970	1	-1	-1	-1	0
1943	1941	1854	0	-1	-1	-1	0
1942	1943	1854	0	-1	-1	-1	0
1944	1942	1855	0	-1	-1	-1	0
1883	1888	1973	1	-1	-1	-1	0
1975	1886	1884	1	-1	-1	-1	0
1941	1947	1857	0	-1	-1	-1	0
1975	1884	1887	1	-1	-1	-1	0
1883	1974	1889	1	-1	-1	-1	0
1885	1886	1976	1	-1	-1	-1	0
1857	1946	1945	0	-1	-1	-1	0
1976	1888	1885	1	-1	-1	-1	0
1947	1946	1857	0	-1	-1	-1	0
1945	1948	1859	0	-1	-1	-1	0
1860	1950	1944	1	-1	-1	-1	0
1859	1948	1949	0	-1	-1	-1	0
1864	1954	1940	1	-1	-1	-1	0
1890	1889	1980	1	-1	-1	-1	0
1981	1891	1890	1	-1	-1	-1	0
1918	1921	1924	1	-1	-1	-1	0
1940	1958	1866	1	-1	-1	-1	0
1953	1863	1949	1	-1	-1	-1	0
1863	1952	1951	1	-1	-1	-1	0
1982	1893	1891	1	-1	-1	-1	0
1920	1919	1928	1	-1	-1	-1	0
1953	1952	1863	1	-1	-1	-1	0
1893	1983	1894	1	-1	-1	-1	0
1864	1951	1955	1	-1	-1	-1	0
1954	1864	1955	1	-1	-1	-1	0
1895	1894	1984	1	-1	-1	-1	0
1986	1896	1895	1	-1	-1	-1	0
1866	1958	1957	1	-1	-1	-1	0
1887	1916	1978	1	-1	-1	-1	0
1988	1898	1897	1	-1	-1	-1	0
1867	1957	1959	1	-1	-1	-1	0
1986	1901	1896	1	-1	-1	-1	0
1868	1959	1956	1	-1	-1	-1	0
1897	1900	1987	1	-1	-1	-1	0
1869	1956	1960	1	-1	-1	-1	0
1899	1990	1900	1	-1	-1	-1	0
1882	1970	1939	1	-1	-1	-1	0
1902	1990	1899	1	-1	-1	-1	0
1902	1901	1992	1	-1	-1	-1	0
1962	1873	1960	1	-1	-1	-1	0
1872	1962	1961	1	-1	-1	-1	0
1898	1989	1910	1	-1	-1	-1	0
1963	1876	1961	1	-1	-1	-1	0
1903	1994	1904	1	-1	-1	-1	0
1994	1903	1905	1	-1	-1	-1	0
1964	1875	1963	1	-1	-1	-1	0
1905	1906	1995	1	-1	-1	-1	0
1964	1965	1877	1	-1	-1	-1	0
1965	1966	1877	1	-1	-1	-1	0
1908	1996	1906	1	-1	-1	-1	0
1878	1966	1967	1	-1	-1	-1	0
1904	1994	1914	1	-1	-1	-1	0
1967	1968	1878	1	-1	-1	-1	0
1908	1909	1997	1	-1	-1	-1	0
1968	1969	1879	1	-1	-1	-1	0
1909	1910	1999	1	-1	-1	-1	0
1969	1971	1881	1	-1	-1	-1	0
1912	1911	2000	1	-1	-1	-1	0
1970	1881	1972	1	-1	-1	-1	0
1913	2000	1911	1	-1	-1	-1	0
1881	1971	1972	1	-1	-1	-1	0
2002	1915	1912	1	-1	-1	-1	0
2003	1913	1914	1	-1	-1	-1	0
1973	1974	1883	1	-1	-1	-1	0
1943	1947	1941	0	-1	-1	-1	0
1977	1886	1975	1	-1	-1	-1	0
1976	1886	1977	1	-1	-1	-1	0
1887	1978	1975	1	-1	-1	-1	0
1973	1888	1979	1	-1	-1	-1	0
1974	1980	1889	1	-1	-1	-1	0
1976	1979	1888	1	-1	-1	-1	0
1920	2008	1922	1	-1	-1	-1	0
1980	1981	1890	1	-1	-1	-1	0
1921	1922	2009	1	-1	-1	-1	0
1981	1982	1891	1	-1	-1	-1	0
2010	1924	1921	1	-1	-1	-1	0
1928	2008	1920	1	-1	-1	-1	0
1952	1955	1951	1	-1	-1	-1	0
1982	1983	1893	1	-1	-1	-1	0
1926	2012	1923	1	-1	-1	-1	0
1924	2013	1925	1	-1	-1	-1	0
2012	1927	1923	1	-1	-1	-1	0
1985	1894	1983	1	-1	-1	-1	0
1984	1894	1985	1	-1	-1	-1	0
1895	1984	1986	1	-1	-1	-1	0
1925	2015	1926	1	-1	-1	-1	0
1950	1915	2002	1	-1	-1	-1	0
1897	1987	1988	1	-1	-1	-1	0
1898	1988	1989	1	-1	-1	-1	0
1929	2018	1928	1	-1	-1	-1	0
1991	1987	1900	1	-1	-1	-1	0
1901	1986	1992	1	-1	-1	-1	0
1900	1990	1991	1	-1	-1	-1	0
2020	1932	1930	1	-1	-1	-1	0
1934	2019	1929	1	-1	-1	-1	0
1932	2021	1931	1	-1	-1	-1	0
1993	1990	1902	1	-1	-1	-1	0
2021	1933	1931	1	-1	-1	-1	0
1902	1992	1993	1	-1	-1	-1	0
2020	1930	1938	1	-1	-1	-1	0
2023	1934	1933	1	-1	-1	-1	0
1994	1905	1995	1	-1	-1	-1	0
1996	1995	1906	1	-1	-1	-1	0
1989	1999	1910	1	-1	-1	-1	0
1935	2027	1937	1	-1	-1	-1	0
2027	1935	1939	1	-1	-1	-1	0
1916	2007	1978	1	-1	-1	-1	0
1936	1937	2028	1	-1	-1	-1	0
1908	1998	1996	1	-1	-1	-1	0
1936	2028	1938	1	-1	-1	-1	0
1908	1997	1998	1	-1	-1	-1	0
1997	1909	1999	1	-1	-1	-1	0
1994	2005	1914	1	-1	-1	-1	0
2000	2001	1912	1	-1	-1	-1	0
2001	2002	1912	1	-1	-1	-1	0
2004	2000	1913	1	-1	-1	-1	0
2003	2004	1913	1	-1	-1	-1	0
1942	2035	1943	0	-1	-1	-1	0
1944	2034	1942	0	-1	-1	-1	0
2005	2003	1914	1	-1	-1	-1	0
1943	2036	1947	0	-1	-1	-1	0
2033	1940	1954	1	-1	-1	-1	0
2007	1916	2006	1	-1	0	-1	0
1945	1946	2039	0	-1	-1	-1	0
2038	1948	1945	0	-1	-1	-1	0
2033	1958	1940	1	-1	-1	-1	0
1950	2037	1944	1	-1	-1	-1	0
2040	1946	1947	0	-1	-1	-1	0
2041	1949	1948	0	-1	-1	-1	0
2010	1921	2009	1	-1	-1	-1	0
1922	2008	2011	1	-1	-1	-1	0
1939	1970	2032	1	-1	-1	-1	0
2011	2009	1922	1	-1	-1	-1	0
2042	1953	1949	1	-1	-1	-1	0
2013	1924	2010	1	-1	-1	-1	0
1952	1953	2044	1	-1	-1	-1	0
1952	2044	1955	1	-1	-1	-1	0
2013	2014	1925	1	-1	-1	-1	0
2018	2008	1928	1	-1	-1	-1	0
1925	2014	2015	1	-1	-1	-1	0
2012	1926	2016	1	-1	-1	-1	0
2046	1954	1955	1	-1	-1	-1	0
2012	2017	1927	1	-1	0	-1	0
2015	2016	1926	1	-1	-1	-1	0
1978	2007	1975	1	-1	-1	-1	0
2048	1960	1956	1	-1	-1	-1	0
2049	1956	1959	1	-1	-1	-1	0
2050	1957	1958	1	-1	-1	-1	0
2018	1929	2019	1	-1	-1	-1	0
1959	1957	2050	1	-1	-1	-1	0
2048	1962	1960	1	-1	-1	-1	0
2020	2022	1932	1	-1	-1	-1	0
1970	1972	2032	1	-1	-1	-1	0
1932	2022	2021	1	-1	-1	-1	0
2052	1963	1961	1	-1	-1	-1	0
1962	2053	1961	1	-1	-1	-1	0
2019	1934	2025	1	-1	-1	-1	0
2021	2024	1933	1	-1	-1	-1	0
2052	1964	1963	1	-1	-1	-1	0
2024	2023	1933	1	-1	-1	-1	0
2023	2026	1934	1	-1	-1	-1	0
2025	1934	2026	1	-1	-1	-1	0
1964	2057	1965	1	-1	-1	-1	0
2020	1938	2030	1	-1	-1	-1	0
2058	1966	1965	1	-1	-1	-1	0
1966	2060	1967	1	-1	-1	-1	0
1937	2027	2029	1	-1	-1	-1	0
2028	1937	2029	1	-1	-1	-1	0
2005	1994	1995	1	-1	-1	-1	0
1950	2002	2043	1	-1	-1	-1	0
1967	2062	1968	1	-1	-1	-1	0
2028	2031	1938	1	-1	-1	-1	0
2032	2027	1939	1	-1	-1	-1	0
2031	2030	1938	1	-1	-1	-1	0
1968	2063	1969	1	-1	-1	-1	0
2063	1971	1969	1	-1	-1	-1	0
2004	2001	2000	1	-1	-1	-1	0
2064	1972	1971	1	-1	-1	-1	0
2034	2035	1942	0	-1	-1	-1	0
2066	1974	1973	1	-1	-1	-1	0
2036	1943	2035	0	-1	-1	-1	0
1944	2037	2034	0	-1	-1	-1	0
1979	2066	1973	1	-1	-1	-1	0
1975	2068	1977	1	-1	-1	-1	0
1974	2067	1980	1	-1	-1	-1	0
2069	1976	1977	1	-1	-1	-1	0
2038	1945	2039	0	-1	-1	-1	0
2036	2040	1947	0	-1	-1	-1	0
1976	2069	1979	1	-1	-1	-1	0
2040	2039	1946	0	-1	-1	-1	0
2041	1948	2038	0	-1	-1	-1	0
1950	2043	2037	1	-1	-1	-1	0
1949	2041	2042	1	-1	-1	-1	0
2033	1954	2046	1	-1	-1	-1	0
1981	1980	2073	1	-1	-1	-1	0
1981	2074	1982	1	-1	-1	-1	0
1983	1982	2075	1	-1	-1	-1	0
2045	1953	2042	1	-1	-1	-1	0
1958	2033	2050	1	-1	-1	-1	0
1953	2045	2044	1	-1	-1	-1	0
1985	1983	2076	1	-1	-1	-1	0
2047	1955	2044	1	-1	-1	-1	0
2078	1984	1985	1	-1	-1	-1	0
2047	2046	1955	1	-1	-1	-1	0
2078	1986	1984	1	-1	-1	-1	0
1975	2007	2068	1	-1	-1	-1	0
2049	2048	1956	1	-1	-1	-1	0
2080	1988	1987	1	-1	-1	-1	0
1992	1986	2078	1	-1	-1	-1	0
2080	1987	1991	1	-1	-1	-1	0
2081	1989	1988	1	-1	-1	-1	0
2051	2049	1959	1	-1	-1	-1	0
2051	1959	2050	1	-1	-1	-1	0
1990	2083	1991	1	-1	-1	-1	0
2053	2052	1961	1	-1	-1	-1	0
1962	2048	2056	1	-1	-1	-1	0
2083	1990	1993	1	-1	-1	-1	0
2054	2053	1962	1	-1	-1	-1	0
2032	1972	2065	1	-1	-1	-1	0
1989	2082	1999	1	-1	-1	-1	0
1962	2055	2054	1	-1	-1	-1	0
1993	1992	2087	1	-1	-1	-1	0
1962	2056	2055	1	-1	-1	-1	0
2057	1964	2052	1	-1	-1	-1	0
2058	1965	2057	1	-1	-1	-1	0
1995	1996	2090	1	-1	-1	-1	0
2058	2059	1966	1	-1	-1	-1	0
2060	1966	2059	1	-1	-1	-1	0
1996	1998	2091	1	-1	-1	-1	0
1997	2092	1998	1	-1	-1	-1	0
2060	2061	1967	1	-1	-1	-1	0
2092	1997	1999	1	-1	-1	-1	0
2005	1995	2089	1	-1	-1	-1	0
2061	2062	1967	1	-1	-1	-1	0
1968	2062	2063	1	-1	-1	-1	0
2063	2064	1971	1	-1	-1	-1	0
2002	2001	2095	1	-1	-1	-1	0
2094	2001	2004	1	-1	-1	-1	0
1972	2064	2065	1	-1	-1	-1	0
2004	2003	2097	1	-1	-1	-1	0
2098	2003	2005	1	-1	-1	-1	0
2066	2067	1974	1	-1	-1	-1	0
2006	2102	2007	1	-1	-1	-1	0
2070	1977	2068	1	-1	-1	-1	0
2070	2069	1977	1	-1	-1	-1	0
2072	2066	1979	1	-1	-1	-1	0
2069	2071	1979	1	-1	-1	-1	0
2067	2073	1980	1	-1	-1	-1	0
2065	2029	2027	1	-1	-1	-1	0
2072	1979	2071	1	-1	-1	-1	0
2011	2008	2104	1	-1	-1	-1	0
2065	2027	2032	1	-1	-1	-1	0
2010	2009	2105	1	-1	-1	-1	0
2105	2009	2011	1	-1	-1	-1	0
2074	1981	2073	1	-1	-1	-1	0
2106	2013	2010	1	-1	-1	-1	0
2008	2018	2104	1	-1	-1	-1	0
2075	1982	2074	1	-1	-1	-1	0
2106	2014	2013	1	-1	-1	-1	0
2075	2077	1983	1	-1	-1	-1	0
2076	1983	2077	1	-1	-1	-1	0
2108	2012	2016	1	-1	-1	-1	0
2108	2017	2012	1	0	-1	-1	0
2015	2014	2110	1	-1	-1	-1	0
1985	2076	2079	1	-1	-1	-1	0
2018	2019	2104	1	-1	-1	-1	0
2096	2043	2002	1	-1	-1	-1	0
1985	2079	2078	1	-1	-1	-1	0
2016	2015	2111	1	-1	-1	-1	0
2025	2104	2019	1	-1	-1	-1	0
2080	2081	1988	1	-1	-1	-1	0
2081	2082	1989	1	-1	-1	-1	0
2048	2049	2056	1	-1	-1	-1	0
1991	2084	2080	1	-1	-1	-1	0
2020	2113	2022	1	-1	-1	-1	0
1992	2078	2086	1	-1	-1	-1	0
2021	2022	2115	1	-1	-1	-1	0
2085	1991	2083	1	-1	-1	-1	0
1991	2085	2084	1	-1	-1	-1	0
2024	2021	2115	1	-1	-1	-1	0
2023	2024	2117	1	-1	-1	-1	0
1993	2088	2083	1	-1	-1	-1	0
2030	2114	2020	1	-1	-1	-1	0
2026	2023	2116	1	-1	-1	-1	0
2086	2087	1992	1	-1	-1	-1	0
2088	1993	2087	1	-1	-1	-1	0
2119	2025	2026	1	-1	-1	-1	0
1999	2082	2092	1	-1	-1	-1	0
1995	2090	2089	1	-1	-1	-1	0
2007	2102	2068	1	-1	-1	-1	0
2091	2090	1996	1	-1	-1	-1	0
2121	2028	2029	1	-1	-1	-1	0
2031	2028	2121	1	-1	-1	-1	0
2093	2091	1998	1	-1	-1	-1	0
1998	2092	2093	1	-1	-1	-1	0
2031	2123	2030	1	-1	-1	-1	0
2095	2001	2094	1	-1	-1	-1	0
2096	2002	2095	1	-1	-1	-1	0
2005	2089	2100	1	-1	-1	-1	0
2127	2035	2034	0	-1	-1	-1	0
2004	2099	2094	1	-1	-1	-1	0
2003	2098	2097	1	-1	-1	-1	0
2127	2034	2037	0	-1	-1	-1	0
2035	2128	2036	0	-1	-1	-1	0
2004	2097	2099	1	-1	-1	-1	0
2005	2100	2098	1	-1	-1	-1	0
2067	2066	2072	1	-1	-1	-1	0
2126	2033	2046	1	-1	-1	-1	0
2130	2040	2036	0	-1	-1	-1	0
2125	2050	2033	1	-1	-1	-1	0
2038	2039	2132	0	-1	-1	-1	0
2130	2039	2040	0	-1	-1	-1	0
2103	2006	2101	1	-1	0	-1	0
2102	2006	2103	1	-1	-1	-1	0
2131	2037	2043	1	-1	-1	-1	0
2133	2041	2038	0	-1	-1	-1	0
2065	2122	2029	1	-1	-1	-1	0
2041	2134	2042	1	-1	-1	-1	0
2106	2010	2105	1	-1	-1	-1	0
2107	2011	2104	1	-1	-1	-1	0
2045	2042	2135	1	-1	-1	-1	0
2107	2105	2011	1	-1	-1	-1	0
2044	2045	2136	1	-1	-1	-1	0
2050	2125	2051	1	-1	-1	-1	0
2047	2044	2136	1	-1	-1	-1	0
2014	2106	2109	1	-1	-1	-1	0
2139	2046	2047	1	-1	-1	-1	0
2109	2110	2014	1	-1	-1	-1	0
2112	2108	2016	1	-1	-1	-1	0
2025	2107	2104	1	-1	-1	-1	0
2110	2111	2015	1	-1	-1	-1	0
2112	2016	2111	1	-1	-1	-1	0
2068	2102	2070	1	-1	-1	-1	0
2049	2051	2142	1	-1	-1	-1	0
2056	2049	2142	1	-1	-1	-1	0
2020	2114	2113	1	-1	-1	-1	0
2113	2115	2022	1	-1	-1	-1	0
2145	2052	2053	1	-1	-1	-1	0
2119	2107	2025	1	-1	-1	-1	0
2053	2054	2146	1	-1	-1	-1	0
2052	2145	2057	1	-1	-1	-1	0
2116	2023	2117	1	-1	-1	-1	0
2054	2055	2147	1	-1	-1	-1	0
2115	2118	2024	1	-1	-1	-1	0
2118	2117	2024	1	-1	-1	-1	0
2149	2055	2056	1	-1	-1	-1	0
2145	2058	2057	1	-1	-1	-1	0
2026	2116	2120	1	-1	-1	-1	0
2026	2120	2119	1	-1	-1	-1	0
2058	2150	2059	1	-1	-1	-1	0
2114	2030	2123	1	-1	-1	-1	0
2096	2131	2043	1	-1	-1	-1	0
2151	2060	2059	1	-1	-1	-1	0
2122	2121	2029	1	-1	-1	-1	0
2061	2060	2154	1	-1	-1	-1	0
2121	2124	2031	1	-1	-1	-1	0
2155	2062	2061	1	-1	-1	-1	0
2031	2124	2123	1	-1	-1	-1	0
2062	2156	2063	1	-1	-1	-1	0
2064	2063	2156	1	-1	-1	-1	0
2125	2033	2126	1	-1	-1	-1	0
2065	2064	2158	1	-1	-1	-1	0
2127	2128	2035	0	-1	-1	-1	0
2128	2129	2036	0	-1	-1	-1	0
2129	2130	2036	0	-1	-1	-1	0
2131	2127	2037	0	-1	-1	-1	0
2159	2067	2072	1	-1	-1	-1	0
2067	2160	2073	1	-1	-1	-1	0
2161	2069	2070	1	-1	-1	-1	0
2130	2132	2039	0	-1	-1	-1	0
2161	2071	2069	1	-1	-1	-1	0
2038	2132	2133	0	-1	-1	-1	0
2163	2072	2071	1	-1	-1	-1	0
2041	2133	2134	1	-1	-1	-1	0
2138	2126	2046	1	-1	-1	-1	0
2042	2134	2135	1	-1	-1	-1	0
2073	2165	2074	1	-1	-1	-1	0
2075	2074	2166	1	-1	-1	-1	0
2137	2045	2135	1	-1	-1	-1	0
2136	2045	2137	1	-1	-1	-1	0
2075	2166	2077	1	-1	-1	-1	0
2125	2143	2051	1	-1	-1	-1	0
2076	2077	2167	1	-1	-1	-1	0
2076	2167	2079	1	-1	-1	-1	0
2139	2138	2046	1	-1	-1	-1	0
2047	2136	2141	1	-1	-1	-1	0
2078	2079	2169	1	-1	-1	-1	0
2047	2140	2139	1	-1	-1	-1	0
2140	2047	2141	1	-1	-1	-1	0
2080	2171	2081	1	-1	-1	-1	0
2078	2169	2086	1	-1	-1	-1	0
2162	2070	2102	1	-1	-1	-1	0
2082	2081	2172	1	-1	-1	-1	0
2080	2084	2171	1	-1	-1	-1	0
2144	2142	2051	1	-1	-1	-1	0
2051	2143	2144	1	-1	-1	-1	0
2085	2083	2174	1	-1	-1	-1	0
2053	2146	2145	1	-1	-1	-1	0
2085	2175	2084	1	-1	-1	-1	0
2083	2088	2174	1	-1	-1	-1	0
2158	2122	2065	1	-1	-1	-1	0
2056	2142	2149	1	-1	-1	-1	0
2146	2054	2147	1	-1	-1	-1	0
2173	2092	2082	1	-1	-1	-1	0
2086	2177	2087	1	-1	-1	-1	0
2148	2147	2055	1	-1	-1	-1	0
2055	2149	2148	1	-1	-1	-1	0
2178	2088	2087	1	-1	-1	-1	0
2058	2145	2150	1	-1	-1	-1	0
2093	2092	2173	1	-1	-1	-1	0
2180	2089	2090	1	-1	-1	-1	0
2152	2059	2150	1	-1	-1	-1	0
2059	2152	2151	1	-1	-1	-1	0
2090	2091	2182	1	-1	-1	-1	0
2151	2153	2060	1	-1	-1	-1	0
2093	2183	2091	1	-1	-1	-1	0
2102	2103	2162	1	-1	-1	-1	0
2153	2154	2060	1	-1	-1	-1	0
2089	2180	2100	1	-1	-1	-1	0
2154	2155	2061	1	-1	-1	-1	0
2062	2155	2156	1	-1	-1	-1	0
2094	2185	2095	1	-1	-1	-1	0
2064	2156	2157	1	-1	-1	-1	0
2187	2096	2095	1	-1	-1	-1	0
2158	2064	2157	1	-1	-1	-1	0
2186	2094	2099	1	-1	-1	-1	0
2097	2098	2189	1	-1	-1	-1	0
2189	2099	2097	1	-1	-1	-1	0
2160	2067	2159	1	-1	-1	-1	0
2190	2098	2100	1	-1	-1	-1	0
2070	2162	2161	1	-1	-1	-1	0
2072	2163	2159	1	-1	-1	-1	0
2161	2164	2071	1	-1	-1	-1	0
2101	2193	2103	1	-1	-1	-1	0
2164	2163	2071	1	-1	-1	-1	0
2160	2165	2073	1	-1	-1	-1	0
2165	2166	2074	1	-1	-1	-1	0
2107	2195	2105	1	-1	-1	-1	0
2105	2196	2106	1	-1	-1	-1	0
2077	2166	2168	1	-1	-1	-1	0
2167	2077	2168	1	-1	-1	-1	0
2109	2106	2197	1	-1	-1	-1	0
2131	2096	2188	1	-1	-1	-1	0
2167	2170	2079	1	-1	-1	-1	0
2079	2170	2169	1	-1	-1	-1	0
2198	2108	2112	1	0	-1	-1	0
2200	2110	2109	1	-1	-1	-1	0
2107	2119	2195	1	-1	-1	-1	0
2111	2110	2202	1	-1	-1	-1	0
2172	2081	2171	1	-1	-1	-1	0
2202	2112	2111	1	-1	-1	-1	0
2173	2082	2172	1	-1	-1	-1	0
2171	2084	2175	1	-1	-1	-1	0
2205	2113	2114	1	-1	-1	-1	0
2177	2086	2169	1	-1	-1	-1	0
2113	2206	2115	1	-1	-1	-1	0
2176	2085	2174	1	-1	-1	-1	0
2149	2142	2144	1	-1	-1	-1	0
2085	2176	2175	1	-1	-1	-1	0
2115	2206	2118	1	-1	-1	-1	0
2088	2179	2174	1	-1	-1	-1	0
2087	2177	2178	1	-1	-1	-1	0
2116	2117	2210	1	-1	-1	-1	0
2123	2207	2114	1	-1	-1	-1	0
2209	2120	2116	1	-1	-1	-1	0
2088	2178	2179	1	-1	-1	-1	0
2117	2118	2212	1	-1	-1	-1	0
2173	2184	2093	1	-1	-1	-1	0
2180	2090	2181	1	-1	-1	-1	0
2120	2213	2119	1	-1	-1	-1	0
2090	2182	2181	1	-1	-1	-1	0
2182	2091	2183	1	-1	-1	-1	0
2122	2215	2121	1	-1	-1	-1	0
2194	2162	2103	1	-1	-1	-1	0
2121	2215	2124	1	-1	-1	-1	0
2183	2093	2184	1	-1	-1	-1	0
2123	2124	2216	1	-1	-1	-1	0
2186	2185	2094	1	-1	-1	-1	0
2095	2185	2187	1	-1	-1	-1	0
2126	2218	2125	1	-1	-1	-1	0
2190	2100	2180	1	-1	-1	-1	0
2096	2187	2188	1	-1	-1	-1	0
2128	2127	2220	0	-1	-1	-1	0
2099	2191	2186	1	-1	-1	-1	0
2189	2098	2190	1	-1	-1	-1	0
2131	2220	2127	0	-1	-1	-1	0
2221	2129	2128	0	-1	-1	-1	0
2099	2189	2191	1	-1	-1	-1	0
2222	2130	2129	0	-1	-1	-1	0
2126	2138	2219	1	-1	-1	-1	0
2223	2132	2130	0	-1	-1	-1	0
2125	2218	2143	1	-1	-1	-1	0
2225	2133	2132	0	-1	-1	-1	0
2193	2101	2192	1	-1	0	-1	0
2103	2193	2194	1	-1	-1	-1	0
2226	2134	2133	1	-1	-1	-1	0
2134	2227	2135	1	-1	-1	-1	0
2215	2122	2158	1	-1	-1	-1	0
2196	2105	2195	1	-1	-1	-1	0
2197	2106	2196	1	-1	-1	-1	0
2135	2229	2137	1	-1	-1	-1	0
2137	2230	2136	1	-1	-1	-1	0
2167	2168	2170	1	-1	-1	-1	0
2109	2197	2199	1	-1	-1	-1	0
2141	2136	2230	1	-1	-1	-1	0
2109	2199	2200	1	-1	-1	-1	0
2232	2138	2139	1	-1	-1	-1	0
2232	2139	2140	1	-1	-1	-1	0
2110	2200	2201	1	-1	-1	-1	0
2204	2198	2112	1	-1	-1	-1	0
2141	2233	2140	1	-1	-1	-1	0
2110	2201	2203	1	-1	-1	-1	0
2110	2203	2202	1	-1	-1	-1	0
2202	2204	2112	1	-1	-1	-1	0
2206	2113	2205	1	-1	-1	-1	0
2143	2237	2144	1	-1	-1	-1	0
2208	2205	2114	1	-1	-1	-1	0
2119	2213	2195	1	-1	-1	-1	0
2207	2208	2114	1	-1	-1	-1	0
2145	2146	2240	1	-1	-1	-1	0
2144	2239	2149	1	-1	-1	-1	0
2147	2240	2146	1	-1	-1	-1	0
2150	2145	2240	1	-1	-1	-1	0
2116	2210	2209	1	-1	-1	-1	0
2118	2206	2212	1	-1	-1	-1	0
2147	2148	2241	1	-1	-1	-1	0
2210	2117	2211	1	-1	-1	-1	0
2148	2149	2242	1	-1	-1	-1	0
2212	2211	2117	1	-1	-1	-1	0
2131	2188	2224	0	-1	-1	-1	0
2214	2120	2209	1	-1	-1	-1	0
2123	2216	2207	1	-1	-1	-1	0
2150	2245	2152	1	-1	-1	-1	0
2120	2214	2213	1	-1	-1	-1	0
2246	2151	2152	1	-1	-1	-1	0
2153	2151	2246	1	-1	-1	-1	0
2153	2248	2154	1	-1	-1	-1	0
2215	2217	2124	1	-1	-1	-1	0
2216	2124	2217	1	-1	-1	-1	0
2154	2250	2155	1	-1	-1	-1	0
2251	2156	2155	1	-1	-1	-1	0
2126	2219	2218	1	-1	-1	-1	0
2251	2157	2156	1	-1	-1	-1	0
2157	2254	2158	1	-1	-1	-1	0
2221	2128	2220	0	-1	-1	-1	0
2221	2222	2129	0	-1	-1	-1	0
2160	2159	2256	1	-1	-1	-1	0
2222	2223	2130	0	-1	-1	-1	0
2220	2131	2224	0	-1	-1	-1	0
2163	2257	2159	1	-1	-1	-1	0
2223	2225	2132	0	-1	-1	-1	0
2162	2259	2161	1	-1	-1	-1	0
2160	2258	2165	1	-1	-1	-1	0
2226	2133	2225	1	-1	-1	-1	0
2164	2161	2259	1	-1	-1	-1	0
2260	2163	2164	1	-1	-1	-1	0
2228	2134	2226	1	-1	-1	-1	0
2227	2134	2228	1	-1	-1	-1	0
2232	2219	2138	1	-1	-1	-1	0
2135	2227	2229	1	-1	-1	-1	0
2263	2166	2165	1	-1	-1	-1	0
2143	2218	2236	1	-1	-1	-1	0
2168	2166	2263	1	-1	-1	-1	0
2231	2137	2229	1	-1	-1	-1	0
2231	2230	2137	1	-1	-1	-1	0
2168	2264	2170	1	-1	-1	-1	0
2196	2195	2213	1	-1	-1	-1	0
2140	2233	2232	1	-1	-1	-1	0
2266	2169	2170	1	-1	-1	-1	0
2141	2230	2235	1	-1	-1	-1	0
2141	2234	2233	1	-1	-1	-1	0
2202	2203	2204	1	-1	-1	-1	0
2235	2234	2141	1	-1	-1	-1	0
2269	2172	2171	1	-1	-1	-1	0
2169	2267	2177	1	-1	-1	-1	0
2269	2173	2172	1	-1	-1	-1	0
2194	2259	2162	1	-1	-1	-1	0
2270	2171	2175	1	-1	-1	-1	0
2237	2143	2236	1	-1	-1	-1	0
2237	2238	2144	1	-1	-1	-1	0
2144	2238	2239	1	-1	-1	-1	0
2273	2176	2174	1	-1	-1	-1	0
2272	2174	2179	1	-1	-1	-1	0
2175	2176	2275	1	-1	-1	-1	0
2147	2241	2240	1	-1	-1	-1	0
2158	2255	2215	1	-1	-1	-1	0
2184	2173	2271	1	-1	-1	-1	0
2239	2242	2149	1	-1	-1	-1	0
2177	2276	2178	1	-1	-1	-1	0
2243	2241	2148	1	-1	-1	-1	0
2243	2148	2242	1	-1	-1	-1	0
2178	2277	2179	1	-1	-1	-1	0
2150	2240	2244	1	-1	-1	-1	0
2181	2278	2180	1	-1	-1	-1	0
2245	2150	2244	1	-1	-1	-1	0
2279	2181	2182	1	-1	-1	-1	0
2247	2152	2245	1	-1	-1	-1	0
2246	2152	2247	1	-1	-1	-1	0
2281	2182	2183	1	-1	-1	-1	0
2249	2153	2246	1	-1	-1	-1	0
2278	2190	2180	1	-1	-1	-1	0
2281	2183	2184	1	-1	-1	-1	0
2153	2249	2248	1	-1	-1	-1	0
2154	2248	2250	1	-1	-1	-1	0
2283	2187	2185	1	-1	-1	-1	0
2284	2185	2186	1	-1	-1	-1	0
2253	2155	2250	1	-1	-1	-1	0
2252	2251	2155	1	-1	-1	-1	0
2155	2253	2252	1	-1	-1	-1	0
2254	2157	2251	1	-1	-1	-1	0
2187	2288	2188	1	-1	-1	-1	0
2287	2186	2191	1	-1	-1	-1	0
2254	2255	2158	1	-1	-1	-1	0
2189	2190	2290	1	-1	-1	-1	0
2191	2189	2290	1	-1	-1	-1	0
2256	2159	2257	1	-1	-1	-1	0
2218	2219	2236	1	-1	-1	-1	0
2258	2160	2256	1	-1	-1	-1	0
2193	2192	2294	1	-1	-1	-1	0
2260	2257	2163	1	-1	-1	-1	0
2194	2193	2294	1	-1	-1	-1	0
2164	2259	2262	1	-1	-1	-1	0
2261	2260	2164	1	-1	-1	-1	0
2165	2258	2263	1	-1	-1	-1	0
2255	2217	2215	1	-1	-1	-1	0
2261	2164	2262	1	-1	-1	-1	0
2196	2296	2197	1	-1	-1	-1	0
2298	2199	2197	1	-1	-1	-1	0
2265	2168	2263	1	-1	-1	-1	0
2231	2235	2230	1	-1	-1	-1	0
2264	2168	2265	1	-1	-1	-1	0
2301	2200	2199	1	-1	-1	-1	0
2188	2289	2224	0	-1	-1	-1	0
2264	2268	2170	1	-1	-1	-1	0
2300	2198	2204	1	-1	-1	-1	0
2267	2169	2266	1	-1	-1	-1	0
2302	2201	2200	1	-1	-1	-1	0
2266	2170	2268	1	-1	-1	-1	0
2213	2297	2196	1	-1	-1	-1	0
2300	2204	2203	1	-1	-1	-1	0
2303	2203	2201	1	-1	-1	-1	0
2171	2270	2269	1	-1	-1	-1	0
2271	2173	2269	1	-1	-1	-1	0
2259	2194	2262	1	-1	-1	-1	0
2206	2205	2304	1	-1	-1	-1	0
2205	2208	2304	1	-1	-1	-1	0
2270	2175	2274	1	-1	-1	-1	0
2272	2273	2174	1	-1	-1	-1	0
2276	2177	2267	1	-1	-1	-1	0
2306	2208	2207	1	-1	-1	-1	0
2304	2212	2206	1	-1	-1	-1	0
2275	2274	2175	1	-1	-1	-1	0
2214	2297	2213	1	-1	-1	-1	0
2273	2275	2176	1	-1	-1	-1	0
2244	2240	2241	1	-1	-1	-1	0
2308	2209	2210	1	-1	-1	-1	0
2207	2216	2305	1	-1	-1	-1	0
2243	2244	2241	1	-1	-1	-1	0
2272	2179	2277	1	-1	-1	-1	0
2211	2309	2210	1	-1	-1	-1	0
2214	2209	2308	1	-1	-1	-1	0
2277	2178	2276	1	-1	-1	-1	0
2212	2310	2211	1	-1	-1	-1	0
2282	2184	2271	1	-1	-1	-1	0
2279	2278	2181	1	-1	-1	-1	0
2182	2280	2279	1	-1	-1	-1	0
2182	2281	2280	1	-1	-1	-1	0
2313	2216	2217	1	-1	-1	-1	0
2184	2282	2281	1	-1	-1	-1	0
2194	2295	2262	1	-1	-1	-1	0
2283	2185	2285	1	-1	-1	-1	0
2284	2285	2185	1	-1	-1	-1	0
2284	2186	2286	1	-1	-1	-1	0
2317	2221	2220	0	-1	-1	-1	0
2283	2288	2187	1	-1	-1	-1	0
2291	2190	2278	1	-1	-1	-1	0
2287	2286	2186	1	-1	-1	-1	0
2224	2318	2220	0	-1	-1	-1	0
2319	2222	2221	0	-1	-1	-1	0
2289	2188	2288	0	-1	-1	-1	0
2232	2316	2219	1	-1	-1	-1	0
2322	2223	2222	0	-1	-1	-1	0
2322	2225	2223	0	-1	-1	-1	0
2191	2292	2287	1	-1	-1	-1	0
2291	2290	2190	1	-1	-1	-1	0
2316	2236	2219	1	-1	-1	-1	0
2191	2290	2292	1	-1	-1	-1	0
2323	2226	2225	1	-1	-1	-1	0
2323	2228	2226	1	-1	-1	-1	0
2324	2227	2228	1	-1	-1	-1	0
2294	2192	2293	1	-1	0	-1	0
2324	2229	2227	1	-1	-1	-1	0
2194	2294	2295	1	-1	-1	-1	0
2258	2265	2263	1	-1	-1	-1	0
2229	2327	2231	1	-1	-1	-1	0
2315	2217	2255	1	-1	-1	-1	0
2196	2297	2296	1	-1	-1	-1	0
2237	2236	2316	1	-1	-1	-1	0
2296	2298	2197	1	-1	-1	-1	0
2235	2231	2328	1	-1	-1	-1	0
2232	2233	2330	1	-1	-1	-1	0
2198	2300	2299	1	-1	-1	0	0
2298	2301	2199	1	-1	-1	-1	0
2331	2233	2234	1	-1	-1	-1	0
2235	2332	2234	1	-1	-1	-1	0
2268	2267	2266	1	-1	-1	-1	0
2302	2200	2301	1	-1	-1	-1	0
2303	2300	2203	1	-1	-1	-1	0
2201	2302	2303	1	-1	-1	-1	0
2238	2237	2336	1	-1	-1	-1	0
2238	2337	2239	1	-1	-1	-1	0
2207	2305	2306	1	-1	-1	-1	0
2239	2338	2242	1	-1	-1	-1	0
2304	2208	2307	1	-1	-1	-1	0
2307	2208	2306	1	-1	-1	-1	0
2297	2214	2312	1	-1	-1	-1	0
2243	2242	2338	1	-1	-1	-1	0
2254	2315	2255	1	-1	-1	-1	0
2339	2244	2243	1	-1	-1	-1	0
2309	2308	2210	1	-1	-1	-1	0
2212	2304	2311	1	-1	-1	-1	0
2339	2245	2244	1	-1	-1	-1	0
2310	2309	2211	1	-1	-1	-1	0
2289	2318	2224	0	-1	-1	-1	0
2212	2311	2310	1	-1	-1	-1	0
2313	2305	2216	1	-1	-1	-1	0
2342	2247	2245	1	-1	-1	-1	0
2312	2214	2308	1	-1	-1	-1	0
2247	2343	2246	1	-1	-1	-1	0
2246	2344	2249	1	-1	-1	-1	0
2248	2249	2345	1	-1	-1	-1	0
2250	2248	2345	1	-1	-1	-1	0
2313	2217	2314	1	-1	-1	-1	0
2314	2217	2315	1	-1	-1	-1	0
2291	2278	2279	1	-1	-1	-1	0
2250	2348	2253	1	-1	-1	-1	0
2251	2252	2349	1	-1	-1	-1	0
2251	2349	2254	1	-1	-1	-1	0
2317	2220	2318	0	-1	-1	-1	0
2350	2252	2253	1	-1	-1	-1	0
2320	2221	2317	0	-1	-1	-1	0
2320	2319	2221	0	-1	-1	-1	0
2222	2319	2321	0	-1	-1	-1	0
2322	2222	2321	0	-1	-1	-1	0
2353	2256	2257	1	-1	-1	-1	0
2353	2258	2256	1	-1	-1	-1	0
2322	2323	2225	1	-1	-1	-1	0
2260	2354	2257	1	-1	-1	-1	0
2325	2228	2323	1	-1	-1	-1	0
2260	2261	2356	1	-1	-1	-1	0
2325	2324	2228	1	-1	-1	-1	0
2232	2330	2316	1	-1	-1	-1	0
2258	2355	2265	1	-1	-1	-1	0
2326	2229	2324	1	-1	-1	-1	0
2357	2261	2262	1	-1	-1	-1	0
2327	2229	2326	1	-1	-1	-1	0
2335	2237	2316	1	-1	-1	-1	0
2327	2329	2231	1	-1	-1	-1	0
2231	2329	2328	1	-1	-1	-1	0
2265	2360	2264	1	-1	-1	-1	0
2359	2268	2264	1	-1	-1	-1	0
2330	2233	2331	1	-1	-1	-1	0
2235	2328	2332	1	-1	-1	-1	0
2267	2268	2363	1	-1	-1	-1	0
2234	2333	2331	1	-1	-1	-1	0
2234	2332	2333	1	-1	-1	-1	0
2269	2270	2364	1	-1	-1	-1	0
2271	2269	2364	1	-1	-1	-1	0
2267	2362	2276	1	-1	-1	-1	0
2334	2237	2335	1	-1	-1	-1	0
2334	2336	2237	1	-1	-1	-1	0
2274	2365	2270	1	-1	-1	-1	0
2238	2336	2337	1	-1	-1	-1	0
2272	2366	2273	1	-1	-1	-1	0
2337	2338	2239	1	-1	-1	-1	0
2357	2262	2295	1	-1	-1	-1	0
2368	2275	2273	1	-1	-1	-1	0
2367	2272	2277	1	-1	-1	-1	0
2271	2364	2282	1	-1	-1	-1	0
2254	2349	2315	1	-1	-1	-1	0
2370	2274	2275	1	-1	-1	-1	0
2340	2339	2243	1	-1	-1	-1	0
2243	2338	2341	1	-1	-1	-1	0
2341	2340	2243	1	-1	-1	-1	0
2276	2371	2277	1	-1	-1	-1	0
2245	2339	2342	1	-1	-1	-1	0
2342	2343	2247	1	-1	-1	-1	0
2280	2373	2279	1	-1	-1	-1	0
2246	2343	2344	1	-1	-1	-1	0
2375	2280	2281	1	-1	-1	-1	0
2249	2344	2346	1	-1	-1	-1	0
2282	2376	2281	1	-1	-1	-1	0
2345	2249	2346	1	-1	-1	-1	0
2345	2347	2250	1	-1	-1	-1	0
2374	2291	2279	1	-1	-1	-1	0
2250	2347	2348	1	-1	-1	-1	0
2285	2378	2283	1	-1	-1	-1	0
2284	2379	2285	1	-1	-1	-1	0
2378	2288	2283	1	-1	-1	-1	0
2380	2284	2286	1	-1	-1	-1	0
2252	2351	2349	1	-1	-1	-1	0
2252	2350	2351	1	-1	-1	-1	0
2352	2253	2348	1	-1	-1	-1	0
2352	2350	2253	1	-1	-1	-1	0
2384	2286	2287	1	-1	-1	-1	0
2289	2288	2386	0	-1	-1	-1	0
2385	2287	2292	1	-1	-1	-1	0
2353	2257	2354	1	-1	-1	-1	0
2355	2258	2353	1	-1	-1	-1	0
2291	2388	2290	1	-1	-1	-1	0
2388	2292	2290	1	-1	-1	-1	0
2260	2356	2354	1	-1	-1	-1	0
2356	2261	2358	1	-1	-1	-1	0
2261	2357	2358	1	-1	-1	-1	0
2294	2293	2392	1	-1	-1	-1	0
2265	2355	2361	1	-1	-1	-1	0
2335	2316	2330	1	-1	-1	-1	0
2295	2294	2392	1	-1	-1	-1	0
2359	2264	2360	1	-1	-1	-1	0
2361	2360	2265	1	-1	-1	-1	0
2394	2296	2297	1	-1	-1	-1	0
2394	2298	2296	1	-1	-1	-1	0
2359	2363	2268	1	-1	-1	-1	0
2362	2267	2363	1	-1	-1	-1	0
2289	2387	2318	0	-1	-1	-1	0
2298	2396	2301	1	-1	-1	-1	0
2397	2299	2300	1	0	-1	-1	0
2335	2330	2331	1	-1	-1	-1	0
2364	2270	2365	1	-1	-1	-1	0
2398	2300	2303	1	-1	-1	-1	0
2399	2302	2301	1	-1	-1	-1	0
2297	2312	2394	1	-1	-1	-1	0
2303	2302	2400	1	-1	-1	-1	0
2272	2367	2366	1	-1	-1	-1	0
2369	2273	2366	1	-1	-1	-1	0
2371	2276	2362	1	-1	-1	-1	0
2274	2370	2365	1	-1	-1	-1	0
2273	2369	2368	1	-1	-1	-1	0
2304	2307	2401	1	-1	-1	-1	0
2402	2306	2305	1	-1	-1	-1	0
2368	2370	2275	1	-1	-1	-1	0
2349	2351	2315	1	-1	-1	-1	0
2277	2372	2367	1	-1	-1	-1	0
2304	2401	2311	1	-1	-1	-1	0
2306	2404	2307	1	-1	-1	-1	0
2372	2277	2371	1	-1	-1	-1	0
2403	2305	2313	1	-1	-1	-1	0
2340	2342	2339	1	-1	-1	-1	0
2282	2364	2377	1	-1	-1	-1	0
2407	2308	2309	1	-1	-1	-1	0
2279	2373	2374	1	-1	-1	-1	0
2373	2280	2375	1	-1	-1	-1	0
2310	2409	2309	1	-1	-1	-1	0
2308	2408	2312	1	-1	-1	-1	0
2314	2403	2313	1	-1	-1	-1	0
2376	2375	2281	1	-1	-1	-1	0
2310	2311	2411	1	-1	-1	-1	0
2376	2282	2377	1	-1	-1	-1	0
2347	2345	2346	1	-1	-1	-1	0
2315	2414	2314	1	-1	-1	-1	0
2380	2379	2284	1	-1	-1	-1	0
2393	2357	2295	1	-1	-1	-1	0
2381	2285	2379	1	-1	-1	-1	0
2378	2285	2382	1	-1	-1	-1	0
2382	2285	2381	1	-1	-1	-1	0
2286	2383	2380	1	-1	-1	-1	0
2416	2317	2318	0	-1	-1	-1	0
2288	2378	2386	0	-1	-1	-1	0
2416	2320	2317	0	-1	-1	-1	0
2384	2383	2286	1	-1	-1	-1	0
2374	2389	2291	1	-1	-1	-1	0
2287	2385	2384	1	-1	-1	-1	0
2319	2320	2417	0	-1	-1	-1	0
2418	2321	2319	0	-1	-1	-1	0
2386	2387	2289	0	-1	-1	-1	0
2321	2421	2322	0	-1	-1	-1	0
2292	2390	2385	1	-1	-1	-1	0
2322	2422	2323	1	-1	-1	-1	0
2388	2291	2389	1	-1	-1	-1	0
2292	2388	2390	1	-1	-1	-1	0
2323	2422	2325	1	-1	-1	-1	0
2324	2325	2424	1	-1	-1	-1	0
2324	2424	2326	1	-1	-1	-1	0
2293	2391	2392	1	0	-1	-1	0
2326	2427	2327	1	-1	-1	-1	0
2315	2351	2414	1	-1	-1	-1	0
2392	2393	2295	1	-1	-1	-1	0
2329	2327	2428	1	-1	-1	-1	0
2429	2328	2329	1	-1	-1	-1	0
2394	2395	2298	1	-1	-1	-1	0
2429	2332	2328	1	-1	-1	-1	0
2395	2396	2298	1	-1	-1	-1	0
2333	2431	2331	1	-1	-1	-1	0
2300	2398	2397	1	-1	-1	-1	0
2396	2399	2301	1	-1	-1	-1	0
2332	2433	2333	1	-1	-1	-1	0
2335	2331	2432	1	-1	-1	-1	0
2334	2335	2432	1	-1	-1	-1	0
2399	2400	2302	1	-1	-1	-1	0
2398	2303	2400	1	-1	-1	-1	0
2377	2364	2365	1	-1	-1	-1	0
2436	2336	2334	1	-1	-1	-1	0
2358	2357	2393	1	-1	-1	-1	0
2437	2337	2336	1	-1	-1	-1	0
2305	2403	2402	1	-1	-1	-1	0
2405	2306	2402	1	-1	-1	-1	0
2438	2338	2337	1	-1	-1	-1	0
2307	2406	2401	1	-1	-1	-1	0
2405	2404	2306	1	-1	-1	-1	0
2438	2341	2338	1	-1	-1	-1	0
2412	2394	2312	1	-1	-1	-1	0
2406	2307	2404	1	-1	-1	-1	0
2341	2439	2340	1	-1	-1	-1	0
2340	2439	2342	1	-1	-1	-1	0
2318	2387	2416	0	-1	-1	-1	0
2308	2407	2408	1	-1	-1	-1	0
2411	2311	2401	1	-1	-1	-1	0
2343	2342	2441	1	-1	-1	-1	0
2309	2410	2407	1	-1	-1	-1	0
2409	2410	2309	1	-1	-1	-1	0
2441	2344	2343	1	-1	-1	-1	0
2409	2310	2411	1	-1	-1	-1	0
2403	2314	2415	1	-1	-1	-1	0
2408	2412	2312	1	-1	-1	-1	0
2443	2346	2344	1	-1	-1	-1	0
2347	2346	2445	1	-1	-1	-1	0
2413	2314	2414	1	-1	-1	-1	0
2347	2446	2348	1	-1	-1	-1	0
2415	2314	2413	1	-1	-1	-1	0
2348	2447	2352	1	-1	-1	-1	0
2351	2350	2448	1	-1	-1	-1	0
2350	2352	2448	1	-1	-1	-1	0
2319	2417	2418	0	-1	-1	-1	0
2419	2417	2320	0	-1	-1	-1	0
2416	2420	2320	0	-1	-1	-1	0
2451	2353	2354	1	-1	-1	-1	0
2355	2353	2451	1	-1	-1	-1	0
2419	2320	2420	0	-1	-1	-1	0
2321	2418	2421	0	-1	-1	-1	0
2356	2452	2354	1	-1	-1	-1	0
2322	2421	2423	1	-1	-1	-1	0
2422	2322	2423	1	-1	-1	-1	0
2451	2361	2355	1	-1	-1	-1	0
2389	2390	2388	1	-1	-1	-1	0
2454	2356	2358	1	-1	-1	-1	0
2425	2325	2422	1	-1	-1	-1	0
2424	2325	2426	1	-1	-1	-1	0
2425	2426	2325	1	-1	-1	-1	0
2457	2359	2360	1	-1	-1	-1	0
2424	2427	2326	1	-1	-1	-1	0
2359	2456	2363	1	-1	-1	-1	0
2458	2360	2361	1	-1	-1	-1	0
2428	2327	2427	1	-1	-1	-1	0
2363	2461	2362	1	-1	-1	-1	0
2329	2428	2430	1	-1	-1	-1	0
2429	2329	2430	1	-1	-1	-1	0
2460	2371	2362	1	-1	-1	-1	0
2332	2429	2433	1	-1	-1	-1	0
2431	2432	2331	1	-1	-1	-1	0
2367	2465	2366	1	-1	-1	-1	0
2434	2431	2333	1	-1	-1	-1	0
2464	2365	2370	1	-1	-1	-1	0
2369	2366	2465	1	-1	-1	-1	0
2333	2433	2435	1	-1	-1	-1	0
2436	2334	2432	1	-1	-1	-1	0
2333	2435	2434	1	-1	-1	-1	0
2371	2460	2372	1	-1	-1	-1	0
2463	2377	2365	1	-1	-1	-1	0
2368	2467	2370	1	-1	-1	-1	0
2369	2468	2368	1	-1	-1	-1	0
2466	2367	2372	1	-1	-1	-1	0
2358	2393	2455	1	-1	-1	-1	0
2437	2336	2436	1	-1	-1	-1	0
2337	2437	2438	1	-1	-1	-1	0
2414	2351	2449	1	-1	-1	-1	0
2411	2401	2406	1	-1	-1	-1	0
2374	2373	2472	1	-1	-1	-1	0
2438	2440	2341	1	-1	-1	-1	0
2375	2472	2373	1	-1	-1	-1	0
2440	2439	2341	1	-1	-1	-1	0
2439	2442	2342	1	-1	-1	-1	0
2408	2407	2410	1	-1	-1	-1	0
2442	2441	2342	1	-1	-1	-1	0
2375	2376	2475	1	-1	-1	-1	0
2475	2376	2377	1	-1	-1	-1	0
2443	2344	2441	1	-1	-1	-1	0
2443	2444	2346	1	-1	-1	-1	0
2444	2445	2346	1	-1	-1	-1	0
2389	2374	2473	1	-1	-1	-1	0
2378	2382	2478	0	-1	-1	-1	0
2446	2347	2445	1	-1	-1	-1	0
2479	2379	2380	1	-1	-1	-1	0
2479	2381	2379	1	-1	-1	-1	0
2446	2447	2348	1	-1	-1	-1	0
2378	2478	2386	0	-1	-1	-1	0
2380	2383	2481	1	-1	-1	-1	0
2482	2382	2381	1	-1	-1	-1	0
2448	2449	2351	1	-1	-1	-1	0
2450	2352	2447	1	-1	-1	-1	0
2450	2448	2352	1	-1	-1	-1	0
2383	2384	2485	1	-1	-1	-1	0
2486	2384	2385	1	-1	-1	-1	0
2354	2452	2451	1	-1	-1	-1	0
2452	2356	2453	1	-1	-1	-1	0
2387	2386	2488	0	-1	-1	-1	0
2390	2487	2385	1	-1	-1	-1	0
2356	2454	2453	1	-1	-1	-1	0
2455	2454	2358	1	-1	-1	-1	0
2390	2389	2490	1	-1	-1	-1	0
2423	2425	2422	1	-1	-1	-1	0
2361	2451	2459	1	-1	-1	-1	0
2457	2456	2359	1	-1	-1	-1	0
2360	2458	2457	1	-1	-1	-1	0
2449	2413	2414	1	-1	-1	-1	0
2391	2493	2392	1	-1	-1	-1	0
2459	2458	2361	1	-1	-1	-1	0
2393	2392	2494	1	-1	-1	-1	0
2462	2363	2456	1	-1	-1	-1	0
2460	2362	2461	1	-1	-1	-1	0
2394	2496	2395	1	-1	-1	-1	0
2363	2462	2461	1	-1	-1	-1	0
2396	2395	2497	1	-1	-1	-1	0
2489	2416	2387	0	-1	-1	-1	0
2365	2464	2463	1	-1	-1	-1	0
2396	2499	2399	1	-1	-1	-1	0
2397	2398	2501	1	-1	-1	0	0
2367	2466	2465	1	-1	-1	-1	0
2400	2502	2398	1	-1	-1	-1	0
2467	2464	2370	1	-1	-1	-1	0
2503	2400	2399	1	-1	-1	-1	0
2394	2412	2496	1	-1	-1	-1	0
2460	2471	2372	1	-1	-1	-1	0
2469	2369	2465	1	-1	-1	-1	0
2468	2467	2368	1	-1	-1	-1	0
2468	2369	2470	1	-1	-1	-1	0
2470	2369	2469	1	-1	-1	-1	0
2471	2466	2372	1	-1	-1	-1	0
2505	2402	2403	1	-1	-1	-1	0
2505	2405	2402	1	-1	-1	-1	0
2405	2507	2404	1	-1	-1	-1	0
2406	2404	2506	1	-1	-1	-1	0
2477	2377	2463	1	-1	-1	-1	0
2472	2473	2374	1	-1	-1	-1	0
2474	2472	2375	1	-1	-1	-1	0
2415	2505	2403	1	-1	-1	-1	0
2476	2474	2375	1	-1	-1	-1	0
2375	2475	2476	1	-1	-1	-1	0
2411	2406	2511	1	-1	-1	-1	0
2377	2477	2475	1	-1	-1	-1	0
2410	2512	2408	1	-1	-1	-1	0
2411	2511	2409	1	-1	-1	-1	0
2410	2409	2514	1	-1	-1	-1	0
2412	2408	2513	1	-1	-1	-1	0
2480	2479	2380	1	-1	-1	-1	0
2480	2380	2481	1	-1	-1	-1	0
2381	2479	2482	1	-1	-1	-1	0
2478	2382	2483	0	-1	-1	-1	0
2455	2393	2495	1	-1	-1	-1	0
2415	2413	2516	1	-1	-1	-1	0
2382	2482	2483	0	-1	-1	-1	0
2481	2383	2484	1	-1	-1	-1	0
2478	2488	2386	0	-1	-1	-1	0
2490	2389	2473	1	-1	-1	-1	0
2484	2383	2485	1	-1	-1	-1	0
2416	2518	2420	0	-1	-1	-1	0
2418	2417	2519	0	-1	-1	-1	0
2485	2384	2486	1	-1	-1	-1	0
2417	2419	2520	0	-1	-1	-1	0
2487	2486	2385	1	-1	-1	-1	0
2421	2418	2521	0	-1	-1	-1	0
2420	2522	2419	0	-1	-1	-1	0
2387	2488	2489	0	-1	-1	-1	0
2390	2491	2487	1	-1	-1	-1	0
2526	2423	2421	1	-1	-1	-1	0
2490	2491	2390	1	-1	-1	-1	0
2423	2528	2425	1	-1	-1	-1	0
2492	2493	2391	1	-1	-1	0	0
2449	2516	2413	1	-1	-1	-1	0
2424	2426	2529	1	-1	-1	-1	0
2493	2494	2392	1	-1	-1	-1	0
2427	2424	2529	1	-1	-1	-1	0
2425	2530	2426	1	-1	-1	-1	0
2494	2495	2393	1	-1	-1	-1	0
2428	2427	2533	1	-1	-1	-1	0
2395	2496	2498	1	-1	-1	-1	0
2498	2497	2395	1	-1	-1	-1	0
2428	2534	2430	1	-1	-1	-1	0
2497	2500	2396	1	-1	-1	-1	0
2535	2429	2430	1	-1	-1	-1	0
2500	2499	2396	1	-1	-1	-1	0
2429	2535	2433	1	-1	-1	-1	0
2537	2432	2431	1	-1	-1	-1	0
2502	2501	2398	1	-1	-1	-1	0
2537	2431	2434	1	-1	-1	-1	0
2504	2399	2499	1	-1	-1	-1	0
2400	2503	2502	1	-1	-1	-1	0
2436	2432	2538	1	-1	-1	-1	0
2503	2399	2504	1	-1	-1	-1	0
2433	2539	2435	1	-1	-1	-1	0
2435	2540	2434	1	-1	-1	-1	0
2436	2543	2437	1	-1	-1	-1	0
2404	2507	2506	1	-1	-1	-1	0
2508	2405	2505	1	-1	-1	-1	0
2438	2437	2544	1	-1	-1	-1	0
2496	2412	2513	1	-1	-1	-1	0
2509	2507	2405	1	-1	-1	-1	0
2405	2508	2509	1	-1	-1	-1	0
2506	2510	2406	1	-1	-1	-1	0
2489	2518	2416	0	-1	-1	-1	0
2438	2545	2440	1	-1	-1	-1	0
2546	2439	2440	1	-1	-1	-1	0
2546	2442	2439	1	-1	-1	-1	0
2511	2406	2510	1	-1	-1	-1	0
2477	2476	2475	1	-1	-1	-1	0
2548	2441	2442	1	-1	-1	-1	0
2548	2443	2441	1	-1	-1	-1	0
2513	2408	2512	1	-1	-1	-1	0
2514	2409	2511	1	-1	-1	-1	0
2410	2515	2512	1	-1	-1	-1	0
2444	2443	2550	1	-1	-1	-1	0
2505	2415	2517	1	-1	-1	-1	0
2515	2410	2514	1	-1	-1	-1	0
2445	2444	2551	1	-1	-1	-1	0
2445	2552	2446	1	-1	-1	-1	0
2446	2553	2447	1	-1	-1	-1	0
2517	2415	2516	1	-1	-1	-1	0
2447	2554	2450	1	-1	-1	-1	0
2556	2449	2448	1	-1	-1	-1	0
2450	2556	2448	1	-1	-1	-1	0
2520	2519	2417	0	-1	-1	-1	0
2418	2519	2521	0	-1	-1	-1	0
2522	2520	2419	0	-1	-1	-1	0
2452	2559	2451	1	-1	-1	-1	0
2525	2420	2518	1	-1	-1	-1	0
2452	2453	2559	1	-1	-1	-1	0
2522	2420	2523	1	-1	-1	-1	0
2420	2524	2523	1	-1	-1	-1	0
2453	2454	2560	1	-1	-1	-1	0
2559	2459	2451	1	-1	-1	-1	0
2525	2524	2420	1	-1	-1	-1	0
2421	2521	2527	0	-1	-1	-1	0
2455	2561	2454	1	-1	-1	-1	0
2421	2527	2526	1	-1	-1	-1	0
2563	2456	2457	1	-1	-1	-1	0
2526	2528	2423	1	-1	-1	-1	0
2457	2458	2564	1	-1	-1	-1	0
2462	2456	2563	1	-1	-1	-1	0
2528	2530	2425	1	-1	-1	-1	0
2459	2566	2458	1	-1	-1	-1	0
2531	2529	2426	1	-1	-1	-1	0
2426	2530	2532	1	-1	-1	-1	0
2531	2426	2532	1	-1	-1	-1	0
2529	2533	2427	1	-1	-1	-1	0
2568	2460	2461	1	-1	-1	-1	0
2569	2461	2462	1	-1	-1	-1	0
2570	2463	2464	1	-1	-1	-1	0
2533	2534	2428	1	-1	-1	-1	0
2471	2460	2568	1	-1	-1	-1	0
2534	2536	2430	1	-1	-1	-1	0
2536	2535	2430	1	-1	-1	-1	0
2572	2464	2467	1	-1	-1	-1	0
2466	2573	2465	1	-1	-1	-1	0
2468	2572	2467	1	-1	-1	-1	0
2465	2573	2469	1	-1	-1	-1	0
2539	2433	2535	1	-1	-1	-1	0
2573	2466	2471	1	-1	-1	-1	0
2538	2432	2537	1	-1	-1	-1	0
2463	2570	2477	1	-1	-1	-1	0
2470	2574	2468	1	-1	-1	-1	0
2455	2495	2562	1	-1	-1	-1	0
2541	2537	2434	1	-1	-1	-1	0
2541	2434	2540	1	-1	-1	-1	0
2469	2576	2470	1	-1	-1	-1	0
2539	2542	2435	1	-1	-1	-1	0
2435	2542	2540	1	-1	-1	-1	0
2538	2543	2436	1	-1	-1	-1	0
2557	2516	2449	1	-1	-1	-1	0
2544	2437	2543	1	-1	-1	-1	0
2473	2472	2581	1	-1	-1	-1	0
2438	2544	2545	1	-1	-1	-1	0
2472	2474	2582	1	-1	-1	-1	0
2505	2517	2508	1	-1	-1	-1	0
2440	2545	2547	1	-1	-1	-1	0
2476	2583	2474	1	-1	-1	-1	0
2547	2546	2440	1	-1	-1	-1	0
2477	2584	2476	1	-1	-1	-1	0
2442	2546	2549	1	-1	-1	-1	0
2442	2549	2548	1	-1	-1	-1	0
2550	2443	2548	1	-1	-1	-1	0
2473	2581	2490	1	-1	-1	-1	0
2550	2551	2444	1	-1	-1	-1	0
2480	2587	2479	1	-1	-1	-1	0
2586	2478	2483	0	-1	-1	-1	0
2482	2479	2587	1	-1	-1	-1	0
2445	2551	2552	1	-1	-1	-1	0
2481	2588	2480	1	-1	-1	-1	0
2553	2446	2552	1	-1	-1	-1	0
2478	2586	2488	0	-1	-1	-1	0
2484	2589	2481	1	-1	-1	-1	0
2483	2482	2590	0	-1	-1	-1	0
2447	2553	2555	1	-1	-1	-1	0
2447	2555	2554	1	-1	-1	-1	0
2591	2484	2485	1	-1	-1	-1	0
2557	2449	2556	1	-1	-1	-1	0
2558	2450	2554	1	-1	-1	-1	0
2485	2486	2593	1	-1	-1	-1	0
2558	2556	2450	1	-1	-1	-1	0
2487	2594	2486	1	-1	-1	-1	0
2453	2560	2559	1	-1	-1	-1	0
2487	2491	2595	1	-1	-1	-1	0
2488	2597	2489	0	-1	-1	-1	0
2561	2560	2454	1	-1	-1	-1	0
2562	2561	2455	1	-1	-1	-1	0
2490	2598	2491	1	-1	-1	-1	0
2565	2563	2457	1	-1	-1	-1	0
2459	2559	2567	1	-1	-1	-1	0
2564	2565	2457	1	-1	-1	-1	0
2493	2492	2601	1	-1	-1	-1	0
2494	2493	2601	1	-1	-1	-1	0
2458	2566	2564	1	-1	-1	-1	0
2495	2494	2602	1	-1	-1	-1	0
2567	2566	2459	1	-1	-1	-1	0
2462	2563	2569	1	-1	-1	-1	0
2568	2461	2569	1	-1	-1	-1	0
2605	2498	2496	1	-1	-1	-1	0
2497	2498	2606	1	-1	-1	-1	0
2497	2606	2500	1	-1	-1	-1	0
2597	2518	2489	0	-1	-1	-1	0
2464	2571	2570	1	-1	-1	-1	0
2500	2608	2499	1	-1	-1	-1	0
2571	2464	2572	1	-1	-1	-1	0
2499	2608	2504	1	-1	-1	-1	0
2502	2609	2501	1	-1	0	-1	0
2468	2574	2572	1	-1	-1	-1	0
2605	2496	2513	1	-1	-1	-1	0
2610	2502	2503	1	-1	-1	-1	0
2469	2573	2575	1	-1	-1	-1	0
2504	2610	2503	1	-1	-1	-1	0
2568	2580	2471	1	-1	-1	-1	0
2575	2576	2469	1	-1	-1	-1	0
2470	2577	2574	1	-1	-1	-1	0
2579	2573	2471	1	-1	-1	-1	0
2470	2576	2578	1	-1	-1	-1	0
2578	2577	2470	1	-1	-1	-1	0
2506	2507	2614	1	-1	-1	-1	0
2580	2579	2471	1	-1	-1	-1	0
2510	2506	2614	1	-1	-1	-1	0
2509	2615	2507	1	-1	-1	-1	0
2570	2585	2477	1	-1	-1	-1	0
2508	2617	2509	1	-1	-1	-1	0
2582	2581	2472	1	-1	-1	-1	0
2583	2582	2474	1	-1	-1	-1	0
2619	2511	2510	1	-1	-1	-1	0
2616	2508	2517	1	-1	-1	-1	0
2546	2547	2549	1	-1	-1	-1	0
2584	2583	2476	1	-1	-1	-1	0
2585	2584	2477	1	-1	-1	-1	0
2514	2511	2621	1	-1	-1	-1	0
2513	2512	2622	1	-1	-1	-1	0
2515	2622	2512	1	-1	-1	-1	0
2621	2515	2514	1	-1	-1	-1	0
2588	2587	2480	1	-1	-1	-1	0
2516	2624	2517	1	-1	-1	-1	0
2589	2588	2481	1	-1	-1	-1	0
2482	2587	2590	0	-1	-1	-1	0
2590	2586	2483	0	-1	-1	-1	0
2562	2495	2603	1	-1	-1	-1	0
2592	2589	2484	1	-1	-1	-1	0
2519	2520	2626	0	-1	-1	-1	0
2519	2627	2521	0	-1	-1	-1	0
2592	2484	2591	1	-1	-1	-1	0
2625	2525	2518	1	-1	-1	-1	0
2485	2593	2591	1	-1	-1	-1	0
2598	2490	2581	1	-1	-1	-1	0
2520	2522	2628	0	-1	-1	-1	0
2488	2586	2597	0	-1	-1	-1	0
2557	2556	2558	1	-1	-1	-1	0
2593	2486	2594	1	-1	-1	-1	0
2522	2523	2629	1	-1	-1	-1	0
2627	2527	2521	0	-1	-1	-1	0
2596	2594	2487	1	-1	-1	-1	0
2524	2630	2523	1	-1	-1	-1	0
2487	2595	2596	1	-1	-1	-1	0
2525	2632	2524	1	-1	-1	-1	0
2491	2599	2595	1	-1	-1	-1	0
2560	2567	2559	1	-1	-1	-1	0
2491	2598	2599	1	-1	-1	-1	0
2526	2527	2635	1	-1	-1	-1	0
2526	2634	2528	1	-1	-1	-1	0
2600	2601	2492	1	-1	-1	0	0
2530	2528	2637	1	-1	-1	-1	0
2557	2624	2516	1	-1	-1	-1	0
2494	2601	2602	1	-1	-1	-1	0
2531	2638	2529	1	-1	-1	-1	0
2638	2533	2529	1	-1	-1	-1	0
2604	2495	2602	1	-1	-1	-1	0
2639	2532	2530	1	-1	-1	-1	0
2495	2604	2603	1	-1	-1	-1	0
2532	2640	2531	1	-1	-1	-1	0
2533	2642	2534	1	-1	-1	-1	0
2605	2607	2498	1	-1	-1	-1	0
2606	2498	2607	1	-1	-1	-1	0
2643	2536	2534	1	-1	-1	-1	0
2608	2500	2606	1	-1	-1	-1	0
2535	2536	2644	1	-1	-1	-1	0
2535	2645	2539	1	-1	-1	-1	0
2537	2647	2538	1	-1	-1	-1	0
2609	2502	2611	1	-1	-1	-1	0
2502	2610	2611	1	-1	-1	-1	0
2504	2608	2613	1	-1	-1	-1	0
2647	2537	2541	1	-1	-1	-1	0
2542	2539	2645	1	-1	-1	-1	0
2610	2504	2612	1	-1	-1	-1	0
2575	2573	2579	1	-1	-1	-1	0
2538	2648	2543	1	-1	-1	-1	0
2504	2613	2612	1	-1	-1	-1	0
2541	2540	2649	1	-1	-1	-1	0
2542	2649	2540	1	-1	-1	-1	0
2614	2507	2615	1	-1	-1	-1	0
2622	2605	2513	1	-1	-1	-1	0
2597	2625	2518	1	-1	-1	-1	0
2543	2653	2544	1	-1	-1	-1	0
2508	2616	2617	1	-1	-1	-1	0
2545	2544	2653	1	-1	-1	-1	0
2509	2618	2615	1	-1	-1	-1	0
2614	2620	2510	1	-1	-1	-1	0
2617	2618	2509	1	-1	-1	-1	0
2545	2654	2547	1	-1	-1	-1	0
2620	2619	2510	1	-1	-1	-1	0
2511	2619	2621	1	-1	-1	-1	0
2547	2656	2549	1	-1	-1	-1	0
2548	2549	2658	1	-1	-1	-1	0
2657	2550	2548	1	-1	-1	-1	0
2624	2616	2517	1	-1	-1	-1	0
2515	2621	2623	1	-1	-1	-1	0
2550	2659	2551	1	-1	-1	-1	0
2622	2515	2623	1	-1	-1	-1	0
2552	2551	2660	1	-1	-1	-1	0
2590	2587	2588	1	-1	-1	-1	0
2661	2553	2552	1	-1	-1	-1	0
2662	2555	2553	1	-1	-1	-1	0
2627	2519	2626	0	-1	-1	-1	0
2664	2554	2555	1	-1	-1	-1	0
2520	2628	2626	0	-1	-1	-1	0
2597	2586	2592	1	-1	-1	-1	0
2664	2558	2554	1	-1	-1	-1	0
2629	2628	2522	1	-1	-1	-1	0
2666	2557	2558	1	-1	-1	-1	0
2630	2629	2523	1	-1	-1	-1	0
2625	2633	2525	1	-1	-1	-1	0
2524	2631	2630	1	-1	-1	-1	0
2524	2632	2631	1	-1	-1	-1	0
2560	2561	2667	1	-1	-1	-1	0
2636	2527	2627	0	-1	-1	-1	0
2525	2633	2632	1	-1	-1	-1	0
2669	2561	2562	1	-1	-1	-1	0
2634	2526	2635	1	-1	-1	-1	0
2668	2567	2560	1	-1	-1	-1	0
2670	2563	2565	1	-1	-1	-1	0
2527	2636	2635	1	-1	-1	-1	0
2637	2528	2634	1	-1	-1	-1	0
2564	2672	2565	1	-1	-1	-1	0
2566	2672	2564	1	-1	-1	-1	0
2569	2563	2671	1	-1	-1	-1	0
2639	2530	2637	1	-1	-1	-1	0
2674	2566	2567	1	-1	-1	-1	0
2591	2625	2592	1	-1	-1	-1	0
2638	2531	2640	1	-1	-1	-1	0
2675	2568	2569	1	-1	-1	-1	0
2532	2639	2641	1	-1	-1	-1	0
2532	2641	2640	1	-1	-1	-1	0
2638	2642	2533	1	-1	-1	-1	0
2592	2625	2597	1	-1	-1	-1	0
2570	2571	2676	1	-1	-1	-1	0
2633	2591	2593	1	-1	-1	-1	0
2642	2643	2534	1	-1	-1	-1	0
2677	2571	2572	1	-1	-1	-1	0
2574	2677	2572	1	-1	-1	-1	0
2568	2675	2580	1	-1	-1	-1	0
2535	2644	2645	1	-1	-1	-1	0
2536	2643	2646	1	-1	-1	-1	0
2646	2644	2536	1	-1	-1	-1	0
2574	2577	2677	1	-1	-1	-1	0
2576	2575	2678	1	-1	-1	-1	0
2585	2570	2676	1	-1	-1	-1	0
2579	2678	2575	1	-1	-1	-1	0
2647	2648	2538	1	-1	-1	-1	0
2562	2603	2669	1	-1	-1	-1	0
2578	2576	2680	1	-1	-1	-1	0
2578	2681	2577	1	-1	-1	-1	0
2542	2645	2651	1	-1	-1	-1	0
2541	2650	2647	1	-1	-1	-1	0
2649	2650	2541	1	-1	-1	-1	0
2580	2683	2579	1	-1	-1	-1	0
2542	2652	2649	1	-1	-1	-1	0
2543	2648	2653	1	-1	-1	-1	0
2542	2651	2652	1	-1	-1	-1	0
2624	2557	2666	1	-1	-1	-1	0
2686	2581	2582	1	-1	-1	-1	0
2625	2591	2633	1	-1	-1	-1	0
2655	2545	2653	1	-1	-1	-1	0
2688	2582	2583	1	-1	-1	-1	0
2655	2654	2545	1	-1	-1	-1	0
2689	2583	2584	1	-1	-1	-1	0
2654	2656	2547	1	-1	-1	-1	0
2584	2585	2690	1	-1	-1	-1	0
2549	2656	2658	1	-1	-1	-1	0
2657	2548	2658	1	-1	-1	-1	0
2686	2598	2581	1	-1	-1	-1	0
2657	2659	2550	1	-1	-1	-1	0
2586	2590	2692	1	-1	-1	-1	0
2588	2589	2692	1	-1	-1	-1	0
2659	2660	2551	1	-1	-1	-1	0
2692	2590	2588	1	-1	-1	-1	0
2586	2692	2592	1	-1	-1	-1	0
2592	2692	2589	1	-1	-1	-1	0
2660	2661	2552	1	-1	-1	-1	0
2553	2661	2663	1	-1	-1	-1	0
2662	2553	2663	1	-1	-1	-1	0
2594	2693	2593	1	-1	-1	-1	0
2665	2555	2662	1	-1	-1	-1	0
2694	2594	2596	1	-1	-1	-1	0
2664	2555	2665	1	-1	-1	-1	0
2695	2596	2595	1	-1	-1	-1	0
2595	2599	2695	1	-1	-1	-1	0
2666	2558	2664	1	-1	-1	-1	0
2598	2697	2599	1	-1	-1	-1	0
2560	2667	2668	1	-1	-1	-1	0
2669	2667	2561	1	-1	-1	-1	0
2700	2601	2600	1	-1	-1	-1	0
2670	2671	2563	1	-1	-1	-1	0
2701	2602	2601	1	-1	-1	-1	0
2604	2602	2701	1	-1	-1	-1	0
2673	2670	2565	1	-1	-1	-1	0
2668	2674	2567	1	-1	-1	-1	0
2604	2703	2603	1	-1	-1	-1	0
2673	2565	2672	1	-1	-1	-1	0
2566	2674	2672	1	-1	-1	-1	0
2671	2675	2569	1	-1	-1	-1	0
2607	2605	2705	1	-1	-1	-1	0
2593	2693	2633	1	-1	-1	-1	0
2606	2607	2706	1	-1	-1	-1	0
2606	2707	2608	1	-1	-1	-1	0
2676	2571	2677	1	-1	-1	-1	0
2608	2707	2613	1	-1	-1	-1	0
2611	2710	2609	1	-1	0	-1	0
2605	2622	2705	1	-1	-1	-1	0
2711	2611	2610	1	-1	-1	-1	0
2678	2679	2576	1	-1	-1	-1	0
2610	2612	2711	1	-1	-1	-1	0
2679	2680	2576	1	-1	-1	-1	0
2677	2577	2681	1	-1	-1	-1	0
2580	2675	2684	1	-1	-1	-1	0
2613	2714	2612	1	-1	-1	-1	0
2678	2579	2683	1	-1	-1	-1	0
2682	2578	2680	1	-1	-1	-1	0
2681	2578	2682	1	-1	-1	-1	0
2615	2716	2614	1	-1	-1	-1	0
2685	2683	2580	1	-1	-1	-1	0
2580	2684	2685	1	-1	-1	-1	0
2716	2620	2614	1	-1	-1	-1	0
2717	2615	2618	1	-1	-1	-1	0
2617	2616	2718	1	-1	-1	-1	0
2690	2585	2676	1	-1	-1	-1	0
2618	2617	2720	1	-1	-1	-1	0
2687	2686	2582	1	-1	-1	-1	0
2688	2687	2582	1	-1	-1	-1	0
2633	2693	2632	1	-1	-1	-1	0
2616	2624	2718	1	-1	-1	-1	0
2583	2689	2688	1	-1	-1	-1	0
2620	2721	2619	1	-1	-1	-1	0
2722	2621	2619	1	-1	-1	-1	0
2584	2691	2689	1	-1	-1	-1	0
2691	2584	2690	1	-1	-1	-1	0
2621	2722	2623	1	-1	-1	-1	0
2623	2724	2622	1	-1	-1	-1	0
2603	2702	2669	1	-1	-1	-1	0
2693	2594	2694	1	-1	-1	-1	0
2598	2686	2697	1	-1	-1	-1	0
2729	2627	2626	0	-1	-1	-1	0
2628	2730	2626	0	-1	-1	-1	0
2696	2694	2596	1	-1	-1	-1	0
2596	2695	2696	1	-1	-1	-1	0
2628	2629	2731	1	-1	-1	-1	0
2630	2732	2629	1	-1	-1	-1	0
2698	2695	2599	1	-1	-1	-1	0
2729	2636	2627	0	-1	-1	-1	0
2698	2599	2697	1	-1	-1	-1	0
2630	2631	2733	1	-1	-1	-1	0
2735	2631	2632	1	-1	-1	-1	0
2600	2699	2700	1	0	-1	-1	0
2601	2700	2701	1	-1	-1	-1	0
2635	2736	2634	1	-1	-1	-1	0
2702	2603	2703	1	-1	-1	-1	0
2634	2737	2637	1	-1	-1	-1	0
2636	2738	2635	1	-1	-1	-1	0
2704	2604	2701	1	-1	-1	-1	0
2704	2703	2604	1	-1	-1	-1	0
2737	2639	2637	1	-1	-1	-1	0
2666	2727	2624	1	-1	-1	-1	0
2707	2606	2706	1	-1	-1	-1	0
2640	2742	2638	1	-1	-1	-1	0
2705	2708	2607	1	-1	-1	-1	0
2709	2706	2607	1	-1	-1	-1	0
2642	2638	2742	1	-1	-1	-1	0
2709	2607	2708	1	-1	-1	-1	0
2744	2641	2639	1	-1	-1	-1	0
2745	2640	2641	1	-1	-1	-1	0
2684	2675	2671	1	-1	-1	-1	0
2643	2642	2749	1	-1	-1	-1	0
2712	2611	2711	1	-1	-1	-1	0
2710	2611	2713	1	-1	-1	-1	0
2707	2715	2613	1	-1	-1	-1	0
2712	2713	2611	1	-1	-1	-1	0
2711	2612	2714	1	-1	-1	-1	0
2643	2750	2646	1	-1	-1	-1	0
2644	2646	2751	1	-1	-1	-1	0
2752	2645	2644	1	-1	-1	-1	0
2714	2613	2715	1	-1	-1	-1	0
2752	2651	2645	1	-1	-1	-1	0
2717	2716	2615	1	-1	-1	-1	0
2648	2647	2754	1	-1	-1	-1	0
2622	2724	2705	1	-1	-1	-1	0
2754	2647	2650	1	-1	-1	-1	0
2617	2718	2719	1	-1	-1	-1	0
2720	2717	2618	1	-1	-1	-1	0
2755	2653	2648	1	-1	-1	-1	0
2720	2617	2719	1	-1	-1	-1	0
2650	2649	2757	1	-1	-1	-1	0
2652	2756	2649	1	-1	-1	-1	0
2723	2620	2716	1	-1	-1	-1	0
2735	2632	2693	1	-1	-1	-1	0
2651	2758	2652	1	-1	-1	-1	0
2722	2619	2721	1	-1	-1	-1	0
2653	2755	2655	1	-1	-1	-1	0
2620	2723	2721	1	-1	-1	-1	0
2728	2718	2624	1	-1	-1	-1	0
2623	2722	2725	1	-1	-1	-1	0
2761	2654	2655	1	-1	-1	-1	0
2654	2762	2656	1	-1	-1	-1	0
2726	2724	2623	1	-1	-1	-1	0
2725	2726	2623	1	-1	-1	-1	0
2658	2656	2762	1	-1	-1	-1	0
2727	2728	2624	1	-1	-1	-1	0
2765	2657	2658	1	-1	-1	-1	0
2657	2766	2659	1	-1	-1	-1	0
2730	2729	2626	0	-1	-1	-1	0
2660	2659	2766	1	-1	-1	-1	0
2661	2660	2768	1	-1	-1	-1	0
2730	2628	2731	1	-1	-1	-1	0
2731	2629	2732	1	-1	-1	-1	0
2661	2768	2663	1	-1	-1	-1	0
2662	2663	2770	1	-1	-1	-1	0
2733	2732	2630	1	-1	-1	-1	0
2631	2734	2733	1	-1	-1	-1	0
2665	2662	2771	1	-1	-1	-1	0
2735	2734	2631	1	-1	-1	-1	0
2664	2665	2773	1	-1	-1	-1	0
2664	2773	2666	1	-1	-1	-1	0
2636	2729	2740	0	-1	-1	-1	0
2736	2737	2634	1	-1	-1	-1	0
2635	2739	2736	1	-1	-1	-1	0
2775	2668	2667	1	-1	-1	-1	0
2775	2667	2669	1	-1	-1	-1	0
2635	2738	2739	1	-1	-1	-1	0
2636	2741	2738	1	-1	-1	-1	0
2741	2636	2740	0	-1	-1	-1	0
2776	2674	2668	1	-1	-1	-1	0
2670	2777	2671	1	-1	-1	-1	0
2737	2743	2639	1	-1	-1	-1	0
2777	2670	2673	1	-1	-1	-1	0
2735	2693	2694	1	-1	-1	-1	0
2672	2780	2673	1	-1	-1	-1	0
2672	2674	2779	1	-1	-1	-1	0
2743	2744	2639	1	-1	-1	-1	0
2742	2640	2747	1	-1	-1	-1	0
2744	2745	2641	1	-1	-1	-1	0
2746	2640	2745	1	-1	-1	-1	0
2748	2642	2742	1	-1	-1	-1	0
2640	2746	2747	1	-1	-1	-1	0
2684	2671	2778	1	-1	-1	-1	0
2677	2783	2676	1	-1	-1	-1	0
2748	2749	2642	1	-1	-1	-1	0
2677	2681	2783	1	-1	-1	-1	0
2784	2679	2678	1	-1	-1	-1	0
2643	2749	2750	1	-1	-1	-1	0
2680	2679	2785	1	-1	-1	-1	0
2683	2784	2678	1	-1	-1	-1	0
2775	2669	2702	1	-1	-1	-1	0
2644	2751	2752	1	-1	-1	-1	0
2676	2782	2690	1	-1	-1	-1	0
2750	2753	2646	1	-1	-1	-1	0
2787	2682	2680	1	-1	-1	-1	0
2751	2646	2753	1	-1	-1	-1	0
2682	2788	2681	1	-1	-1	-1	0
2784	2683	2685	1	-1	-1	-1	0
2754	2755	2648	1	-1	-1	-1	0
2684	2790	2685	1	-1	-1	-1	0
2752	2758	2651	1	-1	-1	-1	0
2754	2650	2757	1	-1	-1	-1	0
2649	2756	2757	1	-1	-1	-1	0
2773	2727	2666	1	-1	-1	-1	0
2686	2687	2793	1	-1	-1	-1	0
2652	2759	2756	1	-1	-1	-1	0
2687	2688	2794	1	-1	-1	-1	0
2760	2652	2758	1	-1	-1	-1	0
2759	2652	2760	1	-1	-1	-1	0
2689	2796	2688	1	-1	-1	-1	0
2764	2655	2755	1	-1	-1	-1	0
2793	2697	2686	1	-1	-1	-1	0
2691	2796	2689	1	-1	-1	-1	0
2654	2761	2762	1	-1	-1	-1	0
2691	2690	2797	1	-1	-1	-1	0
2763	2761	2655	1	-1	-1	-1	0
2764	2763	2655	1	-1	-1	-1	0
2658	2762	2767	1	-1	-1	-1	0
2657	2765	2766	1	-1	-1	-1	0
2793	2698	2697	1	-1	-1	-1	0
2694	2696	2800	1	-1	-1	-1	0
2765	2658	2767	1	-1	-1	-1	0
2696	2695	2801	1	-1	-1	-1	0
2660	2766	2769	1	-1	-1	-1	0
2698	2802	2695	1	-1	-1	-1	0
2660	2769	2768	1	-1	-1	-1	0
2663	2768	2772	1	-1	-1	-1	0
2770	2771	2662	1	-1	-1	-1	0
2700	2699	2806	1	-1	-1	-1	0
2663	2772	2770	1	-1	-1	-1	0
2700	2806	2701	1	-1	-1	-1	0
2774	2665	2771	1	-1	-1	-1	0
2806	2704	2701	1	-1	-1	-1	0
2665	2774	2773	1	-1	-1	-1	0
2703	2808	2702	1	-1	-1	-1	0
2809	2703	2704	1	-1	-1	-1	0
2775	2776	2668	1	-1	-1	-1	0
2708	2705	2812	1	-1	-1	-1	0
2707	2706	2813	1	-1	-1	-1	0
2671	2777	2778	1	-1	-1	-1	0
2709	2813	2706	1	-1	-1	-1	0
2779	2674	2776	1	-1	-1	-1	0
2694	2800	2735	1	-1	-1	-1	0
2672	2779	2780	1	-1	-1	-1	0
2708	2814	2709	1	-1	-1	-1	0
2781	2777	2673	1	-1	-1	-1	0
2673	2780	2781	1	-1	-1	-1	0
2813	2715	2707	1	-1	-1	-1	0
2710	2713	2817	1	-1	-1	0	0
2812	2705	2724	1	-1	-1	-1	0
2676	2783	2782	1	-1	-1	-1	0
2711	2819	2712	1	-1	-1	-1	0
2714	2818	2711	1	-1	-1	-1	0
2820	2713	2712	1	-1	-1	-1	0
2679	2784	2785	1	-1	-1	-1	0
2822	2714	2715	1	-1	-1	-1	0
2785	2786	2680	1	-1	-1	-1	0
2684	2778	2790	1	-1	-1	-1	0
2788	2783	2681	1	-1	-1	-1	0
2786	2787	2680	1	-1	-1	-1	0
2717	2824	2716	1	-1	-1	-1	0
2682	2787	2789	1	-1	-1	-1	0
2682	2789	2788	1	-1	-1	-1	0
2784	2685	2791	1	-1	-1	-1	0
2825	2717	2720	1	-1	-1	-1	0
2726	2812	2724	1	-1	-1	-1	0
2716	2824	2723	1	-1	-1	-1	0
2718	2826	2719	1	-1	-1	-1	0
2720	2719	2827	1	-1	-1	-1	0
2685	2790	2792	1	-1	-1	-1	0
2791	2685	2792	1	-1	-1	-1	0
2782	2797	2690	1	-1	-1	-1	0
2721	2723	2828	1	-1	-1	-1	0
2826	2718	2728	1	-1	-1	-1	0
2829	2722	2721	1	-1	-1	-1	0
2754	2764	2755	1	-1	-1	-1	0
2795	2793	2687	1	-1	-1	-1	0
2829	2725	2722	1	-1	-1	-1	0
2795	2687	2794	1	-1	-1	-1	0
2688	2796	2794	1	-1	-1	-1	0
2726	2725	2831	1	-1	-1	-1	0
2807	2775	2702	1	-1	-1	-1	0
2798	2796	2691	1	-1	-1	-1	0
2797	2799	2691	1	-1	-1	-1	0
2799	2798	2691	1	-1	-1	-1	0
2728	2727	2833	1	-1	-1	-1	0
2730	2835	2729	0	-1	-1	-1	0
2793	2804	2698	1	-1	-1	-1	0
2836	2730	2731	1	-1	-1	-1	0
2802	2801	2695	1	-1	-1	-1	0
2803	2800	2696	1	-1	-1	-1	0
2731	2732	2836	1	-1	-1	-1	0
2803	2696	2801	1	-1	-1	-1	0
2732	2733	2839	1	-1	-1	-1	0
2804	2802	2698	1	-1	-1	-1	0
2740	2729	2835	0	-1	-1	-1	0
2733	2734	2839	1	-1	-1	-1	0
2769	2772	2768	1	-1	-1	-1	0
2841	2734	2735	1	-1	-1	-1	0
2805	2806	2699	1	-1	-1	0	0
2736	2842	2737	1	-1	-1	-1	0
2808	2807	2702	1	-1	-1	-1	0
2736	2739	2843	1	-1	-1	-1	0
2809	2808	2703	1	-1	-1	-1	0
2811	2704	2806	1	-1	-1	-1	0
2738	2845	2739	1	-1	-1	-1	0
2809	2704	2810	1	-1	-1	-1	0
2737	2844	2743	1	-1	-1	-1	0
2845	2738	2741	1	-1	-1	-1	0
2810	2704	2811	1	-1	-1	-1	0
2740	2846	2741	0	-1	-1	-1	0
2773	2833	2727	1	-1	-1	-1	0
2814	2708	2812	1	-1	-1	-1	0
2743	2849	2744	1	-1	-1	-1	0
2742	2747	2848	1	-1	-1	-1	0
2748	2742	2848	1	-1	-1	-1	0
2814	2815	2709	1	-1	-1	-1	0
2709	2816	2813	1	-1	-1	-1	0
2815	2816	2709	1	-1	-1	-1	0
2744	2851	2745	1	-1	-1	-1	0
2851	2746	2745	1	-1	-1	-1	0
2747	2746	2852	1	-1	-1	-1	0
2819	2711	2818	1	-1	-1	-1	0
2820	2712	2819	1	-1	-1	-1	0
2748	2854	2749	1	-1	-1	-1	0
2713	2821	2817	1	-1	-1	-1	0
2813	2823	2715	1	-1	-1	-1	0
2855	2750	2749	1	-1	-1	-1	0
2714	2822	2818	1	-1	-1	-1	0
2713	2820	2821	1	-1	-1	-1	0
2753	2750	2855	1	-1	-1	-1	0
2856	2752	2751	1	-1	-1	-1	0
2822	2715	2823	1	-1	-1	-1	0
2753	2857	2751	1	-1	-1	-1	0
2758	2752	2856	1	-1	-1	-1	0
2825	2824	2717	1	-1	-1	-1	0
2754	2757	2858	1	-1	-1	-1	0
2726	2832	2812	1	-1	-1	-1	0
2827	2825	2720	1	-1	-1	-1	0
2827	2719	2826	1	-1	-1	-1	0
2859	2757	2756	1	-1	-1	-1	0
2859	2756	2759	1	-1	-1	-1	0
2800	2841	2735	1	-1	-1	-1	0
2764	2754	2858	1	-1	-1	-1	0
2824	2830	2723	1	-1	-1	-1	0
2758	2860	2760	1	-1	-1	-1	0
2721	2828	2829	1	-1	-1	-1	0
2723	2830	2828	1	-1	-1	-1	0
2760	2863	2759	1	-1	-1	-1	0
2829	2831	2725	1	-1	-1	-1	0
2728	2834	2826	1	-1	-1	-1	0
2832	2726	2831	1	-1	-1	-1	0
2866	2762	2761	1	-1	-1	-1	0
2761	2763	2865	1	-1	-1	-1	0
2834	2728	2833	1	-1	-1	-1	0
2764	2868	2763	1	-1	-1	-1	0
2867	2767	2762	1	-1	-1	-1	0
2730	2836	2835	1	-1	-1	-1	0
2870	2766	2765	1	-1	-1	-1	0
2765	2767	2871	1	-1	-1	-1	0
2836	2732	2838	1	-1	-1	-1	0
2732	2837	2838	1	-1	-1	-1	0
2766	2872	2769	1	-1	-1	-1	0
2839	2837	2732	1	-1	-1	-1	0
2839	2734	2840	1	-1	-1	-1	0
2734	2841	2840	1	-1	-1	-1	0
2874	2772	2769	1	-1	-1	-1	0
2771	2770	2875	1	-1	-1	-1	0
2876	2770	2772	1	-1	-1	-1	0
2736	2843	2842	1	-1	-1	-1	0
2740	2835	2846	0	-1	-1	-1	0
2805	2811	2806	1	-1	-1	-1	0
2774	2771	2877	1	-1	-1	-1	0
2844	2737	2842	1	-1	-1	-1	0
2774	2878	2773	1	-1	-1	-1	0
2739	2845	2843	1	-1	-1	-1	0
2776	2775	2879	1	-1	-1	-1	0
2845	2741	2847	1	-1	-1	-1	0
2741	2846	2847	0	-1	-1	-1	0
2779	2776	2880	1	-1	-1	-1	0
2777	2882	2778	1	-1	-1	-1	0
2844	2850	2743	1	-1	-1	-1	0
2880	2780	2779	1	-1	-1	-1	0
2777	2781	2883	1	-1	-1	-1	0
2743	2850	2849	1	-1	-1	-1	0
2744	2849	2851	1	-1	-1	-1	0
2781	2780	2885	1	-1	-1	-1	0
2853	2848	2747	1	-1	-1	-1	0
2746	2851	2852	1	-1	-1	-1	0
2854	2748	2848	1	-1	-1	-1	0
2853	2747	2852	1	-1	-1	-1	0
2816	2823	2813	1	-1	-1	-1	0
2884	2790	2778	1	-1	-1	-1	0
2783	2887	2782	1	-1	-1	-1	0
2785	2784	2889	1	-1	-1	-1	0
2854	2855	2749	1	-1	-1	-1	0
2887	2783	2788	1	-1	-1	-1	0
2814	2812	2832	1	-1	-1	-1	0
2775	2807	2879	1	-1	-1	-1	0
2891	2786	2785	1	-1	-1	-1	0
2791	2889	2784	1	-1	-1	-1	0
2856	2751	2857	1	-1	-1	-1	0
2892	2787	2786	1	-1	-1	-1	0
2855	2857	2753	1	-1	-1	-1	0
2792	2790	2884	1	-1	-1	-1	0
2888	2797	2782	1	-1	-1	-1	0
2893	2789	2787	1	-1	-1	-1	0
2894	2788	2789	1	-1	-1	-1	0
2859	2858	2757	1	-1	-1	-1	0
2758	2856	2861	1	-1	-1	-1	0
2895	2791	2792	1	-1	-1	-1	0
2860	2758	2861	1	-1	-1	-1	0
2862	2859	2759	1	-1	-1	-1	0
2773	2878	2833	1	-1	-1	-1	0
2864	2760	2860	1	-1	-1	-1	0
2759	2863	2862	1	-1	-1	-1	0
2797	2888	2799	1	-1	-1	-1	0
2793	2795	2898	1	-1	-1	-1	0
2760	2864	2863	1	-1	-1	-1	0
2794	2899	2795	1	-1	-1	-1	0
2794	2796	2899	1	-1	-1	-1	0
2868	2764	2858	1	-1	-1	-1	0
2866	2761	2865	1	-1	-1	-1	0
2898	2804	2793	1	-1	-1	-1	0
2796	2798	2901	1	-1	-1	-1	0
2762	2866	2867	1	-1	-1	-1	0
2869	2865	2763	1	-1	-1	-1	0
2798	2799	2902	1	-1	-1	-1	0
2763	2868	2869	1	-1	-1	-1	0
2871	2870	2765	1	-1	-1	-1	0
2873	2767	2867	1	-1	-1	-1	0
2766	2870	2872	1	-1	-1	-1	0
2803	2906	2800	1	-1	-1	-1	0
2801	2802	2907	1	-1	-1	-1	0
2767	2873	2871	1	-1	-1	-1	0
2907	2803	2801	1	-1	-1	-1	0
2804	2908	2802	1	-1	-1	-1	0
2875	2770	2876	1	-1	-1	-1	0
2872	2874	2769	1	-1	-1	-1	0
2876	2772	2874	1	-1	-1	-1	0
2875	2877	2771	1	-1	-1	-1	0
2811	2805	2912	1	-1	0	-1	0
2878	2774	2877	1	-1	-1	-1	0
2914	2807	2808	1	-1	-1	-1	0
2915	2808	2809	1	-1	-1	-1	0
2810	2916	2809	1	-1	-1	-1	0
2881	2776	2879	1	-1	-1	-1	0
2776	2881	2880	1	-1	-1	-1	0
2810	2811	2918	1	-1	-1	-1	0
2777	2883	2882	1	-1	-1	-1	0
2800	2905	2841	1	-1	-1	-1	0
2882	2884	2778	1	-1	-1	-1	0
2886	2780	2880	1	-1	-1	-1	0
2815	2814	2920	1	-1	-1	-1	0
2885	2883	2781	1	-1	-1	-1	0
2886	2885	2780	1	-1	-1	-1	0
2815	2921	2816	1	-1	-1	-1	0
2887	2888	2782	1	-1	-1	-1	0
2816	2922	2823	1	-1	-1	-1	0
2821	2923	2817	1	-1	0	-1	0
2819	2818	2925	1	-1	-1	-1	0
2785	2889	2890	1	-1	-1	-1	0
2818	2822	2924	1	-1	-1	-1	0
2819	2926	2820	1	-1	-1	-1	0
2891	2785	2890	1	-1	-1	-1	0
2832	2920	2814	1	-1	-1	-1	0
2788	2894	2887	1	-1	-1	-1	0
2786	2891	2892	1	-1	-1	-1	0
2927	2821	2820	1	-1	-1	-1	0
2893	2787	2892	1	-1	-1	-1	0
2792	2884	2896	1	-1	-1	-1	0
2822	2823	2928	1	-1	-1	-1	0
2857	2861	2856	1	-1	-1	-1	0
2791	2895	2889	1	-1	-1	-1	0
2894	2789	2893	1	-1	-1	-1	0
2824	2825	2929	1	-1	-1	-1	0
2827	2930	2825	1	-1	-1	-1	0
2929	2830	2824	1	-1	-1	-1	0
2792	2897	2895	1	-1	-1	-1	0
2897	2792	2896	1	-1	-1	-1	0
2827	2826	2932	1	-1	-1	-1	0
2888	2903	2799	1	-1	-1	-1	0
2829	2828	2934	1	-1	-1	-1	0
2931	2826	2834	1	-1	-1	-1	0
2830	2934	2828	1	-1	-1	-1	0
2898	2795	2900	1	-1	-1	-1	0
2900	2795	2899	1	-1	-1	-1	0
2935	2831	2829	1	-1	-1	-1	0
2796	2901	2899	1	-1	-1	-1	0
2807	2913	2879	1	-1	-1	-1	0
2937	2832	2831	1	-1	-1	-1	0
2798	2902	2901	1	-1	-1	-1	0
2904	2902	2799	1	-1	-1	-1	0
2799	2903	2904	1	-1	-1	-1	0
2833	2939	2834	1	-1	-1	-1	0
2800	2906	2905	1	-1	-1	-1	0
2941	2835	2836	1	-1	-1	-1	0
2911	2804	2898	1	-1	-1	-1	0
2838	2942	2836	1	-1	-1	-1	0
2802	2909	2907	1	-1	-1	-1	0
2910	2906	2803	1	-1	-1	-1	0
2909	2802	2908	1	-1	-1	-1	0
2944	2838	2837	1	-1	-1	-1	0
2910	2803	2907	1	-1	-1	-1	0
2839	2945	2837	1	-1	-1	-1	0
2846	2835	2941	1	-1	-1	-1	0
2908	2804	2911	1	-1	-1	-1	0
2948	2839	2840	1	-1	-1	-1	0
2843	2944	2842	1	-1	-1	-1	0
2842	2943	2844	1	-1	-1	-1	0
2840	2841	2950	1	-1	-1	-1	0
2913	2807	2914	1	-1	-1	-1	0
2915	2914	2808	1	-1	-1	-1	0
2844	2945	2850	1	-1	-1	-1	0
2843	2845	2951	1	-1	-1	-1	0
2809	2916	2915	1	-1	-1	-1	0
2919	2811	2912	1	-1	-1	-1	0
2951	2845	2847	1	-1	-1	-1	0
2917	2916	2810	1	-1	-1	-1	0
2847	2846	2952	1	-1	-1	-1	0
2917	2810	2918	1	-1	-1	-1	0
2886	2880	2881	1	-1	-1	-1	0
2919	2918	2811	1	-1	-1	-1	0
2878	2938	2833	1	-1	-1	-1	0
2954	2849	2850	1	-1	-1	-1	0
2853	2953	2848	1	-1	-1	-1	0
2854	2848	2953	1	-1	-1	-1	0
2851	2849	2955	1	-1	-1	-1	0
2815	2920	2921	1	-1	-1	-1	0
2922	2816	2921	1	-1	-1	-1	0
2852	2851	2959	1	-1	-1	-1	0
2852	2960	2853	1	-1	-1	-1	0
2818	2924	2925	1	-1	-1	-1	0
2819	2925	2926	1	-1	-1	-1	0
2923	2821	2927	1	-1	-1	-1	0
2855	2854	2963	1	-1	-1	-1	0
2927	2820	2926	1	-1	-1	-1	0
2922	2928	2823	1	-1	-1	-1	0
2822	2928	2924	1	-1	-1	-1	0
2855	2964	2857	1	-1	-1	-1	0
2859	2966	2858	1	-1	-1	-1	0
2857	2965	2861	1	-1	-1	-1	0
2825	2930	2929	1	-1	-1	-1	0
2862	2967	2859	1	-1	-1	-1	0
2931	2932	2826	1	-1	-1	-1	0
2968	2860	2861	1	-1	-1	-1	0
2937	2920	2832	1	-1	-1	-1	0
2933	2930	2827	1	-1	-1	-1	0
2864	2860	2968	1	-1	-1	-1	0
2858	2966	2868	1	-1	-1	-1	0
2933	2827	2932	1	-1	-1	-1	0
2830	2929	2936	1	-1	-1	-1	0
2950	2841	2905	1	-1	-1	-1	0
2971	2862	2863	1	-1	-1	-1	0
2829	2934	2935	1	-1	-1	-1	0
2863	2864	2972	1	-1	-1	-1	0
2830	2936	2934	1	-1	-1	-1	0
2966	2869	2868	1	-1	-1	-1	0
2937	2831	2935	1	-1	-1	-1	0
2834	2940	2931	1	-1	-1	-1	0
2869	2974	2865	1	-1	-1	-1	0
2866	2865	2974	1	-1	-1	-1	0
2975	2867	2866	1	-1	-1	-1	0
2939	2833	2938	1	-1	-1	-1	0
2939	2940	2834	1	-1	-1	-1	0
2873	2867	2976	1	-1	-1	-1	0
2941	2836	2942	1	-1	-1	-1	0
2978	2870	2871	1	-1	-1	-1	0
2872	2870	2978	1	-1	-1	-1	0
2873	2979	2871	1	-1	-1	-1	0
2944	2837	2943	1	-1	-1	-1	0
2943	2837	2945	1	-1	-1	-1	0
2946	2942	2838	1	-1	-1	-1	0
2872	2981	2874	1	-1	-1	-1	0
2944	2946	2838	1	-1	-1	-1	0
2943	2842	2944	1	-1	-1	-1	0
2947	2945	2839	1	-1	-1	-1	0
2943	2945	2844	1	-1	-1	-1	0
2944	2843	2946	1	-1	-1	-1	0
2876	2874	2983	1	-1	-1	-1	0
2947	2839	2948	1	-1	-1	-1	0
2984	2875	2876	1	-1	-1	-1	0
2877	2875	2984	1	-1	-1	-1	0
2949	2948	2840	1	-1	-1	-1	0
2840	2950	2949	1	-1	-1	-1	0
2941	2952	2846	1	-1	-1	-1	0
2843	2951	2946	1	-1	-1	-1	0
2986	2878	2877	1	-1	-1	-1	0
2881	2879	2988	1	-1	-1	-1	0
2952	2951	2847	1	-1	-1	-1	0
2945	2957	2850	1	-1	-1	-1	0
2882	2883	2990	1	-1	-1	-1	0
2884	2882	2989	1	-1	-1	-1	0
2886	2881	2988	1	-1	-1	-1	0
2954	2955	2849	1	-1	-1	-1	0
2883	2885	2991	1	-1	-1	-1	0
2850	2956	2954	1	-1	-1	-1	0
2885	2886	2991	1	-1	-1	-1	0
2850	2957	2956	1	-1	-1	-1	0
2958	2851	2955	1	-1	-1	-1	0
2853	2962	2953	1	-1	-1	-1	0
2851	2958	2959	1	-1	-1	-1	0
2989	2896	2884	1	-1	-1	-1	0
2888	2887	2995	1	-1	-1	-1	0
2953	2963	2854	1	-1	-1	-1	0
2852	2959	2961	1	-1	-1	-1	0
2852	2961	2960	1	-1	-1	-1	0
2962	2853	2960	1	-1	-1	-1	0
2995	2887	2894	1	-1	-1	-1	0
2889	2998	2890	1	-1	-1	-1	0
2988	2879	2913	1	-1	-1	-1	0
2891	2890	2999	1	-1	-1	-1	0
2997	2889	2895	1	-1	-1	-1	0
2964	2855	2963	1	-1	-1	-1	0
3000	2892	2891	1	-1	-1	-1	0
2964	2965	2857	1	-1	-1	-1	0
2996	2903	2888	1	-1	-1	-1	0
2893	2892	3002	1	-1	-1	-1	0
3004	2894	2893	1	-1	-1	-1	0
2859	2967	2966	1	-1	-1	-1	0
2965	2969	2861	1	-1	-1	-1	0
2897	3005	2895	1	-1	-1	-1	0
2969	2968	2861	1	-1	-1	-1	0
2896	3006	2897	1	-1	-1	-1	0
2967	2862	2970	1	-1	-1	-1	0
2862	2971	2970	1	-1	-1	-1	0
2878	2987	2938	1	-1	-1	-1	0
2864	2968	2973	1	-1	-1	-1	0
2898	2900	3008	1	-1	-1	-1	0
2971	2863	2972	1	-1	-1	-1	0
2899	3009	2900	1	-1	-1	-1	0
3009	2899	2901	1	-1	-1	-1	0
2972	2864	2973	1	-1	-1	-1	0
2869	2966	2977	1	-1	-1	-1	0
3011	2901	2902	1	-1	-1	-1	0
2974	2975	2866	1	-1	-1	-1	0
3008	2911	2898	1	-1	-1	-1	0
2902	2904	3011	1	-1	-1	-1	0
2976	2867	2975	1	-1	-1	-1	0
2869	2977	2974	1	-1	-1	-1	0
2905	2906	3017	1	-1	-1	-1	0
2904	2903	3013	1	-1	-1	-1	0
2978	2871	2980	1	-1	-1	-1	0
2871	2979	2980	1	-1	-1	-1	0
2981	2872	2978	1	-1	-1	-1	0
2982	2873	2976	1	-1	-1	-1	0
2979	2873	2982	1	-1	-1	-1	0
2941	2942	2952	1	-1	-1	-1	0
2910	3019	2906	1	-1	-1	-1	0
3020	2907	2909	1	-1	-1	-1	0
3020	2910	2907	1	-1	-1	-1	0
2909	2908	3021	1	-1	-1	-1	0
2874	2981	2983	1	-1	-1	-1	0
2952	2942	2946	1	-1	-1	-1	0
2911	3021	2908	1	-1	-1	-1	0
2983	2985	2876	1	-1	-1	-1	0
2984	2876	2985	1	-1	-1	-1	0
2986	2877	2984	1	-1	-1	-1	0
2945	2947	2957	1	-1	-1	-1	0
2952	2946	2951	1	-1	-1	-1	0
2878	2986	2987	1	-1	-1	-1	0
2914	3026	2913	1	-1	-1	-1	0
3027	2914	2915	1	-1	-1	-1	0
2912	3025	2919	1	0	-1	-1	0
2916	3028	2915	1	-1	-1	-1	0
2989	2882	2990	1	-1	-1	-1	0
2917	3029	2916	1	-1	-1	-1	0
2883	2992	2990	1	-1	-1	-1	0
3030	2917	2918	1	-1	-1	-1	0
2918	2919	3030	1	-1	-1	-1	0
2992	2883	2991	1	-1	-1	-1	0
2886	2988	2994	1	-1	-1	-1	0
2993	2991	2886	1	-1	-1	-1	0
2994	2993	2886	1	-1	-1	-1	0
3018	2950	2905	1	-1	-1	-1	0
2920	3033	2921	1	-1	-1	-1	0
2922	2921	3035	1	-1	-1	-1	0
2995	2996	2888	1	-1	-1	-1	0
2997	2998	2889	1	-1	-1	-1	0
2922	3036	2928	1	-1	-1	-1	0
2999	2890	2998	1	-1	-1	-1	0
2925	2924	3039	1	-1	-1	-1	0
2927	3038	2923	1	-1	0	-1	0
2891	2999	3000	1	-1	-1	-1	0
3006	2896	2989	1	-1	-1	-1	0
3034	2920	2937	1	-1	-1	-1	0
2928	3039	2924	1	-1	-1	-1	0
2925	3040	2926	1	-1	-1	-1	0
3000	3001	2892	1	-1	-1	-1	0
2995	2894	3004	1	-1	-1	-1	0
3040	2927	2926	1	-1	-1	-1	0
2892	3001	3002	1	-1	-1	-1	0
3005	2997	2895	1	-1	-1	-1	0
3003	2893	3002	1	-1	-1	-1	0
3003	3004	2893	1	-1	-1	-1	0
3044	2929	2930	1	-1	-1	-1	0
2930	2933	3046	1	-1	-1	-1	0
3007	3005	2897	1	-1	-1	-1	0
2936	2929	3045	1	-1	-1	-1	0
3006	3007	2897	1	-1	-1	-1	0
2966	2967	2977	1	-1	-1	-1	0
3047	2932	2931	1	-1	-1	-1	0
2973	2968	2969	1	-1	-1	-1	0
3014	2903	2996	1	-1	-1	-1	0
3048	2933	2932	1	-1	-1	-1	0
3049	2935	2934	1	-1	-1	-1	0
3047	2931	2940	1	-1	-1	-1	0
2900	3010	3008	1	-1	-1	-1	0
2934	2936	3049	1	-1	-1	-1	0
2900	3009	3010	1	-1	-1	-1	0
3009	2901	3011	1	-1	-1	-1	0
3050	2937	2935	1	-1	-1	-1	0
2913	3026	2988	1	-1	-1	-1	0
2903	3012	3013	1	-1	-1	-1	0
3012	2903	3014	1	-1	-1	-1	0
2938	3052	2939	1	-1	-1	-1	0
2940	2939	3052	1	-1	-1	-1	0
2904	3016	3011	1	-1	-1	-1	0
3013	3015	2904	1	-1	-1	-1	0
2904	3015	3016	1	-1	-1	-1	0
3018	2905	3017	1	-1	-1	-1	0
2906	3019	3017	1	-1	-1	-1	0
2911	3008	3023	1	-1	-1	-1	0
3054	2947	2948	1	-1	-1	-1	0
3019	2910	3020	1	-1	-1	-1	0
2909	3022	3020	1	-1	-1	-1	0
2948	2949	3055	1	-1	-1	-1	0
2909	3021	3022	1	-1	-1	-1	0
2949	2950	3057	1	-1	-1	-1	0
3021	2911	3024	1	-1	-1	-1	0
3054	2957	2947	1	-1	-1	-1	0
3024	2911	3023	1	-1	-1	-1	0
3026	2914	3027	1	-1	-1	-1	0
2955	2954	3060	1	-1	-1	-1	0
2956	3059	2954	1	-1	-1	-1	0
3028	3027	2915	1	-1	-1	-1	0
3028	2916	3029	1	-1	-1	-1	0
3058	2953	2962	1	-1	-1	-1	0
2955	3061	2958	1	-1	-1	-1	0
2963	2953	3058	1	-1	-1	-1	0
3062	2956	2957	1	-1	-1	-1	0
3030	3029	2917	1	-1	-1	-1	0
3032	2919	3025	1	-1	-1	0	0
2938	2987	3052	1	-1	-1	-1	0
3030	2919	3031	1	-1	-1	-1	0
2959	2958	3063	1	-1	-1	-1	0
2919	3032	3031	1	-1	-1	-1	0
3063	2961	2959	1	-1	-1	-1	0
2960	2961	3064	1	-1	-1	-1	0
2962	2960	3064	1	-1	-1	-1	0
3033	2920	3034	1	-1	-1	-1	0
3033	3035	2921	1	-1	-1	-1	0
2964	2963	3067	1	-1	-1	-1	0
3035	3037	2922	1	-1	-1	-1	0
2995	3004	2996	1	-1	-1	-1	0
3037	3036	2922	1	-1	-1	-1	0
2965	2964	3067	1	-1	-1	-1	0
2965	3069	2969	1	-1	-1	-1	0
2925	3039	3041	1	-1	-1	-1	0
3040	2925	3041	1	-1	-1	-1	0
3038	2927	3042	1	-1	-1	-1	0
2928	3036	3043	1	-1	-1	-1	0
2970	3070	2967	1	-1	-1	-1	0
2988	3026	2994	1	-1	-1	-1	0
3040	3042	2927	1	-1	-1	-1	0
3043	3039	2928	1	-1	-1	-1	0
2973	2969	3071	1	-1	-1	-1	0
2970	2971	3072	1	-1	-1	-1	0
2967	3070	2977	1	-1	-1	-1	0
3074	2971	2972	1	-1	-1	-1	0
2929	3044	3045	1	-1	-1	-1	0
3046	3044	2930	1	-1	-1	-1	0
3076	2972	2973	1	-1	-1	-1	0
3034	2937	3051	1	-1	-1	-1	0
2950	3018	3057	1	-1	-1	-1	0
3048	3046	2933	1	-1	-1	-1	0
2975	2974	3078	1	-1	-1	-1	0
2932	3047	3048	1	-1	-1	-1	0
3045	3049	2936	1	-1	-1	-1	0
3079	2974	2977	1	-1	-1	-1	0
2975	3080	2976	1	-1	-1	-1	0
3049	3050	2935	1	-1	-1	-1	0
3010	3009	3016	1	-1	-1	-1	0
3016	3009	3011	1	-1	-1	-1	0
3051	2937	3050	1	-1	-1	-1	0
2976	3080	2982	1	-1	-1	-1	0
2980	3081	2978	1	-1	-1	-1	0
3081	2981	2978	1	-1	-1	-1	0
3053	3047	2940	1	-1	-1	-1	0
2979	3082	2980	1	-1	-1	-1	0
2982	3082	2979	1	-1	-1	-1	0
2940	3052	3053	1	-1	-1	-1	0
3085	2983	2981	1	-1	-1	-1	0
2985	2983	3089	1	-1	-1	-1	0
2948	3055	3054	1	-1	-1	-1	0
3090	2984	2985	1	-1	-1	-1	0
3055	2949	3056	1	-1	-1	-1	0
2986	2984	3091	1	-1	-1	-1	0
2949	3057	3056	1	-1	-1	-1	0
3091	2987	2986	1	-1	-1	-1	0
2990	3094	2989	1	-1	-1	-1	0
3062	2957	3054	1	-1	-1	-1	0
3059	3060	2954	1	-1	-1	-1	0
3060	3061	2955	1	-1	-1	-1	0
3095	2990	2992	1	-1	-1	-1	0
3059	2956	3062	1	-1	-1	-1	0
3096	2992	2991	1	-1	-1	-1	0
2991	2993	3096	1	-1	-1	-1	0
3063	2958	3061	1	-1	-1	-1	0
2994	3098	2993	1	-1	-1	-1	0
3066	3058	2962	1	-1	-1	-1	0
3058	3068	2963	1	-1	-1	-1	0
2961	3063	3065	1	-1	-1	-1	0
3094	3006	2989	1	-1	-1	-1	0
3065	3064	2961	1	-1	-1	-1	0
3064	3066	2962	1	-1	-1	-1	0
2997	3102	2998	1	-1	-1	-1	0
3067	2963	3068	1	-1	-1	-1	0
2998	3103	2999	1	-1	-1	-1	0
3067	3069	2965	1	-1	-1	-1	0
2996	3004	3101	1	-1	-1	-1	0
3104	3000	2999	1	-1	-1	-1	0
3102	2997	3005	1	-1	-1	-1	0
3106	3001	3000	1	-1	-1	-1	0
3069	3071	2969	1	-1	-1	-1	0
3002	3001	3107	1	-1	-1	-1	0
3101	3014	2996	1	-1	-1	-1	0
3108	3003	3002	1	-1	-1	-1	0
3070	2970	3073	1	-1	-1	-1	0
2970	3072	3073	1	-1	-1	-1	0
3110	3004	3003	1	-1	-1	-1	0
3075	3072	2971	1	-1	-1	-1	0
2971	3074	3075	1	-1	-1	-1	0
3026	3100	2994	1	-1	-1	-1	0
3071	3077	2973	1	-1	-1	-1	0
3076	3074	2972	1	-1	-1	-1	0
3005	3007	3111	1	-1	-1	-1	0
3112	3007	3006	1	-1	-1	-1	0
3079	2977	3070	1	-1	-1	-1	0
2973	3077	3076	1	-1	-1	-1	0
2974	3079	3078	1	-1	-1	-1	0
2987	3093	3052	1	-1	-1	-1	0
3010	3115	3008	1	-1	-1	-1	0
3080	2975	3078	1	-1	-1	-1	0
3016	3116	3010	1	-1	-1	-1	0
3013	3012	3118	1	-1	-1	-1	0
3081	2980	3083	1	-1	-1	-1	0
3014	3119	3012	1	-1	-1	-1	0
3115	3023	3008	1	-1	-1	-1	0
3084	2980	3082	1	-1	-1	-1	0
3015	3013	3118	1	-1	-1	-1	0
2980	3084	3083	1	-1	-1	-1	0
3081	3086	2981	1	-1	-1	-1	0
2982	3080	3087	1	-1	-1	-1	0
2982	3088	3082	1	-1	-1	-1	0
3016	3015	3121	1	-1	-1	-1	0
3086	3085	2981	1	-1	-1	-1	0
3027	3100	3026	1	-1	-1	-1	0
2982	3087	3088	1	-1	-1	-1	0
2983	3085	3089	1	-1	-1	-1	0
3017	3123	3018	1	-1	-1	-1	0
3017	3019	3123	1	-1	-1	-1	0
3019	3020	3125	1	-1	-1	-1	0
3091	2984	3090	1	-1	-1	-1	0
2985	3089	3092	1	-1	-1	-1	0
3092	3090	2985	1	-1	-1	-1	0
3022	3125	3020	1	-1	-1	-1	0
3127	3022	3021	1	-1	-1	-1	0
3093	2987	3091	1	-1	-1	-1	0
3024	3127	3021	1	-1	-1	-1	0
3128	3024	3023	1	-1	-1	-1	0
3095	3094	2990	1	-1	-1	-1	0
2992	3097	3095	1	-1	-1	-1	0
3096	3097	2992	1	-1	-1	-1	0
3028	3131	3027	1	-1	-1	-1	0
3098	3096	2993	1	-1	-1	-1	0
3133	3028	3029	1	-1	-1	-1	0
3099	3098	2994	1	-1	-1	-1	0
3066	3068	3058	1	-1	-1	-1	0
2994	3100	3099	1	-1	-1	-1	0
3029	3030	3135	1	-1	-1	-1	0
3031	3135	3030	1	-1	-1	-1	0
3093	3053	3052	1	-1	-1	-1	0
3124	3057	3018	1	-1	-1	-1	0
3032	3136	3031	1	-1	-1	-1	0
3103	2998	3102	1	-1	-1	-1	0
3034	3138	3033	1	-1	-1	-1	0
3033	3138	3035	1	-1	-1	-1	0
3105	2999	3103	1	-1	-1	-1	0
2999	3105	3104	1	-1	-1	-1	0
3106	3000	3104	1	-1	-1	-1	0
3037	3035	3140	1	-1	-1	-1	0
3094	3113	3006	1	-1	-1	-1	0
3036	3037	3141	1	-1	-1	-1	0
3106	3107	3001	1	-1	-1	-1	0
3110	3101	3004	1	-1	-1	-1	0
3108	3002	3107	1	-1	-1	-1	0
3005	3111	3102	1	-1	-1	-1	0
3109	3003	3108	1	-1	-1	-1	0
3142	3043	3036	1	-1	-1	-1	0
3142	3041	3039	1	-1	-1	-1	0
3003	3109	3110	1	-1	-1	-1	0
3079	3070	3073	1	-1	-1	-1	0
3039	3043	3142	1	-1	-1	-1	0
3139	3034	3051	1	-1	-1	-1	0
3144	3038	3042	1	0	-1	-1	0
3145	3040	3041	1	-1	-1	-1	0
3042	3040	3145	1	-1	-1	-1	0
3006	3113	3112	1	-1	-1	-1	0
3114	3111	3007	1	-1	-1	-1	0
3007	3112	3114	1	-1	-1	-1	0
3101	3120	3014	1	-1	-1	-1	0
3150	3045	3044	1	-1	-1	-1	0
3046	3151	3044	1	-1	-1	-1	0
3010	3117	3115	1	-1	-1	-1	0
3010	3116	3117	1	-1	-1	-1	0
3153	3049	3045	1	-1	-1	-1	0
3048	3154	3046	1	-1	-1	-1	0
3119	3118	3012	1	-1	-1	-1	0
3081	3083	3086	1	-1	-1	-1	0
3119	3014	3120	1	-1	-1	-1	0
3156	3048	3047	1	-1	-1	-1	0
3016	3121	3116	1	-1	-1	-1	0
3088	3084	3082	1	-1	-1	-1	0
3117	3023	3115	1	-1	-1	-1	0
3118	3122	3015	1	-1	-1	-1	0
3047	3053	3155	1	-1	-1	-1	0
3049	3158	3050	1	-1	-1	-1	0
3100	3027	3131	1	-1	-1	-1	0
3015	3122	3121	1	-1	-1	-1	0
3123	3124	3018	1	-1	-1	-1	0
3023	3117	3128	1	-1	-1	-1	0
3050	3158	3051	1	-1	-1	-1	0
3019	3126	3123	1	-1	-1	-1	0
3125	3126	3019	1	-1	-1	-1	0
3055	3161	3054	1	-1	-1	-1	0
3127	3125	3022	1	-1	-1	-1	0
3056	3165	3055	1	-1	-1	-1	0
3054	3162	3062	1	-1	-1	-1	0
3056	3057	3166	1	-1	-1	-1	0
3127	3024	3130	1	-1	-1	-1	0
3128	3129	3024	1	-1	-1	-1	0
3129	3130	3024	1	-1	-1	-1	0
3059	3062	3162	1	-1	-1	-1	0
3167	3060	3059	1	-1	-1	-1	0
3060	3168	3061	1	-1	-1	-1	0
3028	3132	3131	1	-1	-1	-1	0
3133	3132	3028	1	-1	-1	-1	0
3170	3063	3061	1	-1	-1	-1	0
3133	3029	3134	1	-1	-1	-1	0
3065	3063	3170	1	-1	-1	-1	0
3029	3135	3134	1	-1	-1	-1	0
3172	3064	3065	1	-1	-1	-1	0
3064	3171	3066	1	-1	-1	-1	0
3095	3113	3094	1	-1	-1	-1	0
3032	3137	3136	1	0	-1	-1	0
3135	3031	3136	1	-1	-1	-1	0
3053	3093	3160	1	-1	-1	-1	0
3066	3174	3068	1	-1	-1	-1	0
3139	3138	3034	1	-1	-1	-1	0
3068	3176	3067	1	-1	-1	-1	0
3069	3067	3176	1	-1	-1	-1	0
3138	3140	3035	1	-1	-1	-1	0
3104	3105	3106	1	-1	-1	-1	0
3069	3178	3071	1	-1	-1	-1	0
3142	3036	3141	1	-1	-1	-1	0
3143	3037	3140	1	-1	-1	-1	0
3141	3037	3143	1	-1	-1	-1	0
3073	3072	3181	1	-1	-1	-1	0
3071	3180	3077	1	-1	-1	-1	0
3142	3146	3041	1	-1	-1	-1	0
3182	3072	3075	1	-1	-1	-1	0
3110	3120	3101	1	-1	-1	-1	0
3145	3041	3147	1	-1	-1	-1	0
3146	3147	3041	1	-1	-1	-1	0
3148	3144	3042	1	-1	-1	-1	0
3074	3076	3185	1	-1	-1	-1	0
3073	3183	3079	1	-1	-1	-1	0
3186	3075	3074	1	-1	-1	-1	0
3149	3042	3145	1	-1	-1	-1	0
3077	3185	3076	1	-1	-1	-1	0
3148	3042	3149	1	-1	-1	-1	0
3079	3183	3078	1	-1	-1	-1	0
3150	3044	3151	1	-1	-1	-1	0
3057	3124	3166	1	-1	-1	-1	0
3189	3080	3078	1	-1	-1	-1	0
3045	3150	3152	1	-1	-1	-1	0
3139	3051	3159	1	-1	-1	-1	0
3152	3153	3045	1	-1	-1	-1	0
3151	3046	3154	1	-1	-1	-1	0
3080	3189	3087	1	-1	-1	-1	0
3083	3084	3190	1	-1	-1	-1	0
3155	3156	3047	1	-1	-1	-1	0
3048	3157	3154	1	-1	-1	-1	0
3190	3086	3083	1	-1	-1	-1	0
3158	3049	3153	1	-1	-1	-1	0
3048	3156	3157	1	-1	-1	-1	0
3086	3192	3085	1	-1	-1	-1	0
3088	3191	3084	1	-1	-1	-1	0
3192	3089	3085	1	-1	-1	-1	0
3160	3155	3053	1	-1	-1	-1	0
3158	3159	3051	1	-1	-1	-1	0
3194	3088	3087	1	-1	-1	-1	0
3092	3089	3192	1	-1	-1	-1	0
3126	3124	3123	1	-1	-1	-1	0
3091	3090	3196	1	-1	-1	-1	0
3054	3161	3163	1	-1	-1	-1	0
3092	3196	3090	1	-1	-1	-1	0
3162	3054	3163	1	-1	-1	-1	0
3055	3164	3161	1	-1	-1	-1	0
3091	3197	3093	1	-1	-1	-1	0
3164	3055	3165	1	-1	-1	-1	0
3165	3056	3166	1	-1	-1	-1	0
3167	3059	3162	1	-1	-1	-1	0
3095	3097	3202	1	-1	-1	-1	0
3167	3168	3060	1	-1	-1	-1	0
3096	3203	3097	1	-1	-1	-1	0
3203	3096	3098	1	-1	-1	-1	0
3061	3168	3169	1	-1	-1	-1	0
3170	3061	3169	1	-1	-1	-1	0
3205	3098	3099	1	-1	-1	-1	0
3099	3100	3206	1	-1	-1	-1	0
3172	3171	3064	1	-1	-1	-1	0
3173	3065	3170	1	-1	-1	-1	0
3065	3173	3172	1	-1	-1	-1	0
3095	3202	3113	1	-1	-1	-1	0
3207	3103	3102	1	-1	-1	-1	0
3066	3171	3175	1	-1	-1	-1	0
3066	3175	3174	1	-1	-1	-1	0
3105	3103	3208	1	-1	-1	-1	0
3177	3068	3174	1	-1	-1	-1	0
3111	3207	3102	1	-1	-1	-1	0
3209	3106	3105	1	-1	-1	-1	0
3068	3177	3176	1	-1	-1	-1	0
3106	3210	3107	1	-1	-1	-1	0
3069	3176	3178	1	-1	-1	-1	0
3107	3213	3108	1	-1	-1	-1	0
3179	3071	3178	1	-1	-1	-1	0
3109	3108	3213	1	-1	-1	-1	0
3179	3180	3071	1	-1	-1	-1	0
3109	3214	3110	1	-1	-1	-1	0
3182	3181	3072	1	-1	-1	-1	0
3206	3100	3131	1	-1	-1	-1	0
3073	3181	3184	1	-1	-1	-1	0
3114	3215	3111	1	-1	-1	-1	0
3183	3073	3184	1	-1	-1	-1	0
3216	3112	3113	1	-1	-1	-1	0
3147	3149	3145	1	-1	-1	-1	0
3217	3114	3112	1	-1	-1	-1	0
3187	3182	3075	1	-1	-1	-1	0
3110	3214	3120	1	-1	-1	-1	0
3188	3077	3180	1	-1	-1	-1	0
3074	3185	3186	1	-1	-1	-1	0
3075	3186	3187	1	-1	-1	-1	0
3188	3185	3077	1	-1	-1	-1	0
3183	3189	3078	1	-1	-1	-1	0
3116	3221	3117	1	-1	-1	-1	0
3160	3093	3201	1	-1	-1	-1	0
3116	3121	3222	1	-1	-1	-1	0
3119	3224	3118	1	-1	-1	-1	0
3122	3118	3224	1	-1	-1	-1	0
3121	3122	3222	1	-1	-1	-1	0
3191	3190	3084	1	-1	-1	-1	0
3117	3223	3128	1	-1	-1	-1	0
3226	3119	3120	1	-1	-1	-1	0
3190	3193	3086	1	-1	-1	-1	0
3194	3087	3189	1	-1	-1	-1	0
3192	3086	3193	1	-1	-1	-1	0
3088	3195	3191	1	-1	-1	-1	0
3088	3194	3195	1	-1	-1	-1	0
3126	3230	3124	1	-1	-1	-1	0
3125	3231	3126	1	-1	-1	-1	0
3092	3192	3199	1	-1	-1	-1	0
3232	3125	3127	1	-1	-1	-1	0
3091	3196	3198	1	-1	-1	-1	0
3198	3197	3091	1	-1	-1	-1	0
3092	3200	3196	1	-1	-1	-1	0
3127	3130	3232	1	-1	-1	-1	0
3093	3197	3201	1	-1	-1	-1	0
3199	3200	3092	1	-1	-1	-1	0
3129	3128	3234	1	-1	-1	-1	0
3129	3235	3130	1	-1	-1	-1	0
3237	3131	3132	1	-1	-1	-1	0
3202	3097	3204	1	-1	-1	-1	0
3132	3133	3238	1	-1	-1	-1	0
3204	3097	3203	1	-1	-1	-1	0
3203	3098	3205	1	-1	-1	-1	0
3239	3133	3134	1	-1	-1	-1	0
3135	3240	3134	1	-1	-1	-1	0
3099	3206	3205	1	-1	-1	-1	0
3135	3136	3242	1	-1	-1	-1	0
3137	3243	3136	1	0	-1	-1	0
3103	3207	3208	1	-1	-1	-1	0
3230	3166	3124	1	-1	-1	-1	0
3138	3139	3245	1	-1	-1	-1	0
3208	3209	3105	1	-1	-1	-1	0
3138	3245	3140	1	-1	-1	-1	0
3209	3210	3106	1	-1	-1	-1	0
3107	3210	3211	1	-1	-1	-1	0
3211	3212	3107	1	-1	-1	-1	0
3178	3176	3177	1	-1	-1	-1	0
3249	3143	3140	1	-1	-1	-1	0
3107	3212	3213	1	-1	-1	-1	0
3113	3202	3218	1	-1	-1	-1	0
3215	3207	3111	1	-1	-1	-1	0
3143	3250	3141	1	-1	-1	-1	0
3142	3141	3251	1	-1	-1	-1	0
3109	3213	3214	1	-1	-1	-1	0
3142	3251	3146	1	-1	-1	-1	0
3139	3159	3246	1	-1	-1	-1	0
3217	3112	3216	1	-1	-1	-1	0
3148	3254	3144	1	-1	0	-1	0
3113	3218	3216	1	-1	-1	-1	0
3255	3147	3146	1	-1	-1	-1	0
3215	3114	3220	1	-1	-1	-1	0
3114	3217	3219	1	-1	-1	-1	0
3147	3256	3149	1	-1	-1	-1	0
3114	3219	3220	1	-1	-1	-1	0
3148	3149	3259	1	-1	-1	-1	0
3185	3188	3186	1	-1	-1	-1	0
3222	3221	3116	1	-1	-1	-1	0
3120	3214	3226	1	-1	-1	-1	0
3260	3150	3151	1	-1	-1	-1	0
3223	3117	3221	1	-1	-1	-1	0
3152	3150	3260	1	-1	-1	-1	0
3151	3154	3261	1	-1	-1	-1	0
3153	3152	3262	1	-1	-1	-1	0
3227	3224	3119	1	-1	-1	-1	0
3119	3226	3225	1	-1	-1	-1	0
3119	3225	3227	1	-1	-1	-1	0
3222	3122	3229	1	-1	-1	-1	0
3237	3206	3131	1	-1	-1	-1	0
3224	3228	3122	1	-1	-1	-1	0
3153	3264	3158	1	-1	-1	-1	0
3265	3154	3157	1	-1	-1	-1	0
3156	3155	3266	1	-1	-1	-1	0
3122	3228	3229	1	-1	-1	-1	0
3158	3264	3159	1	-1	-1	-1	0
3157	3156	3268	1	-1	-1	-1	0
3155	3160	3267	1	-1	-1	-1	0
3234	3128	3223	1	-1	-1	-1	0
3232	3231	3125	1	-1	-1	-1	0
3230	3126	3233	1	-1	-1	-1	0
3126	3231	3233	1	-1	-1	-1	0
3163	3161	3271	1	-1	-1	-1	0
3164	3271	3161	1	-1	-1	-1	0
3272	3162	3163	1	-1	-1	-1	0
3235	3129	3234	1	-1	-1	-1	0
3236	3130	3235	1	-1	-1	-1	0
3232	3130	3236	1	-1	-1	-1	0
3162	3272	3167	1	-1	-1	-1	0
3165	3274	3164	1	-1	-1	-1	0
3275	3165	3166	1	-1	-1	-1	0
3238	3237	3132	1	-1	-1	-1	0
3133	3239	3238	1	-1	-1	-1	0
3168	3167	3276	1	-1	-1	-1	0
3204	3203	3205	1	-1	-1	-1	0
3168	3276	3169	1	-1	-1	-1	0
3134	3241	3239	1	-1	-1	-1	0
3241	3134	3240	1	-1	-1	-1	0
3240	3135	3242	1	-1	-1	-1	0
3169	3279	3170	1	-1	-1	-1	0
3244	3242	3136	1	-1	-1	-1	0
3280	3173	3170	1	-1	-1	-1	0
3243	3244	3136	1	-1	-1	-1	0
3282	3171	3172	1	-1	-1	-1	0
3171	3281	3175	1	-1	-1	-1	0
3283	3172	3173	1	-1	-1	-1	0
3247	3245	3139	1	-1	-1	-1	0
3160	3201	3270	1	-1	-1	-1	0
3247	3139	3246	1	-1	-1	-1	0
3140	3245	3248	1	-1	-1	-1	0
3175	3285	3174	1	-1	-1	-1	0
3285	3177	3174	1	-1	-1	-1	0
3249	3140	3248	1	-1	-1	-1	0
3250	3251	3141	1	-1	-1	-1	0
3178	3177	3289	1	-1	-1	-1	0
3143	3252	3250	1	-1	-1	-1	0
3143	3249	3253	1	-1	-1	-1	0
3178	3290	3179	1	-1	-1	-1	0
3143	3253	3252	1	-1	-1	-1	0
3179	3291	3180	1	-1	-1	-1	0
3255	3146	3251	1	-1	-1	-1	0
3293	3181	3182	1	-1	-1	-1	0
3293	3184	3181	1	-1	-1	-1	0
3255	3257	3147	1	-1	-1	-1	0
3256	3147	3257	1	-1	-1	-1	0
3180	3292	3188	1	-1	-1	-1	0
3148	3258	3254	1	-1	-1	-1	0
3184	3296	3183	1	-1	-1	-1	0
3182	3187	3295	1	-1	-1	-1	0
3149	3256	3259	1	-1	-1	-1	0
3258	3148	3259	1	-1	-1	-1	0
3296	3189	3183	1	-1	-1	-1	0
3166	3230	3275	1	-1	-1	-1	0
3298	3187	3186	1	-1	-1	-1	0
3261	3260	3151	1	-1	-1	-1	0
3186	3188	3298	1	-1	-1	-1	0
3269	3246	3159	1	-1	-1	-1	0
3260	3263	3152	1	-1	-1	-1	0
3262	3152	3263	1	-1	-1	-1	0
3224	3227	3228	1	-1	-1	-1	0
3194	3189	3296	1	-1	-1	-1	0
3262	3264	3153	1	-1	-1	-1	0
3261	3154	3265	1	-1	-1	-1	0
3190	3191	3302	1	-1	-1	-1	0
3301	3193	3190	1	-1	-1	-1	0
3303	3192	3193	1	-1	-1	-1	0
3266	3155	3267	1	-1	-1	-1	0
3191	3195	3302	1	-1	-1	-1	0
3268	3156	3266	1	-1	-1	-1	0
3268	3265	3157	1	-1	-1	-1	0
3269	3159	3264	1	-1	-1	-1	0
3194	3304	3195	1	-1	-1	-1	0
3303	3199	3192	1	-1	-1	-1	0
3160	3270	3267	1	-1	-1	-1	0
3306	3198	3196	1	-1	-1	-1	0
3306	3196	3200	1	-1	-1	-1	0
3198	3307	3197	1	-1	-1	-1	0
3197	3307	3201	1	-1	-1	-1	0
3163	3271	3273	1	-1	-1	-1	0
3272	3163	3273	1	-1	-1	-1	0
3200	3199	3309	1	-1	-1	-1	0
3164	3274	3271	1	-1	-1	-1	0
3274	3165	3275	1	-1	-1	-1	0
3272	3276	3167	1	-1	-1	-1	0
3202	3204	3314	1	-1	-1	-1	0
3204	3205	3314	1	-1	-1	-1	0
3240	3242	3241	1	-1	-1	-1	0
3169	3276	3278	1	-1	-1	-1	0
3169	3278	3277	1	-1	-1	-1	0
3169	3277	3279	1	-1	-1	-1	0
3315	3205	3206	1	-1	-1	-1	0
3170	3279	3280	1	-1	-1	-1	0
3202	3313	3218	1	-1	-1	-1	0
3208	3207	3318	1	-1	-1	-1	0
3281	3171	3282	1	-1	-1	-1	0
3208	3319	3209	1	-1	-1	-1	0
3173	3280	3284	1	-1	-1	-1	0
3282	3172	3283	1	-1	-1	-1	0
3210	3209	3321	1	-1	-1	-1	0
3248	3245	3247	1	-1	-1	-1	0
3215	3318	3207	1	-1	-1	-1	0
3284	3283	3173	1	-1	-1	-1	0
3321	3211	3210	1	-1	-1	-1	0
3287	3175	3281	1	-1	-1	-1	0
3322	3212	3211	1	-1	-1	-1	0
3285	3175	3286	1	-1	-1	-1	0
3287	3286	3175	1	-1	-1	-1	0
3324	3213	3212	1	-1	-1	-1	0
3285	3288	3177	1	-1	-1	-1	0
3214	3213	3324	1	-1	-1	-1	0
3177	3288	3289	1	-1	-1	-1	0
3290	3178	3289	1	-1	-1	-1	0
3317	3206	3237	1	-1	-1	-1	0
3291	3179	3290	1	-1	-1	-1	0
3327	3217	3216	1	-1	-1	-1	0
3216	3218	3327	1	-1	-1	-1	0
3220	3326	3215	1	-1	-1	-1	0
3291	3292	3180	1	-1	-1	-1	0
3219	3217	3328	1	-1	-1	-1	0
3325	3226	3214	1	-1	-1	-1	0
3294	3293	3182	1	-1	-1	-1	0
3331	3220	3219	1	-1	-1	-1	0
3295	3294	3182	1	-1	-1	-1	0
3293	3297	3184	1	-1	-1	-1	0
3225	3226	3325	1	-1	-1	-1	0
3222	3333	3221	1	-1	-1	-1	0
3184	3297	3296	1	-1	-1	-1	0
3334	3223	3221	1	-1	-1	-1	0
3292	3300	3188	1	-1	-1	-1	0
3299	3295	3187	1	-1	-1	-1	0
3201	3312	3270	1	-1	-1	-1	0
3298	3299	3187	1	-1	-1	-1	0
3333	3222	3229	1	-1	-1	-1	0
3298	3188	3300	1	-1	-1	-1	0
3227	3225	3336	1	-1	-1	-1	0
3335	3234	3223	1	-1	-1	-1	0
3338	3228	3227	1	-1	-1	-1	0
3302	3301	3190	1	-1	-1	-1	0
3296	3304	3194	1	-1	-1	-1	0
3338	3229	3228	1	-1	-1	-1	0
3301	3303	3193	1	-1	-1	-1	0
3302	3195	3305	1	-1	-1	-1	0
3305	3195	3304	1	-1	-1	-1	0
3230	3233	3341	1	-1	-1	-1	0
3231	3232	3343	1	-1	-1	-1	0
3233	3231	3343	1	-1	-1	-1	0
3303	3309	3199	1	-1	-1	-1	0
3236	3343	3232	1	-1	-1	-1	0
3308	3198	3306	1	-1	-1	-1	0
3308	3307	3198	1	-1	-1	-1	0
3235	3234	3346	1	-1	-1	-1	0
3306	3200	3311	1	-1	-1	-1	0
3236	3235	3347	1	-1	-1	-1	0
3309	3310	3200	1	-1	-1	-1	0
3307	3312	3201	1	-1	-1	-1	0
3311	3200	3310	1	-1	-1	-1	0
3349	3237	3238	1	-1	-1	-1	0
3239	3350	3238	1	-1	-1	-1	0
3202	3314	3313	1	-1	-1	-1	0
3241	3351	3239	1	-1	-1	-1	0
3205	3316	3314	1	-1	-1	-1	0
3353	3241	3242	1	-1	-1	-1	0
3315	3316	3205	1	-1	-1	-1	0
3315	3206	3317	1	-1	-1	-1	0
3244	3353	3242	1	-1	-1	-1	0
3354	3244	3243	1	-1	-1	0	0
3318	3319	3208	1	-1	-1	-1	0
3230	3342	3275	1	-1	-1	-1	0
3319	3320	3209	1	-1	-1	-1	0
3246	3356	3247	1	-1	-1	-1	0
3209	3320	3321	1	-1	-1	-1	0
3248	3247	3357	1	-1	-1	-1	0
3211	3321	3322	1	-1	-1	-1	0
3248	3358	3249	1	-1	-1	-1	0
3322	3323	3212	1	-1	-1	-1	0
3212	3323	3324	1	-1	-1	-1	0
3215	3326	3318	1	-1	-1	-1	0
3286	3288	3285	1	-1	-1	-1	0
3249	3359	3253	1	-1	-1	-1	0
3251	3250	3360	1	-1	-1	-1	0
3313	3330	3218	1	-1	-1	-1	0
3250	3252	3361	1	-1	-1	-1	0
3325	3214	3324	1	-1	-1	-1	0
3251	3360	3255	1	-1	-1	-1	0
3252	3253	3362	1	-1	-1	-1	0
3269	3356	3246	1	-1	-1	-1	0
3327	3328	3217	1	-1	-1	-1	0
3329	3327	3218	1	-1	-1	-1	0
3254	3258	3365	1	-1	-1	0	0
3329	3218	3330	1	-1	-1	-1	0
3255	3366	3257	1	-1	-1	-1	0
3331	3219	3328	1	-1	-1	-1	0
3332	3326	3220	1	-1	-1	-1	0
3256	3257	3368	1	-1	-1	-1	0
3220	3331	3332	1	-1	-1	-1	0
3256	3368	3259	1	-1	-1	-1	0
3225	3325	3336	1	-1	-1	-1	0
3334	3221	3333	1	-1	-1	-1	0
3371	3258	3259	1	-1	-1	-1	0
3274	3275	3342	1	-1	-1	-1	0
3223	3334	3335	1	-1	-1	-1	0
3373	3260	3261	1	-1	-1	-1	0
3260	3372	3263	1	-1	-1	-1	0
3261	3265	3374	1	-1	-1	-1	0
3262	3263	3375	1	-1	-1	-1	0
3337	3227	3336	1	-1	-1	-1	0
3229	3340	3333	1	-1	-1	-1	0
3264	3262	3376	1	-1	-1	-1	0
3227	3337	3338	1	-1	-1	-1	0
3317	3237	3349	1	-1	-1	-1	0
3229	3338	3339	1	-1	-1	-1	0
3229	3339	3340	1	-1	-1	-1	0
3264	3376	3269	1	-1	-1	-1	0
3378	3265	3268	1	-1	-1	-1	0
3379	3266	3267	1	-1	-1	-1	0
3379	3268	3266	1	-1	-1	-1	0
3230	3341	3342	1	-1	-1	-1	0
3234	3335	3346	1	-1	-1	-1	0
3267	3270	3380	1	-1	-1	-1	0
3344	3341	3233	1	-1	-1	-1	0
3233	3343	3345	1	-1	-1	-1	0
3345	3344	3233	1	-1	-1	-1	0
3306	3311	3308	1	-1	-1	-1	0
3236	3348	3343	1	-1	-1	-1	0
3384	3273	3271	1	-1	-1	-1	0
3346	3347	3235	1	-1	-1	-1	0
3271	3274	3385	1	-1	-1	-1	0
3273	3386	3272	1	-1	-1	-1	0
3348	3236	3347	1	-1	-1	-1	0
3276	3272	3386	1	-1	-1	-1	0
3238	3350	3349	1	-1	-1	-1	0
3386	3278	3276	1	-1	-1	-1	0
3351	3350	3239	1	-1	-1	-1	0
3277	3278	3388	1	-1	-1	-1	0
3351	3241	3352	1	-1	-1	-1	0
3388	3279	3277	1	-1	-1	-1	0
3352	3241	3353	1	-1	-1	-1	0
3279	3390	3280	1	-1	-1	-1	0
3244	3355	3353	1	-1	-1	-1	0
3355	3244	3354	1	-1	-1	-1	0
3284	3280	3391	1	-1	-1	-1	0
3282	3392	3281	1	-1	-1	-1	0
3282	3283	3393	1	-1	-1	-1	0
3287	3281	3392	1	-1	-1	-1	0
3357	3247	3356	1	-1	-1	-1	0
3394	3283	3284	1	-1	-1	-1	0
3248	3357	3358	1	-1	-1	-1	0
3312	3383	3270	1	-1	-1	-1	0
3358	3359	3249	1	-1	-1	-1	0
3287	3396	3286	1	-1	-1	-1	0
3361	3360	3250	1	-1	-1	-1	0
3397	3288	3286	1	-1	-1	-1	0
3289	3288	3397	1	-1	-1	-1	0
3252	3362	3361	1	-1	-1	-1	0
3253	3359	3363	1	-1	-1	-1	0
3400	3290	3289	1	-1	-1	-1	0
3253	3364	3362	1	-1	-1	-1	0
3364	3253	3363	1	-1	-1	-1	0
3401	3291	3290	1	-1	-1	-1	0
3367	3255	3360	1	-1	-1	-1	0
3402	3292	3291	1	-1	-1	-1	0
3367	3366	3255	1	-1	-1	-1	0
3293	3294	3405	1	-1	-1	-1	0
3257	3366	3369	1	-1	-1	-1	0
3258	3370	3365	1	-1	-1	-1	0
3404	3297	3293	1	-1	-1	-1	0
3257	3369	3368	1	-1	-1	-1	0
3403	3300	3292	1	-1	-1	-1	0
3406	3294	3295	1	-1	-1	-1	0
3371	3259	3368	1	-1	-1	-1	0
3371	3370	3258	1	-1	-1	-1	0
3296	3297	3408	1	-1	-1	-1	0
3295	3299	3407	1	-1	-1	-1	0
3342	3385	3274	1	-1	-1	-1	0
3373	3372	3260	1	-1	-1	-1	0
3356	3269	3382	1	-1	-1	-1	0
3299	3298	3410	1	-1	-1	-1	0
3340	3334	3333	1	-1	-1	-1	0
3374	3373	3261	1	-1	-1	-1	0
3410	3298	3300	1	-1	-1	-1	0
3408	3304	3296	1	-1	-1	-1	0
3377	3263	3372	1	-1	-1	-1	0
3262	3375	3376	1	-1	-1	-1	0
3263	3377	3375	1	-1	-1	-1	0
3302	3413	3301	1	-1	-1	-1	0
3303	3301	3412	1	-1	-1	-1	0
3374	3265	3378	1	-1	-1	-1	0
3302	3305	3414	1	-1	-1	-1	0
3416	3305	3304	1	-1	-1	-1	0
3380	3379	3267	1	-1	-1	-1	0
3415	3309	3303	1	-1	-1	-1	0
3381	3378	3268	1	-1	-1	-1	0
3376	3382	3269	1	-1	-1	-1	0
3381	3268	3379	1	-1	-1	-1	0
3308	3417	3307	1	-1	-1	-1	0
3383	3380	3270	1	-1	-1	-1	0
3343	3348	3345	1	-1	-1	-1	0
3307	3417	3312	1	-1	-1	-1	0
3308	3311	3418	1	-1	-1	-1	0
3309	3419	3310	1	-1	-1	-1	0
3271	3385	3384	1	-1	-1	-1	0
3421	3311	3310	1	-1	-1	-1	0
3273	3384	3387	1	-1	-1	-1	0
3273	3387	3386	1	-1	-1	-1	0
3314	3423	3313	1	-1	-1	-1	0
3423	3314	3316	1	-1	-1	-1	0
3389	3278	3386	1	-1	-1	-1	0
3316	3315	3424	1	-1	-1	-1	0
3388	3278	3389	1	-1	-1	-1	0
3424	3315	3317	1	-1	-1	-1	0
3279	3388	3390	1	-1	-1	-1	0
3280	3390	3391	1	-1	-1	-1	0
3427	3319	3318	1	-1	-1	-1	0
3330	3313	3423	1	-1	-1	-1	0
3428	3320	3319	1	-1	-1	-1	0
3393	3392	3282	1	-1	-1	-1	0
3394	3393	3283	1	-1	-1	-1	0
3391	3395	3284	1	-1	-1	-1	0
3321	3320	3429	1	-1	-1	-1	0
3318	3326	3427	1	-1	-1	-1	0
3284	3395	3394	1	-1	-1	-1	0
3321	3431	3322	1	-1	-1	-1	0
3322	3432	3323	1	-1	-1	-1	0
3398	3287	3392	1	-1	-1	-1	0
3396	3397	3286	1	-1	-1	-1	0
3323	3433	3324	1	-1	-1	-1	0
3399	3396	3287	1	-1	-1	-1	0
3287	3398	3399	1	-1	-1	-1	0
3435	3325	3324	1	-1	-1	-1	0
3427	3326	3332	1	-1	-1	-1	0
3397	3400	3289	1	-1	-1	-1	0
3290	3400	3401	1	-1	-1	-1	0
3349	3426	3317	1	-1	-1	-1	0
3327	3437	3328	1	-1	-1	-1	0
3329	3437	3327	1	-1	-1	-1	0
3291	3401	3402	1	-1	-1	-1	0
3382	3357	3356	1	-1	-1	-1	0
3331	3328	3438	1	-1	-1	-1	0
3325	3436	3336	1	-1	-1	-1	0
3292	3402	3403	1	-1	-1	-1	0
3329	3330	3439	1	-1	-1	-1	0
3404	3293	3405	1	-1	-1	-1	0
3405	3294	3406	1	-1	-1	-1	0
3332	3331	3442	1	-1	-1	-1	0
3407	3406	3295	1	-1	-1	-1	0
3409	3297	3404	1	-1	-1	-1	0
3383	3312	3417	1	-1	-1	-1	0
3300	3403	3411	1	-1	-1	-1	0
3409	3408	3297	1	-1	-1	-1	0
3334	3446	3335	1	-1	-1	-1	0
3407	3299	3410	1	-1	-1	-1	0
3334	3340	3446	1	-1	-1	-1	0
3411	3410	3300	1	-1	-1	-1	0
3449	3337	3336	1	-1	-1	-1	0
3373	3377	3372	1	-1	-1	-1	0
3338	3337	3450	1	-1	-1	-1	0
3413	3412	3301	1	-1	-1	-1	0
3416	3304	3408	1	-1	-1	-1	0
3338	3451	3339	1	-1	-1	-1	0
3346	3335	3447	1	-1	-1	-1	0
3302	3414	3413	1	-1	-1	-1	0
3340	3339	3452	1	-1	-1	-1	0
3412	3415	3303	1	-1	-1	-1	0
3305	3416	3414	1	-1	-1	-1	0
3342	3341	3455	1	-1	-1	-1	0
3344	3455	3341	1	-1	-1	-1	0
3447	3347	3346	1	-1	-1	-1	0
3308	3418	3417	1	-1	-1	-1	0
3309	3415	3420	1	-1	-1	-1	0
3345	3458	3344	1	-1	-1	-1	0
3419	3309	3420	1	-1	-1	-1	0
3419	3421	3310	1	-1	-1	-1	0
3311	3422	3418	1	-1	-1	-1	0
3345	3348	3459	1	-1	-1	-1	0
3422	3311	3421	1	-1	-1	-1	0
3460	3348	3347	1	-1	-1	-1	0
3461	3349	3350	1	-1	-1	-1	0
3350	3351	3461	1	-1	-1	-1	0
3316	3425	3423	1	-1	-1	-1	0
3351	3352	3461	1	-1	-1	-1	0
3316	3424	3425	1	-1	-1	-1	0
3426	3424	3317	1	-1	-1	-1	0
3464	3352	3353	1	-1	-1	-1	0
3355	3465	3353	1	-1	-1	-1	0
3319	3427	3428	1	-1	-1	-1	0
3467	3355	3354	1	-1	-1	-1	0
3428	3430	3320	1	-1	-1	-1	0
3425	3330	3423	1	-1	-1	-1	0
3320	3430	3429	1	-1	-1	-1	0
3429	3431	3321	1	-1	-1	-1	0
3342	3456	3385	1	-1	-1	-1	0
3358	3357	3469	1	-1	-1	-1	0
3431	3432	3322	1	-1	-1	-1	0
3358	3471	3359	1	-1	-1	-1	0
3323	3432	3434	1	-1	-1	-1	0
3323	3434	3433	1	-1	-1	-1	0
3433	3435	3324	1	-1	-1	-1	0
3363	3359	3471	1	-1	-1	-1	0
3361	3472	3360	1	-1	-1	-1	0
3436	3325	3435	1	-1	-1	-1	0
3441	3330	3425	1	-1	-1	-1	0
3362	3473	3361	1	-1	-1	-1	0
3360	3472	3367	1	-1	-1	-1	0
3474	3362	3364	1	-1	-1	-1	0
3364	3363	3475	1	-1	-1	-1	0
3443	3427	3332	1	-1	-1	-1	0
3438	3328	3437	1	-1	-1	-1	0
3440	3437	3329	1	-1	-1	-1	0
3382	3469	3357	1	-1	-1	-1	0
3440	3329	3439	1	-1	-1	-1	0
3439	3330	3441	1	-1	-1	-1	0
3366	3367	3478	1	-1	-1	-1	0
3442	3331	3438	1	-1	-1	-1	0
3477	3365	3370	1	0	-1	-1	0
3478	3369	3366	1	-1	-1	-1	0
3480	3368	3369	1	-1	-1	-1	0
3332	3442	3444	1	-1	-1	-1	0
3371	3368	3480	1	-1	-1	-1	0
3332	3445	3443	1	-1	-1	-1	0
3449	3336	3436	1	-1	-1	-1	0
3332	3444	3445	1	-1	-1	-1	0
3370	3371	3483	1	-1	-1	-1	0
3448	3335	3446	1	-1	-1	-1	0
3484	3373	3374	1	-1	-1	-1	0
3448	3447	3335	1	-1	-1	-1	0
3416	3408	3409	1	-1	-1	-1	0
3377	3373	3484	1	-1	-1	-1	0
3337	3449	3450	1	-1	-1	-1	0
3374	3378	3485	1	-1	-1	-1	0
3462	3426	3349	1	-1	-1	-1	0
3487	3376	3375	1	-1	-1	-1	0
3451	3338	3450	1	-1	-1	-1	0
3446	3340	3454	1	-1	-1	-1	0
3377	3488	3375	1	-1	-1	-1	0
3451	3453	3339	1	-1	-1	-1	0
3381	3485	3378	1	-1	-1	-1	0
3339	3453	3452	1	-1	-1	-1	0
3452	3454	3340	1	-1	-1	-1	0
3376	3489	3382	1	-1	-1	-1	0
3381	3379	3493	1	-1	-1	-1	0
3380	3494	3379	1	-1	-1	-1	0
3460	3347	3447	1	-1	-1	-1	0
3456	3342	3455	1	-1	-1	-1	0
3344	3457	3455	1	-1	-1	-1	0
3495	3380	3383	1	-1	-1	-1	0
3344	3458	3457	1	-1	-1	-1	0
3459	3458	3345	1	-1	-1	-1	0
3348	3460	3459	1	-1	-1	-1	0
3499	3384	3385	1	-1	-1	-1	0
3500	3387	3384	1	-1	-1	-1	0
3349	3461	3462	1	-1	-1	-1	0
3387	3501	3386	1	-1	-1	-1	0
3386	3501	3389	1	-1	-1	-1	0
3461	3352	3463	1	-1	-1	-1	0
3352	3464	3463	1	-1	-1	-1	0
3390	3388	3502	1	-1	-1	-1	0
3503	3388	3389	1	-1	-1	-1	0
3353	3465	3464	1	-1	-1	-1	0
3390	3505	3391	1	-1	-1	-1	0
3466	3467	3354	1	-1	-1	0	0
3468	3465	3355	1	-1	-1	-1	0
3467	3468	3355	1	-1	-1	-1	0
3392	3393	3507	1	-1	-1	-1	0
3395	3391	3506	1	-1	-1	-1	0
3507	3393	3394	1	-1	-1	-1	0
3358	3469	3470	1	-1	-1	-1	0
3507	3398	3392	1	-1	-1	-1	0
3509	3394	3395	1	-1	-1	-1	0
3383	3417	3498	1	-1	-1	-1	0
3470	3471	3358	1	-1	-1	-1	0
3397	3396	3510	1	-1	-1	-1	0
3511	3396	3399	1	-1	-1	-1	0
3473	3472	3361	1	-1	-1	-1	0
3512	3400	3397	1	-1	-1	-1	0
3471	3475	3363	1	-1	-1	-1	0
3473	3362	3474	1	-1	-1	-1	0
3399	3398	3513	1	-1	-1	-1	0
3476	3474	3364	1	-1	-1	-1	0
3438	3437	3440	1	-1	-1	-1	0
3475	3476	3364	1	-1	-1	-1	0
3400	3516	3401	1	-1	-1	-1	0
3472	3479	3367	1	-1	-1	-1	0
3402	3401	3516	1	-1	-1	-1	0
3402	3517	3403	1	-1	-1	-1	0
3479	3478	3367	1	-1	-1	-1	0
3481	3369	3478	1	-1	-1	-1	0
3477	3370	3482	1	-1	-1	-1	0
3521	3404	3405	1	-1	-1	-1	0
3480	3369	3481	1	-1	-1	-1	0
3411	3403	3519	1	-1	-1	-1	0
3405	3406	3522	1	-1	-1	-1	0
3404	3521	3409	1	-1	-1	-1	0
3480	3483	3371	1	-1	-1	-1	0
3483	3482	3370	1	-1	-1	-1	0
3406	3407	3523	1	-1	-1	-1	0
3456	3499	3385	1	-1	-1	-1	0
3410	3526	3407	1	-1	-1	-1	0
3484	3374	3486	1	-1	-1	-1	0
3486	3374	3485	1	-1	-1	-1	0
3411	3526	3410	1	-1	-1	-1	0
3448	3446	3454	1	-1	-1	-1	0
3497	3469	3382	1	-1	-1	-1	0
3488	3487	3375	1	-1	-1	-1	0
3489	3376	3487	1	-1	-1	-1	0
3409	3528	3416	1	-1	-1	-1	0
3377	3484	3492	1	-1	-1	-1	0
3491	3488	3377	1	-1	-1	-1	0
3532	3412	3413	1	-1	-1	-1	0
3491	3377	3490	1	-1	-1	-1	0
3412	3532	3415	1	-1	-1	-1	0
3377	3492	3490	1	-1	-1	-1	0
3413	3414	3533	1	-1	-1	-1	0
3485	3381	3496	1	-1	-1	-1	0
3414	3416	3535	1	-1	-1	-1	0
3493	3379	3494	1	-1	-1	-1	0
3489	3497	3382	1	-1	-1	-1	0
3380	3495	3494	1	-1	-1	-1	0
3496	3381	3493	1	-1	-1	-1	0
3420	3415	3536	1	-1	-1	-1	0
3417	3418	3538	1	-1	-1	-1	0
3383	3498	3495	1	-1	-1	-1	0
3419	3420	3539	1	-1	-1	-1	0
3538	3418	3422	1	-1	-1	-1	0
3421	3419	3539	1	-1	-1	-1	0
3384	3499	3500	1	-1	-1	-1	0
3422	3421	3540	1	-1	-1	-1	0
3462	3461	3463	1	-1	-1	-1	0
3501	3387	3500	1	-1	-1	-1	0
3424	3543	3425	1	-1	-1	-1	0
3388	3503	3502	1	-1	-1	-1	0
3543	3424	3426	1	-1	-1	-1	0
3389	3501	3504	1	-1	-1	-1	0
3504	3503	3389	1	-1	-1	-1	0
3390	3502	3505	1	-1	-1	-1	0
3546	3428	3427	1	-1	-1	-1	0
3506	3391	3505	1	-1	-1	-1	0
3547	3430	3428	1	-1	-1	-1	0
3430	3548	3429	1	-1	-1	-1	0
3429	3548	3431	1	-1	-1	-1	0
3507	3394	3508	1	-1	-1	-1	0
3395	3506	3509	1	-1	-1	-1	0
3544	3441	3425	1	-1	-1	-1	0
3394	3509	3508	1	-1	-1	-1	0
3432	3431	3551	1	-1	-1	-1	0
3546	3427	3443	1	-1	-1	-1	0
3511	3510	3396	1	-1	-1	-1	0
3513	3398	3507	1	-1	-1	-1	0
3552	3434	3432	1	-1	-1	-1	0
3512	3397	3510	1	-1	-1	-1	0
3433	3434	3553	1	-1	-1	-1	0
3435	3433	3553	1	-1	-1	-1	0
3514	3511	3399	1	-1	-1	-1	0
3472	3473	3479	1	-1	-1	-1	0
3513	3514	3399	1	-1	-1	-1	0
3400	3512	3515	1	-1	-1	-1	0
3435	3556	3436	1	-1	-1	-1	0
3515	3516	3400	1	-1	-1	-1	0
3545	3426	3462	1	-1	-1	-1	0
3438	3440	3557	1	-1	-1	-1	0
3516	3518	3402	1	-1	-1	-1	0
3518	3517	3402	1	-1	-1	-1	0
3438	3558	3442	1	-1	-1	-1	0
3560	3440	3439	1	-1	-1	-1	0
3441	3559	3439	1	-1	-1	-1	0
3520	3403	3517	1	-1	-1	-1	0
3449	3436	3556	1	-1	-1	-1	0
3403	3520	3519	1	-1	-1	-1	0
3442	3558	3444	1	-1	-1	-1	0
3522	3521	3405	1	-1	-1	-1	0
3563	3445	3444	1	-1	-1	-1	0
3445	3562	3443	1	-1	-1	-1	0
3538	3498	3417	1	-1	-1	-1	0
3525	3522	3406	1	-1	-1	-1	0
3523	3524	3406	1	-1	-1	-1	0
3406	3524	3525	1	-1	-1	-1	0
3526	3523	3407	1	-1	-1	-1	0
3409	3521	3530	1	-1	-1	-1	0
3411	3519	3531	1	-1	-1	-1	0
3448	3566	3447	1	-1	-1	-1	0
3484	3486	3492	1	-1	-1	-1	0
3487	3488	3489	1	-1	-1	-1	0
3409	3527	3529	1	-1	-1	-1	0
3527	3409	3530	1	-1	-1	-1	0
3528	3409	3529	1	-1	-1	-1	0
3526	3411	3531	1	-1	-1	-1	0
3568	3448	3454	1	-1	-1	-1	0
3571	3450	3449	1	-1	-1	-1	0
3447	3567	3460	1	-1	-1	-1	0
3451	3450	3573	1	-1	-1	-1	0
3573	3453	3451	1	-1	-1	-1	0
3416	3528	3535	1	-1	-1	-1	0
3532	3413	3534	1	-1	-1	-1	0
3574	3452	3453	1	-1	-1	-1	0
3534	3413	3533	1	-1	-1	-1	0
3535	3533	3414	1	-1	-1	-1	0
3454	3452	3574	1	-1	-1	-1	0
3576	3456	3455	1	-1	-1	-1	0
3532	3537	3415	1	-1	-1	-1	0
3537	3536	3415	1	-1	-1	-1	0
3457	3576	3455	1	-1	-1	-1	0
3457	3458	3578	1	-1	-1	-1	0
3539	3420	3536	1	-1	-1	-1	0
3581	3458	3459	1	-1	-1	-1	0
3459	3460	3581	1	-1	-1	-1	0
3541	3421	3539	1	-1	-1	-1	0
3421	3541	3540	1	-1	-1	-1	0
3542	3538	3422	1	-1	-1	-1	0
3422	3540	3542	1	-1	-1	-1	0
3463	3582	3462	1	-1	-1	-1	0
3463	3464	3584	1	-1	-1	-1	0
3543	3544	3425	1	-1	-1	-1	0
3426	3545	3543	1	-1	-1	-1	0
3586	3464	3465	1	-1	-1	-1	0
3468	3587	3465	1	-1	-1	-1	0
3428	3546	3547	1	-1	-1	-1	0
3589	3467	3466	1	-1	-1	-1	0
3467	3590	3468	1	-1	-1	-1	0
3549	3430	3547	1	-1	-1	-1	0
3508	3513	3507	1	-1	-1	-1	0
3548	3430	3550	1	-1	-1	-1	0
3549	3550	3430	1	-1	-1	-1	0
3431	3548	3551	1	-1	-1	-1	0
3469	3592	3470	1	-1	-1	-1	0
3456	3577	3499	1	-1	-1	-1	0
3471	3470	3593	1	-1	-1	-1	0
3552	3432	3551	1	-1	-1	-1	0
3552	3554	3434	1	-1	-1	-1	0
3553	3434	3555	1	-1	-1	-1	0
3471	3596	3475	1	-1	-1	-1	0
3434	3554	3555	1	-1	-1	-1	0
3435	3553	3556	1	-1	-1	-1	0
3597	3473	3474	1	-1	-1	-1	0
3561	3441	3544	1	-1	-1	-1	0
3474	3476	3598	1	-1	-1	-1	0
3473	3597	3479	1	-1	-1	-1	0
3475	3599	3476	1	-1	-1	-1	0
3562	3546	3443	1	-1	-1	-1	0
3557	3558	3438	1	-1	-1	-1	0
3517	3518	3520	1	-1	-1	-1	0
3560	3557	3440	1	-1	-1	-1	0
3439	3559	3560	1	-1	-1	-1	0
3592	3469	3497	1	-1	-1	-1	0
3602	3478	3479	1	-1	-1	-1	0
3482	3601	3477	1	-1	0	-1	0
3561	3559	3441	1	-1	-1	-1	0
3478	3602	3481	1	-1	-1	-1	0
3603	3480	3481	1	-1	-1	-1	0
3444	3558	3564	1	-1	-1	-1	0
3604	3483	3480	1	-1	-1	-1	0
3564	3563	3444	1	0	-1	-1	0
3562	3445	3565	1	-1	-1	-1	0
3482	3483	3608	1	-1	-1	-1	0
3565	3445	3563	1	-1	-1	0	0
3522	3530	3521	1	-1	-1	-1	0
3449	3556	3570	1	-1	-1	-1	0
3522	3525	3530	1	-1	-1	-1	0
3447	3566	3567	1	-1	-1	-1	0
3485	3609	3486	1	-1	-1	-1	0
3566	3448	3569	1	-1	-1	-1	0
3568	3569	3448	1	-1	-1	-1	0
3488	3611	3489	1	-1	-1	-1	0
3610	3492	3486	1	-1	-1	-1	0
3491	3611	3488	1	-1	-1	-1	0
3583	3545	3462	1	-1	-1	-1	0
3570	3571	3449	1	-1	-1	-1	0
3496	3609	3485	1	-1	-1	-1	0
3572	3450	3571	1	-1	-1	-1	0
3490	3613	3491	1	-1	-1	-1	0
3614	3490	3492	1	-1	-1	-1	0
3450	3572	3573	1	-1	-1	-1	0
3574	3568	3454	1	-1	-1	-1	0
3612	3497	3489	1	-1	-1	-1	0
3573	3575	3453	1	-1	-1	-1	0
3533	3535	3534	1	-1	-1	-1	0
3574	3453	3575	1	-1	-1	-1	0
3494	3617	3493	1	-1	-1	-1	0
3493	3617	3496	1	-1	-1	-1	0
3619	3494	3495	1	-1	-1	-1	0
3577	3456	3576	1	-1	-1	-1	0
3460	3567	3581	1	-1	-1	-1	0
3578	3576	3457	1	-1	-1	-1	0
3495	3498	3620	1	-1	-1	-1	0
3458	3580	3578	1	-1	-1	-1	0
3458	3579	3580	1	-1	-1	-1	0
3579	3458	3581	1	-1	-1	-1	0
3499	3624	3500	1	-1	-1	-1	0
3462	3582	3583	1	-1	0	-1	0
3500	3626	3501	1	-1	-1	-1	0
3463	3584	3582	1	-1	0	-1	0
3626	3504	3501	1	-1	-1	-1	0
3502	3503	3627	1	-1	-1	-1	0
3584	3464	3585	1	-1	-1	0	0
3502	3627	3505	1	-1	-1	-1	0
3503	3504	3628	1	-1	-1	-1	0
3585	3464	3586	1	-1	-1	0	0
3587	3586	3465	1	-1	-1	-1	0
3630	3506	3505	1	-1	-1	-1	0
3466	3588	3589	1	0	-1	-1	0
3467	3589	3590	1	-1	-1	-1	0
3587	3468	3591	1	-1	-1	-1	0
3509	3506	3632	1	-1	-1	-1	0
3591	3468	3590	1	-1	-1	-1	0
3634	3508	3509	1	-1	-1	-1	0
3513	3508	3633	1	-1	-1	-1	0
3546	3562	3547	1	-1	-1	-1	0
3498	3538	3620	1	-1	-1	-1	0
3635	3510	3511	1	-1	-1	-1	0
3594	3470	3592	1	-1	-1	-1	0
3470	3594	3593	1	-1	-1	-1	0
3512	3510	3635	1	-1	-1	-1	0
3471	3593	3595	1	-1	-1	-1	0
3514	3513	3633	1	-1	-1	-1	0
3511	3514	3636	1	-1	-1	-1	0
3596	3471	3595	1	-1	-1	0	0
3637	3515	3512	1	-1	-1	-1	0
3474	3598	3597	1	-1	-1	-1	0
3599	3475	3596	1	-1	-1	0	0
3515	3639	3516	1	-1	-1	-1	0
3518	3516	3639	1	-1	-1	-1	0
3598	3476	3600	1	-1	-1	-1	0
3600	3476	3599	1	-1	-1	0	0
3602	3479	3597	1	-1	-1	-1	0
3518	3641	3520	1	-1	-1	-1	0
3643	3519	3520	1	-1	-1	-1	0
3480	3603	3604	1	-1	-1	-1	0
3602	3606	3481	1	-1	-1	-1	0
3605	3603	3481	1	-1	-1	-1	0
3601	3482	3607	1	-1	-1	-1	0
3605	3481	3606	1	-1	-1	-1	0
3524	3523	3645	1	-1	-1	-1	0
3531	3519	3644	1	-1	-1	-1	0
3523	3526	3645	1	-1	-1	-1	0
3608	3483	3604	1	-1	-1	-1	0
3524	3647	3525	1	-1	-1	-1	0
3482	3608	3607	1	-1	-1	-1	0
3624	3499	3577	1	-1	-1	-1	0
3531	3645	3526	1	-1	-1	-1	0
3648	3530	3525	1	-1	-1	-1	0
3610	3486	3609	1	-1	-1	-1	0
3649	3529	3527	1	-1	-1	-1	0
3650	3527	3530	1	-1	-1	-1	0
3528	3529	3651	1	-1	-1	-1	0
3497	3623	3592	1	-1	-1	-1	0
3612	3489	3611	1	-1	-1	-1	0
3528	3651	3535	1	-1	-1	-1	0
3611	3491	3615	1	-1	-1	-1	0
3613	3490	3614	1	-1	-1	-1	0
3492	3610	3616	1	-1	-1	-1	0
3613	3615	3491	1	-1	-1	-1	0
3532	3534	3654	1	-1	-1	-1	0
3492	3616	3614	1	-1	-1	-1	0
3537	3532	3654	1	-1	-1	-1	0
3535	3656	3534	1	-1	-1	-1	0
3496	3621	3609	1	-1	-1	-1	0
3494	3618	3617	1	-1	-1	-1	0
3536	3537	3658	1	-1	-1	-1	0
3612	3622	3497	1	-1	-1	-1	0
3494	3619	3618	1	-1	-1	-1	0
3536	3659	3539	1	-1	-1	-1	0
3496	3617	3621	1	-1	-1	-1	0
3495	3620	3619	1	-1	-1	-1	0
3659	3541	3539	1	-1	-1	-1	0
3542	3660	3538	1	-1	-1	-1	0
3622	3623	3497	1	-1	-1	-1	0
3540	3661	3542	1	-1	-1	-1	0
3540	3541	3661	1	-1	-1	-1	0
3625	3626	3500	1	-1	-1	-1	0
3624	3625	3500	1	-1	-1	-1	0
3543	3666	3544	1	-1	-1	-1	0
3545	3666	3543	1	-1	-1	-1	0
3627	3503	3628	1	-1	-1	-1	0
3504	3626	3629	1	-1	-1	-1	0
3629	3628	3504	1	-1	-1	-1	0
3627	3630	3505	1	-1	-1	-1	0
3669	3549	3547	1	-1	-1	-1	0
3630	3631	3506	1	-1	-1	-1	0
3550	3670	3548	1	-1	-1	-1	0
3506	3631	3632	1	-1	-1	-1	0
3551	3548	3670	1	-1	-1	-1	0
3671	3550	3549	1	-1	-1	-1	0
3667	3561	3544	1	-1	-1	-1	0
3634	3509	3632	1	-1	-1	-1	0
3633	3508	3634	1	-1	-1	-1	0
3552	3551	3673	1	-1	-1	-1	0
3669	3547	3562	1	-1	-1	-1	0
3554	3552	3673	1	-1	-1	-1	0
3636	3635	3511	1	-1	-1	-1	0
3675	3553	3555	1	-1	-1	-1	0
3675	3556	3553	1	-1	-1	-1	0
3635	3637	3512	1	-1	-1	-1	0
3555	3554	3676	1	-1	-1	-1	0
3633	3638	3514	1	-1	-1	-1	0
3636	3514	3638	1	-1	-1	-1	0
3515	3637	3640	1	-1	-1	-1	0
3515	3640	3639	1	-1	-1	-1	0
3557	3680	3558	1	-1	-1	-1	0
3668	3545	3583	1	-1	-1	0	0
3560	3679	3557	1	-1	-1	-1	0
3642	3518	3639	1	-1	-1	-1	0
3682	3560	3559	1	-1	-1	-1	0
3641	3518	3642	1	-1	-1	-1	0
3597	3598	3606	1	-1	-1	-1	0
3675	3570	3556	1	-1	-1	-1	0
3561	3682	3559	1	-1	-1	-1	0
3564	3558	3681	1	-1	-1	0	0
3641	3643	3520	1	-1	-1	-1	0
3602	3597	3606	1	-1	-1	-1	0
3643	3644	3519	1	-1	-1	-1	0
3592	3623	3594	1	-1	-1	-1	0
3684	3562	3565	1	-1	-1	0	0
3646	3524	3645	1	-1	-1	-1	0
3646	3647	3524	1	-1	-1	-1	0
3620	3538	3660	1	-1	-1	-1	0
3567	3566	3686	1	-1	-1	-1	0
3569	3685	3566	1	-1	-1	-1	0
3647	3648	3525	1	-1	-1	-1	0
3568	3688	3569	1	-1	-1	-1	0
3527	3650	3649	1	-1	-1	-1	0
3648	3650	3530	1	-1	-1	-1	0
3644	3653	3531	1	-1	-1	-1	0
3653	3645	3531	1	-1	-1	-1	0
3652	3529	3649	1	-1	-1	-1	0
3689	3568	3574	1	-1	-1	-1	0
3529	3652	3651	1	-1	-1	-1	0
3571	3570	3692	1	-1	-1	-1	0
3687	3581	3567	1	-1	-1	-1	0
3571	3693	3572	1	-1	-1	-1	0
3575	3689	3574	1	-1	-1	-1	0
3611	3615	3612	1	-1	-1	-1	0
3694	3573	3572	1	-1	-1	-1	0
3573	3694	3575	1	-1	-1	-1	0
3656	3535	3651	1	-1	-1	-1	0
3534	3657	3654	1	-1	-1	-1	0
3656	3655	3534	1	-1	-1	-1	0
3657	3534	3655	1	-1	-1	-1	0
3581	3687	3579	1	-1	-1	-1	0
3657	3537	3654	1	-1	-1	-1	0
3615	3622	3612	1	-1	-1	-1	0
3577	3576	3697	1	-1	-1	-1	0
3697	3576	3578	1	-1	-1	-1	0
3657	3658	3537	1	-1	-1	-1	0
3536	3658	3659	1	-1	-1	-1	0
3580	3699	3578	1	-1	-1	-1	0
3700	3580	3579	1	-1	-1	-1	0
3659	3662	3541	1	-1	-1	-1	0
3541	3663	3661	1	-1	-1	-1	0
3541	3662	3663	1	-1	-1	-1	0
3660	3542	3665	1	-1	-1	-1	0
3542	3661	3664	1	-1	-1	-1	0
3665	3542	3664	1	-1	-1	-1	0
3587	3702	3586	1	-1	0	-1	0
3544	3666	3667	1	-1	-1	-1	0
3545	3668	3666	1	-1	-1	-1	0
3591	3702	3587	1	-1	-1	-1	0
3588	3704	3589	1	-1	-1	-1	0
3704	3590	3589	1	-1	-1	-1	0
3590	3705	3591	1	-1	-1	-1	0
3671	3549	3669	1	-1	-1	-1	0
3550	3672	3670	1	-1	-1	-1	0
3672	3550	3671	1	-1	-1	-1	0
3594	3707	3593	1	-1	-1	-1	0
3595	3593	3707	1	-1	-1	0	0
3670	3674	3551	1	-1	-1	-1	0
3673	3551	3674	1	-1	-1	-1	0
3577	3698	3624	1	-1	-1	-1	0
3677	3554	3673	1	-1	-1	-1	0
3598	3600	3709	1	-1	0	-1	0
3554	3677	3676	1	-1	-1	-1	0
3675	3555	3678	1	-1	-1	-1	0
3555	3676	3678	1	-1	-1	-1	0
3667	3683	3561	1	0	-1	-1	0
3562	3684	3669	1	-1	-1	-1	0
3709	3606	3598	1	-1	-1	-1	0
3557	3679	3680	1	-1	0	-1	0
3601	3607	3710	1	-1	-1	0	0
3604	3603	3712	1	-1	-1	-1	0
3605	3711	3603	1	0	-1	-1	0
3680	3681	3558	1	0	-1	-1	0
3605	3606	3709	1	-1	-1	0	0
3623	3708	3594	1	-1	-1	-1	0
3642	3639	3640	1	-1	-1	-1	0
3713	3608	3604	1	-1	-1	-1	0
3560	3682	3679	1	-1	0	-1	0
3682	3561	3683	1	-1	-1	0	0
3607	3608	3715	1	-1	-1	-1	0
3566	3685	3686	1	-1	-1	-1	0
3570	3675	3691	1	-1	-1	-1	0
3609	3717	3610	1	-1	-1	-1	0
3686	3687	3567	1	-1	-1	-1	0
3610	3717	3616	1	-1	-1	-1	0
3646	3645	3653	1	-1	-1	-1	0
3685	3569	3690	1	-1	-1	-1	0
3718	3613	3614	1	-1	-1	-1	0
3689	3688	3568	1	-1	-1	-1	0
3716	3609	3621	1	-1	-1	-1	0
3615	3613	3719	1	-1	-1	-1	0
3614	3616	3720	1	-1	-1	-1	0
3569	3688	3690	1	-1	-1	-1	0
3570	3691	3692	1	-1	-1	-1	0
3618	3724	3617	1	-1	-1	-1	0
3693	3571	3692	1	-1	-1	-1	0
3722	3622	3615	1	-1	-1	-1	0
3572	3693	3694	1	-1	-1	-1	0
3696	3689	3575	1	-1	-1	-1	0
3618	3619	3725	1	-1	-1	-1	0
3621	3617	3724	1	-1	-1	-1	0
3694	3695	3575	1	-1	-1	-1	0
3726	3619	3620	1	-1	-1	-1	0
3579	3687	3700	1	-1	-1	-1	0
3696	3575	3695	1	-1	-1	-1	0
3577	3697	3698	1	-1	-1	-1	0
3578	3699	3697	1	-1	-1	-1	0
3729	3623	3622	1	-1	-1	-1	0
3730	3625	3624	1	-1	-1	-1	0
3699	3580	3701	1	-1	-1	-1	0
3701	3580	3700	1	-1	-1	-1	0
3626	3625	3732	1	-1	-1	-1	0
3629	3626	3732	1	-1	-1	-1	0
3627	3628	3733	1	-1	-1	-1	0
3630	3627	3734	1	-1	-1	-1	0
3628	3629	3736	1	-1	-1	-1	0
3588	3703	3704	1	0	-1	-1	0
3631	3630	3737	1	-1	-1	-1	0
3702	3591	3706	1	-1	-1	0	0
3631	3738	3632	1	-1	-1	-1	0
3590	3704	3705	1	-1	-1	-1	0
3666	3668	3667	1	-1	0	-1	0
3706	3591	3705	1	-1	-1	-1	0
3634	3632	3738	1	-1	-1	-1	0
3633	3634	3739	1	-1	-1	-1	0
3727	3620	3660	1	-1	-1	-1	0
3708	3707	3594	1	0	-1	-1	0
3739	3638	3633	1	-1	-1	-1	0
3635	3636	3741	1	-1	-1	-1	0
3637	3635	3742	1	-1	-1	-1	0
3674	3670	3672	1	-1	-1	-1	0
3636	3638	3743	1	-1	-1	-1	0
3640	3637	3742	1	-1	-1	-1	0
3713	3604	3712	1	-1	-1	-1	0
3712	3603	3711	1	-1	-1	0	0
3714	3710	3607	1	-1	-1	-1	0
3641	3750	3643	1	-1	-1	-1	0
3751	3641	3642	1	-1	-1	-1	0
3749	3642	3640	1	-1	-1	-1	0
3608	3713	3715	1	-1	-1	-1	0
3715	3714	3607	1	-1	-1	-1	0
3643	3753	3644	1	-1	-1	-1	0
3716	3717	3609	1	-1	-1	-1	0
3675	3678	3691	1	-1	-1	-1	0
3646	3756	3647	1	-1	-1	-1	0
3718	3719	3613	1	-1	-1	-1	0
3653	3644	3754	1	-1	-1	-1	0
3757	3648	3647	1	-1	-1	-1	0
3614	3720	3718	1	-1	-1	-1	0
3624	3698	3731	1	-1	-1	-1	0
3646	3653	3754	1	-1	-1	-1	0
3721	3615	3719	1	-1	-1	-1	0
3757	3650	3648	1	-1	-1	-1	0
3616	3717	3723	1	-1	-1	-1	0
3615	3721	3722	1	-1	-1	-1	0
3720	3616	3723	1	-1	-1	-1	0
3649	3650	3760	1	-1	-1	-1	0
3623	3729	3708	1	-1	-1	-1	0
3759	3652	3649	1	-1	-1	-1	0
3652	3762	3651	1	-1	-1	-1	0
3728	3716	3621	1	-1	-1	-1	0
3724	3618	3725	1	-1	-1	-1	0
3656	3651	3762	1	-1	-1	-1	0
3725	3619	3726	1	-1	-1	-1	0
3729	3622	3722	1	-1	-1	-1	0
3724	3728	3621	1	-1	-1	-1	0
3726	3620	3727	1	-1	-1	-1	0
3655	3656	3764	1	-1	-1	-1	0
3655	3765	3657	1	-1	-1	-1	0
3766	3658	3657	1	-1	-1	-1	0
3766	3659	3658	1	-1	-1	-1	0
3624	3731	3730	1	-1	-1	-1	0
3730	3732	3625	1	-1	-1	-1	0
3767	3662	3659	1	-1	-1	-1	0
3663	3769	3661	1	-1	-1	-1	0
3665	3768	3660	1	-1	-1	-1	0
3734	3627	3733	1	-1	-1	-1	0
3661	3769	3664	1	-1	-1	-1	0
3662	3770	3663	1	-1	-1	-1	0
3735	3733	3628	1	-1	-1	-1	0
3736	3629	3732	1	-1	-1	-1	0
3628	3736	3735	1	-1	-1	-1	0
3737	3630	3734	1	-1	-1	-1	0
3665	3664	3772	1	-1	-1	-1	0
3631	3737	3738	1	-1	-1	-1	0
3738	3740	3634	1	-1	-1	-1	0
3739	3634	3740	1	-1	-1	-1	0
3774	3671	3669	1	-1	-1	-1	0
3741	3742	3635	1	-1	-1	-1	0
3671	3775	3672	1	-1	-1	-1	0
3674	3672	3776	1	-1	-1	-1	0
3746	3741	3636	1	-1	-1	-1	0
3636	3743	3745	1	-1	-1	-1	0
3739	3747	3638	1	-1	-1	-1	0
3674	3777	3673	1	-1	-1	-1	0
3745	3744	3636	1	-1	-1	-1	0
3744	3746	3636	1	-1	-1	-1	0
3673	3777	3677	1	-1	-1	-1	0
3669	3684	3774	1	-1	0	-1	0
3748	3743	3638	1	-1	-1	-1	0
3638	3747	3748	1	-1	-1	-1	0
3742	3749	3640	1	-1	-1	-1	0
3677	3780	3676	1	-1	-1	-1	0
3676	3780	3678	1	-1	-1	-1	0
3750	3641	3751	1	-1	-1	-1	0
3642	3749	3752	1	-1	-1	-1	0
3751	3642	3752	1	-1	-1	-1	0
3750	3753	3643	1	-1	-1	-1	0
3678	3782	3691	1	-1	-1	-1	0
3753	3755	3644	1	-1	-1	-1	0
3754	3644	3755	1	-1	-1	-1	0
3685	3783	3686	1	-1	-1	-1	0
3768	3727	3660	1	-1	-1	-1	0
3754	3756	3646	1	-1	-1	-1	0
3784	3687	3686	1	-1	-1	-1	0
3685	3690	3783	1	-1	-1	-1	0
3756	3758	3647	1	-1	-1	-1	0
3757	3647	3758	1	-1	-1	-1	0
3688	3689	3786	1	-1	-1	-1	0
3688	3787	3690	1	-1	-1	-1	0
3760	3759	3649	1	-1	-1	-1	0
3650	3757	3761	1	-1	-1	-1	0
3650	3761	3760	1	-1	-1	-1	0
3689	3696	3786	1	-1	-1	-1	0
3700	3687	3784	1	-1	-1	-1	0
3691	3789	3692	1	-1	-1	-1	0
3759	3762	3652	1	-1	-1	-1	0
3693	3692	3790	1	-1	-1	-1	0
3693	3791	3694	1	-1	-1	-1	0
3791	3695	3694	1	-1	-1	-1	0
3762	3764	3656	1	-1	-1	-1	0
3655	3764	3763	1	-1	-1	-1	0
3655	3763	3765	1	-1	-1	-1	0
3793	3696	3695	1	-1	-1	-1	0
3766	3657	3765	1	-1	-1	-1	0
3698	3697	3796	1	-1	-1	-1	0
3697	3699	3796	1	-1	-1	-1	0
3767	3659	3766	1	-1	-1	-1	0
3699	3701	3797	1	-1	-1	-1	0
3767	3770	3662	1	-1	-1	-1	0
3700	3798	3701	1	-1	-1	-1	0
3769	3663	3771	1	-1	-1	-1	0
3770	3771	3663	1	-1	-1	-1	0
3769	3772	3664	1	-1	-1	-1	0
3768	3665	3773	1	-1	-1	-1	0
3802	3704	3703	1	-1	-1	-1	0
3665	3772	3773	1	-1	-1	-1	0
3704	3802	3705	1	-1	-1	-1	0
3705	3803	3706	1	-1	0	-1	0
3671	3774	3775	1	-1	0	-1	0
3775	3776	3672	1	0	-1	-1	0
3731	3698	3796	1	-1	-1	-1	0
3674	3776	3778	1	-1	0	-1	0
3805	3710	3714	1	0	-1	-1	0
3777	3674	3779	1	-1	-1	-1	0
3712	3806	3713	1	0	-1	-1	0
3674	3778	3779	1	-1	0	-1	0
3713	3807	3715	1	-1	-1	-1	0
3781	3677	3777	1	-1	-1	-1	0
3677	3781	3780	1	-1	-1	-1	0
3715	3809	3714	1	-1	-1	-1	0
3780	3782	3678	1	-1	-1	-1	0
3729	3804	3708	1	-1	0	-1	0
3716	3811	3717	1	-1	-1	-1	0
3812	3718	3720	1	-1	-1	-1	0
3813	3719	3718	1	-1	-1	-1	0
3723	3717	3811	1	-1	-1	-1	0
3810	3716	3728	1	-1	-1	-1	0
3721	3719	3814	1	-1	-1	-1	0
3686	3783	3785	1	-1	-1	-1	0
3785	3784	3686	1	-1	-1	-1	0
3720	3723	3815	1	-1	-1	-1	0
3721	3816	3722	1	-1	-1	-1	0
3786	3787	3688	1	-1	-1	-1	0
3788	3783	3690	1	-1	-1	-1	0
3789	3691	3782	1	-1	-1	-1	0
3690	3787	3788	1	-1	-1	-1	0
3756	3754	3755	1	-1	-1	-1	0
3816	3729	3722	1	-1	-1	-1	0
3725	3819	3724	1	-1	-1	-1	0
3724	3818	3728	1	-1	-1	-1	0
3725	3726	3820	1	-1	-1	-1	0
3789	3790	3692	1	-1	-1	-1	0
3820	3726	3727	1	-1	-1	-1	0
3790	3792	3693	1	-1	-1	-1	0
3791	3693	3792	1	-1	-1	-1	0
3696	3795	3786	1	-1	-1	-1	0
3695	3791	3793	1	-1	-1	-1	0
3798	3700	3784	1	-1	-1	-1	0
3794	3696	3793	1	-1	-1	-1	0
3822	3732	3730	1	-1	-1	-1	0
3730	3731	3823	1	-1	-1	-1	0
3696	3794	3795	1	-1	-1	-1	0
3699	3797	3796	1	-1	-1	-1	0
3732	3825	3736	1	-1	-1	-1	0
3734	3733	3826	1	-1	-1	-1	0
3827	3733	3735	1	-1	-1	-1	0
3799	3797	3701	1	-1	-1	-1	0
3798	3800	3701	1	-1	-1	-1	0
3737	3734	3828	1	-1	-1	-1	0
3799	3701	3800	1	-1	-1	-1	0
3736	3830	3735	1	-1	-1	-1	0
3738	3737	3831	1	-1	-1	-1	0
3703	3801	3802	1	0	-1	-1	0
3705	3802	3803	1	-1	-1	-1	0
3740	3738	3832	1	-1	-1	-1	0
3740	3833	3739	1	-1	-1	-1	0
3820	3727	3768	1	-1	-1	-1	0
3741	3835	3742	1	-1	-1	-1	0
3833	3747	3739	1	-1	-1	-1	0
3741	3746	3835	1	-1	-1	-1	0
3837	3745	3743	1	-1	-1	-1	0
3807	3713	3806	1	-1	-1	-1	0
3805	3714	3808	1	-1	-1	-1	0
3836	3749	3742	1	-1	-1	-1	0
3745	3838	3744	1	-1	-1	-1	0
3837	3743	3748	1	-1	-1	-1	0
3744	3839	3746	1	-1	-1	-1	0
3809	3715	3807	1	-1	-1	-1	0
3808	3714	3809	1	-1	-1	-1	0
3810	3811	3716	1	-1	-1	-1	0
3779	3781	3777	1	-1	-1	-1	0
3747	3843	3748	1	-1	-1	-1	0
3812	3813	3718	1	0	-1	-1	0
3813	3814	3719	1	0	-1	-1	0
3815	3812	3720	1	0	-1	-1	0
3752	3749	3846	1	-1	-1	-1	0
3816	3804	3729	1	0	-1	-1	0
3751	3848	3750	1	-1	-1	-1	0
3750	3847	3753	1	-1	-1	-1	0
3817	3723	3811	1	-1	-1	-1	0
3816	3721	3814	1	-1	-1	0	0
3824	3731	3796	1	-1	-1	-1	0
3751	3752	3850	1	-1	-1	-1	0
3755	3753	3847	1	-1	-1	-1	0
3723	3817	3815	1	-1	0	-1	0
3821	3810	3728	1	-1	-1	-1	0
3724	3819	3818	1	-1	-1	-1	0
3756	3755	3853	1	-1	-1	-1	0
3820	3819	3725	1	-1	-1	-1	0
3785	3798	3784	1	-1	-1	-1	0
3758	3756	3853	1	-1	-1	-1	0
3728	3818	3821	1	-1	-1	-1	0
3854	3757	3758	1	-1	-1	-1	0
3854	3761	3757	1	-1	-1	-1	0
3823	3822	3730	1	-1	-1	-1	0
3858	3759	3760	1	-1	-1	-1	0
3824	3823	3731	1	-1	-1	-1	0
3762	3759	3858	1	-1	-1	-1	0
3732	3822	3825	1	-1	-1	-1	0
3760	3761	3859	1	-1	-1	-1	0
3764	3762	3858	1	-1	-1	-1	0
3829	3734	3826	1	-1	-1	-1	0
3763	3764	3863	1	-1	-1	-1	0
3826	3733	3827	1	-1	-1	-1	0
3736	3825	3830	1	-1	-1	-1	0
3735	3830	3827	1	-1	-1	-1	0
3734	3829	3828	1	-1	-1	-1	0
3864	3765	3763	1	-1	-1	-1	0
3766	3765	3865	1	-1	-1	-1	0
3737	3828	3831	1	-1	-1	-1	0
3767	3766	3865	1	-1	-1	-1	0
3738	3831	3832	1	-1	-1	-1	0
3866	3770	3767	1	-1	-1	-1	0
3740	3832	3834	1	-1	-1	-1	0
3833	3740	3834	1	-1	-1	-1	0
3771	3868	3769	1	-1	-1	-1	0
3768	3773	3867	1	-1	-1	-1	0
3772	3769	3869	1	-1	-1	-1	0
3870	3771	3770	1	-1	-1	-1	0
3835	3836	3742	1	-1	-1	-1	0
3869	3773	3772	1	-1	-1	-1	0
3824	3796	3797	1	-1	-1	-1	0
3824	3797	3799	1	-1	-1	-1	0
3744	3838	3840	1	-1	-1	-1	0
3745	3837	3841	1	-1	-1	-1	0
3842	3835	3746	1	-1	-1	-1	0
3744	3840	3839	1	-1	-1	-1	0
3844	3747	3833	1	-1	-1	-1	0
3745	3841	3838	1	-1	-1	-1	0
3746	3839	3842	1	-1	-1	-1	0
3749	3836	3846	1	-1	-1	-1	0
3845	3837	3748	1	-1	-1	-1	0
3780	3781	3875	1	-1	-1	-1	0
3779	3874	3781	1	0	-1	-1	0
3748	3843	3845	1	-1	-1	-1	0
3843	3747	3844	1	-1	-1	-1	0
3750	3848	3847	1	-1	-1	-1	0
3875	3782	3780	1	-1	-1	-1	0
3878	3785	3783	1	-1	-1	-1	0
3877	3789	3782	1	-1	-1	-1	0
3751	3849	3848	1	-1	-1	-1	0
3851	3752	3846	1	-1	-1	-1	0
3878	3783	3788	1	-1	-1	-1	0
3751	3850	3849	1	-1	-1	-1	0
3787	3786	3880	1	-1	-1	-1	0
3752	3851	3850	1	-1	-1	-1	0
3847	3852	3755	1	-1	-1	-1	0
3867	3820	3768	1	-1	-1	-1	0
3788	3787	3881	1	-1	-1	-1	0
3853	3755	3852	1	-1	-1	-1	0
3880	3786	3795	1	-1	-1	-1	0
3879	3798	3785	1	-1	-1	-1	0
3790	3789	3884	1	-1	-1	-1	0
3855	3758	3853	1	-1	-1	-1	0
3792	3790	3885	1	-1	-1	-1	0
3758	3856	3854	1	-1	-1	-1	0
3886	3791	3792	1	-1	-1	-1	0
3758	3855	3857	1	-1	-1	-1	0
3886	3793	3791	1	-1	-1	-1	0
3857	3856	3758	1	-1	-1	-1	0
3761	3854	3860	1	-1	-1	-1	0
3793	3888	3794	1	-1	-1	-1	0
3760	3859	3858	1	-1	-1	-1	0
3794	3889	3795	1	-1	-1	-1	0
3861	3859	3761	1	-1	-1	-1	0
3761	3860	3862	1	-1	-1	-1	0
3761	3862	3861	1	-1	-1	-1	0
3858	3863	3764	1	-1	-1	-1	0
3891	3800	3798	1	-1	-1	-1	0
3763	3863	3864	1	-1	-1	-1	0
3800	3892	3799	1	-1	-1	-1	0
3865	3765	3864	1	-1	-1	-1	0
3767	3865	3866	1	-1	-1	-1	0
3801	3896	3802	1	-1	-1	-1	0
3803	3802	3896	1	-1	-1	0	0
3869	3769	3868	1	-1	-1	-1	0
3866	3870	3770	1	-1	-1	-1	0
3771	3871	3868	1	-1	-1	-1	0
3897	3805	3808	1	0	-1	-1	0
3806	3898	3807	1	0	-1	-1	0
3833	3834	3844	1	-1	-1	-1	0
3870	3871	3771	1	-1	-1	-1	0
3836	3835	3842	1	-1	-1	-1	0
3773	3873	3867	1	-1	-1	-1	0
3869	3872	3773	1	-1	-1	-1	0
3898	3809	3807	1	-1	-1	-1	0
3799	3893	3824	1	-1	-1	-1	0
3809	3899	3808	1	-1	-1	-1	0
3873	3773	3872	1	-1	-1	-1	0
3810	3901	3811	1	-1	-1	-1	0
3836	3842	3846	1	-1	-1	-1	0
3817	3811	3901	1	-1	-1	0	0
3874	3875	3781	1	-1	-1	-1	0
3876	3782	3875	1	-1	-1	-1	0
3902	3810	3821	1	-1	-1	-1	0
3782	3876	3877	1	-1	0	-1	0
3903	3818	3819	1	-1	-1	-1	0
3785	3878	3879	1	-1	-1	-1	0
3818	3903	3821	1	-1	-1	-1	0
3820	3904	3819	1	-1	-1	-1	0
3882	3787	3880	1	-1	-1	-1	0
3788	3883	3878	1	-1	-1	-1	0
3877	3884	3789	1	-1	-1	-1	0
3881	3787	3882	1	-1	-1	-1	0
3822	3823	3906	1	-1	-1	-1	0
3788	3881	3883	1	-1	-1	-1	0
3822	3906	3825	1	-1	-1	-1	0
3823	3824	3907	1	-1	-1	-1	0
3884	3885	3790	1	-1	-1	-1	0
3909	3826	3827	1	-1	-1	-1	0
3908	3830	3825	1	-1	-1	-1	0
3887	3792	3885	1	-1	-1	-1	0
3829	3826	3909	1	-1	-1	-1	0
3792	3887	3886	1	-1	-1	-1	0
3795	3890	3880	1	-1	-1	-1	0
3827	3830	3910	1	-1	-1	-1	0
3886	3888	3793	1	-1	-1	-1	0
3798	3879	3891	1	-1	-1	-1	0
3829	3913	3828	1	-1	-1	-1	0
3856	3860	3854	1	-1	-1	-1	0
3831	3828	3912	1	-1	-1	-1	0
3794	3888	3889	1	-1	-1	-1	0
3889	3890	3795	1	-1	-1	-1	0
3832	3831	3912	1	-1	-1	-1	0
3834	3832	3915	1	-1	-1	-1	0
3799	3892	3893	1	-1	-1	-1	0
3894	3800	3891	1	-1	-1	-1	0
3892	3800	3894	1	-1	-1	-1	0
3867	3904	3820	1	-1	-1	-1	0
3801	3895	3896	1	0	0	-1	0
3916	3844	3834	1	-1	-1	-1	0
3837	3918	3841	1	-1	-1	-1	0
3919	3840	3838	1	-1	-1	-1	0
3841	3919	3838	1	-1	-1	-1	0
3917	3837	3845	1	-1	-1	-1	0
3839	3840	3921	1	-1	-1	-1	0
3842	3839	3920	1	-1	-1	-1	0
3808	3900	3897	1	-1	-1	-1	0
3899	3809	3898	1	-1	-1	0	0
3900	3808	3899	1	-1	-1	0	0
3924	3843	3844	1	-1	-1	-1	0
3923	3846	3842	1	-1	-1	-1	0
3845	3843	3924	1	-1	-1	-1	0
3902	3901	3810	1	0	-1	-1	0
3923	3851	3846	1	-1	-1	-1	0
3848	3927	3847	1	-1	-1	-1	0
3893	3907	3824	1	-1	-1	-1	0
3875	3874	3876	1	-1	0	-1	0
3849	3928	3848	1	-1	-1	-1	0
3852	3847	3927	1	-1	-1	-1	0
3904	3903	3819	1	-1	-1	-1	0
3902	3821	3905	1	-1	-1	0	0
3849	3850	3929	1	-1	-1	-1	0
3903	3905	3821	1	-1	-1	-1	0
3850	3851	3930	1	-1	-1	-1	0
3823	3907	3906	1	-1	-1	-1	0
3853	3852	3932	1	-1	-1	-1	0
3908	3825	3906	1	-1	-1	-1	0
3932	3855	3853	1	-1	-1	-1	0
3934	3857	3855	1	-1	-1	-1	0
3909	3827	3911	1	-1	-1	-1	0
3830	3908	3910	1	-1	-1	-1	0
3827	3910	3911	1	-1	-1	-1	0
3856	3857	3936	1	-1	-1	-1	0
3860	3856	3935	1	-1	-1	-1	0
3909	3914	3829	1	-1	-1	-1	0
3890	3882	3880	1	-1	-1	-1	0
3828	3913	3912	1	-1	-1	-1	0
3859	3938	3858	1	-1	-1	-1	0
3914	3913	3829	1	-1	-1	-1	0
3862	3860	3935	1	-1	-1	-1	0
3859	3861	3938	1	-1	-1	-1	0
3915	3832	3912	1	-1	-1	-1	0
3863	3858	3938	1	-1	-1	-1	0
3861	3862	3939	1	-1	-1	-1	0
3915	3916	3834	1	-1	-1	-1	0
3942	3864	3863	1	-1	-1	-1	0
3917	3918	3837	1	-1	-1	-1	0
3864	3944	3865	1	-1	-1	-1	0
3944	3866	3865	1	-1	-1	-1	0
3919	3841	3918	1	-1	-1	-1	0
3921	3920	3839	1	-1	-1	-1	0
3866	3945	3870	1	-1	-1	-1	0
3919	3922	3840	1	-1	-1	-1	0
3921	3840	3922	1	-1	-1	-1	0
3916	3924	3844	1	-1	-1	-1	0
3868	3947	3869	1	-1	-1	-1	0
3842	3920	3923	1	-1	-1	-1	0
3873	3946	3867	1	-1	-1	-1	0
3925	3917	3845	1	-1	-1	-1	0
3948	3868	3871	1	-1	-1	-1	0
3872	3869	3949	1	-1	-1	-1	0
3870	3950	3871	1	-1	-1	-1	0
3924	3926	3845	1	-1	-1	-1	0
3845	3926	3925	1	-1	-1	-1	0
3873	3872	3953	1	-1	-1	-1	0
3848	3928	3927	1	-1	-1	-1	0
3923	3930	3851	1	-1	-1	-1	0
3929	3928	3849	1	-1	-1	-1	0
3850	3931	3929	1	-1	-1	-1	0
3850	3930	3931	1	-1	-1	-1	0
3852	3927	3933	1	-1	-1	-1	0
3878	3956	3879	1	-1	-1	-1	0
3884	3877	3955	1	-1	0	-1	0
3946	3904	3867	1	-1	-1	-1	0
3878	3883	3956	1	-1	-1	-1	0
3932	3852	3933	1	-1	-1	-1	0
3881	3882	3957	1	-1	-1	-1	0
3932	3934	3855	1	-1	-1	-1	0
3881	3958	3883	1	-1	-1	-1	0
3891	3879	3956	1	-1	-1	-1	0
3935	3856	3936	1	-1	-1	-1	0
3934	3937	3857	1	-1	-1	-1	0
3936	3857	3937	1	-1	-1	-1	0
3882	3890	3959	1	-1	-1	-1	0
3963	3885	3884	1	-1	-1	-1	0
3963	3887	3885	1	-1	-1	-1	0
3887	3964	3886	1	-1	-1	-1	0
3941	3862	3935	1	-1	-1	-1	0
3959	3890	3889	1	-1	-1	-1	0
3938	3861	3940	1	-1	-1	-1	0
3886	3965	3888	1	-1	-1	-1	0
3861	3939	3940	1	-1	-1	-1	0
3862	3941	3939	1	-1	-1	-1	0
3942	3863	3938	1	-1	-1	-1	0
3968	3889	3888	1	-1	-1	-1	0
3942	3943	3864	1	-1	-1	-1	0
3943	3944	3864	1	-1	-1	-1	0
3946	3903	3904	1	-1	-1	-1	0
3866	3944	3945	1	-1	-1	-1	0
3891	3970	3894	1	-1	-1	-1	0
3971	3893	3892	1	-1	-1	-1	0
3972	3892	3894	1	-1	-1	-1	0
3868	3948	3947	1	-1	-1	-1	0
3947	3949	3869	1	-1	-1	-1	0
3870	3945	3951	1	-1	-1	-1	0
3871	3952	3948	1	-1	-1	-1	0
3870	3951	3950	1	-1	-1	-1	0
3897	3900	3975	1	-1	0	0	0
3893	3973	3907	1	-1	-1	-1	0
3873	3954	3946	1	-1	-1	-1	0
3871	3950	3952	1	-1	-1	-1	0
3949	3953	3872	1	-1	-1	-1	0
3873	3953	3954	1	-1	-1	-1	0
3903	3976	3905	1	-1	0	-1	0
3928	3933	3927	1	-1	-1	-1	0
3907	3978	3906	1	-1	-1	-1	0
3906	3978	3908	1	-1	-1	-1	0
3958	3881	3957	1	-1	-1	-1	0
3908	3981	3910	1	-1	-1	-1	0
3882	3960	3957	1	-1	-1	-1	0
3883	3962	3956	1	-1	-1	-1	0
3882	3959	3960	1	-1	-1	-1	0
3909	3911	3982	1	-1	-1	-1	0
3884	3955	3963	1	-1	0	-1	0
3910	3981	3911	1	-1	-1	-1	0
3958	3961	3883	1	-1	-1	-1	0
3982	3914	3909	1	-1	-1	-1	0
3962	3883	3961	1	-1	-1	-1	0
3913	3984	3912	1	-1	-1	-1	0
3984	3915	3912	1	-1	-1	-1	0
3985	3913	3914	1	-1	-1	-1	0
3965	3886	3964	1	-1	-1	-1	0
3984	3916	3915	1	-1	-1	-1	0
3963	3966	3887	1	0	-1	-1	0
3889	3969	3959	1	-1	-1	-1	0
3956	3970	3891	1	-1	-1	-1	0
3967	3964	3887	1	-1	-1	-1	0
3942	3938	3940	1	-1	-1	-1	0
3887	3966	3967	1	-1	0	-1	0
3968	3888	3965	1	-1	-1	-1	0
3946	3977	3903	1	-1	-1	-1	0
3889	3968	3969	1	-1	-1	-1	0
3918	3917	3991	1	-1	-1	-1	0
3916	3988	3924	1	-1	-1	-1	0
3919	3918	3992	1	-1	-1	-1	0
3991	3917	3925	1	-1	-1	-1	0
3922	3919	3993	1	-1	-1	-1	0
3892	3972	3971	1	-1	-1	-1	0
3920	3921	3995	1	-1	-1	-1	0
3973	3893	3971	1	-1	-1	-1	0
3920	3994	3923	1	-1	-1	-1	0
3924	3988	3926	1	-1	-1	-1	0
3894	3970	3974	1	-1	-1	-1	0
3996	3921	3922	1	-1	-1	-1	0
3974	3972	3894	1	-1	-1	-1	0
3926	3998	3925	1	-1	-1	-1	0
3923	3997	3930	1	-1	-1	-1	0
3903	3977	3976	1	-1	0	-1	0
4000	3928	3929	1	-1	-1	-1	0
3930	3997	3931	1	-1	-1	-1	0
3907	3973	3979	1	-1	-1	-1	0
4001	3929	3931	1	-1	-1	-1	0
3933	3928	4000	1	-1	-1	-1	0
3907	3979	3978	1	-1	-1	-1	0
3980	3908	3978	1	-1	-1	-1	0
3933	4004	3932	1	-1	-1	-1	0
3908	3980	3981	1	-1	-1	-1	0
3932	4004	3934	1	-1	-1	-1	0
3911	3981	3983	1	-1	-1	-1	0
3983	3982	3911	1	-1	-1	-1	0
3946	3954	3977	1	-1	0	-1	0
3934	4007	3937	1	-1	-1	-1	0
3935	3936	4008	1	-1	-1	-1	0
4007	3936	3937	1	-1	-1	-1	0
3985	3984	3913	1	-1	-1	-1	0
3914	3982	3987	1	-1	-1	-1	0
3914	3986	3985	1	-1	-1	-1	0
3941	3935	4008	1	-1	-1	-1	0
3914	3987	3986	1	-1	-1	-1	0
3970	3956	3962	1	-1	-1	-1	0
3984	3989	3916	1	-1	-1	-1	0
4011	3940	3939	1	-1	-1	-1	0
4012	3939	3941	1	-1	-1	-1	0
3990	3988	3916	1	-1	-1	-1	0
4013	3942	3940	1	-1	-1	-1	0
4013	3943	3942	1	-1	-1	-1	0
3989	3990	3916	1	-1	-1	-1	0
3918	3991	3992	1	-1	-1	-1	0
3944	3943	4015	1	-1	-1	-1	0
3992	3993	3919	1	-1	-1	-1	0
3944	4016	3945	1	-1	-1	-1	0
3994	3920	3995	1	-1	-1	-1	0
3996	3922	3993	1	-1	-1	-1	0
3951	3945	4016	1	-1	-1	-1	0
3995	3921	3996	1	-1	-1	-1	0
4017	3947	3948	1	-1	-1	-1	0
3947	4017	3949	1	-1	-1	-1	0
3988	3999	3926	1	-1	-1	-1	0
3997	3923	3994	1	-1	-1	-1	0
3998	3991	3925	1	-1	-1	-1	0
3952	4018	3948	1	-1	-1	-1	0
4019	3953	3949	1	-1	-1	-1	0
4021	3950	3951	1	-1	-1	-1	0
3952	3950	4021	1	-1	-1	-1	0
3926	3999	3998	1	-1	-1	-1	0
3954	3953	4019	1	-1	-1	0	0
3929	4002	4000	1	-1	-1	-1	0
4003	3931	3997	1	-1	-1	-1	0
4002	3929	4001	1	-1	-1	-1	0
4003	4001	3931	1	-1	-1	-1	0
4000	4005	3933	1	-1	-1	-1	0
3958	3957	4024	1	-1	-1	-1	0
3960	4024	3957	1	-1	-1	-1	0
4004	3933	4005	1	-1	-1	-1	0
3934	4004	4006	1	-1	-1	-1	0
3958	4025	3961	1	-1	-1	-1	0
3960	3959	4026	1	-1	-1	-1	0
4007	3934	4006	1	-1	-1	-1	0
4028	3962	3961	1	-1	-1	-1	0
3982	3983	3987	1	-1	-1	-1	0
3936	4007	4010	1	-1	-1	-1	0
3936	4009	4008	1	-1	-1	-1	0
3969	4026	3959	1	-1	-1	-1	0
4009	3936	4010	1	-1	-1	-1	0
3989	3984	3985	1	-1	-1	-1	0
4012	4011	3939	1	-1	-1	-1	0
3965	3964	4033	1	-1	-1	-1	0
4030	3970	3962	1	-1	-1	-1	0
4014	3941	4008	1	-1	-1	-1	0
3967	4033	3964	1	0	-1	-1	0
3940	4011	4013	1	-1	-1	-1	0
4012	3941	4014	1	-1	-1	-1	0
3968	3965	4035	1	-1	-1	-1	0
4013	4015	3943	1	-1	-1	-1	0
4036	3969	3968	1	-1	-1	-1	0
3974	3970	4030	1	-1	-1	-1	0
4016	3944	4015	1	-1	-1	-1	0
3990	3999	3988	1	-1	-1	-1	0
3972	4038	3971	1	-1	-1	-1	0
4037	3973	3971	1	-1	-1	-1	0
4018	4017	3948	1	-1	-1	-1	0
3974	4039	3972	1	-1	-1	-1	0
3949	4017	4020	1	-1	-1	-1	0
3949	4020	4019	1	-1	0	-1	0
4016	4022	3951	1	-1	-1	-1	0
3973	4037	3979	1	-1	-1	-1	0
4018	3952	4023	1	-1	-1	0	0
4022	4021	3951	1	-1	-1	-1	0
4021	4023	3952	1	-1	-1	-1	0
3978	3979	4041	1	-1	-1	-1	0
3978	4041	3980	1	-1	-1	-1	0
3981	3980	4043	1	-1	-1	-1	0
4024	4025	3958	1	-1	-1	-1	0
3983	3981	4043	1	-1	-1	-1	0
4027	4024	3960	1	-1	-1	-1	0
4027	3960	4026	1	-1	-1	-1	0
3987	3983	4045	1	-1	-1	-1	0
4029	3961	4025	1	-1	-1	-1	0
3985	3986	4046	1	-1	-1	-1	0
4029	4028	3961	1	-1	-1	-1	0
3985	4046	3989	1	-1	-1	-1	0
3986	3987	4047	1	-1	-1	-1	0
4028	4031	3962	1	-1	-1	-1	0
3962	4032	4030	1	-1	-1	-1	0
4031	4032	3962	1	-1	-1	-1	0
3989	4049	3990	1	-1	-1	-1	0
4036	4026	3969	1	-1	-1	-1	0
4034	3965	4033	1	-1	-1	0	0
3965	4034	4035	1	-1	-1	-1	0
3991	4052	3992	1	-1	-1	-1	0
3992	4053	3993	1	-1	-1	-1	0
4036	3968	4035	1	-1	-1	-1	0
3999	3990	4051	1	-1	-1	-1	0
3998	4052	3991	1	-1	-1	-1	0
4040	3974	4030	1	-1	-1	-1	0
3993	4055	3996	1	-1	-1	-1	0
4057	3994	3995	1	-1	-1	-1	0
4038	4037	3971	1	-1	-1	-1	0
3997	3994	4057	1	-1	-1	-1	0
4038	3972	4039	1	-1	-1	-1	0
4058	3995	3996	1	-1	-1	-1	0
3974	4040	4039	1	-1	-1	-1	0
3997	4057	4003	1	-1	-1	-1	0
3998	3999	4061	1	-1	-1	-1	0
3979	4037	4042	1	-1	-1	-1	0
4041	3979	4042	1	-1	-1	-1	0
4002	4062	4000	1	-1	-1	-1	0
3980	4041	4043	1	-1	-1	-1	0
4002	4001	4063	1	-1	-1	-1	0
4003	4063	4001	1	-1	-1	-1	0
4005	4000	4062	1	-1	-1	-1	0
4043	4044	3983	1	-1	-1	-1	0
4045	3983	4044	1	-1	-1	-1	0
4067	4004	4005	1	-1	-1	-1	0
4068	4006	4004	1	-1	-1	-1	0
4045	4047	3987	1	-1	-1	-1	0
4046	3986	4048	1	-1	-1	-1	0
4048	3986	4047	1	-1	-1	-1	0
4006	4069	4007	1	-1	-1	-1	0
4049	3989	4046	1	-1	-1	-1	0
4069	4010	4007	1	-1	-1	-1	0
4070	4008	4009	1	-1	-1	-1	0
4029	4031	4028	1	-1	-1	-1	0
4049	4050	3990	1	-1	-1	-1	0
4010	4071	4009	1	-1	-1	-1	0
3990	4050	4051	1	-1	-1	-1	0
4070	4014	4008	1	-1	-1	-1	0
4074	4013	4011	1	-1	-1	-1	0
4054	3992	4052	1	-1	-1	-1	0
4075	4011	4012	1	-1	-1	-1	0
4053	3992	4054	1	-1	-1	-1	0
4074	4015	4013	1	-1	-1	-1	0
4040	4030	4032	1	-1	-1	-1	0
3993	4053	4056	1	-1	-1	-1	0
4076	4012	4014	1	-1	-1	-1	0
4055	3993	4056	1	-1	-1	-1	0
4016	4015	4078	1	-1	-1	-1	0
3995	4058	4057	1	-1	-1	-1	0
4055	4059	3996	1	-1	-1	-1	0
4052	3998	4060	1	-1	-1	-1	0
4051	4061	3999	1	-1	-1	-1	0
3996	4059	4058	1	-1	-1	-1	0
4018	4080	4017	1	0	-1	-1	0
4038	4042	4037	1	-1	-1	-1	0
4079	4022	4016	1	-1	-1	-1	0
4017	4080	4020	1	-1	0	-1	0
3998	4061	4060	1	-1	-1	-1	0
4021	4022	4082	1	-1	-1	-1	0
4021	4081	4023	1	-1	0	-1	0
4057	4066	4003	1	-1	-1	-1	0
4062	4002	4064	1	-1	-1	-1	0
4002	4063	4064	1	-1	-1	-1	0
4003	4065	4063	1	-1	-1	-1	0
4083	4025	4024	1	-1	-1	-1	0
4066	4065	4003	1	-1	-1	-1	0
4083	4024	4027	1	-1	-1	-1	0
4062	4067	4005	1	-1	-1	-1	0
4026	4085	4027	1	-1	-1	-1	0
4029	4025	4084	1	-1	-1	-1	0
4004	4067	4068	1	-1	-1	-1	0
4006	4068	4069	1	-1	-1	-1	0
4036	4085	4026	1	-1	-1	-1	0
4087	4031	4029	1	-1	-1	-1	0
4071	4070	4009	1	-1	-1	-1	0
4010	4069	4072	1	-1	-1	-1	0
4032	4031	4088	1	-1	-1	-1	0
4071	4010	4073	1	-1	-1	-1	0
4072	4073	4010	1	-1	-1	-1	0
4035	4034	4090	1	-1	0	-1	0
4074	4011	4075	1	-1	-1	-1	0
4076	4014	4070	1	-1	-1	-1	0
4040	4032	4089	1	-1	-1	-1	0
4090	4036	4035	1	-1	-1	-1	0
4075	4012	4077	1	-1	-1	-1	0
4012	4076	4077	1	-1	-1	-1	0
4015	4074	4078	1	-1	-1	-1	0
4039	4094	4038	1	-1	-1	-1	0
4079	4016	4078	1	-1	-1	-1	0
4038	4093	4042	1	-1	-1	-1	0
4039	4040	4094	1	-1	-1	-1	0
4041	4042	4095	1	-1	-1	-1	0
4095	4043	4041	1	-1	-1	-1	0
4066	4057	4058	1	-1	-1	-1	0
4079	4082	4022	1	-1	-1	-1	0
4043	4097	4044	1	-1	-1	-1	0
4021	4082	4081	1	-1	-1	-1	0
4098	4045	4044	1	-1	-1	-1	0
4084	4025	4083	1	-1	-1	-1	0
4100	4047	4045	1	-1	-1	-1	0
4100	4048	4047	1	-1	-1	-1	0
4083	4027	4085	1	-1	-1	-1	0
4048	4101	4046	1	-1	-1	-1	0
4101	4049	4046	1	-1	-1	-1	0
4029	4084	4086	1	-1	-1	-1	0
4101	4050	4049	1	-1	-1	-1	0
4029	4086	4087	1	-1	-1	-1	0
4103	4051	4050	1	-1	-1	-1	0
4088	4031	4087	1	-1	-1	-1	0
4089	4032	4088	1	-1	-1	-1	0
4052	4106	4054	1	-1	-1	-1	0
4036	4091	4085	1	-1	-1	-1	0
4108	4053	4054	1	-1	-1	-1	0
4091	4036	4090	1	-1	-1	0	0
4105	4061	4051	1	-1	-1	-1	0
4053	4108	4056	1	-1	-1	-1	0
4052	4060	4107	1	-1	-1	-1	0
4110	4055	4056	1	-1	-1	-1	0
4094	4040	4089	1	-1	-1	-1	0
4093	4038	4092	1	-1	-1	-1	0
4092	4038	4094	1	-1	-1	-1	0
4059	4055	4110	1	-1	-1	-1	0
4112	4058	4059	1	-1	-1	-1	0
4093	4096	4042	1	-1	-1	-1	0
4095	4042	4096	1	-1	-1	-1	0
4113	4060	4061	1	-1	-1	-1	0
4043	4095	4097	1	-1	-1	-1	0
4066	4058	4112	1	-1	-1	-1	0
4097	4098	4044	1	-1	-1	-1	0
4064	4114	4062	1	-1	-1	-1	0
4045	4098	4099	1	-1	-1	-1	0
4063	4116	4064	1	-1	-1	-1	0
4115	4063	4065	1	-1	-1	-1	0
4067	4062	4114	1	-1	-1	-1	0
4045	4099	4100	1	-1	-1	-1	0
4066	4117	4065	1	-1	-1	-1	0
4048	4100	4102	1	-1	-1	-1	0
4048	4102	4101	1	-1	-1	-1	0
4067	4119	4068	1	-1	-1	-1	0
4101	4104	4050	1	-1	-1	-1	0
4120	4069	4068	1	-1	-1	-1	0
4050	4104	4103	1	-1	-1	-1	0
4103	4105	4051	1	-1	-1	-1	0
4072	4069	4120	1	-1	-1	-1	0
4121	4070	4071	1	-1	-1	-1	0
4106	4052	4107	1	-1	-1	-1	0
4073	4123	4071	1	-1	-1	-1	0
4070	4122	4076	1	-1	-1	-1	0
4109	4054	4106	1	-1	-1	-1	0
4073	4072	4124	1	-1	-1	-1	0
4108	4054	4109	1	-1	-1	-1	0
4056	4108	4111	1	-1	-1	-1	0
4075	4127	4074	1	-1	-1	-1	0
4056	4111	4110	1	-1	-1	-1	0
4113	4061	4105	1	-1	-1	-1	0
4078	4074	4127	1	-1	-1	-1	0
4060	4113	4107	1	-1	-1	-1	0
4128	4075	4077	1	-1	-1	-1	0
4076	4129	4077	1	-1	-1	-1	0
4110	4112	4059	1	-1	-1	-1	0
4096	4097	4095	1	-1	-1	-1	0
4131	4079	4078	1	-1	-1	-1	0
4132	4082	4079	1	-1	-1	-1	0
4063	4115	4116	1	-1	-1	-1	0
4064	4116	4114	1	-1	-1	-1	0
4066	4112	4118	1	-1	-1	-1	0
4133	4081	4082	1	0	-1	-1	0
4117	4115	4065	1	-1	-1	-1	0
4114	4119	4067	1	-1	-1	-1	0
4066	4118	4117	1	-1	-1	-1	0
4083	4136	4084	1	-1	-1	-1	0
4083	4085	4135	1	-1	-1	-1	0
4084	4136	4086	1	-1	-1	-1	0
4120	4068	4119	1	-1	-1	-1	0
4137	4087	4086	1	-1	-1	-1	0
4085	4091	4135	1	-1	-1	-1	0
4121	4122	4070	1	-1	-1	-1	0
4087	4138	4088	1	-1	-1	-1	0
4121	4071	4123	1	-1	-1	-1	0
4088	4139	4089	1	-1	-1	-1	0
4125	4072	4120	1	-1	-1	-1	0
4125	4124	4072	1	-1	-1	-1	0
4126	4123	4073	1	-1	-1	-1	0
4094	4089	4140	1	-1	-1	-1	0
4073	4124	4126	1	-1	-1	-1	0
4094	4140	4092	1	-1	-1	-1	0
4129	4076	4122	1	-1	-1	-1	0
4093	4092	4142	1	-1	-1	-1	0
4075	4128	4127	1	-1	-1	-1	0
4143	4096	4093	1	-1	-1	-1	0
4130	4128	4077	1	-1	-1	-1	0
4130	4077	4129	1	-1	-1	-1	0
4131	4078	4127	1	-1	-1	-1	0
4144	4097	4096	1	-1	-1	-1	0
4097	4144	4098	1	-1	-1	-1	0
4079	4131	4132	1	-1	-1	-1	0
4098	4145	4099	1	-1	-1	-1	0
4146	4100	4099	1	-1	-1	-1	0
4082	4132	4133	1	-1	-1	-1	0
4102	4100	4147	1	-1	-1	-1	0
4135	4134	4083	1	-1	-1	-1	0
4102	4148	4101	1	-1	-1	-1	0
4148	4104	4101	1	-1	-1	-1	0
4083	4134	4136	1	-1	-1	-1	0
4150	4103	4104	1	-1	-1	-1	0
4150	4105	4103	1	-1	-1	-1	0
4086	4136	4137	1	-1	-1	-1	0
4087	4137	4138	1	-1	-1	-1	0
4088	4138	4139	1	-1	-1	-1	0
4152	4106	4107	1	-1	-1	-1	0
4141	4135	4091	1	-1	-1	0	0
4105	4150	4113	1	-1	-1	-1	0
4139	4140	4089	1	-1	-1	-1	0
4153	4109	4106	1	-1	-1	-1	0
4108	4109	4155	1	-1	-1	-1	0
4154	4107	4113	1	-1	-1	-1	0
4140	4142	4092	1	-1	-1	-1	0
4108	4156	4111	1	-1	-1	-1	0
4143	4093	4142	1	-1	-1	-1	0
4110	4111	4158	1	-1	-1	-1	0
4112	4110	4157	1	-1	-1	-1	0
4096	4143	4144	1	-1	-1	-1	0
4145	4098	4144	1	-1	-1	-1	0
4099	4145	4146	1	-1	-1	-1	0
4118	4112	4160	1	-1	-1	-1	0
4146	4147	4100	1	-1	-1	-1	0
4116	4164	4114	1	-1	-1	-1	0
4115	4165	4116	1	-1	-1	-1	0
4119	4114	4164	1	-1	-1	-1	0
4149	4102	4147	1	-1	-1	-1	0
4117	4166	4115	1	-1	-1	-1	0
4149	4148	4102	1	-1	-1	-1	0
4104	4148	4151	1	-1	-1	-1	0
4117	4118	4168	1	-1	-1	-1	0
4150	4104	4151	1	-1	-1	-1	0
4120	4119	4169	1	-1	-1	-1	0
4152	4153	4106	1	-1	-1	-1	0
4107	4154	4152	1	-1	-1	-1	0
4171	4122	4121	1	-1	-1	-1	0
4123	4171	4121	1	-1	-1	-1	0
4125	4120	4170	1	-1	-1	-1	0
4153	4155	4109	1	-1	-1	-1	0
4108	4155	4156	1	-1	-1	-1	0
4123	4126	4174	1	-1	-1	-1	0
4125	4175	4124	1	-1	-1	-1	0
4129	4122	4173	1	-1	-1	-1	0
4158	4157	4110	1	-1	-1	-1	0
4162	4113	4150	1	-1	-1	-1	0
4126	4124	4175	1	-1	-1	-1	0
4159	4111	4156	1	-1	-1	-1	0
4158	4111	4159	1	-1	-1	-1	0
4113	4161	4154	1	-1	-1	-1	0
4160	4112	4157	1	-1	-1	-1	0
4173	4130	4129	1	-1	-1	-1	0
4178	4131	4127	1	-1	-1	-1	0
4178	4127	4128	1	-1	-1	-1	0
4130	4179	4128	1	-1	-1	-1	0
4161	4113	4163	1	-1	-1	-1	0
4113	4162	4163	1	-1	-1	-1	0
4180	4132	4131	1	-1	-1	-1	0
4180	4133	4132	1	0	-1	-1	0
4118	4160	4168	1	-1	-1	-1	0
4115	4166	4165	1	-1	-1	-1	0
4167	4164	4116	1	-1	-1	-1	0
4165	4167	4116	1	-1	-1	-1	0
4135	4181	4134	1	-1	-1	-1	0
4168	4166	4117	1	-1	-1	-1	0
4164	4169	4119	1	-1	-1	-1	0
4134	4182	4136	1	-1	-1	-1	0
4137	4136	4183	1	-1	-1	-1	0
4135	4141	4181	1	-1	0	-1	0
4138	4137	4184	1	-1	-1	-1	0
4170	4120	4169	1	-1	-1	-1	0
4186	4139	4138	1	-1	-1	-1	0
4172	4122	4171	1	-1	-1	-1	0
4139	4187	4140	1	-1	-1	-1	0
4122	4172	4173	1	-1	-1	-1	0
4171	4123	4174	1	-1	-1	-1	0
4142	4140	4187	1	-1	-1	-1	0
4125	4170	4176	1	-1	-1	-1	0
4143	4142	4189	1	-1	-1	-1	0
4125	4176	4175	1	-1	-1	-1	0
4177	4174	4126	1	-1	-1	-1	0
4191	4144	4143	1	-1	-1	-1	0
4175	4177	4126	1	-1	-1	-1	0
4191	4145	4144	1	-1	-1	-1	0
4173	4179	4130	1	-1	-1	-1	0
4145	4192	4146	1	-1	-1	-1	0
4179	4178	4128	1	-1	-1	-1	0
4146	4193	4147	1	-1	-1	-1	0
4178	4180	4131	1	-1	-1	-1	0
4149	4147	4196	1	-1	-1	-1	0
4149	4197	4148	1	-1	-1	-1	0
4148	4197	4151	1	-1	-1	-1	0
4182	4134	4181	1	-1	-1	0	0
4150	4151	4198	1	-1	-1	-1	0
4182	4183	4136	1	-1	-1	-1	0
4184	4137	4183	1	-1	-1	-1	0
4153	4152	4201	1	-1	-1	-1	0
4185	4138	4184	1	-1	-1	-1	0
4201	4152	4154	1	-1	-1	-1	0
4138	4185	4186	1	-1	-1	-1	0
4162	4150	4198	1	-1	-1	-1	0
4203	4155	4153	1	-1	-1	-1	0
4188	4139	4186	1	-1	-1	-1	0
4155	4203	4156	1	-1	-1	-1	0
4139	4188	4187	1	-1	-1	-1	0
4201	4154	4161	1	-1	-1	-1	0
4142	4187	4190	1	-1	-1	-1	0
4156	4204	4159	1	-1	-1	-1	0
4189	4142	4190	1	-1	-1	-1	0
4206	4157	4158	1	-1	-1	-1	0
4189	4191	4143	1	-1	-1	-1	0
4207	4158	4159	1	-1	-1	-1	0
4160	4157	4206	1	-1	-1	-1	0
4145	4191	4192	1	-1	-1	-1	0
4146	4192	4194	1	-1	-1	-1	0
4194	4193	4146	1	-1	-1	-1	0
4161	4163	4210	1	-1	-1	-1	0
4147	4193	4195	1	-1	-1	-1	0
4160	4209	4168	1	-1	-1	-1	0
4162	4211	4163	1	-1	-1	-1	0
4147	4195	4196	1	-1	-1	-1	0
4196	4197	4149	1	-1	-1	-1	0
4164	4167	4214	1	-1	-1	-1	0
4165	4166	4215	1	-1	-1	-1	0
4199	4151	4197	1	-1	-1	-1	0
4164	4214	4169	1	-1	-1	-1	0
4216	4167	4165	1	-1	-1	-1	0
4151	4200	4198	1	-1	-1	-1	0
4151	4199	4200	1	-1	-1	-1	0
4166	4168	4218	1	-1	-1	-1	0
4202	4203	4153	1	-1	-1	-1	0
4201	4202	4153	1	-1	-1	-1	0
4169	4220	4170	1	-1	-1	-1	0
4205	4156	4203	1	-1	-1	-1	0
4172	4171	4222	1	-1	-1	-1	0
4190	4187	4188	1	-1	-1	-1	0
4205	4204	4156	1	-1	-1	-1	0
4176	4170	4221	1	-1	-1	-1	0
4224	4171	4174	1	-1	-1	-1	0
4172	4225	4173	1	-1	-1	-1	0
4158	4207	4206	1	-1	-1	-1	0
4204	4208	4159	1	-1	-1	-1	0
4161	4210	4201	1	-1	-1	-1	0
4198	4212	4162	1	-1	-1	-1	0
4160	4206	4207	1	-1	-1	-1	0
4207	4159	4208	1	-1	-1	-1	0
4207	4209	4160	1	-1	-1	-1	0
4179	4173	4226	1	-1	-1	-1	0
4177	4227	4174	1	-1	-1	-1	0
4175	4176	4228	1	-1	-1	-1	0
4228	4177	4175	1	-1	-1	-1	0
4194	4195	4193	1	-1	-1	-1	0
4212	4211	4162	1	-1	-1	-1	0
4163	4213	4210	1	-1	-1	-1	0
4163	4211	4213	1	-1	-1	-1	0
4178	4230	4180	1	-1	0	-1	0
4178	4179	4231	1	-1	-1	-1	0
4209	4218	4168	1	-1	-1	-1	0
4165	4215	4216	1	-1	-1	-1	0
4232	4183	4182	1	-1	-1	0	0
4217	4215	4166	1	-1	-1	-1	0
4167	4219	4214	1	-1	-1	-1	0
4233	4184	4183	1	-1	-1	-1	0
4218	4217	4166	1	-1	-1	-1	0
4167	4216	4219	1	-1	-1	-1	0
4169	4214	4220	1	-1	-1	-1	0
4184	4234	4185	1	-1	-1	-1	0
4186	4185	4235	1	-1	-1	-1	0
4212	4198	4200	1	-1	-1	-1	0
4186	4236	4188	1	-1	-1	-1	0
4220	4221	4170	1	-1	-1	-1	0
4190	4188	4237	1	-1	-1	-1	0
4222	4171	4223	1	-1	-1	0	0
4190	4238	4189	1	-1	-1	-1	0
4171	4224	4223	1	-1	-1	-1	0
4225	4172	4222	1	-1	-1	0	0
4189	4239	4191	1	-1	-1	-1	0
4192	4191	4240	1	-1	-1	-1	0
4225	4226	4173	1	0	-1	-1	0
4174	4227	4224	1	-1	-1	-1	0
4221	4229	4176	1	-1	-1	-1	0
4192	4241	4194	1	-1	-1	-1	0
4227	4177	4228	1	-1	-1	-1	0
4228	4176	4229	1	-1	-1	-1	0
4194	4244	4195	1	-1	-1	-1	0
4244	4196	4195	1	-1	-1	-1	0
4179	4226	4231	1	-1	0	-1	0
4245	4197	4196	1	-1	-1	-1	0
4178	4231	4230	1	-1	0	-1	0
4245	4199	4197	1	-1	-1	-1	0
4199	4246	4200	1	-1	-1	-1	0
4183	4232	4233	1	-1	0	-1	0
4233	4234	4184	1	-1	-1	-1	0
4202	4201	4250	1	-1	-1	-1	0
4219	4220	4214	1	-1	-1	-1	0
4185	4234	4235	1	-1	-1	-1	0
4202	4251	4203	1	-1	-1	-1	0
4236	4186	4235	1	-1	-1	-1	0
4252	4205	4203	1	-1	-1	-1	0
4200	4248	4212	1	-1	-1	-1	0
4236	4237	4188	1	-1	-1	-1	0
4250	4201	4210	1	-1	-1	-1	0
4253	4204	4205	1	-1	-1	-1	0
4204	4253	4208	1	-1	-1	-1	0
4237	4238	4190	1	-1	-1	-1	0
4189	4238	4239	1	-1	-1	-1	0
4191	4239	4240	1	-1	-1	-1	0
4207	4208	4255	1	-1	-1	-1	0
4207	4256	4209	1	-1	-1	-1	0
4192	4240	4241	1	-1	-1	-1	0
4194	4241	4243	1	-1	-1	-1	0
4194	4243	4242	1	-1	-1	-1	0
4194	4242	4244	1	-1	-1	-1	0
4260	4210	4213	1	-1	-1	-1	0
4256	4218	4209	1	-1	-1	-1	0
4211	4212	4261	1	-1	-1	-1	0
4261	4213	4211	1	-1	-1	-1	0
4245	4196	4244	1	-1	-1	-1	0
4247	4199	4245	1	-1	-1	-1	0
4246	4199	4247	1	-1	-1	-1	0
4263	4216	4215	1	-1	-1	-1	0
4249	4200	4246	1	-1	-1	-1	0
4264	4215	4217	1	-1	-1	-1	0
4249	4248	4200	1	-1	-1	-1	0
4216	4265	4219	1	-1	-1	-1	0
4217	4218	4267	1	-1	-1	-1	0
4251	4202	4250	1	-1	-1	-1	0
4203	4251	4252	1	-1	-1	-1	0
4219	4268	4220	1	-1	-1	-1	0
4269	4221	4220	1	-1	-1	-1	0
4205	4252	4254	1	-1	-1	-1	0
4205	4254	4253	1	-1	-1	-1	0
4208	4253	4257	1	-1	-1	-1	0
4256	4207	4255	1	-1	-1	-1	0
4271	4223	4224	1	0	-1	-1	0
4210	4259	4250	1	-1	-1	-1	0
4270	4229	4221	1	-1	-1	-1	0
4261	4212	4248	1	-1	-1	-1	0
4258	4255	4208	1	-1	-1	-1	0
4224	4227	4271	1	-1	-1	-1	0
4258	4208	4257	1	-1	-1	-1	0
4228	4272	4227	1	-1	-1	-1	0
4210	4260	4259	1	-1	-1	-1	0
4229	4274	4228	1	-1	-1	-1	0
4260	4213	4262	1	-1	-1	-1	0
4261	4262	4213	1	-1	-1	-1	0
4267	4218	4256	1	-1	-1	-1	0
4247	4249	4246	1	-1	-1	-1	0
4233	4275	4234	1	0	-1	-1	0
4263	4215	4264	1	-1	-1	-1	0
4216	4263	4265	1	-1	-1	-1	0
4234	4276	4235	1	-1	-1	-1	0
4217	4266	4264	1	-1	-1	-1	0
4236	4235	4277	1	-1	-1	-1	0
4217	4267	4266	1	-1	-1	-1	0
4237	4236	4277	1	-1	-1	-1	0
4268	4219	4265	1	-1	-1	-1	0
4238	4237	4278	1	-1	-1	-1	0
4220	4268	4269	1	-1	-1	-1	0
4280	4239	4238	1	-1	-1	-1	0
4281	4240	4239	1	-1	-1	-1	0
4269	4270	4221	1	-1	-1	-1	0
4241	4240	4282	1	-1	-1	-1	0
4241	4282	4243	1	-1	-1	-1	0
4243	4284	4242	1	-1	-1	-1	0
4283	4244	4242	1	-1	-1	-1	0
4227	4272	4271	1	-1	0	-1	0
4228	4273	4272	1	-1	0	-1	0
4274	4229	4270	1	-1	-1	-1	0
4245	4244	4286	1	-1	-1	-1	0
4228	4274	4273	1	-1	-1	-1	0
4245	4286	4247	1	-1	-1	-1	0
4247	4288	4249	1	-1	-1	-1	0
4276	4234	4275	1	-1	-1	0	0
4289	4248	4249	1	-1	-1	-1	0
4277	4235	4276	1	-1	-1	-1	0
4279	4237	4277	1	-1	-1	-1	0
4292	4251	4250	1	-1	-1	-1	0
4279	4278	4237	1	-1	-1	-1	0
4251	4293	4252	1	-1	-1	-1	0
4280	4238	4278	1	-1	-1	-1	0
4289	4261	4248	1	-1	-1	-1	0
4294	4254	4252	1	-1	-1	-1	0
4239	4280	4281	1	-1	-1	-1	0
4259	4292	4250	1	-1	-1	-1	0
4253	4254	4295	1	-1	-1	-1	0
4240	4281	4282	1	-1	-1	-1	0
4253	4295	4257	1	-1	-1	-1	0
4256	4255	4297	1	-1	-1	-1	0
4284	4283	4242	1	-1	-1	-1	0
4243	4282	4285	1	-1	-1	-1	0
4297	4255	4258	1	-1	-1	-1	0
4243	4285	4284	1	-1	-1	-1	0
4258	4257	4298	1	-1	-1	-1	0
4286	4244	4283	1	-1	-1	-1	0
4260	4300	4259	1	-1	-1	-1	0
4286	4287	4247	1	-1	-1	-1	0
4267	4256	4297	1	-1	-1	-1	0
4247	4287	4288	1	-1	-1	-1	0
4262	4303	4260	1	-1	-1	-1	0
4249	4288	4290	1	-1	-1	-1	0
4304	4262	4261	1	-1	-1	-1	0
4291	4289	4249	1	-1	-1	-1	0
4249	4290	4291	1	-1	-1	-1	0
4263	4264	4305	1	-1	-1	-1	0
4263	4305	4265	1	-1	-1	-1	0
4264	4266	4306	1	-1	-1	-1	0
4292	4293	4251	1	-1	-1	-1	0
4280	4278	4279	1	-1	-1	-1	0
4293	4294	4252	1	-1	-1	-1	0
4268	4265	4308	1	-1	-1	-1	0
4267	4310	4266	1	-1	-1	-1	0
4254	4294	4296	1	-1	-1	-1	0
4254	4296	4295	1	-1	-1	-1	0
4269	4268	4308	1	-1	-1	-1	0
4295	4298	4257	1	-1	-1	-1	0
4292	4259	4300	1	-1	-1	-1	0
4270	4269	4312	1	-1	-1	-1	0
4304	4261	4289	1	-1	-1	-1	0
4297	4258	4299	1	-1	-1	-1	0
4299	4258	4298	1	-1	-1	-1	0
4283	4287	4286	1	-1	-1	-1	0
4314	4274	4270	1	-1	-1	-1	0
4274	4315	4273	1	-1	0	-1	0
4300	4260	4302	1	-1	-1	-1	0
4260	4301	4302	1	-1	-1	-1	0
4260	4303	4301	1	-1	-1	-1	0
4277	4276	4316	1	-1	0	-1	0
4303	4262	4304	1	-1	-1	-1	0
4277	4317	4279	1	-1	-1	-1	0
4267	4297	4311	1	-1	-1	-1	0
4305	4264	4307	1	-1	-1	-1	0
4280	4279	4318	1	-1	-1	-1	0
4264	4306	4307	1	-1	-1	-1	0
4308	4265	4305	1	-1	-1	-1	0
4280	4319	4281	1	-1	-1	-1	0
4266	4309	4306	1	-1	-1	-1	0
4281	4319	4282	1	-1	-1	-1	0
4266	4310	4309	1	-1	-1	-1	0
4310	4267	4311	1	-1	-1	-1	0
4285	4282	4321	1	-1	-1	-1	0
4283	4284	4323	1	-1	-1	-1	0
4313	4269	4308	1	-1	-1	-1	0
4283	4322	4287	1	-1	-1	-1	0
4284	4285	4325	1	-1	-1	-1	0
4269	4313	4312	1	-1	-1	-1	0
4314	4270	4312	1	-1	-1	-1	0
4322	4288	4287	1	-1	-1	-1	0
4314	4315	4274	1	0	-1	-1	0
4288	4326	4290	1	-1	-1	-1	0
4291	4327	4289	1	-1	-1	-1	0
4299	4311	4297	1	-1	-1	-1	0
4328	4291	4290	1	-1	-1	-1	0
4316	4317	4277	1	-1	-1	-1	0
4318	4279	4317	1	-1	-1	-1	0
4292	4330	4293	1	-1	-1	-1	0
4294	4293	4331	1	-1	-1	-1	0
4318	4320	4280	1	-1	-1	-1	0
4280	4320	4319	1	-1	-1	-1	0
4289	4327	4304	1	-1	-1	-1	0
4310	4311	4299	1	-1	-1	-1	0
4292	4300	4330	1	-1	-1	-1	0
4296	4294	4332	1	-1	-1	-1	0
4282	4319	4321	1	-1	-1	-1	0
4296	4334	4295	1	-1	-1	-1	0
4295	4333	4298	1	-1	-1	-1	0
4323	4322	4283	1	-1	-1	-1	0
4325	4285	4321	1	-1	-1	-1	0
4324	4323	4284	1	-1	-1	-1	0
4325	4324	4284	1	-1	-1	-1	0
4336	4299	4298	1	-1	-1	-1	0
4326	4288	4322	1	-1	-1	-1	0
4339	4300	4302	1	-1	-1	-1	0
4302	4301	4341	1	-1	-1	-1	0
4326	4328	4290	1	-1	-1	-1	0
4303	4342	4301	1	-1	-1	-1	0
4338	4310	4299	1	-1	-1	-1	0
4329	4327	4291	1	-1	-1	-1	0
4328	4329	4291	1	-1	-1	-1	0
4344	4303	4304	1	-1	-1	-1	0
4331	4293	4330	1	-1	-1	-1	0
4345	4305	4307	1	-1	-1	-1	0
4294	4331	4332	1	-1	-1	-1	0
4305	4345	4308	1	-1	-1	-1	0
4346	4307	4306	1	-1	-1	-1	0
4321	4319	4320	1	-1	-1	-1	0
4309	4346	4306	1	-1	-1	-1	0
4334	4296	4332	1	-1	-1	-1	0
4335	4333	4295	1	-1	-1	-1	0
4308	4345	4313	1	-1	-1	-1	0
4295	4334	4335	1	-1	-1	-1	0
4310	4348	4309	1	-1	-1	-1	0
4333	4337	4298	1	-1	-1	-1	0
4339	4330	4300	1	-1	-1	-1	0
4298	4337	4336	1	-1	-1	-1	0
4336	4338	4299	1	-1	-1	-1	0
4327	4344	4304	1	-1	-1	-1	0
4314	4312	4350	1	-1	-1	0	0
4313	4351	4312	1	-1	-1	-1	0
4341	4301	4340	1	-1	-1	-1	0
4340	4301	4342	1	-1	-1	-1	0
4353	4317	4316	1	-1	-1	0	0
4302	4343	4339	1	-1	-1	-1	0
4341	4343	4302	1	-1	-1	-1	0
4318	4317	4353	1	-1	-1	-1	0
4342	4303	4344	1	-1	-1	-1	0
4354	4320	4318	1	-1	-1	-1	0
4310	4338	4348	1	-1	-1	-1	0
4320	4356	4321	1	-1	-1	-1	0
4347	4345	4307	1	-1	-1	-1	0
4307	4346	4347	1	-1	-1	-1	0
4357	4322	4323	1	-1	-1	-1	0
4356	4325	4321	1	-1	-1	-1	0
4346	4309	4349	1	-1	-1	-1	0
4335	4337	4333	1	-1	-1	-1	0
4324	4358	4323	1	-1	-1	-1	0
4357	4326	4322	1	-1	-1	-1	0
4349	4309	4348	1	-1	-1	-1	0
4324	4325	4359	1	-1	-1	-1	0
4313	4345	4352	1	-1	-1	-1	0
4351	4350	4312	1	-1	-1	-1	0
4328	4326	4361	1	-1	-1	-1	0
4351	4313	4352	1	-1	-1	-1	0
4329	4363	4327	1	-1	-1	-1	0
4364	4329	4328	1	-1	-1	-1	0
4318	4353	4354	1	-1	0	-1	0
4367	4331	4330	1	-1	-1	-1	0
4355	4320	4354	1	-1	-1	0	0
4332	4331	4367	1	-1	-1	-1	0
4355	4356	4320	1	-1	-1	-1	0
4332	4368	4334	1	-1	-1	-1	0
4344	4327	4363	1	-1	-1	-1	0
4366	4330	4339	1	-1	-1	-1	0
4334	4368	4335	1	-1	-1	-1	0
4323	4358	4357	1	-1	-1	-1	0
4335	4369	4337	1	-1	-1	-1	0
4324	4359	4358	1	-1	-1	-1	0
4360	4325	4356	1	-1	-1	-1	0
4337	4371	4336	1	-1	-1	-1	0
4325	4360	4359	1	-1	-1	-1	0
4336	4371	4338	1	-1	-1	-1	0
4362	4326	4357	1	-1	-1	-1	0
4366	4339	4343	1	-1	-1	-1	0
4362	4361	4326	1	-1	-1	-1	0
4361	4364	4328	1	-1	-1	-1	0
4341	4340	4374	1	-1	-1	-1	0
4340	4342	4375	1	-1	-1	-1	0
4365	4363	4329	1	-1	-1	-1	0
4329	4364	4365	1	-1	-1	-1	0
4338	4373	4348	1	-1	-1	-1	0
4341	4376	4343	1	-1	-1	-1	0
4330	4366	4367	1	-1	-1	-1	0
4344	4378	4342	1	-1	-1	-1	0
4368	4332	4367	1	-1	-1	-1	0
4347	4380	4345	1	-1	-1	-1	0
4335	4368	4370	1	-1	-1	-1	0
4369	4335	4370	1	-1	-1	-1	0
4346	4381	4347	1	-1	-1	-1	0
4349	4381	4346	1	-1	-1	-1	0
4345	4380	4352	1	-1	-1	-1	0
4337	4369	4372	1	-1	-1	-1	0
4382	4349	4348	1	-1	-1	-1	0
4371	4337	4372	1	-1	-1	-1	0
4371	4373	4338	1	-1	-1	-1	0
4366	4343	4376	1	-1	-1	-1	0
4344	4363	4378	1	-1	-1	-1	0
4351	4385	4350	1	-1	0	-1	0
4385	4351	4352	1	-1	-1	-1	0
4340	4375	4374	1	-1	-1	-1	0
4341	4374	4377	1	-1	-1	-1	0
4377	4376	4341	1	-1	-1	-1	0
4375	4342	4379	1	-1	-1	-1	0
4356	4355	4388	1	-1	0	-1	0
4342	4378	4379	1	-1	-1	-1	0
4382	4348	4373	1	-1	-1	-1	0
4356	4388	4360	1	-1	-1	-1	0
4357	4358	4389	1	-1	-1	-1	0
4390	4358	4359	1	-1	-1	-1	0
4357	4389	4362	1	-1	-1	-1	0
4381	4380	4347	1	-1	-1	-1	0
4360	4391	4359	1	-1	-1	-1	0
4382	4383	4349	1	-1	-1	-1	0
4349	4384	4381	1	-1	-1	-1	0
4361	4362	4392	1	-1	-1	-1	0
4384	4349	4383	1	-1	-1	-1	0
4364	4361	4393	1	-1	-1	-1	0
4352	4380	4387	1	-1	-1	-1	0
4385	4352	4386	1	-1	-1	0	0
4396	4363	4365	1	-1	-1	-1	0
4352	4387	4386	1	-1	-1	-1	0
4365	4364	4397	1	-1	-1	-1	0
4366	4400	4367	1	-1	-1	-1	0
4368	4367	4401	1	-1	-1	-1	0
4358	4390	4389	1	-1	-1	-1	0
4363	4396	4378	1	-1	-1	-1	0
4360	4388	4391	1	-1	0	-1	0
4401	4370	4368	1	-1	-1	-1	0
4391	4390	4359	1	-1	-1	-1	0
4366	4376	4400	1	-1	-1	-1	0
4370	4403	4369	1	-1	-1	-1	0
4372	4369	4402	1	-1	-1	-1	0
4361	4392	4393	1	-1	-1	-1	0
4362	4389	4395	1	-1	-1	-1	0
4387	4380	4381	1	-1	-1	-1	0
4394	4392	4362	1	-1	-1	-1	0
4371	4372	4405	1	-1	-1	-1	0
4373	4371	4406	1	-1	-1	-1	0
4362	4395	4394	1	-1	0	-1	0
4384	4387	4381	1	-1	-1	-1	0
4396	4379	4378	1	-1	-1	-1	0
4397	4364	4393	1	-1	-1	-1	0
4410	4374	4375	1	-1	-1	-1	0
4365	4398	4396	1	-1	-1	-1	0
4399	4365	4397	1	-1	-1	-1	0
4377	4374	4410	1	-1	-1	-1	0
4399	4398	4365	1	-1	-1	-1	0
4373	4409	4382	1	-1	-1	-1	0
4411	4375	4379	1	-1	-1	-1	0
4377	4413	4376	1	-1	-1	-1	0
4367	4400	4401	1	-1	-1	-1	0
4395	4389	4390	1	-1	-1	-1	0
4383	4382	4409	1	-1	-1	-1	0
4369	4403	4402	1	-1	-1	-1	0
4404	4370	4401	1	-1	-1	-1	0
4370	4404	4403	1	-1	-1	-1	0
4402	4407	4372	1	-1	-1	-1	0
4405	4406	4371	1	-1	-1	-1	0
4407	4405	4372	1	-1	-1	-1	0
4384	4383	4418	1	-1	-1	-1	0
4408	4373	4406	1	-1	-1	-1	0
4376	4413	4400	1	-1	-1	-1	0
4373	4408	4409	1	-1	-1	-1	0
4419	4387	4384	1	-1	-1	-1	0
4416	4379	4396	1	-1	-1	-1	0
4419	4386	4387	1	0	-1	-1	0
4412	4410	4375	1	-1	-1	-1	0
4375	4411	4412	1	-1	-1	-1	0
4410	4414	4377	1	-1	-1	-1	0
4391	4420	4390	1	0	-1	-1	0
4413	4377	4415	1	-1	-1	-1	0
4395	4390	4420	1	-1	-1	0	0
4416	4411	4379	1	-1	-1	-1	0
4377	4414	4415	1	-1	-1	-1	0
4392	4422	4393	1	-1	-1	-1	0
4421	4392	4394	1	-1	-1	0	0
4409	4417	4383	1	-1	-1	-1	0
4424	4397	4393	1	-1	-1	-1	0
4383	4417	4418	1	-1	0	-1	0
4396	4398	4425	1	-1	-1	-1	0
4397	4424	4399	1	-1	-1	-1	0
4418	4419	4384	1	0	-1	-1	0
4426	4398	4399	1	-1	-1	-1	0
4401	4400	4428	1	-1	-1	-1	0
4401	4429	4404	1	-1	-1	-1	0
4403	4430	4402	1	-1	-1	-1	0
4392	4421	4422	1	-1	0	-1	0
4416	4396	4425	1	-1	-1	-1	0
4403	4404	4431	1	-1	-1	-1	0
4393	4422	4423	1	-1	0	-1	0
4407	4402	4430	1	-1	-1	-1	0
4393	4423	4424	1	-1	-1	-1	0
4413	4428	4400	1	-1	-1	-1	0
4405	4433	4406	1	-1	-1	-1	0
4433	4405	4407	1	-1	-1	-1	0
4434	4408	4406	1	-1	-1	-1	0
4426	4425	4398	1	-1	-1	-1	0
4424	4427	4399	1	-1	-1	-1	0
4399	4427	4426	1	-1	-1	-1	0
4408	4437	4409	1	-1	-1	-1	0
4428	4429	4401	1	-1	-1	-1	0
4412	4439	4410	1	-1	-1	-1	0
4438	4414	4410	1	-1	-1	-1	0
4417	4409	4437	1	-1	-1	0	0
4440	4412	4411	1	-1	-1	-1	0
4431	4404	4429	1	-1	-1	-1	0
4430	4403	4432	1	-1	-1	-1	0
4403	4431	4432	1	-1	-1	-1	0
4440	4411	4416	1	-1	-1	-1	0
4414	4438	4415	1	-1	-1	-1	0
4413	4415	4442	1	-1	-1	-1	0
4430	4435	4407	1	-1	-1	-1	0
4434	4406	4433	1	-1	-1	-1	0
4435	4433	4407	1	-1	-1	-1	0
4408	4434	4436	1	-1	-1	-1	0
4408	4436	4437	1	-1	0	-1	0
4442	4428	4413	1	-1	-1	-1	0
4425	4445	4416	1	-1	-1	-1	0
4439	4438	4410	1	-1	-1	-1	0
4439	4412	4441	1	-1	-1	-1	0
4440	4441	4412	1	-1	-1	-1	0
4424	4423	4447	1	-1	0	-1	0
4445	4425	4426	1	-1	-1	-1	0
4415	4438	4444	1	-1	-1	-1	0
4447	4427	4424	1	-1	-1	-1	0
4429	4428	4442	1	-1	-1	-1	0
4442	4415	4443	1	-1	-1	-1	0
4448	4426	4427	1	-1	-1	-1	0
4446	4440	4416	1	-1	-1	-1	0
4444	4443	4415	1	-1	-1	-1	0
4416	4445	4446	1	-1	-1	-1	0
4431	4429	4451	1	-1	-1	-1	0
4452	4430	4432	1	-1	-1	-1	0
4432	4431	4451	1	-1	-1	-1	0
4430	4452	4435	1	-1	-1	-1	0
4448	4445	4426	1	-1	-1	-1	0
4442	4450	4429	1	-1	-1	-1	0
4454	4434	4433	1	-1	-1	-1	0
4454	4433	4435	1	-1	-1	-1	0
4449	4427	4447	1	-1	-1	0	0
4448	4427	4449	1	-1	-1	-1	0
4436	4434	4455	1	-1	-1	0	0
4429	4450	4451	1	-1	-1	-1	0
4439	4456	4438	1	-1	-1	-1	0
4453	4432	4451	1	-1	-1	-1	0
4452	4432	4453	1	-1	-1	-1	0
4438	4456	4444	1	-1	-1	-1	0
4458	4439	4441	1	-1	-1	-1	0
4445	4448	4446	1	-1	-1	-1	0
4440	4459	4441	1	-1	-1	-1	0
4435	4452	4454	1	-1	-1	-1	0
4434	4454	4455	1	-1	-1	-1	0
4442	4443	4461	1	-1	-1	-1	0
4446	4460	4440	1	-1	-1	-1	0
4444	4462	4443	1	-1	-1	-1	0
4457	4456	4439	1	-1	-1	-1	0
4461	4450	4442	1	-1	-1	-1	0
4439	4458	4457	1	-1	-1	-1	0
4459	4458	4441	1	-1	-1	-1	0
4459	4440	4460	1	-1	-1	-1	0
4448	4465	4446	1	-1	-1	-1	0
4448	4449	4465	1	-1	0	-1	0
4456	4464	4444	1	-1	-1	-1	0
4443	4462	4461	1	-1	-1	-1	0
4451	4450	4466	1	-1	-1	-1	0
4444	4463	4462	1	-1	-1	-1	0
4460	4446	4465	1	-1	-1	-1	0
4463	4444	4464	1	-1	-1	-1	0
4467	4453	4451	1	-1	-1	-1	0
4453	4468	4452	1	-1	-1	-1	0
4454	4452	4468	1	-1	-1	-1	0
4457	4464	4456	1	-1	-1	-1	0
4461	4466	4450	1	-1	-1	-1	0
4454	4471	4455	1	-1	0	-1	0
4451	4466	4467	1	-1	-1	-1	0
4457	4458	4472	1	-1	-1	-1	0
4453	4467	4470	1	-1	-1	-1	0
4473	4458	4459	1	-1	-1	-1	0
4468	4453	4469	1	-1	-1	0	0
4460	4473	4459	1	-1	-1	-1	0
4469	4453	4470	1	-1	-1	-1	0
4464	4457	4472	1	-1	-1	-1	0
4471	4454	4468	1	-1	-1	0	0
4460	4465	4474	1	-1	0	-1	0
4462	4477	4461	1	-1	-1	-1	0
4463	4477	4462	1	-1	-1	-1	0
4476	4466	4461	1	-1	-1	-1	0
4473	4472	4458	1	-1	-1	-1	0
4463	4464	4478	1	-1	-1	-1	0
4475	4473	4460	1	-1	-1	-1	0
4460	4474	4475	1	-1	0	-1	0
4477	4476	4461	1	-1	-1	-1	0
4481	4467	4466	1	-1	-1	-1	0
4464	4472	4480	1	-1	-1	-1	0
4470	4467	4481	1	-1	-1	-1	0
4479	4477	4463	1	-1	-1	-1	0
4463	4478	4479	1	-1	-1	-1	0
4482	4469	4470	1	0	-1	-1	0
4480	4478	4464	1	-1	-1	-1	0
4481	4466	4476	1	-1	-1	-1	0
4473	4484	4472	1	-1	-1	-1	0
4470	4481	4482	1	-1	-1	-1	0
4473	4475	4485	1	-1	0	-1	0
4483	4480	4472	1	-1	-1	-1	0
4472	4484	4483	1	-1	-1	-1	0
4477	4487	4476	1	-1	-1	-1	0
4484	4473	4485	1	-1	-1	-1	0
4476	4486	4481	1	-1	-1	-1	0
4488	4477	4479	1	-1	-1	-1	0
4479	4478	4489	1	-1	-1	-1	0
4478	4480	4489	1	-1	-1	-1	0
4487	4486	4476	1	-1	-1	-1	0
4487	4477	4488	1	-1	-1	-1	0
4483	4492	4480	1	-1	-1	-1	0
4493	4482	4481	1	-1	-1	-1	0
4488	4479	4490	1	-1	-1	-1	0
4491	4479	4489	1	-1	-1	-1	0
4486	4493	4481	1	-1	-1	-1	0
4490	4479	4491	1	-1	-1	-1	0
4489	4480	4492	1	-1	-1	-1	0
4484	4495	4483	1	-1	-1	-1	0
4484	4485	4495	1	-1	0	-1	0
4482	4493	4494	1	-1	-1	0	0
4496	4486	4487	1	-1	-1	-1	0
4495	4492	4483	1	-1	-1	-1	0
4487	4488	4497	1	-1	-1	-1	0
4493	4486	4496	1	-1	-1	-1	0
4488	4490	4497	1	-1	-1	-1	0
4498	4491	4489	1	-1	-1	-1	0
4492	4498	4489	1	-1	-1	-1	0
4497	4496	4487	1	-1	-1	-1	0
4491	4500	4490	1	-1	-1	-1	0
4496	4494	4493	1	-1	-1	-1	0
4499	4497	4490	1	-1	-1	-1	0
4495	4502	4492	1	0	-1	-1	0
4499	4490	4500	1	-1	-1	-1	0
4491	4498	4501	1	-1	-1	-1	0
4501	4500	4491	1	-1	-1	-1	0
4503	4498	4492	1	-1	-1	-1	0
4496	4504	4494	1	-1	0	-1	0
4502	4503	4492	1	0	-1	-1	0
4497	4504	4496	1	-1	-1	-1	0
4504	4497	4499	1	-1	-1	-1	0
4501	4498	4505	1	-1	-1	-1	0
4507	4499	4500	1	-1	-1	-1	0
4505	4498	4503	1	-1	-1	0	0
4504	4499	4506	1	-1	-1	0	0
4509	4500	4501	1	-1	-1	-1	0
4506	4499	4507	1	-1	-1	0	0
4508	4507	4500	1	-1	-1	-1	0
4510	4501	4505	1	-1	-1	-1	0
4509	4508	4500	1	-1	-1	-1	0
4510	4509	4501	1	-1	-1	-1	0
4511	4510	4505	1	-1	-1	0	0
4508	4512	4507	1	-1	0	-1	0
4508	4509	4513	1	-1	-1	-1	0
4510	4514	4509	1	-1	-1	-1	0
4513	4512	4508	1	-1	-1	-1	0
4513	4509	4514	1	-1	-1	-1	0
4510	4511	4515	1	-1	-1	-1	0
4510	4515	4514	1	-1	-1	-1	0
4511	4516	4515	1	0	-1	-1	0
4512	4513	4517	1	-1	-1	0	0
4514	4518	4513	1	-1	-1	-1	0
4519	4514	4515	1	-1	-1	-1	0
4517	4513	4518	1	-1	-1	-1	0
4516	4519	4515	1	-1	-1	-1	0
4514	4519	4518	1	-1	-1	-1	0
4519	4516	4520	1	-1	0	-1	0
4518	4521	4517	1	-1	0	-1	0
4519	4522	4518	1	-1	-1	-1	0
4521	4518	4522	1	-1	-1	-1	0
4519	4520	4522	1	-1	-1	-1	0
4523	4522	4520	1	-1	-1	0	0
4524	4521	4522	1	0	-1	-1	0
4522	4523	4524	1	-1	-1	-1	0
4524	4523	4525	1	-1	0	0	0
2
1	0
1	0
0
0
