[Format]      =  4.0
[Frequency]   =  0
[Precision]   =  9.9999999999999998e-013
[MinAngle]    =  30
[DoSmartMesh] =  1
[Depth]       =  0.040000000000000001
[LengthUnits] =  meters
[ProblemType] =  planar
[Coordinates] =  cartesian
[ACSolver]    =  0
[PrevType]    =  0
[PrevSoln]    =  ""
[Comment]     =  "Add comments here."
[PointProps]   = 0
[BdryProps]   = 1
  <BeginBdry>
    <BdryName> = "A=0"
    <BdryType> = 0
    <A_0> = 0
    <A_1> = 0
    <A_2> = 0
    <Phi> = 0
    <c0> = 0
    <c0i> = 0
    <c1> = 0
    <c1i> = 0
    <Mu_ssd> = 0
    <Sigma_ssd> = 0
    <innerangle> = 0
    <outerangle> = 0
  <EndBdry>
[BlockProps]  = 3
  <BeginBlock>
    <BlockName> = "iron"
    <Mu_x> = 1
    <Mu_y> = 1
    <H_c> = 0
    <H_cAngle> = 0
    <J_re> = 0
    <J_im> = 0
    <Sigma> = 7.6361525500000011
    <d_lam> = 0
    <Phi_h> = 0
    <Phi_hx> = 0
    <Phi_hy> = 0
    <LamType> = 0
    <LamFill> = 1
    <NStrands> = 0
    <WireD> = 0
  <EndBlock>
  <BeginBlock>
    <BlockName> = "NdFeB"
    <Mu_x> = 1.05
    <Mu_y> = 1.05
    <H_c> = 727180
    <H_cAngle> = 0
    <J_re> = 0
    <J_im> = 0
    <Sigma> = 0.65961899999999996
    <d_lam> = 0
    <Phi_h> = 0
    <Phi_hx> = 0
    <Phi_hy> = 0
    <LamType> = 0
    <LamFill> = 1
    <NStrands> = 0
    <WireD> = 0
    <BHPoints> = 0
  <EndBlock>
  <BeginBlock>
    <BlockName> = "air"
    <Mu_x> = 1
    <Mu_y> = 1
    <H_c> = 0
    <H_cAngle> = 0
    <J_re> = 0
    <J_im> = 0
    <Sigma> = 0
    <d_lam> = 0
    <Phi_h> = 0
    <Phi_hx> = 0
    <Phi_hy> = 0
    <LamType> = 0
    <LamFill> = 1
    <NStrands> = 0
    <WireD> = 0
    <BHPoints> = 0
  <EndBlock>
[CircuitProps]  = 0
[NumPoints] = 12
-0.01	-0.01	0	0
-0.01	0.11	0	0
0.11	0.11	0	0
0.11	-0.01	0	0
0	0	0	0
0	0.0050000000000000001	0	0
0.10000000000000001	0.0050000000000000001	0	0
0.10000000000000001	0	0	0
0.029999999999999999	0.044999999999999998	0	0
0.029999999999999999	0.055	0	0
0.070000000000000007	0.055	0	0
0.070000000000000007	0.044999999999999998	0	0
[NumSegments] = 12
0	1	-1	1	0	3
1	2	-1	1	0	3
2	3	-1	1	0	3
3	0	-1	1	0	3
4	5	-1	0	0	1
5	6	-1	0	0	1
6	7	-1	0	0	1
7	4	-1	0	0	1
8	9	-1	0	0	2
9	10	-1	0	0	2
10	11	-1	0	0	2
11	8	-1	0	0	2
[NumArcSegments] = 0
[NumHoles] = 0
[NumBlockLabels] = 3
0.050000000000000003	0.0025000000000000001	1	-1	0	0	1	1	0
0.050000000000000003	0.050000000000000003	2	-1	0	90	2	1	0
0.081332495807437219	0.081332495807437219	3	-1	0	0	3	1	0
[Solution]
4786
-0.01	-0.01	0	-1	
-0.0098683333333333331	-0.01	0	-1	
-0.01	-0.0098683333333333331	0	-1	
-0.0094006119791666676	-0.01	0	-1	
-0.0097230295384454386	-0.0097230295384454386	2.9709494616933933e-008	-1	
-0.01	-0.0094006119791666676	0	-1	
-0.0089328906250000003	-0.01	0	-1	
-0.0091667513020833331	-0.0094016197707915	1.9060442423197642e-007	-1	
-0.0095830921934685412	-0.0091667513020833348	1.3546935157152125e-007	-1	
-0.01	-0.0089328906250000003	0	-1	
-0.0079974479166666675	-0.01	0	-1	
-0.0084651692708333347	-0.0094723146343151099	3.048971946210476e-007	-1	
-0.0089982929832739689	-0.0086165524718692741	5.691132921953219e-007	-1	
-0.0095488843086602541	-0.0086172232517045064	2.6357518715622543e-007	-1	
-0.01	-0.0079974479166666675	0	-1	
-0.0061265625000000001	-0.01	0	-1	
-0.0073851265224962595	-0.0089861319232854495	1.0219767405520658e-006	-1	
-0.00927440917775974	-0.0079433767281842441	6.1935569935046409e-007	-1	
-0.0080568645490496672	-0.0078371920909703057	1.7092511542465572e-006	-1	
-0.01	-0.0070620052083333338	0	-1	
-0.0042556770833333327	-0.01	0	-1	
-0.0058785864975906994	-0.0073344809602153612	4.0851578609482969e-006	-1	
-0.008687216323953223	-0.0065942838541666673	1.9042621029833742e-006	-1	
-0.0071913329559504854	-0.0066169318548125987	3.8224000900273373e-006	-1	
-0.01	-0.0061265625000000001	0	-1	
-0.0023847916666666661	-0.01	0	-1	
-0.0019645705306159372	-0.0080499628063268169	4.1145037458201884e-006	-1	
-0.0037859348412672611	-0.0072364132332962752	5.4525779875718099e-006	-1	
-0.0055634761554914716	-0.0061277405539168417	6.5147152925296366e-006	-1	
-0.0079218346506426257	-0.0054537097088797224	4.0090585342364196e-006	-1	
-0.0066005604072572653	-0.0054349395791551177	6.3796892640926325e-006	-1	
-0.01	-0.002384791666666667	0	-1	
-0.0085937247568826283	-0.0042556770833333335	3.7408477859133364e-006	-1	
-0.00051390624999999939	-0.01	0	-1	
-0.00028826223431352286	-0.0072531776081017482	5.8230662602179469e-006	-1	
-0.0017186035000541305	-0.0060703842956914963	8.8579162289802284e-006	-1	
-0.0040633089528018468	-0.0057018212786252983	8.9136580727460906e-006	-1	
-0.0053959173778381246	-0.0048918437168294065	9.317628334033313e-006	-1	
-0.0067710889172813279	-0.0034491300237278	9.7814669130358431e-006	-1	
-0.01	-0.00051390625000000047	0	-1	
-0.0081521583294950854	-0.0021978665051745486	7.6108348684166546e-006	-1	
0.0013569791666666671	-0.01	0	-1	
0.0001470828313385621	-0.0052177742151918978	1.0597237836549731e-005	-1	
0.0015616326133314792	-0.0074040590483763413	4.9756717373826606e-006	-1	
-0.0027440975911473377	-0.004951824992097416	1.1778358639268997e-005	-1	
-0.0012743492754944371	-0.0037388353380981374	1.5830297453837697e-005	-1	
-0.004038098508028309	-0.0041591241193622052	1.3354455074744523e-005	-1	
-0.004326379721635262	-0.0026433919419623191	1.8005200751015493e-005	-1	
-0.0064161851605346407	-0.0015376718278992208	1.5943980937545967e-005	-1	
-0.01	0.0013569791666666661	0	-1	
-0.007723980968149663	-0.00039062440670392147	1.2999609865282648e-005	-1	
0.0032278645833333343	-0.01	0	-1	
0.0022935463262841057	-0.0049050402860737379	9.4756078185787714e-006	-1	
0.00057925755089996292	-0.003212542445972421	1.5735753772725844e-005	-1	
0.002891070874778781	-0.0064367345243820824	6.1659421925300684e-006	-1	
0.004163307291666668	-0.0085754538130015916	2.1357726134560803e-006	-1	
-0.0030031043924895274	-0.003176995199912022	1.7756004274599227e-005	-1	
-0.00029776382581224057	-0.0020777744317413021	2.1506201835786047e-005	-1	
-0.0021586920233799055	-0.0020268831251493216	2.3647508017643133e-005	-1	
-0.0028932303609094045	-0.00090412888301268622	2.9367377395328867e-005	-1	
-0.0048747335645942334	-0.00073146178190687018	2.4826906589308534e-005	-1	
-0.0062095664635629048	0.00018956769658715381	2.2956760549050298e-005	-1	
-0.01	0.0032278645833333326	0	-1	
-0.0075173622711779279	0.0013366151177824537	1.8564664275775286e-005	-1	
-0.0077145978787749063	0.0031270674775971024	2.2235761876633284e-005	-1	
0.0050987500000000009	-0.01	0	-1	
0.0039757104133371756	-0.0039895153875507457	8.9364252797337334e-006	-1	
0.0018449870617158394	-0.0025381584701974855	1.5030478126121833e-005	-1	
0.00069980942391251796	-0.0017834405646338753	1.9937406877267798e-005	-1	
0.0044689080372610126	-0.0068988521656930006	4.4815006678273718e-006	-1	
0.0060574654651358358	-0.0080545570925140524	2.3069683873651609e-006	-1	
-0.00089789832712500563	-0.001228290238700074	2.7214410665473165e-005	-1	
0.00011908907474951144	-0.0011248743985866787	2.4594809556536166e-005	-1	
-0.001575210038212546	-0.00065323829631306414	3.2082500246564227e-005	-1	
-0.0019847505911777309	8.3184727510685546e-005	3.8124213353835775e-005	-1	
-0.0033304007359016329	0.00052201537713506365	3.8221666040301273e-005	-1	
-0.0043172581811130924	0.0016746125239495474	4.2512960488537198e-005	-1	
-0.0058318161350368256	0.0017667103209945091	3.2771773151478286e-005	-1	
-0.01	0.0050987499999999982	0	-1	
-0.0060726345439354127	0.0033491390395593026	3.9272734899843426e-005	-1	
-0.0078986781485821164	0.0054425702615170449	2.6473858534362708e-005	-1	
-0.0062608182233823695	0.0049386864777293199	4.4806864954654217e-005	-1	
0.0069696354166666674	-0.01	0	-1	
0.0058847878644142345	-0.0041421100839714921	6.6535936443291625e-006	-1	
0.0040959385793099563	-0.0020781266139901586	1.1014234819329217e-005	-1	
0.0013316959400793491	-0.0012663239040874622	1.91029839838565e-005	-1	
0.0022175204960783197	-0.00084995162328479199	1.668888157036582e-005	-1	
0.00059629785802115334	-0.00091152837024683405	2.3222508713499659e-005	-1	
0.0063202403966739042	-0.0061077345749511666	4.2943140397375077e-006	-1	
0.0079050781250000011	-0.008374825711340135	1.4726559929947071e-006	-1	
0.0082284813145088679	-0.0064612511181218624	2.9829194849004526e-006	-1	
-0.00068736356707298782	-0.00068736356707298967	3.0379898155718942e-005	-1	
-0.00011991191232977325	-0.00056519495900649898	2.8883850516978804e-005	-1	
0.00024053699382871015	-0.0005285414799372142	2.6793612707516345e-005	-1	
-0.0011430557127256671	0.00012308543086676739	3.8666331033946889e-005	-1	
-0.0019738086997850906	0.00092575378079563482	4.649577646793578e-005	-1	
-0.0034011692465258959	0.0028842194286673871	5.9619817193803193e-005	-1	
-0.0019622377806653118	0.0024335610730976754	6.3718251530470133e-005	-1	
-0.0047155745499922672	0.0041979395627931735	5.88418489356993e-005	-1	
-0.01	0.0069696354166666648	0	-1	
-0.006143687682336918	0.0066482959180676551	5.5537302985256107e-005	-1	
-0.0081806053719645604	0.0075530874815822593	2.7718756921491571e-005	-1	
-0.0035012358807132073	0.0056181493931961235	8.6606518523918075e-005	-1	
0.0088405208333333339	-0.01	0	-1	
0.0065919024808627439	-0.0026903975983782482	7.0124605849781337e-006	-1	
0.0085662723008237372	-0.0045501638369231691	4.1756994927670213e-006	-1	
0.0055860156250000003	-0.0014271985424789005	9.0040860075743845e-006	-1	
0.0032484375	0	1.4131206138993036e-005	-1	
0.0048068229166666667	0	1.0711709376736025e-005	-1	
0.0013004557291666666	-0.00045041075972082086	2.0623624961943516e-005	-1	
0.0016900520833333333	0	1.9039919473114219e-005	-1	
0.00070700826649644022	-0.00040065856677904056	2.3948528596127134e-005	-1	
0.010711406250000001	-0.0078413217522728153	1.3032229834686825e-006	-1	
0.010206829420953698	-0.0058255342007420803	2.621378502213261e-006	-1	
-0.00056519495900649833	-0.00011991191232977475	3.5080617829960413e-005	-1	
-0.00016831258512216499	-0.00016831258512216561	3.2536384976395768e-005	-1	
6.5833333333333325e-005	-0.00021113712822122749	2.9998800189218068e-005	-1	
0.00032646484374999993	-0.00017657089013369952	2.7468101783240343e-005	-1	
-0.00052949212973431151	0.0002515785789964386	3.9272210706385397e-005	-1	
-0.00083407915832305513	0.00073748913248261822	4.554602634054149e-005	-1	
-0.00064217056887281849	0.0017048366579455001	5.8167654581346375e-005	-1	
-0.0029092555533472546	0.0046762972202409976	8.4426377401441961e-005	-1	
-0.0019738086997850741	0.0040742462192043657	8.6977473670788049e-005	-1	
-0.00064217056887281849	0.0032951633420545009	8.3371986974548773e-005	-1	
-0.01	0.0088405208333333322	0	-1	
-0.0051287977854263412	0.0079837379919382237	7.8716405063372231e-005	-1	
-0.0063364278705639876	0.0091477983911380806	6.3093857225137961e-005	-1	
-0.0083434042332285342	0.009775963541666665	2.9505259011956268e-005	-1	
-0.0019775943350495585	0.0052841899723022846	0.00010534518425478718	-1	
-0.0034868940703904295	0.0076408688827053284	0.00010432720228042122	-1	
-0.002057798726230266	0.0062093360266159345	0.00011613691522721892	-1	
0.010711406250000001	-0.01	0	-1	
0.0090557735825566501	-0.0029699236105594964	4.6471118210733941e-006	-1	
0.0079235937499999992	-0.0017771185690963747	6.0598298771460232e-006	-1	
0.01017151763171476	-0.0041781165822970881	3.4493722749790146e-006	-1	
0.006365208333333333	0	8.2371630661176708e-006	-1	
0.0021634401870679787	0.00083308918397891594	4.8830980592761686e-005	-1	
0.0030147860963656448	0.0017116946937155192	8.8782850666367118e-005	-1	
0.0050691525075694218	0.0017621310893924896	0.00010583921342343942	-1	
0.00091085937499999989	0	2.3009456956229331e-005	-1	
0.0013004557291666666	0.00041668588110906855	3.3794653604977462e-005	-1	
0.00052126302083333321	0	2.5828406549046432e-005	-1	
0.012283563479486564	-0.0083688324999253248	7.8320636790606922e-007	-1	
0.012074071800638176	-0.0067238221110192068	1.5819641613317241e-006	-1	
0.012004076542345542	-0.0049629236145366483	2.3325741709229788e-006	-1	
-0.00021113712822122717	6.5833333333332675e-005	3.5765115647732344e-005	-1	
0	0	3.2916278807360433e-005	-1	
0.00013166666666666665	0	3.016321393111936e-005	-1	
-0.00016198554226293159	0.00027968749999999999	3.8801969886833827e-005	-1	
-0.00028388279570968077	0.00057572916666666666	4.3181876633817233e-005	-1	
-0.00033489221621916789	0.0010197916666666667	4.9156018379949094e-005	-1	
0	0.0025000000000000001	7.0897973021490958e-005	-1	
0	0.0013158333333333334	5.3120802764953171e-005	-1	
-0.00083407915832305751	0.0042625108675173815	0.00010145026324058847	-1	
-0.0011430557127256658	0.0048769145691332219	0.00011092578324187969	-1	
-0.00033489221621916783	0.0039802083333333339	9.8412526850474426e-005	-1	
0	0.0036841666666666672	9.2132557454646657e-005	-1	
-0.01	0.01071140625	0	-1	
-0.0043565562525463564	0.009856779316693251	0.00010296731575916786	-1	
-0.0070153481101931621	0.011138178476663122	5.7114503703949613e-005	-1	
-0.0082727295900133294	0.012345811580877906	3.4950041495862765e-005	-1	
-0.0010926763184601377	0.0055657003097540876	0.00012478083891182343	-1	
-0.0014953051734763515	0.0072870702302880556	0.00013868804932650166	-1	
-0.0022693679285942956	0.008712132531485282	0.00013574929230158791	-1	
-0.00089789832712500618	0.0062282902387000762	0.00013918963488748776	-1	
0.012582291666666669	-0.01	0	-1	
0.010659147047122538	-0.0026041250685806703	3.7384173742198341e-006	-1	
0.0095702715055060728	-0.001528214193103477	4.7008162608321049e-006	-1	
0.0079235937499999992	0	6.3673363419542491e-006	-1	
0.012393194452593088	-0.0031782357591065174	2.7287819549668153e-006	-1	
0.0065330597400754444	0.0022250771108817528	0.00014398323526310634	-1	
0.0010573822899950956	0.0010951319041583782	5.3111226496604418e-005	-1	
0.0018437428736126904	0.0020658066385320713	9.0162213608294527e-005	-1	
0.0033501830874210787	0.0028882346876844228	0.00014423423906607182	-1	
0.0055860156250000003	0.0034335682561936025	0.00020515242437239603	-1	
0.00073113371949794161	0.00045253127136170583	3.6446600498213014e-005	-1	
0.00027697046155456082	0.00027697046155456082	3.5080674798331114e-005	-1	
0.013756467530075594	-0.0076583305886381951	9.0319155293427305e-007	-1	
0.013691580580294309	-0.0060243021335823106	1.4770842271628409e-006	-1	
0.014566595829531494	-0.0039059194115660554	1.8235988138833993e-006	-1	
0	0.00013166666666666665	3.5992201442537906e-005	-1	
0	0.00042770833333333333	4.093115520624705e-005	-1	
0	0.00072375	4.5123959638032336e-005	-1	
0.00064505212002429857	0.0032859217860806366	0.00010481906793378234	-1	
0.00064505212002429835	0.0017140782139193635	6.5484489639023512e-005	-1	
0.0003406553185221276	0.0010197916666666667	4.9615637543571767e-005	-1	
-0.00028388279570968185	0.0044242708333333339	0.00011032259657928424	-1	
-0.00052949212973430848	0.0047484214210035593	0.00011731896126748952	-1	
-0.00056519495900650071	0.0051199119123297721	0.00012691581150921135	-1	
0	0.0042762500000000005	0.00010676704037250174	-1	
0.00034065531852212771	0.0039802083333333339	0.00011403907720591744	-1	
-0.01	0.012582291666666665	0	-1	
-0.0040994465543364913	0.011594989231804782	0.0001167651288146503	-1	
-0.0023883056544249676	0.011195644860922222	0.000149761212763348	-1	
-0.0066843501161717956	0.01306444677850538	6.9351175578600128e-005	-1	
-0.0081561765726277449	0.014202890852908424	4.0155321218740305e-005	-1	
-0.00011991191232977385	0.0055651949590065	0.0001483513217902605	-1	
-0.00029776382581223965	0.0070777744317413035	0.00016296491829718429	-1	
-0.00070184846320409642	0.008296370055091434	0.0001647924244254995	-1	
-0.0014297103971938863	0.0099969486992915954	0.00016195000670321937	-1	
0.00011908907474951144	0.0061248743985866791	0.00016321343705763921	-1	
0.014453177083333334	-0.01	0	-1	
0.011819557291666666	-0.0014440316485706522	3.3100972054256584e-006	-1	
0.0094819791666666663	0	4.9486470093682485e-006	-1	
0.011040364583333333	0	3.8801284998568937e-006	-1	
0.0080139027639759604	0.0023769904890973094	0.0001651228838179835	-1	
0.013995881920231979	-0.0016861260254450242	2.364354894099062e-006	-1	
0.0071864750261229557	0.0036144625391037518	0.00023800593975368135	-1	
0.0016432771350190375	0.0030677397947596425	0.00012162435463948583	-1	
0.00216344018706798	0.0041669108160210834	0.00017893361858589371	-1	
0.0032484375	0.0050000000000000001	0.00024479913247557632	-1	
0.0048068229166666667	0.0050000000000000001	0.00028039580753718064	-1	
0.0063652083333333338	0.0050000000000000001	0.00031248204833865225	-1	
0.00026006244952033592	0.00057572916666666666	4.131665748301881e-005	-1	
0.015388619791666667	-0.0077600080353379345	6.7478039772873137e-007	-1	
0.015803615104807	-0.0056567877568306476	1.1552179807086832e-006	-1	
0.016175185637253842	-0.0038907613897648042	1.4214416686621653e-006	-1	
0.016269401677727169	-0.002284861557007271	1.609818212755456e-006	-1	
0.0010573822899950923	0.003904868095841626	0.0001376887088896129	-1	
-0.00016198554226293016	0.0047203125000000005	0.0001212506755365137	-1	
0	0.0045722916666666672	0.00011620329344534956	-1	
-0.00021113712822122679	0.0049341666666666666	0.00012897161390889417	-1	
-0.00016831258512216594	0.0051683125851221656	0.00013827808073420196	-1	
0.00026006244952033548	0.0044242708333333339	0.00012572998252117088	-1	
0.00073113371949794074	0.0045474687286382954	0.00015197861497751047	-1	
-0.01	0.014453177083333333	0	-1	
-0.0030072584857007614	0.012971435499784524	0.00014668556288402075	-1	
-0.0047361929486937149	0.013221777301711148	0.00011058225637834624	-1	
-7.3813275165163597e-005	0.012004912065669154	0.00020398590411194718	-1	
-0.0011587003562663258	0.013316932015710754	0.00018861197222525119	-1	
-0.005640192477919477	0.014716658650272364	9.6653907142248605e-005	-1	
-0.0071629632387786467	0.015756428678158081	6.5216510225701065e-005	-1	
-0.01	0.0163240625	0	-1	
6.5833333333333325e-005	0.0052111371282212273	0.00014835649410703164	-1	
0.00024053699382871004	0.0055285414799372146	0.00015974502373489234	-1	
0.00069980942391251882	0.0067834405646338769	0.00018498214420274747	-1	
0.00057925755089996401	0.0082125424459724237	0.00019280948461471438	-1	
7.3128245025448385e-005	0.01030880342596136	0.0001961089251400126	-1	
0.00059629785802115399	0.005911528370246835	0.00017503307830616624	-1	
0.0163240625	-0.01	0	-1	
0.012598749999999999	0	3.0258681798626683e-006	-1	
0.0096366661914364365	0.0023694820007703699	0.00017616186174322719	-1	
0.011819557291666666	0.0015918799028147785	0.00012915196002704588	-1	
0.0087027864583333354	0.0036966165693049658	0.00026279898637141343	-1	
0.015715520833333333	0	1.8801526575968767e-006	-1	
0.0079235937500000009	0.0050000000000000001	0.00034189962095413848	-1	
0.0013004557291666666	0.0045833141188909307	0.00017360763586221354	-1	
0.0016900520833333333	0.0050000000000000001	0.00020495246185320217	-1	
0.0022175204960783201	0.0058499516232847926	0.00022025696372687426	-1	
0.004095938579309958	0.0070781266139901596	0.00026819620273388616	-1	
0.0055860156250000003	0.0064271985424789006	0.00029837735232875098	-1	
0.0079235937500000009	0.0067771185690963763	0.00034377456161987786	-1	
0.016853940744763572	-0.0069565843452886467	7.1863245628243349e-007	-1	
0.016750811624950301	-0.0085064643350676403	3.7076001165134277e-007	-1	
0.018119340735505387	-0.0048597873234032312	9.3541461954384477e-007	-1	
0.01764888566391112	-0.0032457814159954799	1.2124117434777284e-006	-1	
0.017273906249999998	0	1.4907011056921287e-006	-1	
0.018053098958333333	-0.0016139252164030567	1.2674291951584655e-006	-1	
0	0.0048683333333333339	0.00012935227943707697	-1	
0.00027697046155456011	0.0047230295384454394	0.00013995185636816575	-1	
0	0.0050000000000000001	0.0001387798895966189	-1	
0.00052126302083333332	0.0050000000000000001	0.00016700526776649086	-1	
0.0009108593750000001	0.0050000000000000001	0.00018109110885568364	-1	
-0.00248195141189616	0.014777145188141473	0.00016755679893363981	-1	
-0.0040759547076910548	0.015523989751537676	0.00013506154223912652	-1	
0.001564504906817245	0.011541997535077151	0.00023641970651687625	-1	
0.00046086690804861274	0.013551577409628876	0.00022557132011035444	-1	
-0.00064789872432875675	0.015497885505032682	0.00021337046516529598	-1	
-0.0054835988095079998	0.016580948308671972	0.00010646396568973406	-1	
-0.0070544196492968898	0.017597127129887615	7.1456328037906302e-005	-1	
-0.01	0.018194947916666666	0	-1	
0.00032646484375000004	0.0051765708901336995	0.00015935351616673608	-1	
0.00013166666666666665	0.0050000000000000001	0.00014873161202817934	-1	
0.00070700826649644011	0.0054006585667790404	0.00017511574549329122	-1	
0.0013316959400793502	0.0062663239040874645	0.00019844474693109167	-1	
0.0018449870617158414	0.0075381584701974882	0.00021807921943813274	-1	
0.0021899878655036514	0.0097106747545471772	0.0002384230955225591	-1	
0.0013004557291666666	0.0054504107597208203	0.00019404408468064202	-1	
0.018194947916666669	-0.01	0	-1	
0.015183078867418516	0.0017029467528205124	0.00014990436747048025	-1	
0.013559886246903191	0.0024437353911740969	0.00020779803842386577	-1	
0.011040364583333333	0.003183759805629557	0.00024948695310280435	-1	
0.0094819791666666681	0.0050000000000000001	0.00036844804102862538	-1	
0.01685563987896482	0.0016214662067387184	0.00014776678053508618	-1	
0.0039708133059576005	0.0089937596982065469	0.0002731519172958439	-1	
0.0065919024808627439	0.0076903975983782461	0.00032155804111660833	-1	
0.0058847878644142379	0.0091421100839714897	0.00031311935935852714	-1	
0.0097026961166087611	0.0067653970243242737	0.00037380049355498983	-1	
0.0087222578230813294	0.0093692224146962148	0.00036646632381803778	-1	
0.018493453882944065	-0.0072800836359382193	5.0253976356517605e-007	-1	
0.020054697124672397	-0.0057996950371116364	5.9119396129293921e-007	-1	
0.020171237842543738	-0.004103934289703029	7.5983395796703131e-007	-1	
0.019611484375000002	-0.0024989849736975251	9.648227633117663e-007	-1	
0.018832291666666667	0	1.1818599975544789e-006	-1	
-0.002077765184436412	0.016260926543345697	0.00018490647660157885	-1	
-0.0043625583808254778	0.017622370300354129	0.00013728614223796582	-1	
-0.0028325827151589032	0.017600786279226219	0.00017410740507990964	-1	
0.0020907011184734241	0.013404278288597905	0.00026013128597802938	-1	
0.0043521122868312462	0.011471619380712112	0.00029496741029706562	-1	
0.0015119889251900592	0.016091486188347364	0.00026654721660209537	-1	
0.0026971816924864448	0.014940807990345644	0.00028430315300365577	-1	
2.3757680560806396e-006	0.017358089512586501	0.0002406802941145597	-1	
-0.0014011911842803843	0.017641948353033253	0.00020899004246113163	-1	
-0.0050347754038294491	0.018996930477823127	0.00012574621152065127	-1	
-0.0068722674717049508	0.019491195716170084	8.0529306783598472e-005	-1	
-0.0085552092546222636	0.019130390625	3.6771785275033676e-005	-1	
-0.01	0.020065833333333328	0	-1	
0.020065833333333335	-0.01	0	-1	
0.014936328125	0.0034700449847038101	0.00030475770213017958	-1	
0.017273906250000002	0.0032429324134774355	0.00029643508709280303	-1	
0.014157135416666668	0.0050000000000000001	0.00043193777472624206	-1	
0.012598750000000001	0.0050000000000000001	0.0004135058556606466	-1	
0.011040364583333333	0.0050000000000000001	0.00039224093412947074	-1	
0.019012038121129733	0.0020822827197692771	0.00019407769842044183	-1	
0.0072366740431775278	0.010090854117758903	0.00034355632277154182	-1	
0.0060780336326947855	0.011799350539590645	0.0003315996421919297	-1	
0.011819557291666666	0.0064692105961415428	0.00040463494799505086	-1	
0.011040364583333333	0.0079384211922830863	0.00039762838539584932	-1	
0.010087764624936548	0.010729726534988947	0.00039599936628398401	-1	
0.0078269353041257681	0.011633353105052641	0.00036341292847803119	-1	
0.020562341111312835	-0.0078985163719275542	2.916573740734257e-007	-1	
0.021809935124796606	-0.0045554400687478087	5.639883661466454e-007	-1	
0.021795727625815452	-0.0063955596164329311	4.0067400693707591e-007	-1	
0.021724249322392121	-0.0030336894260845227	6.7369776858491062e-007	-1	
0.021169869791666664	-0.0016139252164030541	7.9957182181230364e-007	-1	
0.020390677083333329	0	9.4213706160335599e-007	-1	
-0.0035800047641100351	0.018856722636563631	0.00016206767957322021	-1	
-0.00203281619769069	0.018927104325444883	0.00020109300574532921	-1	
0.0041018450393080375	0.013498419902527639	0.00030357337597433382	-1	
0.0023296238887156018	0.017543515387951975	0.00029667848872255427	-1	
0.0042492414092152493	0.015506363333982193	0.00032259831226956514	-1	
0.0011166541879652373	0.018686152791131738	0.00027716511390329717	-1	
-0.00051983700274823739	0.019258223636056351	0.00024130020016882651	-1	
-0.0056492288604198353	0.020948882850177014	0.00011705544340276814	-1	
-0.0030473149100303733	0.020442064754189557	0.00018367208439500017	-1	
-0.0080392737991244554	0.020829222927831605	5.2524934389352893e-005	-1	
-0.01	0.021936718749999997	0	-1	
0.02193671875	-0.01	0	-1	
0.015715520833333333	0.0050000000000000001	0.00044744307548790537	-1	
0.020141009341989528	0.0036162284732149212	0.00034087799037277262	-1	
0.018832291666666667	0.0050000000000000001	0.00046894959903321667	-1	
0.013730725911564179	0.0065415679062723001	0.00042884676228893324	-1	
0.021169869791666664	0.0020134147700248874	0.00019022423438175601	-1	
0.006313187346576387	0.013540302846649907	0.0003487628404418837	-1	
0.01378594756551157	0.0084533083810610799	0.00043523151255083056	-1	
0.011747360168642496	0.0097492557712444469	0.00041545164435945295	-1	
0.010066219534406971	0.012695309658433202	0.0004098112100807739	-1	
0.011757293162046413	0.01169318631672462	0.00042765400115873182	-1	
0.0081449167970687325	0.014144489288193934	0.00038875989343650888	-1	
0.022872161458333332	-0.0078880514948065014	2.0792280525881281e-007	-1	
0.022995303754820898	-0.0038748123094868143	5.1609165343917856e-007	-1	
0.023003643412976275	-0.0052416639421902908	4.2617023687502735e-007	-1	
0.023256060387962713	-0.0065952253011577911	3.0728589235452656e-007	-1	
0.023507447916666667	-0.0017474356712486622	5.7057093282193398e-007	-1	
0.021949062499999998	0	7.4857327544100258e-007	-1	
-0.00029490387433409623	0.020904512432699803	0.00025872140230032186	-1	
0.0027882733983342965	0.019145562939496669	0.00032130487370890808	-1	
0.0046002560538692732	0.017760134136649623	0.00035025527860625487	-1	
0.0060561083699779443	0.01637917182425171	0.00036833095686605112	-1	
0.0011807627949719512	0.020140791544343912	0.00029056778112697591	-1	
-0.0051861932143190516	0.0229421889241892	0.00013681096801115524	-1	
-0.0038487225763064164	0.021921430142148944	0.00016962651530960581	-1	
-0.0077362490616667643	0.022578621851997428	6.3877966059157392e-005	-1	
-0.0022168851595611655	0.0223311652321381	0.00021697582023603166	-1	
-0.01	0.023807604166666659	0	-1	
0.02380760416666667	-0.01	0	-1	
0.017273906249999998	0.0060434309548995889	0.00046021833860432088	-1	
0.016013599293311673	0.0074322936692976013	0.00045342646842331998	-1	
0.022487657346295611	0.0032645445938486368	0.00030969342649670307	-1	
0.021949062499999998	0.0050000000000000001	0.00047726986160530821	-1	
0.020177052646584606	0.0062446470695974431	0.00047516308444565546	-1	
0.02350744791666666	0.0017605774839095671	0.00016633483922525951	-1	
0.01329698188067081	0.010922983669702704	0.00044267464410829702	-1	
0.014878377143572891	0.010242511414419899	0.00045615766679611979	-1	
0.011007474067133163	0.014421004043519158	0.0004405124534152415	-1	
0.0096089906587165496	0.015400181035234687	0.00042667556290480144	-1	
0.012526826156338221	0.014031223624536007	0.00045949941334256275	-1	
0.013174773617202484	0.01260275464203971	0.00045472609410781271	-1	
0.0080388350222565796	0.016070371084410753	0.0004048624792638785	-1	
0.024270778947058091	-0.0085317050875260494	1.191567559201252e-007	-1	
0.024493005657395154	-0.0071325746805968072	2.2000651377026855e-007	-1	
0.024343808716779991	-0.0036514576513889392	4.3451989704535697e-007	-1	
0.024290880990410716	-0.0057303991475847497	3.2301926093009893e-007	-1	
0.025065833333333332	0	4.8197064049546304e-007	-1	
0.025539126987090769	-0.0019907011462954515	4.2123585151971132e-007	-1	
-0.00015331752019296318	0.022329496699217747	0.00027329456826312285	-1	
0.0012157660255437451	0.021596421507517435	0.00030384296424378201	-1	
0.002522958167884763	0.020705234098347812	0.00032937183363880942	-1	
0.0046970874746332589	0.019764426168898216	0.00037269259072172928	-1	
0.005893985944215638	0.018729732707134496	0.00038892204071134498	-1	
0.0069416694800133027	0.017544188226685221	0.00039864372666194748	-1	
-0.0042630551446854797	0.024646313031674031	0.0001710885706589605	-1	
-0.0060103171556247711	0.024490721456170969	0.00011845509897551348	-1	
-0.0023958121062136392	0.024127057502482264	0.0002228439484677697	-1	
-0.0081366375371652189	0.02491705341613026	5.6213549273413406e-005	-1	
-0.00064909572222201584	0.023672936623403227	0.00026987318072824531	-1	
-0.01	0.025678489583333332	0	-1	
0.025678489583333339	-0.01	0	-1	
0.01785276712146391	0.0078349680087257626	0.00046847405486496189	-1	
0.016473306064838725	0.0097340657628758077	0.00046794831108171333	-1	
0.024281153421787209	0.0033829284647518619	0.00031899804355193828	-1	
0.023507447916666667	0.0050000000000000001	0.0004762555757673983	-1	
0.021353579381326773	0.0076493937597178789	0.00048120142570184411	-1	
0.022850398449123226	0.0069108919936770544	0.00047979636957452159	-1	
0.019726316796165985	0.0080207004511473248	0.00047855685213921557	-1	
0.025845026041666667	0.0022597026723694975	0.00020993810974159622	-1	
0.014708978359896364	0.011907930069459288	0.00046668571538998493	-1	
0.016178167722532926	0.011297433068056332	0.00047666866111974616	-1	
0.011219918062770017	0.015965385709305224	0.00046077206821304852	-1	
0.012739225130594773	0.015616167704964039	0.00048026303143513285	-1	
0.0084029938071746371	0.017621731172158372	0.00042908658898525577	-1	
0.0099048694284087375	0.018154365531575779	0.00046478365060021088	-1	
0.01398384455326402	0.014612134062567748	0.00048517615775447542	-1	
0.025678489583333339	-0.0079081895771294999	1.3817579027787735e-007	-1	
0.025944602958991151	-0.0062076698496122433	2.2790688148033859e-007	-1	
0.026602299525563061	-0.0040164517711974313	3.0311042210771455e-007	-1	
0.026624218749999998	0	3.9180838383036315e-007	-1	
0.026835860451110326	-0.0026020050731163868	3.3835506817344685e-007	-1	
0.0008626859602419803	0.023338636819937725	0.00030970338796394915	-1	
0.0022840104463491954	0.022724570928340741	0.00034274076311956251	-1	
0.0035860536279003151	0.021876897163462902	0.00036819678393933385	-1	
0.0065397123554672308	0.020038822097179384	0.00041865037855522591	-1	
0.005915901121960763	0.021358495228779438	0.00042026326513298798	-1	
0.0074657618695469115	0.018910500367002772	0.00042535840176478775	-1	
-0.0029004112335748468	0.026024509113815788	0.00021944791063086485	-1	
-0.0046378588204793389	0.026379618917748638	0.0001675698523369169	-1	
-0.0064016212799900803	0.026218097570790286	0.00011217338715913435	-1	
-0.0010599632836271182	0.025340627369492191	0.00027074901225028161	-1	
-0.0076244960389250296	0.027754789112096591	7.6963391488978146e-005	-1	
0.00061481413812440513	0.024959674399695313	0.00031710926495992432	-1	
-0.01	0.027549374999999997	0	-1	
0.027549375000000001	-0.01	0	-1	
0.027131745542944539	-0.0084909699997308165	8.1590212120556114e-008	-1	
0.017951759537362808	0.0095426290403472468	0.00047747097045069351	-1	
0.018491706405571379	0.010932208138010551	0.00049066738624317576	-1	
0.025845026041666667	0.003740631518794499	0.00034861597852890605	-1	
0.025065833333333332	0.0050000000000000001	0.00047185778273279894	-1	
0.024286640624999998	0.0063363284108797222	0.00047575382319909096	-1	
0.022374940938450504	0.0089694970699910719	0.00048834176014373235	-1	
0.021032868822539144	0.0099254209209686389	0.0004930134752876836	-1	
0.023997890167554464	0.0086849205900679551	0.000485057203845576	-1	
0.019440694180345584	0.0096171026469254114	0.00048572477394359691	-1	
0.027403411458333332	0.0015328742321681363	0.00013947513398533022	-1	
0.027313513135350794	0.003374197486240166	0.00030789264018414207	-1	
0.016079460661336586	0.01288535022209064	0.00049030842528089086	-1	
0.017502583536803052	0.012176786991076933	0.00049520304390561856	-1	
0.012247416547638437	0.017137773889257326	0.00049228755324634544	-1	
0.013744694786515884	0.016781435798746278	0.0005096430348040938	-1	
0.011587856202073582	0.018825218018886598	0.00050483190160226221	-1	
0.0099817142460414347	0.020408087455438814	0.00049806129265176149	-1	
0.015150593138320272	0.016155122152272956	0.00051927159884386281	-1	
0.015701740393918986	0.014525746300150072	0.00050418128664266385	-1	
0.027785839850828404	-0.0055660059493963191	2.0258323931101078e-007	-1	
0.028298813781954743	-0.0074471608071067655	1.122131555497351e-007	-1	
0.028021794914432775	-0.0034074674349676226	2.674276741598854e-007	-1	
0.028378795307896939	-0.0017167871536111002	2.8933649439977452e-007	-1	
0.028182604166666667	0	3.1765066268089639e-007	-1	
0.0021014396011244914	0.024267469222059371	0.00035344888113898455	-1	
0.0038020947346073201	0.024293544389035703	0.00040137248509969229	-1	
0.0051024133520219716	0.023197150622827963	0.00042296154309420352	-1	
0.0079966761148379528	0.020837953799058426	0.0004620148706666641	-1	
0.0075221077120531535	0.022780048415619206	0.00047870195409141286	-1	
-0.0023651225382976099	0.027913532382437503	0.00024868348521016396	-1	
-0.004014483796485141	0.02790665638252969	0.00019490481563669201	-1	
-0.0056619538333782492	0.027827395314380748	0.00014112420273118249	-1	
0.000171058241906062	0.026538371324300439	0.00031801384615322384	-1	
-0.00065928412409831105	0.028033281379404359	0.00030461982913874627	-1	
-0.01	0.029420260416666663	0	-1	
-0.0077050185613211537	0.02971702245513954	7.831087360335002e-005	-1	
0.0017267485474600189	0.026802788485292918	0.00036874086123878206	-1	
0.029420260416666667	-0.01	0	-1	
0.028522520377951353	-0.0088716297867899949	4.995416121177891e-008	-1	
0.020584476637209442	0.011636914797723396	0.00050620182349637121	-1	
0.019956312363578619	0.013290902853111842	0.00052120581963354664	-1	
0.026624218749999998	0.0050000000000000001	0.0004640659860457618	-1	
0.025907295045672643	0.0063859753820539392	0.00046948425857681647	-1	
0.025295039547712971	0.0078198696667310715	0.00047677248520056666	-1	
0.023307273555046824	0.010328063912367709	0.00049702357657444246	-1	
0.022343451803698636	0.011827370056795157	0.00051082693387583574	-1	
0.025080443373472101	0.010147121716859085	0.00049117859636407704	-1	
0.026169205165058648	0.0090739965707708273	0.00047895356430921975	-1	
0.029740989583333332	0.0017566378513738114	0.00015218326463292635	-1	
0.029119388176190822	0.0034540391118133072	0.00030505778730820579	-1	
0.028182604166666667	0.0050000000000000001	0.00045273443867506317	-1	
0.017339853561718382	0.014001137670486594	0.00051360946819943782	-1	
0.018859773246120402	0.014425873476410193	0.00052967301631656608	-1	
0.013384542461575857	0.018591967027511116	0.00053127255530337474	-1	
0.01516086158545126	0.018089549474427088	0.0005486919921870785	-1	
0.012730467557889629	0.020590142362776301	0.00055425299371237473	-1	
0.011365069699445358	0.022188956716680502	0.00055597105590668786	-1	
0.0090027127471042252	0.022565621869937321	0.00051047329653001636	-1	
0.017009047665718646	0.016692021840571784	0.00054720911144819865	-1	
0.017825272820957201	0.015469816771915496	0.00053668409983474534	-1	
0.029048422299895793	-0.0045615321178225348	2.0029057043051684e-007	-1	
0.029403973752665635	-0.0061352745629013935	1.4340071742401504e-007	-1	
0.030764398234280364	-0.0078640921962078811	6.8711122584254678e-008	-1	
0.029516363329344972	-0.0030174746992115641	2.2584605954985374e-007	-1	
0.030066130498584323	-0.0013888575071084174	2.3740530475686125e-007	-1	
0.031299374999999997	0	2.133749997687723e-007	-1	
0.0031102384218915798	0.026043812511254719	0.00040215849115574423	-1	
0.0050609395059760445	0.025437317810204408	0.00045141837759473947	-1	
0.0068822448552833624	0.024132359599421976	0.00048247168145302535	-1	
0.0084111401247541576	0.023983290445502917	0.00051946729527713328	-1	
-0.0021964000575143052	0.029419832196799174	0.00026425062951979062	-1	
-0.0032008293360560828	0.030554965770734729	0.0002370323650707448	-1	
-0.0049232782314369179	0.029635016658074945	0.00017286009041944016	-1	
0.0019885888652301864	0.028358914575881945	0.00039381782063004002	-1	
0.00087400172915157279	0.029514664622116018	0.00036910963366898507	-1	
-0.00071540090115436927	0.029742396771929212	0.00031709375423003076	-1	
-0.01	0.031291145833333332	0	-1	
-0.0062852749449267232	0.030655443539335976	0.00012971632537329305	-1	
-0.0080136363055093307	0.031727112741645649	7.094372004445764e-005	-1	
0.031291145833333339	-0.01	0	-1	
0.021674737527720186	0.013415217804194197	0.00052801861557878445	-1	
0.020923386543141034	0.015893455235389813	0.00056081953254676932	-1	
0.027416936256745576	0.0063036656510417509	0.00045995842659533285	-1	
0.026849955159090479	0.007705209054897251	0.00046784486973013842	-1	
0.025140108936984148	0.011965470858075533	0.00050753831291520447	-1	
0.024345212438433805	0.013785255986489655	0.00053147127952009874	-1	
0.026802196952698251	0.01073492967125725	0.00048719637409466775	-1	
0.027806228555238118	0.0090344752825717006	0.00046735377034706798	-1	
0.030961684461741048	0.0031661839522421301	0.00026611725888282518	-1	
0.032459516612799409	0.0017248355710185886	0.00013772055523106634	-1	
0.031299374999999997	0.0050000000000000001	0.00041935485770992851	-1	
0.029422692585562758	0.0066050063489331221	0.00044233536558140659	-1	
0.019209079529968552	0.015964880127445364	0.00055381445314396107	-1	
0.015360268388075627	0.020804280263617147	0.00060104071230350281	-1	
0.016828977862038158	0.019002097627312513	0.00058517517681724656	-1	
0.012992416283311855	0.022196284781682018	0.00058896569539463326	-1	
0.011023330929752712	0.023846133161532515	0.00057965390523376421	-1	
0.0096706772822755631	0.024862670060051283	0.00056621023833866948	-1	
0.018427670403978899	0.017292424186220786	0.00056986107191003214	-1	
0.030578692138443921	-0.0041823590321181103	1.7250498096893052e-007	-1	
0.031058896191554067	-0.00568399216809684	1.2659374271194934e-007	-1	
0.03239518562473423	-0.0084471433096510729	4.0088540017661882e-008	-1	
0.033049875380036273	-0.0063198119439546348	8.4382620519473587e-008	-1	
0.031580677584158105	-0.0022017443530884385	1.851433332094254e-007	-1	
0.032857760416666659	0	1.7735057678565049e-007	-1	
0.0044438777782246676	0.0275912221561419	0.00046222539483317286	-1	
0.0057688196892694554	0.026700876436653864	0.00048974545694869707	-1	
0.0064160988028938168	0.025405228141227979	0.00048872633654195076	-1	
0.0077652579001771796	0.025273865296042478	0.00052388084331246251	-1	
-0.0021179070036363131	0.031829945389696537	0.00028387156426041508	-1	
-0.004727945741363343	0.031341761118366118	0.00018716351987850153	-1	
0.0029767895827505679	0.0304988538284937	0.00045213369519147585	-1	
0.0043730276100678129	0.029308214838822191	0.00048388984764573468	-1	
0.0013787317463708811	0.031038905503013713	0.00040226344206233409	-1	
-0.00048533021961699903	0.032194619012409546	0.00034612770214942633	-1	
-0.01	0.033162031250000001	0	-1	
-0.0055372594578476705	0.032857063973482314	0.0001641030131820531	-1	
-0.0078127872584728836	0.034097473958333332	8.2627974719793723e-005	-1	
0.033162031250000001	-0.01	0	-1	
0.022656905401558132	0.014830769117081951	0.00054766577837882583	-1	
0.019869069144883591	0.017247103961739882	0.0005788707232853821	-1	
0.021692135535705048	0.017427396250243164	0.00058965698766526124	-1	
0.028268200930044361	0.0074634918208091421	0.00045591194821967669	-1	
0.026497491912191539	0.012780393682851294	0.00050951194266528777	-1	
0.024725460128875013	0.015734330138726795	0.00055960066738675041	-1	
0.026983532447411938	0.014287162527049382	0.00052623738858000068	-1	
0.028033460653445804	0.012396482524361249	0.00049350468082782041	-1	
0.029171284006165553	0.010104465510523696	0.0004622499041663429	-1	
0.029961362414268368	0.0085604345584151548	0.00044384252834449799	-1	
0.032857760416666659	0.0050000000000000001	0.00039769774793354309	-1	
0.033636953124999994	0.0034263149822561633	0.00026273395153955377	-1	
0.0339789086937793	0.0014762084607238069	0.00011048275427987623	-1	
0.032875401187078782	0.0065214884551840317	0.00039907140228313928	-1	
0.031465676256724431	0.0070941261563323699	0.00041998010891263106	-1	
0.01656906550432212	0.021821218203807814	0.00064039311024304978	-1	
0.017682832513356443	0.020701005593616418	0.00062944932170071741	-1	
0.014440232362953246	0.022939345481820611	0.00063067765942892645	-1	
0.018720128491920937	0.018804853264547148	0.00059998029509734821	-1	
0.0132539135605444	0.024237808263101835	0.00063677409454056331	-1	
0.01186347887684152	0.025314864104587043	0.0006291147087953223	-1	
0.008761454939585113	0.026318058166897557	0.00056913179004921307	-1	
0.010444448030541974	0.026653280579317394	0.00062169381492906139	-1	
0.033226772706561415	-0.0041631332856730133	1.2176966944748714e-007	-1	
0.034097473958333332	-0.0081283478532168992	3.8238012196466154e-008	-1	
0.035139907048605416	-0.0063141074966385343	6.371411913147593e-008	-1	
0.033636953124999994	-0.0019232037560632776	1.4547734580717e-007	-1	
0.034416145833333328	0	1.4720530861893074e-007	-1	
0.0070369310197841047	0.028662359175014009	0.00056000510341039182	-1	
0.0071861877490626783	0.026998773297080992	0.00053640557603747228	-1	
-0.0027027036637979644	0.033397206271963832	0.00027248824782104405	-1	
0.0032630883575394034	0.03216122492759306	0.00048320874223613638	-1	
0.0045831201998163878	0.031013777714367464	0.00051515001691156354	-1	
0.0059686233732492962	0.029946304001261751	0.00054641781981632398	-1	
0.001834950193647888	0.033184194634391297	0.00044208311014471503	-1	
0.00043127041623739355	0.034177993517086634	0.00039831830243864037	-1	
-0.0012352442906664548	0.034603060415857693	0.00033710704385394089	-1	
-0.01	0.035032916666666664	0	-1	
-0.0053922225347016583	0.034505235301698897	0.00017584465947242657	-1	
-0.0085133258260003328	0.035484249894745717	5.7759612591047496e-005	-1	
-0.0066854126518187638	0.03553730301130982	0.00012903810850521425	-1	
0.035032916666666671	-0.01	0	-1	
0.023338902886173893	0.017515565719006383	0.00059343239206450821	-1	
0.020420880096111416	0.018579466122390531	0.00060710196155118793	-1	
0.021948333715976365	0.019360645245362657	0.00063035076818537697	-1	
0.025948121951523136	0.01676125019668321	0.0005723463376862333	-1	
0.024920340759760483	0.017983188231058673	0.00060015234825582496	-1	
0.027645301607843599	0.016395262372956482	0.00055465114202211095	-1	
0.029178873732243493	0.015581307575558088	0.0005259318317793548	-1	
0.029806762272075946	0.013634392650240346	0.00049099899815820548	-1	
0.030045147206205557	0.011602670629869954	0.00046525597071136261	-1	
0.03144490462028493	0.0089270081388015815	0.00042767857521058605	-1	
0.031759358391231368	0.011015924463229576	0.00043812490308193738	-1	
0.034416145833333328	0.0050000000000000001	0.00037262367105099156	-1	
0.035128786348064496	0.0024999999999999996	0.00017799648382008017	-1	
0.035974531249999997	0	1.2175986927493162e-007	-1	
0.032682698511590447	0.0080308273816345026	0.00040635031620033174	-1	
0.034102057640052433	0.0074443361039727438	0.00038151710330389669	-1	
0.016755712053905854	0.02338982150227864	0.00068079544618136875	-1	
0.018999471830105231	0.022415017703192139	0.00068504246908966389	-1	
0.019755539466568734	0.020088418874623652	0.00063536767546070361	-1	
0.015747198972650214	0.025522255841046882	0.00071893458725372022	-1	
0.014047585499590487	0.025807344101651621	0.00069117140367294346	-1	
0.012481978568145197	0.027466681108633133	0.00069431396031916013	-1	
0.0086456513409337438	0.028213121517628417	0.00060175476767865244	-1	
0.010503783253687771	0.028603020698890633	0.00066553601832877718	-1	
0.035014808686260196	-0.0034381514005401583	1.0662917222554594e-007	-1	
0.036309164428657961	-0.0081925465806443852	2.7724048042622572e-008	-1	
0.036279325961062023	-0.0051654451577583613	7.0027231034309744e-008	-1	
0.03761727288176446	-0.0060751696568284511	4.9067045589598945e-008	-1	
0.035868580466964686	-0.0017079071562379714	1.1189115904500287e-007	-1	
0.0075740824744181205	0.030195712274253397	0.00060513064627732869	-1	
-0.0041793223602921686	0.035630569742275707	0.00022771155414181622	-1	
0.0049255307176641581	0.032728966977694278	0.00055306149993112697	-1	
0.0032149929004508786	0.033917280867248101	0.00050387837011320227	-1	
0.0065114728834764039	0.031743874763227257	0.00059541986015691144	-1	
0.0019368394730289512	0.034816312075479437	0.00046403021030274065	-1	
0.00017236876972455967	0.035878264987820235	0.00040338089769907068	-1	
-0.0017980336704514505	0.036417113706733888	0.0003271197484204072	-1	
-0.01	0.036903802083333326	0	-1	
-0.0078943979697006072	0.036909321854718992	8.4209441869635777e-005	-1	
-0.0056962561109674507	0.037627592333147213	0.00017457229938506777	-1	
0.03690380208333334	-0.01	0	-1	
0.023649085320166855	0.01913525810320604	0.00062758500940340487	-1	
0.023257894687224986	0.020805684776755221	0.00066843045568304351	-1	
0.021060365272628633	0.021096905948230594	0.00066804520214836232	-1	
0.026629110460764882	0.018205452879229925	0.00059712353707518887	-1	
0.025523833911771588	0.019926535329947356	0.00064231309189336134	-1	
0.028338386517510923	0.017987116380375409	0.00057894048231262529	-1	
0.031101228852400905	0.015218399600130314	0.00049593495103212714	-1	
0.030336142449794493	0.017851784150826666	0.00055317253432107555	-1	
0.031701369433316216	0.012826843658471233	0.00045670215198618592	-1	
0.032836309289670434	0.0095588836905378585	0.00041151469433989198	-1	
0.033818349961554889	0.011411271873451199	0.00040884736947329543	-1	
0.036649711606008849	0.0034433675077836985	0.0002263342986871367	-1	
0.037532916666666666	0.0050000000000000001	0.00031423874059352449	-1	
0.036031870405607208	0.0065230754087665455	0.00034468174066550191	-1	
0.036753723958333331	0.0016566561921092713	0.00010773891926751784	-1	
0.037532916666666666	0	1.0088161068715215e-007	-1	
0.034465122255448302	0.0098818788148581464	0.00038653875084923074	-1	
0.035932230827966892	0.0091040935204077956	0.00035543374496726642	-1	
0.018620524103482493	0.024211267014915282	0.00072925264312262113	-1	
0.017466594448396218	0.025639048272843436	0.00075328326378519073	-1	
0.020548778516662883	0.02256720950333908	0.00070344783409392582	-1	
0.020086072055184406	0.023977336155833306	0.00073951608813232518	-1	
0.016432399920940179	0.02710354042473298	0.00077874867056050882	-1	
0.014749133075820896	0.02772071812336464	0.00075895086030548732	-1	
0.012201290252844572	0.029730690480561969	0.00074433109532465256	-1	
0.014238887827999041	0.029693740914859001	0.00080309852192138125	-1	
0.0091987942390152153	0.030199597392304923	0.00065937531051697489	-1	
0.010916047003280695	0.031341129875413626	0.00074346099429529382	-1	
0.036928569166983775	-0.0036834924303105841	8.0686275471719666e-008	-1	
0.038351707087264958	-0.0079916616749104302	2.3453372883126084e-008	-1	
0.039994574646459793	-0.0062631150761691878	3.4056822693325949e-008	-1	
0.038887826412454425	-0.0051331644154514041	5.0325904123854646e-008	-1	
0.037472295151680851	-0.0021196014406967127	8.8698297336757135e-008	-1	
0.0083823573031738888	0.031904304570807604	0.00066650439215723849	-1	
-0.0041975072000568518	0.03719139756327923	0.00023378388238358592	-1	
0.0046365656964439525	0.034566175375698241	0.00056875294037672685	-1	
0.0063750842473459012	0.033905578123694512	0.00062805274092752651	-1	
0.0033639399150841272	0.035472583942728966	0.00052924118691083388	-1	
0.0021365503477692527	0.036439366089758486	0.00048950555121353076	-1	
0.00091986646995769806	0.037779341237283319	0.00045075414856935456	-1	
-0.0015863108065177411	0.038034711557216938	0.0003464439039812644	-1	
-0.01	0.038774687499999995	0	-1	
-0.0067623948955047673	0.03886248866512735	0.00013381479028874526	-1	
-0.0081563549641093455	0.039710130208333333	7.7000751953910395e-005	-1	
-0.004571465921149028	0.038706874072544549	0.0002245709012759461	-1	
0.038774687500000002	-0.01	0	-1	
0.022977645298371381	0.02300464034219506	0.00072904606238997558	-1	
0.024539800906360001	0.022614181872156441	0.00071863248540505597	-1	
0.027455345260650969	0.019717614087684417	0.00062589412668947303	-1	
0.026769763911654473	0.021535404611982164	0.00067946068920191614	-1	
0.029340348837460464	0.019588948120912268	0.00060389123078950725	-1	
0.032098558538567461	0.016901398383170708	0.00050815624447611465	-1	
0.032916703511883055	0.014489562740879423	0.00045739911259943606	-1	
0.031128228699535777	0.020199913761824749	0.00059353612221455735	-1	
0.033034436305182269	0.019573332812756462	0.0005445170972676398	-1	
0.035967379158279647	0.011258275277290975	0.00036787684624400022	-1	
0.03496599482834116	0.013165882121104899	0.00040501610204901996	-1	
0.038162653606500639	0.0026350593729293822	0.00015666511048111666	-1	
0.03815173408615747	0.0068042809466100493	0.00030304500308332163	-1	
0.039091302083333335	0.0050000000000000001	0.0002807265098719774	-1	
0.036873240173261539	0.007847988621072579	0.00033196094320924515	-1	
0.039954667069572451	0.0018036444068863921	9.4724139609135704e-005	-1	
0.040649687500000004	0	6.774005025605796e-008	-1	
0.039091302083333335	-0.0017728889818904871	7.4336968445693625e-008	-1	
0.038183856384854213	0.008711460248849813	0.00030748648388049615	-1	
0.038434255679456943	0.010983305033958366	0.00031361287757927862	-1	
0.019486606280062518	0.025829912940616401	0.00079074539658679577	-1	
0.018956156396976766	0.027788356210923258	0.00085071073911243832	-1	
0.021553612897191973	0.023756251731668641	0.00074487130706775808	-1	
0.021018850398352398	0.025187792719501535	0.00078726634640079163	-1	
0.018018609837090506	0.02910786519455999	0.00088030643966239251	-1	
0.016413825306023692	0.028896289868254522	0.00083568033260135704	-1	
0.012957062506258192	0.031623301758572094	0.00082052987319654075	-1	
0.015500937185071768	0.031636294035203238	0.00090448620861718031	-1	
0.011127364604785609	0.033390693274368118	0.00080257004386584028	-1	
0.038743119476218668	-0.0035581278915143176	6.4830407072521213e-008	-1	
0.040645572916666678	-0.0085572572716885453	1.2281141174842388e-008	-1	
0.042219303324998132	-0.0068712504663181132	2.0773501593313086e-008	-1	
0.041345416416985435	-0.0047368728010801836	3.8073355427038056e-008	-1	
0.040442456609553659	-0.0029096200661175337	5.5801868165165022e-008	-1	
0.0085378936801432243	0.033788025428600439	0.0007113305745424036	-1	
-0.0030166756046543244	0.038819253411582502	0.00029045123315796467	-1	
0.0052581583605394297	0.036319018221228835	0.0006204681254844117	-1	
0.0070691537835458965	0.035957365334308732	0.000692132983327884	-1	
0.0035597383867715243	0.03698367663389851	0.00055628322871439126	-1	
0.0026743803644899132	0.038223789263945776	0.00053139416540416229	-1	
-0.00033600749071572992	0.039082657641466581	0.00040674773461970507	-1	
0.0026290363657122647	0.040086950854693403	0.00054751987256836977	-1	
-0.0011702267318713837	0.040780372960617324	0.000380787189281725	-1	
-0.01	0.040645572916666664	0	-1	
-0.0055324181791027568	0.039934299346050819	0.0001880525974272339	-1	
-0.0081236259551963046	0.041777255964283805	8.0715338753888766e-005	-1	
-0.0062182844534918258	0.041713072303481619	0.00016277215660185463	-1	
-0.0029872767072891327	0.040641374915374368	0.00030005344640395346	-1	
0.04251645833333334	-0.01	0	-1	
0.022997898879981694	0.02461472659852643	0.00078152078223835077	-1	
0.024506128846134012	0.02535512072756145	0.0008109481362916734	-1	
0.026058780929891667	0.023908377132196998	0.00075708035732230318	-1	
0.029224327378050637	0.021869490785722263	0.00066563370241211068	-1	
0.027876190279799085	0.022590383767733046	0.00070213189351287755	-1	
0.033893013020887042	0.016841823803222754	0.00047473425846467055	-1	
0.03438718320186681	0.018567921092463205	0.00049637327891130371	-1	
0.035212048935983946	0.015593057981851163	0.00042965362434253086	-1	
0.031085087691568581	0.022071062905317334	0.00064435793775707644	-1	
0.033979925168743583	0.021343158208223877	0.00056743093697318042	-1	
0.034954853285193717	0.020154908039570308	0.00051618978728537222	-1	
0.03738379484749757	0.012762359501893729	0.00035037119462655731	-1	
0.036821090038287915	0.014750289595497094	0.00038323637775388147	-1	
0.039870494791666669	0.0037347325904855838	0.00019587371582847495	-1	
0.039711371364346403	0.0079024140412068452	0.00027053099053097875	-1	
0.040649687500000004	0.0050000000000000001	0.00024536213104412135	-1	
0.041070682358636292	0.0068346446843337702	0.00023680906846555673	-1	
0.041428880208333331	0.0013359884658715635	6.1115818692500498e-005	-1	
0.041265857073810454	0.0032238441526935067	0.00014892470140646447	-1	
0.042208072916666672	0	5.4221916054806381e-008	-1	
0.041428880208333331	-0.0014451254108373498	5.5119666000835888e-008	-1	
0.040051546719749843	0.010028924232152554	0.00027048804414371748	-1	
0.039261894386480464	0.012868749857467417	0.00030714579347594921	-1	
0.040781031542495752	0.0117593360089417	0.0002616497650055772	-1	
0.021326819633067755	0.02668460115095813	0.00084340992291357395	-1	
0.020605852756720576	0.028233848895774283	0.00089464101956685416	-1	
0.020153201327837992	0.02973630864044044	0.0009483298766595191	-1	
0.023031341977936839	0.026294554761258714	0.00084237823235370937	-1	
0.018797654463227974	0.030526733398565889	0.00095295912886247968	-1	
0.017335073418437801	0.031633494550342603	0.00095849069197366911	-1	
0.014468248179950067	0.033880165819082694	0.00094534068759101085	-1	
0.012721496722284741	0.03415627944149429	0.00088671020604856089	-1	
0.016353664599137459	0.033182978428626317	0.00098937234611041233	-1	
0.01000729569550665	0.034727686455879446	0.00079093258757650475	-1	
0.042742091865824269	-0.0084000842981879729	9.7841488579551387e-009	-1	
0.043635951313055782	-0.0056924861354367808	2.1842413932753681e-008	-1	
0.043705578709125975	-0.0072168162312805009	1.4358808340311393e-008	-1	
0.042208072916666672	-0.0028902508216746992	4.2930015179200292e-008	-1	
0.044256670190234007	-0.0039572383302687308	2.6409152185178281e-008	-1	
0.0088578423663038877	0.036388191836463454	0.00077872525853154174	-1	
0.0065093614449706046	0.037869329204634004	0.00069936139537704286	-1	
0.0045375935798839997	0.038180618609060621	0.00061457657545718779	-1	
0.00072033729864366138	0.040843036296916428	0.00046665101861433642	-1	
0.0053256029534851619	0.040014688082721087	0.00067406041569937052	-1	
0.0043615844504079088	0.042154551010604537	0.00065012580668299198	-1	
0.0023726827584267937	0.042061458147551176	0.00055249728862805732	-1	
-0.00091864502731624784	0.042655170467850188	0.00040172587040017855	-1	
-0.0025282207283604534	0.043047031328457448	0.00033002193573517365	-1	
-0.01	0.042516458333333326	0	-1	
-0.0040508107783796109	0.04212120137458393	0.00025878880799871625	-1	
-0.0069998984245115813	0.043451901041666657	0.00013147672507390166	-1	
-0.0085535797998727344	0.04374762125779396	6.3413360752255933e-005	-1	
-0.00507936337655029	0.044544380304638115	0.00021857080331748181	-1	
0.044387343750000002	-0.01	0	-1	
0.04416931334900491	-0.0085783144218015174	6.747204037732912e-009	-1	
0.026573018712388253	0.025836537184177305	0.00082672391587778769	-1	
0.02432617222679171	0.027469691875354762	0.00089675183932569705	-1	
0.028044134000356897	0.024109908441412187	0.00075049858828838269	-1	
0.030312013959438232	0.024156249535863754	0.00072417953124472836	-1	
0.035610476740932422	0.017365211221891465	0.00044735729175341863	-1	
0.03600683347923344	0.019034300629770427	0.00046769712173380575	-1	
0.032824799954209873	0.022761324817186287	0.00063097956676576967	-1	
0.034404970427777772	0.023122159984445605	0.00060423223464563507	-1	
0.035651364151772127	0.022085992320283902	0.00054346647504325521	-1	
0.036417046401926965	0.020628632205016994	0.00048881668195289302	-1	
0.039409953730900026	0.01474402456177527	0.00032014859168315156	-1	
0.038576440553694386	0.016326135917641208	0.00035944549534271114	-1	
0.037311208701009041	0.017589864099603541	0.00040987556919633023	-1	
0.041240006815615696	0.0087093411976449184	0.00023670529394700043	-1	
0.043766458333333341	0.0050000000000000001	0.00016814380600698706	-1	
0.042724174179096457	0.0077341571013818441	0.00019721261275603422	-1	
0.042987265625000007	0.0013559056803994047	4.9680163291763546e-005	-1	
0.043402893151883198	0.0028635114809176165	0.00010024716562611267	-1	
0.043766458333333341	0	4.2041361143895127e-008	-1	
0.043561241095180642	-0.0017546054724105582	3.8347655404064639e-008	-1	
0.041900404413656112	0.01035785925848875	0.00022584793606457342	-1	
0.041292865752867863	0.014177518542698796	0.0002643427864515928	-1	
0.042882203824461014	0.013061125572187629	0.00021286333160578443	-1	
0.023263764298578012	0.028814804946913745	0.00095015928785419318	-1	
0.021709806258478778	0.029538168058235517	0.0009653507752452402	-1	
0.020146010711282875	0.031281543743369888	0.0010177042145755385	-1	
0.021755584515417935	0.03136848117375541	0.0010551322935545536	-1	
0.019017876253063209	0.032337534213246026	0.0010366147393352195	-1	
0.017934336925154653	0.033970919830839115	0.0010773086294497954	-1	
0.016176216549442648	0.034940217412150525	0.0010527162078031653	-1	
0.013598004292114062	0.035692220152384227	0.00097039819499395049	-1	
0.010696757260500376	0.036329793780417209	0.00085972966529556749	-1	
0.012344304865831879	0.036907100225385209	0.00095065452334704885	-1	
0.045463971125203388	-0.0059264101321146881	1.4335371961624855e-008	-1	
0.045233800976635388	-0.0074560188750275045	9.5500221938325926e-009	-1	
0.046312179828781996	-0.0040516881176106394	1.6135980800287502e-008	-1	
0.045324843749999989	-0.001856880369439253	2.6746410629795517e-008	-1	
0.0096787506686775316	0.038034742133339225	0.00085134111741055831	-1	
0.008035613502485061	0.039149769738469793	0.00079301511682300732	-1	
0.0063228483124321859	0.039165680115880792	0.00071027257692616187	-1	
0.00081957970839622901	0.042871438363743179	0.0004840057068976355	-1	
0.0057505401672242008	0.04149320327529115	0.00071254796846739884	-1	
0.0066879534355692438	0.040423460336252673	0.00074625630531678308	-1	
0.0036570134468971961	0.04358589553693084	0.0006266153258898409	-1	
0.0057659691382417385	0.043043462306747424	0.00072999322488479185	-1	
0.0021268504502980909	0.044037302953652338	0.00055345105898502763	-1	
-0.0013399814164537546	0.044201317345485852	0.00038859243013592129	-1	
-0.0028732673882765451	0.044667287997614699	0.0003188832319940313	-1	
-0.01	0.044387343749999995	0	-1	
-0.0067385182485150442	0.045226756805168862	0.00014500316178405834	-1	
-0.0086958150043062732	0.045322786458333333	5.7899587818876611e-005	-1	
-0.0043782728776106603	0.046639717490574287	0.00025341815728747514	-1	
0.046258229166666671	-0.01	0	-1	
0.046452520824092992	-0.0084435087381508067	4.4127252246313984e-009	-1	
0.027040052626551223	0.027472584498850771	0.00089406438852688154	-1	
0.029430057175704218	0.025905637807957415	0.00080283219909307315	-1	
0.025652550684857431	0.02845727219280484	0.00094343052434874778	-1	
0.030961724731878294	0.026004514399753296	0.00078202562760789447	-1	
0.032094618339949949	0.024968978714307432	0.0007192513045415947	-1	
0.038205204592684054	0.019318610163816242	0.00041323683100846298	-1	
0.035667243721684311	0.024138922923855367	0.00059857873647389728	-1	
0.034405890747995764	0.025483825383936967	0.00068035325073717763	-1	
0.037308267485138963	0.023298200044932924	0.00052445927340911177	-1	
0.037667604387813337	0.021699273385669401	0.00047542147310609435	-1	
0.040116773305224465	0.017234538677158795	0.00032795724071353957	-1	
0.04160343365525241	0.016119124663962672	0.00027229108306886767	-1	
0.03971930515892988	0.018788677678713686	0.00036036611037076107	-1	
0.043356646022818322	0.009310723602284349	0.00018442055297505304	-1	
0.045324843749999989	0.0050000000000000001	0.00012738468013257165	-1	
0.044545651041666669	0.006507895565836583	0.00014861282644834531	-1	
0.045832156133320937	0.003501585170321635	7.8220846963494069e-005	-1	
0.045649580233965571	0.0077971708089789211	0.00012054669025480455	-1	
0.045324843750000003	0.0017429960571528234	4.3600256729291535e-005	-1	
0.045324843749999989	0	3.0787491569288174e-008	-1	
0.043577037954398268	0.010995066192544232	0.0001841014080958678	-1	
0.043082047161351292	0.014993065377441077	0.00021921230124336463	-1	
0.044614094240045157	0.013940263990657637	0.00016715413488343692	-1	
0.023919133388087075	0.030398639262025726	0.0010332879384361727	-1	
0.020752989262675464	0.03290045522994265	0.0011132318599423982	-1	
0.022833511181699063	0.032848418960208799	0.0011569995761068108	-1	
0.01765888089662326	0.036293816869238681	0.0011738932163376245	-1	
0.019997881870506939	0.036265512826577778	0.0012718343140496276	-1	
0.020861884493518539	0.034692141500335158	0.0012146306437500699	-1	
0.015977256472099133	0.03693795111418724	0.0011237138857342992	-1	
0.014363167998208817	0.037125776772204501	0.0010539859485357219	-1	
0.011628544941807319	0.039058022788052989	0.00097302283753012992	-1	
0.013308795821509057	0.038362247310614772	0.0010409817273777588	-1	
0.046681339133787809	-0.0068917173612232339	7.9166090364727806e-009	-1	
0.047862413902199759	-0.0058823287807871936	6.6068583141026878e-009	-1	
0.048163215312149198	-0.0041669654365250148	7.8595103213954385e-009	-1	
0.047662421874999999	-0.0024989849736975307	1.2187379873608317e-008	-1	
0.046883229166666665	0	2.021781193292127e-008	-1	
0.01006273873178315	0.03998300789409124	0.00091191609380151238	-1	
0.0080469390885771763	0.040843283615991446	0.00082176321434271153	-1	
-0.00012958872518148553	0.045251576386365108	0.00044938547143221142	-1	
0.007093746696004594	0.042243119958211679	0.00079147768731964647	-1	
0.0050256654851657404	0.044405626620991755	0.000703018407848339	-1	
0.0036153963771766526	0.045207821360128166	0.00063471942374668396	-1	
0.0066212221416394072	0.045197796845235859	0.00079571804979997962	-1	
0.0080928821707546318	0.043918028489593391	0.00086621138966910035	-1	
0.0020908787993181065	0.045614797679490483	0.00055920536392670226	-1	
-0.0028187511746219345	0.046269275306108047	0.00032484846490357693	-1	
-0.001259585697417057	0.046641213968816639	0.00039888032893956071	-1	
-0.01	0.046258229166666665	0	-1	
-0.008400029761984739	0.046900272640203536	7.1652446410092063e-005	-1	
-0.0066801937234254229	0.047019807509252276	0.00014903195527950217	-1	
-0.0048466042507756407	0.048925318883557022	0.00023315481243051567	-1	
-0.0024611914629425547	0.047969419281288769	0.00034362130408753744	-1	
0.048129114583333334	-0.01	0	-1	
0.048568402901127732	-0.007904074707391285	2.2840887394934101e-009	-1	
0.027144358756251191	0.029170786996827867	0.00097477285982725188	-1	
0.029219737043814479	0.02819100959970627	0.00090704803076542486	-1	
0.030375155593553596	0.027324364068434893	0.00084870625797533962	-1	
0.02565593763623205	0.030110929722644678	0.0010286090593927186	-1	
0.031818727865095257	0.027277828073872034	0.00081640821922250291	-1	
0.033445627205443931	0.026861510342744345	0.0007584780832792079	-1	
0.040180150642008326	0.020325216127369979	0.00036899044653419257	-1	
0.037329487516843382	0.024936869987777322	0.00056770508326731096	-1	
0.035398798476950058	0.0271993947066346	0.00071054431933233685	-1	
0.038893810197201624	0.022883780234170713	0.00046044891395570373	-1	
0.0392294990273944	0.02455529157735923	0.00048782816082470083	-1	
0.042410214768620759	0.018648977415668292	0.00027279974455198154	-1	
0.04328093931915223	0.016919300997506458	0.00022772904108563303	-1	
0.041689498611270054	0.020011693745855444	0.0003136524108629592	-1	
0.045042466252110218	0.0095195122978096042	0.00013969072738204689	-1	
0.046883229166666665	0.0050000000000000001	8.5591120984485113e-005	-1	
0.046787200697347826	0.0066282744259216885	8.863125526633094e-005	-1	
0.047662421874999999	0.0017912544414099695	2.3365673720425823e-005	-1	
0.047662421874999999	0.0034902344847640623	4.5015300275515805e-005	-1	
0.047882047714701691	0.0090477791792346295	6.0068799018083287e-005	-1	
0.046775638142351639	0.010094979751267007	9.2490434042373512e-005	-1	
0.045605037894732761	0.011256912867059177	0.00012814307644051518	-1	
0.044859021589995815	0.015782971130871098	0.0001695858335484326	-1	
0.04610422049071311	0.012828921213465204	0.00011852886502992845	-1	
0.046305226708137318	0.014653114602229185	0.00011824509245215246	-1	
0.025780726374718933	0.031866974581460115	0.0011317021972368762	-1	
0.024830439052218711	0.0334345574326258	0.0012232217751257993	-1	
0.023592279925609798	0.034786342906644674	0.0012956890682862409	-1	
0.017550202183713538	0.037814655978429132	0.0012402076478464205	-1	
0.019027855235657337	0.038190560376865884	0.0013343965731700753	-1	
0.021164803682746123	0.037907344774059999	0.0014276290352421969	-1	
0.022017270899777008	0.03606585184645858	0.0013370064557306736	-1	
0.014807036735895372	0.038572056995832257	0.0011269837736392508	-1	
0.016313868450259131	0.038706979663089364	0.0012138335321820167	-1	
0.01208944683849128	0.040817260115810668	0.0010421491108802453	-1	
0.013292374124881257	0.039884408873698936	0.0010857118267420245	-1	
0.049504793576057998	-0.0064429514250334838	1.350243006695185e-009	-1	
0.049860872624796618	-0.0045554400687478252	6.1354200649187532e-010	-1	
0.050319078940472453	-0.002915340035644321	-1.5382280761431758e-009	-1	
0.049220807291666668	-0.0016139252164030587	4.4810868725681706e-009	-1	
0.048441614583333334	0	1.0243234856607068e-008	-1	
0.0090187685474453806	0.042230246133558053	0.00089613731294723928	-1	
0.01083946839286372	0.042855487636322673	0.001011550170200019	-1	
0.00010325255914649479	0.047803391947557478	0.00046660931011551551	-1	
0.0015933816810528945	0.047159836517013387	0.000539127911097043	-1	
0.0049457525432320517	0.045905871968126816	0.00070834107870188813	-1	
0.0031684105071647954	0.046767494078507318	0.00061831874561706416	-1	
0.0082750387853447339	0.045859782658678745	0.00089570482027051047	-1	
0.0065772510197592534	0.046978639693057357	0.00080385472972264592	-1	
0.0097393739480251193	0.044092955561357755	0.00096488012673641497	-1	
-0.0011055044756298994	0.049021139365725934	0.00040864531719597978	-1	
-0.01	0.048129114583333327	0	-1	
-0.0079708598736658743	0.048569984528945509	9.1212198112874311e-005	-1	
-0.0062545420540981557	0.049629758583164534	0.00016895943891951428	-1	
-0.0033446304150484651	0.050382606765898334	0.00030236178247444804	-1	
-0.005019925388686064	0.05060661365833919	0.00022486872206610605	-1	
0.050000000000000003	-0.01	0	-1	
0.050461961522355825	-0.0080869862162328502	-6.1284878725008303e-010	-1	
0.028710488243074778	0.029800248078578073	0.00099691658436157761	-1	
0.027554763084325602	0.032164194595366062	0.0011485764690921695	-1	
0.030393118582805773	0.029447526007657966	0.00095201311570103852	-1	
0.033618023893343743	0.028531959772951511	0.00082551924315841152	-1	
0.032012155358462711	0.030025779964469149	0.0009464873264517121	-1	
0.040575931198285863	0.023161460083701516	0.00040523242651852373	-1	
0.042054763074811083	0.021509361749018758	0.00032149617195765883	-1	
0.038913859583781546	0.026467363115027037	0.00055151309133769338	-1	
0.037249185977495658	0.027910105588092714	0.00066723090184424316	-1	
0.035760364345527117	0.029022196354334763	0.00077267930397206732	-1	
0.040515670331774029	0.026698571542230421	0.000486971514903925	-1	
0.041689485593307228	0.02558438451080982	0.0004083557917440746	-1	
0.043957994816071294	0.018733560518229737	0.00022073145640917114	-1	
0.043844498494173711	0.020279489352762758	0.00024008479167312579	-1	
0.045121868558403555	0.017709756196870229	0.00017226794341631247	-1	
0.048441614583333334	0.0050000000000000001	4.2998004315433851e-005	-1	
0.048397465777428005	0.0068881694911013232	4.4484403558370413e-005	-1	
0.049865645183014312	0.001688392150857203	-3.130610601948993e-009	-1	
0.050521804315744163	0.0032498576370139369	-9.4108328876858283e-006	-1	
0.049404900651173422	0.0090888901720732034	1.6947913834207797e-005	-1	
0.048198349707314347	0.010537988637439086	5.237860695145587e-005	-1	
0.047206803378777223	0.011650283988805171	8.2896840764496137e-005	-1	
0.047646231537653391	0.016344913963322025	8.0006828159065663e-005	-1	
0.04761771539404399	0.013211061374634261	7.3491604715242607e-005	-1	
0.047933599000687999	0.014739758686805781	6.6891425713103922e-005	-1	
0.026640258109084061	0.033725962600700064	0.0012590900479264213	-1	
0.025639330352798407	0.035512796360386553	0.0013894831561412949	-1	
0.023918950515160256	0.036773955792891791	0.0014543055535634717	-1	
0.017633305672874362	0.03923244304169695	0.0013116800134200738	-1	
0.02119179312810144	0.039921442643949215	0.001568007961068272	-1	
0.018572707132523621	0.040297596197017421	0.0014225646360684974	-1	
0.023058067988465818	0.038594999431821132	0.0015678550318107352	-1	
0.014770709651058193	0.04024740965647236	0.0011829194370965674	-1	
0.016863962934789995	0.040857781947956209	0.0013350036195281785	-1	
0.013425194196100394	0.041297705631487179	0.0011335097190323827	-1	
0.01264208354536648	0.042882696405798962	0.0011230877994536277	-1	
0.051237728723551382	-0.0063499755307034932	-3.3366806198924549e-009	-1	
0.052299047428347241	-0.0043525539808685334	-9.3569051776600505e-009	-1	
0.051558385416666665	-0.0017474356712486605	-8.6951083753257095e-009	-1	
0.050000000000000003	0	1.5841893611627014e-011	-1	
0.012432851240771545	0.044638167820735791	0.0011434246177653813	-1	
0.010928818850792443	0.045244804282473607	0.0010539492807365805	-1	
0.0012996951915666486	0.04914171104856227	0.00052671538016368143	-1	
0.002699744980540771	0.048243659858675521	0.00059736288785131432	-1	
0.0048399127737610865	0.047404511392100196	0.00070888592008806349	-1	
0.0041383693046842442	0.048764012688265537	0.00067392264396951397	-1	
0.0091797990978731599	0.047275150504167508	0.00096063897075675296	-1	
0.0077780247368778813	0.048619513497049412	0.00088009843352590783	-1	
0.0058531516989984659	0.048878640886221202	0.00076827541522894933	-1	
-0.0012805758823475153	0.050727993883875423	0.00039943719168906934	-1	
0.0010009585093937582	0.050911832339183644	0.0005103049923364534	-1	
-0.01	0.050000000000000003	0	-1	
-0.0075388327871085178	0.050540319652786693	0.00011054701129939059	-1	
-0.0029370789996720063	0.052435291646500445	0.00031866271345208576	-1	
-0.0056284953703660632	0.052183456996770253	0.0001958427437872658	-1	
0.051870885416666672	-0.01	0	-1	
0.05241734822175801	-0.0079185442075369976	-3.8033053316441582e-009	-1	
0.029191515470610288	0.031418146601139348	0.0010858953898156285	-1	
0.028757137060550692	0.033502044663570631	0.0012350788394583229	-1	
0.03074624196285116	0.03101450036284913	0.0010335927079387823	-1	
0.034614948496486712	0.030485534407193818	0.00088637909545567328	-1	
0.032212104797987348	0.031586555945371797	0.0010307255467027719	-1	
0.042941443203447005	0.023541643957761146	0.0003168725172176758	-1	
0.043937183565926352	0.022061219899200582	0.00025569422387653981	-1	
0.039148883537254014	0.028657661679229344	0.0006087665135937816	-1	
0.037777317450111592	0.030169778538651316	0.0007322212717746576	-1	
0.0362573516893002	0.030940776247247309	0.00083943197020808799	-1	
0.041136802530260329	0.028193044627032447	0.0004968829343965993	-1	
0.042142590861657989	0.02704325861595016	0.0004184456998614046	-1	
0.043159734151569824	0.02592754753641309	0.00034712033766084207	-1	
0.045792292914049987	0.019645358489882525	0.00016110394827859582	-1	
0.045656654603251148	0.022537217393350087	0.00018955257910676637	-1	
0.046989330544519162	0.018146840060119226	0.00010937409246575519	-1	
0.050000000000000003	0.0050000000000000001	2.2422747435149585e-008	-1	
0.050742985911517074	0.0074853560960068235	-2.0700262815791345e-005	-1	
0.051558385416666672	0.0017462693769314263	-1.472107639118897e-005	-1	
0.052344122563885549	0.0033700002070654426	-4.3531281110825997e-005	-1	
0.051558385416666672	0.0050000000000000001	-4.2928779510799618e-005	-1	
0.050738814503635099	0.0096690722273374621	-2.1183322314515715e-005	-1	
0.050430057812536247	0.011090552684023904	-1.2606795770135912e-005	-1	
0.04904008139044478	0.011767562890552939	2.871917980136208e-005	-1	
0.048890383696400405	0.017819177019927145	3.9713528435335628e-005	-1	
0.050276538820266177	0.01508150494138358	-9.0657352169932488e-006	-1	
0.0505284716657649	0.016800337504199167	-1.8150147594111558e-005	-1	
0.049123030052121291	0.013624251047017883	2.7389914213149473e-005	-1	
0.027808925417359208	0.035407880547755538	0.001395418540826186	-1	
0.027002146281420267	0.037204210802976284	0.0015636190898435732	-1	
0.025317392986634935	0.038223672080179967	0.0016269375043054708	-1	
0.022627839552523624	0.040843851792990146	0.0017345705566290217	-1	
0.020844517034487389	0.04204115121386072	0.0016860352636006984	-1	
0.01915105513045803	0.04287957538767774	0.0015974988545981654	-1	
0.017281178939102623	0.04260693763416272	0.00143826111291559	-1	
0.024333650878530767	0.040786618136843339	0.0018426867555631098	-1	
0.015622989295835433	0.041657282756288078	0.0012842544426420761	-1	
0.014338343412264799	0.042384539292132505	0.0012222887305523588	-1	
0.014558313081926313	0.04422837612929275	0.0012846561228184684	-1	
0.053345530288373307	-0.0061892703987645849	-9.6287369586236204e-009	-1	
0.053956043400699746	-0.0041654306531881992	-1.6984840935353795e-008	-1	
0.053895963541666661	-0.0024989849736975194	-2.0473302283702232e-008	-1	
0.053116770833333334	0	-2.0108413434257205e-008	-1	
0.012238318679738781	0.046201533828795632	0.0011537540402984723	-1	
0.014736204330220775	0.04607674720713948	0.0013349095804893042	-1	
0.010808055546160577	0.046862066614648083	0.001062152429655567	-1	
0.0029826577957601484	0.049766378849615753	0.00061278681945208001	-1	
0.0048885058332839744	0.050844194873684391	0.00071304649840286385	-1	
0.0097038926412432048	0.048871140265716081	0.0010000824841668078	-1	
0.0070551383187280369	0.050528524480883547	0.00083637248542544566	-1	
0.0090257502434164857	0.051061043355873512	0.0009543272375172057	-1	
-0.00068756794250795746	0.053208963561246513	0.00042262639268484889	-1	
0.0010890491232173416	0.052613132868885894	0.00051063143060456351	-1	
0.0027736881213448724	0.052359805226105213	0.00059647262771570354	-1	
-0.01	0.051870885416666665	0	-1	
-0.0079040259167804522	0.052806328124999996	9.315405644937234e-005	-1	
-0.0037291653786226731	0.054106914392635506	0.00027878082622172668	-1	
-0.0019456684747490146	0.054597691563038106	0.00035906430045757291	-1	
-0.0064618935975558119	0.053606834468520229	0.0001566870027544399	-1	
0.053741770833333341	-0.01	0	-1	
0.054613198403063355	-0.0079834233674746322	-7.2451145905228724e-009	-1	
0.03048272595983563	0.032774514208165982	0.0011537090797334715	-1	
0.029922801056578269	0.035270798242995199	0.001362613076947354	-1	
0.035554133583313233	0.032359807380420665	0.00094692683096261714	-1	
0.033973660425423192	0.032258468055910157	0.0010102668738384982	-1	
0.032316009195257865	0.033156653177124247	0.0011311495846998518	-1	
0.044402400679319588	0.024610915843926117	0.00026771854376586335	-1	
0.040538188188511869	0.030116884142391311	0.0005854607224204299	-1	
0.037137333213740395	0.032400353548161218	0.00086706479575923018	-1	
0.039599527776829527	0.031899694912648068	0.00070323836350348764	-1	
0.042230038972281239	0.029588262781763339	0.00047344101189366759	-1	
0.043637037091650697	0.027359879058304778	0.00034808243828415625	-1	
0.045695233957252925	0.025878323129812923	0.00022079330522567099	-1	
0.046733378990220092	0.021138609130489702	0.00013429672438898725	-1	
0.048369693781731241	0.020476858133877836	6.5482974929891748e-005	-1	
0.046069732559218049	0.024203223234754372	0.00018639109433123992	-1	
0.048021690555338739	0.022835031603505987	8.8219193622799235e-005	-1	
0.049498060691418759	0.01931807946804855	1.9022081630964444e-005	-1	
0.052284217891844752	0.0088947523071093767	-6.4527435056007957e-005	-1	
0.052819521756727383	0.0072622135841187551	-7.8111596443956898e-005	-1	
0.053895963541666668	0.0016290074768560115	-3.4495062561281087e-005	-1	
0.054145614218418618	0.0034622633735787141	-7.6924037398168137e-005	-1	
0.053116770833333334	0.0050000000000000001	-8.556603663614781e-005	-1	
0.051884300952222177	0.010565620150843599	-5.4667678327420347e-005	-1	
0.051613541307672942	0.012085411513433241	-4.8595134920101023e-005	-1	
0.050976838362328449	0.013491713732128839	-3.0365707668156322e-005	-1	
0.05196284186783983	0.014664087201726898	-6.3184805687913341e-005	-1	
0.052245954749809809	0.017651006311056025	-8.0052286484346634e-005	-1	
0.052922792097295307	0.015857887026683545	-9.723673432411546e-005	-1	
0.051082884220374762	0.019641056651958345	-4.1586772248753319e-005	-1	
0.02981039106933037	0.037386129368641753	0.0015767137326174101	-1	
0.027359286495511666	0.039140740128209069	0.0017853495229484058	-1	
0.02596463769098899	0.040891539265275431	0.0019574781865221687	-1	
0.023285145878694999	0.042418976030917203	0.0019253122948970003	-1	
0.022182342159946866	0.04372162407595679	0.0019260171417790181	-1	
0.020534608955191228	0.044166644589277118	0.00179008563508656	-1	
0.018668417613972286	0.044785563920901078	0.0016382844322782877	-1	
0.015762059913324904	0.043126934578474031	0.0013428441097221057	-1	
0.016375414545734924	0.044610819860924841	0.0014348196017975919	-1	
0.025005431373626087	0.043315955877377285	0.0021874593113194295	-1	
0.026323934993540677	0.042485914338457144	0.0022004304949875091	-1	
0.055371737815182086	-0.0061025581640068742	-1.6413984356311284e-008	-1	
0.055381316515993088	-0.0032998399075256767	-2.637005514302257e-008	-1	
0.056587890170453979	-0.0044795950091201459	-2.8133705125138776e-008	-1	
0.05545434895833333	-0.0016139252164030545	-3.2091889735143271e-008	-1	
0.054675156249999995	0	-3.0401458966974205e-008	-1	
0.013510399248481192	0.047130924607255868	0.0012566487066243447	-1	
0.011265607609697255	0.048421485972900961	0.0011030559980863806	-1	
0.012878700177646646	0.048619159929119145	0.001219731685109283	-1	
0.015083145639654277	0.04750556694120487	0.0013851451967269353	-1	
0.017241863382578909	0.046632012461385666	0.0015593034948898669	-1	
0.005264764865013258	0.053110848069258004	0.00072459198503987455	-1	
0.011180785403164903	0.050624519980950217	0.0010974929330313599	-1	
0.0075254819997639466	0.052700426816632708	0.00085461823457752182	-1	
0.0094950804954322763	0.052734573530813809	0.00097390903408633002	-1	
0.00083734187412495419	0.05429801473695952	0.00049160198479156507	-1	
-0.00046620979130043103	0.055264651462374387	0.0004246992211970204	-1	
0.002460097050287287	0.053982862763137816	0.0005728994128809294	-1	
0.003983464857073727	0.054624739428558854	0.00064666277265301925	-1	
-0.01	0.053741770833333327	0	-1	
-0.0083903410604956995	0.054532544233331946	7.0549899080502856e-005	-1	
-0.0054106530120745381	0.054877837719344305	0.00020163451986477264	-1	
-0.0033293785825212517	0.056140104332344072	0.00029049870723587076	-1	
-0.0017475575303909773	0.057478585924412712	0.0003548934425252479	-1	
-0.0069433879921931485	0.055075315736525292	0.00013355204217540753	-1	
0.05561265625000001	-0.01	0	-1	
0.056548098958333327	-0.0082804103991891767	-9.3274147536735079e-009	-1	
0.031550980323918711	0.03470226800215731	0.0012736961941934785	-1	
0.03126326273762161	0.03640268352545737	0.0014341478747370226	-1	
0.034678958989801126	0.033633818465310515	0.0010674065509257737	-1	
0.03629670343894896	0.03429454533752422	0.0010209203422719458	-1	
0.033338334149767175	0.034183355439015309	0.0011661214968256902	-1	
0.042231549461465893	0.032146959378350472	0.0005462375699153921	-1	
0.038877783687188139	0.034306382803689882	0.00085649195157355999	-1	
0.040770936236736298	0.033562556023679385	0.00069338502388473862	-1	
0.043922512704434605	0.030114886255816761	0.0003857947436068546	-1	
0.043652108395452617	0.031609465929791226	0.00043727225416013293	-1	
0.045412656110715849	0.027656177252446089	0.00025757768242398878	-1	
0.04549192445574031	0.029454602132777306	0.00027982302008136166	-1	
0.047135340358314612	0.027018602245037718	0.00015699183946735038	-1	
0.048270855666107601	0.025574736637453528	8.8609620453398977e-005	-1	
0.049994776438419125	0.020930525060260233	-4.7274450863331967e-010	-1	
0.04957753293605989	0.022472577663724312	1.8857876291583447e-005	-1	
0.049800621286338422	0.024054427833646017	9.4905137766366003e-006	-1	
0.05359040611776645	0.010010819163657701	-0.00010264936917539311	-1	
0.054678843583621912	0.008584669503137651	-0.00013038286868835745	-1	
0.055001483958906645	0.0065951241883286937	-0.00013656755630427877	-1	
0.055576610104630379	0.0022894874286871567	-6.8251352722869054e-005	-1	
0.056233541666666664	0.0050000000000000001	-0.00016827116284452075	-1	
0.053864951230684882	0.012227046638790724	-0.00011562421086947587	-1	
0.05260142317378682	0.013271651788218188	-8.0289287808206456e-005	-1	
0.05395992635922546	0.014189351174690699	-0.00012482508904566053	-1	
0.053919932158346312	0.018584379333297985	-0.00014429307644081373	-1	
0.054649104949787371	0.015774333846192375	-0.00015354169565125059	-1	
0.053843869970201956	0.020509397740705065	-0.00015289555934707333	-1	
0.052687200228702338	0.022050045797342471	-0.00011473393552622311	-1	
0.051104787792651499	0.022058342754187964	-4.8055084570831654e-005	-1	
0.029290513886739689	0.039249228017043017	0.0018081531518942138	-1	
0.031157621779450962	0.038743939014957755	0.001698996570580293	-1	
0.027526512403801044	0.041372864318729309	0.0021039770313958646	-1	
0.023791001912030083	0.044291958866547139	0.0021514180934224338	-1	
0.022181622119785884	0.045156103066316275	0.0020245031911006951	-1	
0.020842179441380088	0.045669546153236047	0.0018993094708638812	-1	
0.01957301691184931	0.046531253289425395	0.0017896707008451611	-1	
0.026337238530479909	0.04412447950041732	0.0024563474125390314	-1	
0.025981196761618485	0.045601316257044659	0.002611860406313061	-1	
0.027677553859889844	0.04340937995164925	0.0024800055053159375	-1	
0.057279759955148543	-0.0062651790109187781	-2.2184865098102168e-008	-1	
0.057791927083333333	-0.0017474356712486622	-4.7798534461643942e-008	-1	
0.058445442405195065	-0.0047866725523579359	-3.6523437894913449e-008	-1	
0.059131381321403789	-0.0029159287083595233	-5.1940704792407144e-008	-1	
0.056233541666666664	0	-4.1877585457441377e-008	-1	
0.013965479267393026	0.049780046139196468	0.0013054889560560647	-1	
0.015325399034185949	0.048955810850857304	0.0014164126496639515	-1	
0.013296641507419016	0.051222752496530008	0.0012486250384105128	-1	
0.016482239636117137	0.047957706403879474	0.001511470327381369	-1	
0.018326462088277023	0.048697944414612081	0.00170259357941757	-1	
0.007023178393834182	0.054589790065964233	0.00081008008545935977	-1	
0.0055360678589280888	0.055858846667312625	0.00071704581249546894	-1	
0.011700307784410703	0.05276106525123845	0.001119442931549759	-1	
0.0089680221057156922	0.054390829424606268	0.00092575427357823232	-1	
0.01062173764865686	0.05405806051260878	0.00103230728506949	-1	
0.002653766012082873	0.055651872652922194	0.00057218935236017193	-1	
0.0015718972871052942	0.056937431574510949	0.00051058649370066872	-1	
-0.00014530532682170629	0.056855454350236909	0.00043095011964140197	-1	
0.0041660763481803425	0.056599644439294175	0.0006391630929970469	-1	
-0.01	0.055612656249999996	0	-1	
-0.0082355706562601671	0.056319264858847938	7.5867018975818039e-005	-1	
-0.0061807875385947852	0.056815871074709243	0.00016350994121479254	-1	
-0.0046955017406855124	0.05827977222368573	0.00022325708665074813	-1	
-0.00042568847570326662	0.058551594194825397	0.00040702801401821349	-1	
-0.0020492400018029275	0.059200965003231805	0.00033224102508223468	-1	
0.057483541666666672	-0.01	0	-1	
0.058520569530644911	-0.0077237350173199829	-1.680738938915292e-008	-1	
0.032859811746020311	0.035835492066338979	0.0013194884971416319	-1	
0.032621661698244549	0.037512978114644636	0.0014890146962009266	-1	
0.034412001155742486	0.035156240328128446	0.0011890901449360201	-1	
0.038607553972672556	0.03584866739323609	0.00095811182221728654	-1	
0.037105191925141869	0.036289772972319237	0.0010973396076272833	-1	
0.042614096718801099	0.034003000800233121	0.00057515487985430186	-1	
0.040745199566316767	0.03521042765074834	0.00076194968421801899	-1	
0.044976215874829355	0.031077276785272147	0.0003386523814579478	-1	
0.044819603238775679	0.032580981592551073	0.00037757692580358095	-1	
0.046954004204707085	0.028668620762128106	0.00018189894973527759	-1	
0.046392189820601532	0.030899784004067465	0.00024138466495707563	-1	
0.048738275550810319	0.027652491714125458	7.1886773881300631e-005	-1	
0.050370200195648376	0.027097479062078864	-2.0366889959263616e-005	-1	
0.051538853376161715	0.025331170138766113	-7.7755410282722649e-005	-1	
0.051903693345870888	0.023522627098443619	-8.7960494965954336e-005	-1	
0.055309487381532046	0.010524003906074502	-0.00015175621558993283	-1	
0.056656794354949941	0.0090810970129110366	-0.00018429330935847355	-1	
0.056945261503444609	0.0071281497306736295	-0.00018796527451284321	-1	
0.057170200385528801	0.0015296397160080362	-5.8630616802163414e-005	-1	
0.057012734375000006	0.0033163494495511607	-0.0001241997449110597	-1	
0.057791927083333333	0.0050000000000000001	-0.00020753352635948918	-1	
0.055761580492264422	0.013405959987889007	-0.0001757331427719591	-1	
0.056132095891984174	0.015025462580144115	-0.00019558288827057073	-1	
0.055544342866738858	0.01824442082515303	-0.00019906373801768822	-1	
0.055671191013542121	0.019899168988606639	-0.00021797039076901074	-1	
0.056116978479834524	0.016686739730893019	-0.00020653755814196181	-1	
0.054615596327556623	0.022293304958898121	-0.00019850489633096877	-1	
0.053383998631939732	0.024291441109654179	-0.00016160370944978277	-1	
0.030511001780134012	0.040326355913866546	0.0019432492843332123	-1	
0.029550951022270105	0.041640927230441847	0.0021972245149189454	-1	
0.033936328369689038	0.03850645140326768	0.001516231042493769	-1	
0.032137708323808273	0.040386530865506927	0.0018607154906393783	-1	
0.028855428996215106	0.042923409427712382	0.0024518552856436218	-1	
0.023850083096000608	0.046307447524522809	0.0023331094823365525	-1	
0.022072098493128463	0.046586395018137432	0.0020929542757944673	-1	
0.019792562913307509	0.048099497497232357	0.0018547300357420495	-1	
0.021366639591487581	0.048272335436603211	0.0020561459124677013	-1	
0.02775059269840242	0.044681473704081619	0.002763662206534491	-1	
0.026806821209061207	0.047027463223007715	0.0029539449687519012	-1	
0.024924494343781998	0.047751290113895048	0.0026227634316034671	-1	
0.027959824655500086	0.045850121323115937	0.0030505508699623773	-1	
0.028767680553946406	0.044069062434222525	0.0027394435932012397	-1	
0.060061215988048575	-0.0057531468930961194	-3.8295503598829693e-008	-1	
0.060129505208333336	-0.0014451254108373498	-6.7942739942812926e-008	-1	
0.059350312499999995	0	-6.731307399511878e-008	-1	
0.061134707722937914	-0.0045140397675809633	-5.5357973603921157e-008	-1	
0.060908697916666671	-0.0028902508216746992	-6.6130594909583519e-008	-1	
0.015510935101706759	0.051115089295720638	0.0014295907274858191	-1	
0.016878050521720075	0.049433452455268957	0.0015588638643637303	-1	
0.013230359102414668	0.053438670845499366	0.0012196948658473	-1	
0.014856709036981032	0.053044726347587098	0.001350744815154482	-1	
0.017662614136890034	0.050855889827443324	0.0016314198822309739	-1	
0.01956832728334432	0.04964523714779015	0.0018441926404139746	-1	
0.0081551813424609338	0.056050217687515634	0.00085646630235452744	-1	
0.0067996986710157515	0.056583076779087992	0.00077568279951743737	-1	
0.0054265137320956844	0.057514497257906187	0.00069273075295925562	-1	
0.01196044714938781	0.055084397259690304	0.0011041334688863401	-1	
0.011035957170989525	0.056662236158256177	0.0010162207406052466	-1	
0.0012768450761475097	0.058543591011871968	0.00048356535000917787	-1	
0.0038983331582556784	0.058133910277649005	0.00061062668429686024	-1	
-0.01	0.057483541666666665	0	-1	
-0.0079907659427334281	0.058418984374999997	8.3784432123893074e-005	-1	
-0.0062868151847423094	0.059228201362367144	0.00015326932608596513	-1	
-0.0045696445554766589	0.059923270667057868	0.00022216154575802985	-1	
0.00050041149465852083	0.059980238094126725	0.00043657229013920756	-1	
-0.0013975957238235464	0.060823605363782368	0.00034896112412575455	-1	
-0.0030417559282222128	0.060541723177071273	0.00028258124596080057	-1	
0.059354427083333341	-0.01	0	-1	
0.059808106920428268	-0.008542939979011361	-1.3128416983742146e-008	-1	
0.061019562939432913	-0.0076149186358476827	-2.5281998421639743e-008	-1	
0.034245027564128096	0.036887796888070847	0.0013379467579338431	-1	
0.03995027988000794	0.036654119434967478	0.0008918381161556753	-1	
0.037402304665498161	0.037971349909110913	0.0011889816955095128	-1	
0.035694976392767502	0.038003085440715768	0.0013292652934585416	-1	
0.044261546312715415	0.035282887304930483	0.0004812091537863101	-1	
0.042258009671224873	0.035864299856910281	0.00066520348581346667	-1	
0.045485100174163871	0.03412701858436111	0.00035765303575533482	-1	
0.047874375536864265	0.032661198035852317	0.00015702623886186889	-1	
0.048465624193873014	0.029354513549450095	9.4480038446107778e-005	-1	
0.048685518059291846	0.031100032545853421	8.9626452788968305e-005	-1	
0.051166149751661116	0.028657959801528795	-7.0045624871947071e-005	-1	
0.050085930448804342	0.03003700370643056	-4.8440231521245713e-006	-1	
0.052718975763499556	0.028442977036021631	-0.0001599876245700654	-1	
0.053210060443532298	0.026632194507050108	-0.00017282416226003334	-1	
0.057027568307243023	0.010777779269101768	-0.00019959257191559104	-1	
0.058585417711080223	0.0086596372483452033	-0.00023243368820607342	-1	
0.058635329566107217	0.010328300308483671	-0.00023970761645170828	-1	
0.059174721582185071	0.0068730533576455933	-0.00024268807455848115	-1	
0.058678685763535701	0.0025000000000000001	-0.00011392985595176891	-1	
0.059350312499999995	0.0050000000000000001	-0.00024519305978331583	-1	
0.059731788334213005	0.0035572997575442711	-0.00018000836171625282	-1	
0.057675598237564574	0.013820199586586104	-0.00023296449391430239	-1	
0.058296947585049698	0.011963055714175452	-0.00023913554675895668	-1	
0.058036620603036757	0.0158735008729999	-0.0002591442473538569	-1	
0.057996404011675759	0.018450837380482827	-0.00028380911853537579	-1	
0.057799787097409461	0.020413618332422955	-0.00030060013445028493	-1	
0.05652246422689957	0.021916819436981802	-0.00027216249612639084	-1	
0.054913181676291466	0.024886676182431032	-0.00023982451481501511	-1	
0.05649511688892838	0.024450572343860569	-0.00030604465138178006	-1	
0.030774319336570113	0.04291753739392614	0.0024234890629983826	-1	
0.029707585777882281	0.043091436461152849	0.0025082863899082946	-1	
0.033856659291157748	0.04015235251516365	0.0017045771668287486	-1	
0.033088281525826692	0.041707739135160765	0.0019844450841366595	-1	
0.02943436426177903	0.043915908575688209	0.0027379671148918417	-1	
0.023169642788164243	0.047973593358390854	0.0023184502575140579	-1	
0.021069772877064585	0.050075648362966414	0.0020313470689309059	-1	
0.023992222176735304	0.049539570964956627	0.0024914272925377059	-1	
0.028855633672851103	0.045115524063066618	0.003069351734675937	-1	
0.026718255174254416	0.048672974375877628	0.0030768366189377052	-1	
0.028358432105205139	0.048214894330212935	0.0035356533933610644	-1	
0.029114393087932088	0.045754839295057845	0.0033315320053846536	-1	
0.029340196405959539	0.046747868703764711	0.00365175225564272	-1	
0.029434805040993484	0.044880088087670217	0.0030881687723086876	-1	
0.062113346456597253	-0.0058293485535167089	-4.9439340555999229e-008	-1	
0.06226186609518064	-0.0017546054724105582	-8.7718543530428274e-008	-1	
0.060908697916666671	0	-8.2782864118958118e-008	-1	
0.060213065993724675	0.002024821735379774	-0.00010618092622475116	-1	
0.062957295190234006	-0.00395723833026873	-7.6403919488722219e-008	-1	
0.017567549607043445	0.052839838392994748	0.0015935556178686338	-1	
0.014031649946471264	0.054907731552322071	0.0012513451291463094	-1	
0.01636175196983114	0.054418173349105675	0.0014460151891834878	-1	
0.019456711793682056	0.052226523296031287	0.0018045347541844549	-1	
0.020873426158965015	0.051608696713523056	0.001988677208547813	-1	
0.0093785329095206413	0.057435024698207923	0.00090465849365598916	-1	
0.0079772979576107315	0.057440125204948796	0.00082668667504516525	-1	
0.0067278963282351141	0.05854385838176128	0.00074459454550869248	-1	
0.0052673227677441248	0.05905308153720925	0.00066505295223961915	-1	
0.012838877994092309	0.056968395945963195	0.0011223960656591933	-1	
0.011621348365892631	0.058676591749041843	0.0010050356609760086	-1	
0.010075991148690516	0.058821647222048454	0.00091571575345983304	-1	
0.0025385092749998003	0.059580416645597011	0.00053102456597917981	-1	
0.0049146500078886008	0.060559137735398949	0.00062720232339499036	-1	
-0.01	0.059354427083333328	0	-1	
-0.007925839139404818	0.06063435320832402	8.3244362467574135e-005	-1	
-0.0058032583613898733	0.061016488002401434	0.00016770343677024882	-1	
-0.00326129971275278	0.062195361853320502	0.00026414306466874984	-1	
0.00013189169989232766	0.061708306870667619	0.00040533294489877132	-1	
0.0019430933538078959	0.061474349470904827	0.00048404169016417201	-1	
-0.00096690338771777897	0.063318121376172001	0.00034686415368857587	-1	
0.061225312500000004	-0.01	0	-1	
0.062014577576568336	-0.0087304986799051458	-1.5500289250923104e-008	-1	
0.062598940175834353	-0.0073546014034371453	-3.457990287844276e-008	-1	
0.040140060555577436	0.038310983302053826	0.00095871917317336738	-1	
0.041701802268771987	0.03823918197621836	0.00080616010224333001	-1	
0.039551177504891455	0.039871249731703168	0.0011043035218810896	-1	
0.036703304457992449	0.039529353659022534	0.0013716868678264021	-1	
0.038044567464232175	0.040388942777163178	0.0012994963069744656	-1	
0.045952102797506944	0.035808595023192398	0.00035003337637444249	-1	
0.04417894421126338	0.037367443977758201	0.00054307781843252574	-1	
0.047123073263591955	0.034514524338338404	0.0002344536058731096	-1	
0.04892801996256952	0.034360935343053373	8.5346133866462992e-005	-1	
0.049858511749021409	0.032411244078257059	9.4898609696826668e-006	-1	
0.051827207098665326	0.030280192527706772	-0.00011950318399127135	-1	
0.054206251070276809	0.02794749911082435	-0.00024048753050060913	-1	
0.053825888929676984	0.029553035347575696	-0.0002390645932232774	-1	
0.056029963962148106	0.026088966871488106	-0.00031107053714987145	-1	
0.061334964003989433	0.0095192776080833957	-0.00030049142791841772	-1	
0.061336283551200216	0.0078042288694977011	-0.00029422579031758162	-1	
0.060475994583516164	0.011561702974598314	-0.00029149245328406693	-1	
0.060908697916666671	0.0050000000000000001	-0.00028064769360420779	-1	
0.061200283285938462	0.0032919125339874707	-0.00018759285039568227	-1	
0.05971574236811214	0.013550077625617489	-0.00028677735111726124	-1	
0.059435976093199852	0.015116348905279521	-0.00029249653495784668	-1	
0.059327273107705573	0.01670369214195427	-0.00030550547663336214	-1	
0.060470470712595044	0.017727460019468986	-0.00035130316582193303	-1	
0.059705096814134773	0.019902773777174788	-0.00035849087543330201	-1	
0.058675591653583374	0.022713733574634881	-0.000368645415206603	-1	
0.059020689937779668	0.02424531045035181	-0.00041076997745620111	-1	
0.058656840644817028	0.025772541357581179	-0.00042772241779213168	-1	
0.031780144949179558	0.044326970947670151	0.0026453204517072632	-1	
0.030767148691163329	0.044065525578593639	0.0027279070577347379	-1	
0.030115958777285054	0.043858010500543013	0.0027183440465719869	-1	
0.033276927942408684	0.043324400272724238	0.0022186726523487884	-1	
0.034715207052049495	0.041659843035926208	0.0017945735081065421	-1	
0.029880088087670235	0.044434805040993487	0.0029385065688026018	-1	
0.022942856852461908	0.050949425137312293	0.0023027654236279617	-1	
0.026727695190144431	0.050375892042460221	0.003111666405148292	-1	
0.025473219835638331	0.051581874437992899	0.0027671057235493061	-1	
0.029465978097261432	0.045250983487906675	0.00325049672600598	-1	
0.027859306975958457	0.049937101932292366	0.0034566258123437297	-1	
0.028943444908829247	0.049391458333333332	0.0038208100484991986	-1	
0.029999999999999999	0.048782916666666669	0.004216911670283284	-1	
0.029999999999999999	0.047565833333333335	0.0040763331704137254	-1	
0.029656233874473206	0.046044479166666666	0.0035977652398403522	-1	
0.029705723510135583	0.045588072916666667	0.0034597227513770523	-1	
0.029999999999999999	0.046348750000000001	0.0038308020275108602	-1	
0.029831687414877829	0.044831687414877835	0.0031188030066953954	-1	
0.029788862871778767	0.045065833333333333	0.0032424330419515584	-1	
0.06416459612520338	-0.0059264101321146881	-6.3548955446664155e-008	-1	
0.062467083333333333	0	-1.0054409474208178e-007	-1	
0.064025468749999995	-0.001856880369439253	-1.0840204334302139e-007	-1	
0.062754054434189355	0.0018399688813301603	-0.000115853812436403	-1	
0.065012804828781995	-0.0040516881176106412	-9.8476536887597315e-008	-1	
0.01905111688493559	0.054193391597610295	0.0016995933811223495	-1	
0.015972362158491939	0.056287107782259385	0.0013596306780178048	-1	
0.0145118341542116	0.057116267809240312	0.0012285223336385323	-1	
0.017838318523917433	0.055883688418655639	0.0015238662434896829	-1	
0.021346467382055451	0.054138865538576171	0.0019551015825133131	-1	
0.022130481701250281	0.052507918956610264	0.0021318606773104293	-1	
0.0085934345418948229	0.05869864064590679	0.00083831850326995935	-1	
0.0075519503834947889	0.059931555214708748	0.00076284663404487126	-1	
0.013438232728149025	0.059725039416494895	0.0010801679374588108	-1	
0.011770886755352827	0.060515941243630605	0.0009649180674822722	-1	
0.0091595488289626693	0.06007436566352671	0.00083999127546036285	-1	
0.0035183047297732669	0.06130711943785528	0.00055432469255794895	-1	
0.0065408865861978534	0.061537921836013726	0.00068595120057016396	-1	
0.0049082102678851269	0.062410214394423222	0.00059893507087263457	-1	
-0.01	0.061225312499999997	0	-1	
-0.0074395880828545743	0.062735528134418198	9.8522345891427794e-005	-1	
-0.0050663647787362251	0.062757552703029976	0.00019016617649353229	-1	
-0.0023550634873613814	0.064324644438777182	0.00028505799934883694	-1	
-0.0040692808756709713	0.06436383478727889	0.00022016679507590387	-1	
0.00098122502086668019	0.063257713675052035	0.0004244660065330152	-1	
0.0029518823336631733	0.062786451189731571	0.00051049646091165892	-1	
-0.00092235561150364267	0.06526667696488965	0.00033098674335532344	-1	
0.00075567145321153424	0.064950336420413285	0.00039702616889712917	-1	
0.06309619791666668	-0.01	0	-1	
0.064031640625000011	-0.0080684409787714472	-3.0990378776994178e-008	-1	
0.041093391342864355	0.039679330841565205	0.00092942971123637227	-1	
0.042636240099282678	0.039492584764644366	0.00075968134542922473	-1	
0.04031310868332634	0.041557544520374787	0.0011089595496504095	-1	
0.03701232743877491	0.041602351378491276	0.0015151190373902713	-1	
0.038824062499999999	0.042656121189931132	0.0013553785067537863	-1	
0.046558567033168921	0.037445052141697119	0.00032204848530233436	-1	
0.04837069204760578	0.037225632573031506	0.00015165025028604135	-1	
0.044237198803982386	0.039032250983565081	0.00058149240225177168	-1	
0.049716088432418232	0.035991999490306015	2.5063609058064549e-005	-1	
0.050717276139773039	0.03464375065020936	-5.8146804264935644e-005	-1	
0.051511718000432666	0.033164219004649852	-0.00011461256356782117	-1	
0.05326478225200517	0.031121155174142819	-0.0002222914929884947	-1	
0.055847942342013873	0.027782357553893026	-0.00032850966067425906	-1	
0.055945978032357499	0.029722472129083036	-0.00037083556933292425	-1	
0.05492397365216984	0.031374489867584378	-0.00033699575313605274	-1	
0.057441587976427864	0.02704186850112299	-0.00039780167645485386	-1	
0.063091820596841028	0.0095616229965545235	-0.00033847106433887149	-1	
0.062562560333491016	0.011237397979483192	-0.00033730619427363938	-1	
0.062726557319919996	0.0067999715494153797	-0.00032114730794303986	-1	
0.064025468749999995	0.0080727847427896054	-0.00035045082142926557	-1	
0.061843530767470373	0.013485783680343477	-0.00033892088999354971	-1	
0.062467083333333333	0.0050000000000000001	-0.00031424123349379883	-1	
0.064025468749999995	0.0032006097356857997	-0.00021921798043267888	-1	
0.060810937398940154	0.014553822059629365	-0.000323821536840219	-1	
0.060747573522924127	0.016122531095955833	-0.00033896003714942315	-1	
0.061541141807968588	0.018615649395527151	-0.00039483474992747309	-1	
0.061901406985161375	0.017271987993122049	-0.00038485122875500595	-1	
0.06078929315379264	0.02181746585439583	-0.00042811491955238042	-1	
0.061946939508906645	0.019946267743561018	-0.00042869304265771011	-1	
0.060572488608022994	0.024007105834491678	-0.00046704622043170218	-1	
0.060312596235514354	0.026599194887713673	-0.00052211664934083543	-1	
0.059891445897766682	0.028401281186429969	-0.00055412132967927062	-1	
0.031062994791666663	0.044649577063665166	0.0028657963269129289	-1	
0.031373437499999997	0.044999999999999998	0.002903613941670873	-1	
0.032615208333333333	0.044999999999999998	0.0026275499814511862	-1	
0.030249709652106983	0.044466646374935255	0.0029305839035937329	-1	
0.030597330729166664	0.044697825279827616	0.0029723713653116088	-1	
0.03447786458333333	0.043846865245312651	0.0021023798190850456	-1	
0.033856979166666662	0.044999999999999998	0.0023744549408322734	-1	
0.036340520833333334	0.043587670152003308	0.0017819055720988772	-1	
0.030065833333333333	0.044788862871778773	0.0030975493214741223	-1	
0.023936797599257618	0.052398886472759108	0.0024254677785866029	-1	
0.026776889119052849	0.052734501156787579	0.0029658853736984642	-1	
0.028358432105205122	0.051785105669787092	0.0035247549616777537	-1	
0.025981196761618683	0.054398683742955686	0.0026045141976469683	-1	
0.029836731515516562	0.045283802083333338	0.0033714205983017306	-1	
0.028870371107296164	0.050608541666666673	0.003787488606620858	-1	
0.029999999999999999	0.050000000000000003	0.0042628225474779522	-1	
0.030847539370535429	0.049391458333333339	0.0038511176795571686	-1	
0.030950330561840603	0.048353152060759054	0.0037369376211805554	-1	
0.031039718728286179	0.047314000700774045	0.003568869270628498	-1	
0.030662368167406286	0.046756093665621522	0.0036221319699340426	-1	
0.029999999999999999	0.045740208333333338	0.0036371948753066885	-1	
0.029999999999999999	0.045435937500000002	0.0035109503817775793	-1	
0.030348895272258439	0.046044479166666666	0.0035783265461503517	-1	
0.029999999999999999	0.044999999999999998	0.0032459203566971061	-1	
0.029999999999999999	0.045131666666666667	0.0033467899301376745	-1	
0.065428213764269591	-0.0071565860886601777	-5.3734799657030563e-008	-1	
0.066426924462952772	-0.0058207444759362488	-8.7200599967350803e-008	-1	
0.064025468749999995	0	-1.2127203932350598e-007	-1	
0.065583854166666664	0	-1.4644093381011899e-007	-1	
0.066363046874999998	-0.0024989849736975307	-1.3801991217686679e-007	-1	
0.064583595190290888	0.0014926671123261515	-0.0001040052451955418	-1	
0.066879192303863244	-0.0041505534089656196	-1.2316890977794671e-007	-1	
0.01991508266809509	0.056006301212369658	0.0017040821760652579	-1	
0.015804275807503012	0.05818876162016301	0.0012800020634884117	-1	
0.017260574933468293	0.057675311966815614	0.00140374083675662	-1	
0.015002345556482057	0.059543824581333456	0.0011789201776409011	-1	
0.018787949085611259	0.057448230725460576	0.0015300260719086616	-1	
0.022224820388319091	0.055557647828463598	0.0019666347802411322	-1	
0.023139519320410758	0.054010086819749323	0.002193062544516075	-1	
0.0093636933941621415	0.061624516807168302	0.00081544794807767134	-1	
0.0081267426084306853	0.062580862103236698	0.00073751090327732688	-1	
0.014592891508464979	0.061222981853355576	0.0010923692146342793	-1	
0.01238348260242508	0.06235282203944173	0.00094115233388431592	-1	
0.010848528043757927	0.062114322518643343	0.0008747518812235066	-1	
0.0065788972582338304	0.063207291083403269	0.00065688903392171029	-1	
0.0041929541454702292	0.063881442917720188	0.00054590603137179587	-1	
0.0056613836130529685	0.064602428068156192	0.00059334392181539461	-1	
-0.01	0.063096197916666666	0	-1	
-0.0084725056093019457	0.064279538894354102	5.6643138327251623e-005	-1	
-0.0061141309035201681	0.063841941636063423	0.00014581200308857092	-1	
-0.00699383620432752	0.065066617835742996	0.00010942991035071395	-1	
-0.0026999940467418897	0.06640973517980886	0.00025691825612235772	-1	
-0.0054197663299815875	0.065180437452024287	0.00016617548413402639	-1	
-0.0051593422242442186	0.066736981752558239	0.00016801040728092845	-1	
0.0026458371858268156	0.064412982005274691	0.00047670408969826232	-1	
0.00049310222346153772	0.067644918298582726	0.00035734765019338318	-1	
-0.0013151732249256282	0.068006247560153804	0.00029180000932792807	-1	
0.0017755638824156891	0.066319885836406842	0.00041860089106140428	-1	
0.064967083333333342	-0.01	0	-1	
0.041902400588836368	0.041006267321717395	0.00089641958569971645	-1	
0.043990244915020772	0.041083737331745397	0.00066218447182577833	-1	
0.040240540180491363	0.043406561298927254	0.0012066559509120096	-1	
0.042522045446704876	0.042570171270429197	0.00087919589598636771	-1	
0.038824062500000006	0.044157001407923391	0.0014473422212955053	-1	
0.047333759867899824	0.039696208260367148	0.00027627934021589017	-1	
0.045767394035174006	0.039690641839056677	0.00043902387285856302	-1	
0.048743091530383191	0.039012602253884629	0.0001265445558404033	-1	
0.050894842539295965	0.037293844277539068	-8.3814490953523706e-005	-1	
0.052393068800536804	0.03475270347628856	-0.00019738514634943998	-1	
0.052408244760673107	0.036473889595014956	-0.00021514722324571806	-1	
0.053288616310314472	0.032786469688541021	-0.00024289495271472936	-1	
0.058178608631906055	0.028637121145301179	-0.00047289634135299155	-1	
0.057129307190389861	0.031263052430526725	-0.00048016162244084247	-1	
0.055327219964111739	0.033502134269943126	-0.00040903177583343414	-1	
0.064597735112756891	0.010674375798157418	-0.00037499055525571664	-1	
0.063891113501536659	0.012079945106118367	-0.00037191642725263406	-1	
0.064495934738846294	0.0063798193415029823	-0.00035445509351214149	-1	
0.065770038780432916	0.008282416576083142	-0.00038268145240043521	-1	
0.064200128482181068	0.013622491352641512	-0.00039282269920656594	-1	
0.062351437794949678	0.01583933114196337	-0.00037680392061693256	-1	
0.065583854166666664	0.0050000000000000001	-0.00037302721640308746	-1	
0.066363046874999998	0.003650163892278251	-0.00028002874016128993	-1	
0.066363046874999998	0.0017419156425651657	-0.00013344229862208344	-1	
0.063096770560888152	0.01818091004960231	-0.0004294204226251389	-1	
0.062813967127423181	0.022679610541773462	-0.00051280307835632234	-1	
0.063654088095169828	0.01993787815086389	-0.00047625493576430037	-1	
0.062863601619933263	0.024231770731558425	-0.00055412071010552968	-1	
0.061899520694684497	0.025449232356075401	-0.00055458321684697753	-1	
0.06197740285883991	0.027407465598513803	-0.00061812497865884803	-1	
0.060179819004313614	0.0301060606258126	-0.00062430775707259596	-1	
0.061499326860273325	0.029037009741656173	-0.00065313871330079955	-1	
0.030752552083333332	0.044999999999999998	0.003053286865624753	-1	
0.031062994791666663	0.045355051418930176	0.0030932211083248909	-1	
0.031787567059482373	0.045675343293627525	0.0029757104208077085	-1	
0.032810290605021018	0.046083889435146609	0.0027780516597906502	-1	
0.030286888020833333	0.044835769308851185	0.0030900280391348645	-1	
0.030442109374999998	0.044999999999999998	0.00313068165501803	-1	
0.035098749999999998	0.044999999999999998	0.0021276053138376289	-1	
0.03447786458333333	0.046646902564215206	0.002434899744625883	-1	
0.03758229166666667	0.044999999999999998	0.0016904451523749833	-1	
0.030131666666666664	0.044999999999999998	0.0032139273577342768	-1	
0.027959824655500034	0.054149878676884151	0.0030376119623177164	-1	
0.029340196405959546	0.053252131296235315	0.0036409015126625975	-1	
0.029999999999999999	0.052434166666666664	0.0040681748966241256	-1	
0.029999999999999999	0.05121708333333333	0.0042086615957076037	-1	
0.027750592698402562	0.055318526295918373	0.0027446871546833599	-1	
0.025966099320770323	0.056589438558197175	0.0022888429751513235	-1	
0.023823095153549564	0.056037194452409705	0.0021063008201488848	-1	
0.030926818140782276	0.050396344087040197	0.0038298290027729254	-1	
0.031730313125572666	0.049827383543125568	0.0035010536101998165	-1	
0.031656196091771456	0.047585311161278815	0.0033724321787754418	-1	
0.032585281702756361	0.0491453487916391	0.0031593471256767826	-1	
0.031250440439120432	0.046674274144929952	0.0033728978920803928	-1	
0.030825886277837181	0.046259211264317493	0.0034372622178109281	-1	
0.030271422786932411	0.045588072916666673	0.0034521683592691386	-1	
0.030276970461554562	0.045276970461554565	0.0033148789587024146	-1	
0.030728238714004853	0.045745309282960972	0.003328908505378514	-1	
0.066837968750000004	-0.008047925953222148	-4.4621647920933333e-008	-1	
0.068037258386703839	-0.0066750658813307774	-8.7467694258862389e-008	-1	
0.068561497624796602	-0.004555440068747826	-1.4604631007087712e-007	-1	
0.067142239583333332	0	-1.7641753731686068e-007	-1	
0.067921432291666667	-0.0016139252164030587	-1.7966983341031581e-007	-1	
0.021941479807891448	0.057202082474533046	0.0018161251677573718	-1	
0.020453548591615613	0.058463256115070777	0.0016008151250064195	-1	
0.017062815553509095	0.059206758641841536	0.001321451276027757	-1	
0.018680082015135682	0.059275237985597348	0.0014247190219288529	-1	
0.016194260309955553	0.060572720580300679	0.0012074342227817694	-1	
0.0099483354654406018	0.063401447875669356	0.00079944250048028279	-1	
0.0078515583705117461	0.06412641097661663	0.00069171994998975844	-1	
0.013872828656837179	0.062794201523334273	0.00099895417964863281	-1	
0.015577787142016939	0.062624948542896963	0.0010859877209436872	-1	
0.013038831389302926	0.064238719107949899	0.00090968444056245524	-1	
0.011502020997882025	0.063631881443187516	0.00086110829946462798	-1	
0.0041581260934023707	0.065808243880711076	0.00051424835573920928	-1	
0.0061832516630028842	0.066094870852303478	0.00058567856747711278	-1	
-0.01	0.064967083333333328	0	-1	
-0.0084956306641229273	0.065954478206993461	5.3348609625634314e-005	-1	
-0.0070445835172299716	0.066694834763312547	0.00010271109572875881	-1	
-0.0031631962014394112	0.06821037404017237	0.00022781117891104187	-1	
-0.0050372632148918709	0.068379679084338604	0.00016401735330052799	-1	
-0.0066549638677141495	0.068690166453197907	0.00010936638809416276	-1	
0.0021862878412339097	0.0683753574789914	0.00040583876961424473	-1	
0.00016838239266351272	0.07072528484232081	0.00031174153062829102	-1	
-0.0020134994038860841	0.070151512823749151	0.00024952473391338963	-1	
0.0035724246993767178	0.067399213890469517	0.00046798446680654363	-1	
0.066837968750000004	-0.01	0	-1	
0.045813487080122846	0.041948262152178083	0.00047427342613421102	-1	
0.044491548090137528	0.043047202202692085	0.00065058167139903577	-1	
0.040065833333333335	0.044999999999999998	0.0012974458016467314	-1	
0.042549375000000007	0.044999999999999998	0.0009462652647868158	-1	
0.047389456002945834	0.04126159346775797	0.00028692426614209375	-1	
0.049027097096172929	0.041622129310617428	0.00010876832627126624	-1	
0.050632283955948626	0.039030313132669393	-6.322058805133375e-005	-1	
0.050548838533456993	0.040917744868522725	-5.8804197253583714e-005	-1	
0.052402138767855912	0.038195131786548216	-0.00023236735993204341	-1	
0.054761593010809344	0.035592479801352016	-0.00040689139016207273	-1	
0.054355303794310646	0.038072411309144336	-0.00042006428009834821	-1	
0.058862605249054463	0.031233078167629415	-0.00058628665943484884	-1	
0.056988549350360712	0.033466708834698281	-0.00052928352605300332	-1	
0.05856486447956008	0.032940875301596916	-0.00062520487449687452	-1	
0.056772961772614046	0.035114371508730195	-0.00056246041794187813	-1	
0.067193722228763048	0.010077202705291635	-0.00041565305907723262	-1	
0.065860937953612836	0.012546562845959447	-0.00041383529832683864	-1	
0.066240504769279215	0.0065894511747965172	-0.00038527530901362304	-1	
0.067460170571445932	0.0078018704017961838	-0.00040772763001857321	-1	
0.06519339121481163	0.015334022654095227	-0.00043424349366793141	-1	
0.066124578497532768	0.014083362690762484	-0.00043573640801990236	-1	
0.064928385711077646	0.017139860013669166	-0.00045582241703068477	-1	
0.067142239583333332	0.0050000000000000001	-0.00039759550588550627	-1	
0.067921432291666667	0.0036249907409083397	-0.00029427805630369584	-1	
0.068424053692467679	0.0018553171650060084	-0.00015299125038691934	-1	
0.065053937735421036	0.018960715080780646	-0.00049119536356806686	-1	
0.064414562634600034	0.024153127431883085	-0.00060155049414974203	-1	
0.064480370786592786	0.022475568626467664	-0.00055668456845240841	-1	
0.06506347420836113	0.0209012355428994	-0.00053389570314045173	-1	
0.06445173034766985	0.026328392143162661	-0.00067346094067571773	-1	
0.063510002020789644	0.02754536558393237	-0.00068449210574097997	-1	
0.060448519858692457	0.031753370184764276	-0.00070130791440599881	-1	
0.062032126283913275	0.030649490919538249	-0.00074228242532680029	-1	
0.064028065566897094	0.028994326162893033	-0.00076305108506618288	-1	
0.030597330729166664	0.045280263945796845	0.0032071651418754915	-1	
0.031268448165962665	0.045869988336871587	0.0031800877862400577	-1	
0.031840135173125415	0.046605110921956891	0.0031537453262844724	-1	
0.032838458194140427	0.047299809453411147	0.0029385786169640331	-1	
0.036340520833333334	0.046408638756165972	0.0020126985912660936	-1	
0.035610126994323525	0.048098598838852077	0.0022599637115423934	-1	
0.034352610593470542	0.049443252230147255	0.0026303631214753351	-1	
0.038824062500000006	0.045844564377011343	0.0015289237070055641	-1	
0.029114393087932025	0.05424516070494214	0.0033186843350400011	-1	
0.028855633672851103	0.054884475936933373	0.0030539343978120827	-1	
0.02965623387447322	0.053955520833333333	0.0035860158735656592	-1	
0.029999999999999999	0.053651249999999998	0.0038199174392270952	-1	
0.030662368167406286	0.053243906334378484	0.0036124564959705155	-1	
0.031085727088699791	0.052221819279509842	0.0036152227984035715	-1	
0.028767680553946396	0.055930937565777467	0.0027234954300611913	-1	
0.028072259513627282	0.057192533770621085	0.0023776651351547487	-1	
0.026627587714843626	0.058258522895531156	0.0020859282040173806	-1	
0.024851069436705845	0.057996967216347367	0.0019954110329543861	-1	
0.031848352659220529	0.05080482252311927	0.0034332206390090504	-1	
0.032729163381362336	0.050202605254850596	0.0031298037800310142	-1	
0.068259484280097302	-0.0085581063892663026	-4.054973496642202e-008	-1	
0.070433025178727612	-0.0054986474034045153	-1.5885401406478028e-007	-1	
0.069523184466504601	-0.0077310318348855081	-7.4777735629435214e-008	-1	
0.069920873491659916	-0.0034664180583976918	-1.9953122952356488e-007	-1	
0.068700625000000001	0	-2.1297938487708301e-007	-1	
0.070259010416666656	-0.0017577533439541563	-2.4065072469161421e-007	-1	
0.022170439188239476	0.058980525081611578	0.001687616290080643	-1	
0.020394944118903	0.060677980506913885	0.0014475233582776699	-1	
0.018522158031944385	0.061217887560029972	0.0013080383800149168	-1	
0.017288112857516219	0.062726516030191137	0.0011658551416555672	-1	
0.0092625711730755077	0.064814517476953715	0.00073425274268738817	-1	
0.0077643051957907334	0.066096075829854078	0.00064567645507382062	-1	
0.014996717430306178	0.065443600640436653	0.00094677174360583631	-1	
0.016339392522661159	0.064251175011706504	0.0010516848429507851	-1	
0.013333786720409951	0.065880420617716498	0.00086516750588284074	-1	
0.011726909021025599	0.065268788131914793	0.00082200130187301925	-1	
0.0052677111774043824	0.067383869434436874	0.0005278963740996571	-1	
0.007995762995912965	0.068054039066827735	0.00060986845082368411	-1	
-0.01	0.066837968750000004	0	-1	
-0.0083331133431977615	0.067691507498257295	5.6210824025903656e-005	-1	
-0.0045425009603987272	0.069950846841101602	0.00017156971317325878	-1	
-0.0057879178227653524	0.070992349271995575	0.00012774936674231273	-1	
-0.0083222036947233607	0.069644296874999997	5.3132943742277393e-005	-1	
-0.0074309556871517283	0.071024990862173204	7.7661468436203456e-005	-1	
0.002264182941145805	0.070483607942383217	0.00037972151370875324	-1	
0.0044446738957134545	0.070110057499033235	0.0004532142036470677	-1	
0.001008012917497688	0.07217854880703603	0.00031994206356325663	-1	
-0.0013378751436890104	0.072017722646492768	0.00025325293863280644	-1	
-0.0030265164610646668	0.071573658656020722	0.00020740855506353684	-1	
0.0056516645973055148	0.068987116804298323	0.00051162226946996998	-1	
0.068708854166666666	-0.01	0	-1	
0.046274687500000009	0.043604307471779041	0.00044402526269848088	-1	
0.045032916666666672	0.044999999999999998	0.00061928863055031298	-1	
0.040242849641800443	0.046595444492181851	0.0013278988760611079	-1	
0.041839655144052683	0.046949764934783547	0.0010950852326402449	-1	
0.043731262321815283	0.046396584865881343	0.00081440074042643735	-1	
0.048242261838154964	0.043103982225715376	0.00020608565243739906	-1	
0.050589341263715212	0.043001212102266623	-6.8228412834381858e-005	-1	
0.052163133742871647	0.040137499036625404	-0.0002283533874446059	-1	
0.052106877414852898	0.041929583802168068	-0.00023735617651548946	-1	
0.056204704346639323	0.037102153019173967	-0.00057060525906945498	-1	
0.053725312499999997	0.041017459326700555	-0.00040647989211093478	-1	
0.055486547054103032	0.040640424476336527	-0.00059273330587943974	-1	
0.056521648869248181	0.039166427642812522	-0.00066180490124061468	-1	
0.058739468062148914	0.035752372173821816	-0.00074309375547378196	-1	
0.06011038114924272	0.034501030586957797	-0.0007954219713039144	-1	
0.061374590472637131	0.033141974574122754	-0.00081822381044269372	-1	
0.057841598818908387	0.037121173145694852	-0.00071984201885118293	-1	
0.068829047433619533	0.0088638132724868056	-0.00043139504995378807	-1	
0.068028340166463946	0.011911634970659984	-0.00044309832270288547	-1	
0.069448600967286875	0.010481744032230627	-0.00044978656939226671	-1	
0.067672449997898107	0.013895336315639802	-0.00045955398002419994	-1	
0.067942020431278893	0.0063396722666732575	-0.00041030288541524387	-1	
0.069479817708333322	0.0064130358029973709	-0.00043016996077436398	-1	
0.067072984889996953	0.015425627443792087	-0.00047088097680071504	-1	
0.066622708999887176	0.017818494730759245	-0.00050211665874514485	-1	
0.068700625000000001	0.0050000000000000001	-0.0004192093423084699	-1	
0.069479817708333336	0.0033618811963678813	-0.00028633728825983441	-1	
0.070259010416666656	0.0017237623927357625	-0.00014920051237300421	-1	
0.066969532254353079	0.01927088962399014	-0.00053856772057645603	-1	
0.066015170957568495	0.023839459429153543	-0.00063659612924267192	-1	
0.066117693719498827	0.025506826996293343	-0.00069517041149173202	-1	
0.066206199803454949	0.022219631475470951	-0.0005941817159072451	-1	
0.067558361324648569	0.020643120516258807	-0.00058159739298336622	-1	
0.066183102317967896	0.027363201140175031	-0.00076780408981549756	-1	
0.063728919599990663	0.031569953403679636	-0.00086939811718525657	-1	
0.06533781367478976	0.030451632484708564	-0.00088242225749616426	-1	
0.038824062500000006	0.047346324607352358	0.0015870568421939954	-1	
0.037494314017283897	0.049129224305394147	0.0018851639216692397	-1	
0.03606225127493997	0.050729707323663241	0.0021984607584879449	-1	
0.033924424427522491	0.050642906760131175	0.0027465889434844675	-1	
0.029705723510135573	0.054411927083333332	0.0034473485203631994	-1	
0.029465978097261435	0.054749016512093324	0.0032378407499433224	-1	
0.029306081397318041	0.055693918602681969	0.0028484851889030013	-1	
0.029434805040993484	0.055119911912329768	0.0030770022444189552	-1	
0.029999999999999999	0.054259791666666668	0.0036252208392335596	-1	
0.030348895272258439	0.053955520833333333	0.0035673303431916921	-1	
0.030825886277837181	0.053740788735682506	0.0034278151344602666	-1	
0.031540914488001469	0.053230134287573214	0.0032752184267736037	-1	
0.032026227094469555	0.052404146834732872	0.0032305345096009519	-1	
0.029361472103559539	0.0565497536329733	0.0025858510723245185	-1	
0.029474326387960166	0.058390368796198119	0.0021704746946945887	-1	
0.028023058857236372	0.058926807146742102	0.0020483628040685159	-1	
0.026852476894719285	0.060039768043567261	0.0018507523445000129	-1	
0.023883675455052305	0.059509771714665455	0.0017588949063676136	-1	
0.032833417494574517	0.051300339841349067	0.0030565280478917923	-1	
0.071837017255933597	-0.007054623530604401	-1.3095379653988866e-007	-1	
0.072748336113045362	-0.0058233668895421482	-2.053395200184386e-007	-1	
0.072235770619614323	-0.0043798394078393595	-2.4341208935219756e-007	-1	
0.070579739583333329	-0.01	0	-1	
0.07112671189212634	-0.0084924511956261696	-6.2585648652004864e-008	-1	
0.071547200293433144	-0.0028427732714624721	-2.6287400811301876e-007	-1	
0.071817395833333325	0	-3.1705942806419853e-007	-1	
0.07259658854166666	-0.0015253949255939732	-3.3272230055207655e-007	-1	
0.02217837164399715	0.06199244803362701	0.0014470982293845113	-1	
0.020052811683644096	0.063009257353253495	0.0012786643726150054	-1	
0.018499671658431232	0.06453791001837153	0.0011261199372611999	-1	
0.010775747966203522	0.066811920503269853	0.00073993557420609906	-1	
0.017139509447419588	0.06650425029200499	0.00098023507322628255	-1	
0.014285381665577024	0.067312418277909833	0.00084896715549436202	-1	
0.016222530240508806	0.067980254716907079	0.00088727643865142247	-1	
0.01245390913009296	0.067497296294896161	0.00077962533209060289	-1	
0.0092046413853160338	0.069876694619771251	0.00060660579904536348	-1	
0.010989055361841565	0.068612049616056006	0.00069728257281244539	-1	
0.0068317620559122383	0.070138286794269991	0.0005269233673775431	-1	
-0.01	0.068708854166666666	0	-1	
-0.0046682911925141294	0.072168030641864764	0.00015505102475259981	-1	
-0.0065065757153599923	0.0727977055583999	9.930990032152055e-005	-1	
-0.01	0.070579739583333329	0	-1	
-0.0082367057702840193	0.072457263776372516	5.0864134900396016e-005	-1	
0.0031136939976481389	0.072426167841723052	0.00037701539563508391	-1	
0.0048330614625595718	0.071873735711216802	0.00043477740541979573	-1	
-0.0002008691634396722	0.073342833859659187	0.00027247804389034583	-1	
0.001487772153935984	0.073786897850131247	0.00031334924850002924	-1	
-0.0033594446561432097	0.073218685824882945	0.00018576242012583274	-1	
-0.0018426438948891343	0.073937205845503243	0.00022177745143276366	-1	
0.047516458333333338	0.044999999999999998	0.00030533792084292614	-1	
0.046274687500000009	0.046741282681169324	0.00047777856377918902	-1	
0.04012585914307424	0.048090229495228475	0.0013846954233697742	-1	
0.041549875190467531	0.048559534597365325	0.0011640274204570038	-1	
0.043019888653211658	0.04808218696385521	0.00093844317352180225	-1	
0.044564420814305554	0.048025435336448791	0.00071877508388312208	-1	
0.050000000000000003	0.044999999999999998	-3.087097369223813e-007	-1	
0.052483541666666668	0.044999999999999998	-0.00030547072774097102	-1	
0.053865743188940496	0.043158537215003762	-0.00045615268905569128	-1	
0.055672350550427831	0.043328118941700279	-0.00067600910101606366	-1	
0.056781655621062861	0.041892141789767488	-0.00077386186413817945	-1	
0.058832326080951194	0.038424340353233111	-0.00086556466156068566	-1	
0.058690981589935437	0.040254507726719291	-0.00093120634094591404	-1	
0.060160249757133279	0.037157016562582558	-0.00092650719528072206	-1	
0.061410333983417775	0.035825938541609988	-0.0009578949122872871	-1	
0.062731532937826268	0.034219356364039423	-0.00095888390833102834	-1	
0.07022848447323618	0.0078424795872722719	-0.00044296303720611183	-1	
0.069672959611297366	0.012124884878394006	-0.00046728772589188972	-1	
0.069280387775068938	0.013696757854745605	-0.00048022162072123854	-1	
0.070845006649525102	0.011127962911068767	-0.00047042689829772247	-1	
0.071627777984011778	0.0088009339230716299	-0.0004614481119905723	-1	
0.068703323093240759	0.015633345270509684	-0.00049997333870782721	-1	
0.071370823979773096	0.0066157026022263758	-0.00045043883250818001	-1	
0.070259010416666656	0.0050000000000000001	-0.000437495788189412	-1	
0.067727853398785356	0.01678765559870754	-0.00050403447654934002	-1	
0.068033797281762065	0.018223475070360266	-0.00053560013610887169	-1	
0.071038203124999991	0.0036249907409083527	-0.00032119883911537812	-1	
0.072575456499320734	0.0019081517624023941	-0.00017309680849984454	-1	
0.069324752146327245	0.018922484907460908	-0.00057129133548495658	-1	
0.067560958717549149	0.023319003071150059	-0.00065612191565191753	-1	
0.0678454588742258	0.026188905303335445	-0.00076328200695535784	-1	
0.068629462276425302	0.022089055303828341	-0.00063992408956809377	-1	
0.069202375325165641	0.020563853020767596	-0.0006081871145339451	-1	
0.068169357365021346	0.027714298630747359	-0.00083593232233251122	-1	
0.067325426141245953	0.02902560146578944	-0.00087674395464407736	-1	
0.064981158596526034	0.032717729999014074	-0.00099305958304068552	-1	
0.066525417202679279	0.032010086745274557	-0.001013737443972914	-1	
0.038873608461968127	0.048770613842928842	0.0016153248280413302	-1	
0.03775928584349119	0.051260453885025051	0.0018259385709979141	-1	
0.039434057825631169	0.050663162459426016	0.0015198548388905369	-1	
0.034955039581524371	0.051629562083769252	0.0024341285676594709	-1	
0.036781091464786961	0.052745295289595463	0.0019684755226172706	-1	
0.033604221593603344	0.052088851847241803	0.0027658854380255074	-1	
0.029836731515516562	0.054716197916666667	0.0033585736425708898	-1	
0.029999999999999999	0.054564062499999996	0.0034983826005039135	-1	
0.029788862871778767	0.054934166666666666	0.0032292446003394284	-1	
0.030115958777285047	0.056141989499456979	0.0027033979908029308	-1	
0.029880088087670235	0.055565194959006511	0.0029198645405000378	-1	
0.029831687414877829	0.05516831258512217	0.0031045246525440726	-1	
0.030271422786932411	0.054411927083333332	0.0034400220940452625	-1	
0.030728238714004853	0.054254690717039027	0.0033173445381473837	-1	
0.031268448165962665	0.054130011663128405	0.0031683781189492583	-1	
0.031699710400241922	0.053769402353629744	0.0031126593245924821	-1	
0.032485068222414801	0.053245127463256783	0.0029653844242365553	-1	
0.030774319336570048	0.057082462606073886	0.0024148522796204222	-1	
0.02926994927176076	0.059842890027181801	0.0019168225099683424	-1	
0.030678058879581825	0.059432018679377724	0.0019483694073164806	-1	
0.028418113665223826	0.061037027385914114	0.0017463788774599422	-1	
0.024796887476970449	0.061471531684787709	0.0016062707314378451	-1	
0.026681172856103039	0.062535452258579288	0.0015508249161147096	-1	
0.072728067047617098	-0.008405596315864192	-8.2393391333163963e-008	-1	
0.074278630973522497	-0.0058918695572616605	-2.5104218939989977e-007	-1	
0.074321510416666681	-0.0081226909829280602	-1.2300114460992677e-007	-1	
0.075122408995870721	-0.0041137259773656497	-3.7815525202322551e-007	-1	
0.074154973958333328	-0.0022363139426896847	-3.9415634803003475e-007	-1	
0.072450625000000005	-0.01	0	-1	
0.073375781249999994	0	-3.9115578148107751e-007	-1	
0.021687672370770426	0.063696742445148724	0.0013009482030036468	-1	
0.024665982724033267	0.063631467406749895	0.0014029546085514114	-1	
0.020382734956028846	0.064897801794846707	0.0011763905673137114	-1	
0.019472985038476127	0.067138191140762471	0.0010224891481465182	-1	
0.019095207818666336	0.068766483040975435	0.00093239018869304281	-1	
0.014974652349550316	0.069189486166007813	0.00080236110828536453	-1	
0.013415867019591667	0.069113090989073797	0.00075838191364890396	-1	
0.016448346305923595	0.069703172890482903	0.00082324618344076716	-1	
0.011024492429814547	0.071089790824068022	0.00062891470251777307	-1	
0.0082371773382364597	0.071993799042486317	0.00052912078619551505	-1	
0.012567821575138449	0.070522011532801882	0.00068914286818222068	-1	
0.0061779465193629139	0.073079011580965594	0.00045046102870017107	-1	
-0.0053525986060389405	0.074361072859647812	0.00012465089509898893	-1	
-0.0078008571574633588	0.074960640268772347	5.7802392980889773e-005	-1	
-0.01	0.072450624999999991	0	-1	
-0.01	0.074321510416666653	0	-1	
0.003285677956566143	0.074283433029363563	0.00035391574860215412	-1	
-0.00025849166146220924	0.074813364318708955	0.0002554698604860814	-1	
0.0011322989672419848	0.075294489676988971	0.00028567014288065834	-1	
-0.0037532436708824514	0.076010246773028214	0.00015670986145671433	-1	
-0.0018152728598967332	0.075757922242126935	0.00020732297226974179	-1	
0.048216239431480269	0.04681245577220481	0.00022680079281753226	-1	
0.046470536017837329	0.048783082987269202	0.00046194667935294312	-1	
0.040433330000906445	0.049552372251144436	0.0013495822480559076	-1	
0.042415872785157162	0.050206372911244357	0.001035993923925161	-1	
0.043796992110748875	0.049418192413002181	0.00083319188099175399	-1	
0.044929809934223693	0.050534186529541322	0.00067349999084567584	-1	
0.051241770833333339	0.04608683502118642	-0.00015608465856309321	-1	
0.050138878498696464	0.047092006355706831	-1.7616076576726756e-005	-1	
0.054477581974969845	0.046488258774529168	-0.00057368414763790741	-1	
0.054967083333333333	0.044999999999999998	-0.00061843744147720473	-1	
0.052781288489826939	0.046681049251190293	-0.00035488473092687504	-1	
0.057599154661690417	0.043342101605213873	-0.00091800817790632411	-1	
0.057450625000000005	0.044999999999999998	-0.00094676421716597119	-1	
0.058969976248887619	0.042397889593052171	-0.0010571723260209243	-1	
0.060530917421090541	0.039120241452037699	-0.0010693865599003965	-1	
0.0607223661073251	0.040993020277159745	-0.0011978822619811132	-1	
0.06212758053543431	0.037505235017620688	-0.0011169090850633534	-1	
0.063235674725359278	0.035877031070711593	-0.0010951029845718231	-1	
0.064460337549480398	0.034334590863218446	-0.0010664006218551328	-1	
0.070849572036055505	0.013293572964830032	-0.00049342246782782128	-1	
0.070697797154959913	0.015958072360600383	-0.00053041467350238396	-1	
0.0721993980547396	0.010397776914054897	-0.00047721666314704089	-1	
0.072291312451215534	0.012189460003472792	-0.00049446661120045455	-1	
0.073323279126958379	0.0087569689668221661	-0.00047357823073856297	-1	
0.073045545752560212	0.0066880096073232724	-0.00046361534596357833	-1	
0.06947336647062799	0.017191132427152228	-0.00053777549367694231	-1	
0.071817395833333325	0.0050000000000000001	-0.00045284108760427561	-1	
0.073860049209344886	0.0035098760492350105	-0.00032549181108596956	-1	
0.074627575308849725	0.0018410137459440091	-0.00017159289490858561	-1	
0.070549724560980576	0.01983906230578375	-0.0006086647952392878	-1	
0.071625156220798986	0.018460590653759937	-0.00058871748357546851	-1	
0.069111308715096784	0.02478493713771783	-0.00073646784536036058	-1	
0.069533754611280529	0.026627501083554807	-0.0008157280333529409	-1	
0.07060474597419189	0.02362599469615858	-0.00071905762290635307	-1	
0.070239823226139628	0.021841650822652631	-0.00065797583428282608	-1	
0.069473323722309688	0.028569521861671651	-0.00090453266244334355	-1	
0.068425116475125641	0.031913134643922897	-0.0010687425102526829	-1	
0.069908046833943679	0.030721843501260625	-0.0010302217078799144	-1	
0.066147433762717422	0.035096346923468989	-0.0012122906088014246	-1	
0.067920967130606719	0.033747280350815041	-0.0011830161785400116	-1	
0.039287532792770946	0.052898943926691935	0.0014994036697218134	-1	
0.041085027754307293	0.051506711240268899	0.0012343697356546133	-1	
0.034651151060030944	0.052951886526432547	0.0024176309952881202	-1	
0.03758229166666667	0.055	0.0016794039275681834	-1	
0.035098749999999998	0.055	0.0021207210802919917	-1	
0.033558203699513477	0.053755849356604539	0.0025998945856854382	-1	
0.029999999999999999	0.054868333333333331	0.0033335006355603102	-1	
0.030276970461554562	0.05472302953844544	0.0033020022059739754	-1	
0.029999999999999999	0.055	0.003232208657623299	-1	
0.030767148691163329	0.055934474421406394	0.0027150070686459932	-1	
0.030249709652106979	0.055533353625064744	0.002915264767359559	-1	
0.030065833333333333	0.055211137128221226	0.003082888538077934	-1	
0.030597330729166664	0.054719736054203147	0.0031944392528649259	-1	
0.031062994791666663	0.054644948581069809	0.003080599423267012	-1	
0.031787567059482373	0.054324656706372473	0.0029611426645950434	-1	
0.03238497341736947	0.053945552571160377	0.0028736381888714883	-1	
0.032219331748896712	0.058070527385390071	0.0020877100415735818	-1	
0.031780144949179558	0.055673029052329855	0.0026329539851062478	-1	
0.030273229789875313	0.060971538019509962	0.0017366356541817928	-1	
0.032221646079725344	0.059821049457166403	0.0018111003528220883	-1	
0.028958281949260322	0.062812967395592098	0.0015304250518803904	-1	
0.026006815660495394	0.064474182519505985	0.0013558278320930644	-1	
0.027567844114686258	0.064741000603555129	0.0013430879209984856	-1	
0.074321510416666681	-0.01	0	-1	
0.075635998195416221	-0.0073171099463370578	-2.0617226364240263e-007	-1	
0.076246793047010958	-0.0059015646181111081	-3.3112083418831138e-007	-1	
0.076192395833333343	-0.01	0	-1	
0.077212664435817785	-0.0038113376581917868	-5.3374749490150891e-007	-1	
0.076492552083333332	-0.0018568803694392544	-5.5988418293809093e-007	-1	
0.074934166666666663	0	-4.8342469448644711e-007	-1	
0.023205167851243488	0.064957190650854535	0.0012598065682469077	-1	
0.021727548003397774	0.066264157290740783	0.0011336295895421876	-1	
0.025441229685412767	0.065953410098196635	0.0012291681140741632	-1	
0.020670025174230108	0.068206125622249231	0.00099602042721174083	-1	
0.01915851573408419	0.070436824996370148	0.00085642847109938011	-1	
0.02166998550603029	0.069460505340747727	0.00095049818218491942	-1	
0.014175922843627948	0.070530261726764382	0.0007327290651519266	-1	
0.015575574524861644	0.071322115833679062	0.00074045155952849205	-1	
0.017398632607393699	0.071565356584494477	0.00077215999346507715	-1	
0.012290576113631603	0.072142928905301398	0.00063336836179681423	-1	
0.010179796210702884	0.073392898080662974	0.00054780187329627535	-1	
0.0080749059770057682	0.074182222634418649	0.00047758612205159626	-1	
0.013937341729767502	0.072158118312276309	0.00067369645505275058	-1	
0.0059719500784929909	0.074809204533130239	0.00041387328018668254	-1	
-0.0060844674487302601	0.076670940495274717	9.590400372219693e-005	-1	
-0.0084772568241323933	0.076332037378154374	3.7892842130161892e-005	-1	
-0.01	0.076192395833333329	0	-1	
0.0044827631486509456	0.075713817419042706	0.00036215129824135128	-1	
0.0022526029148933627	0.076364122028660969	0.00029973462299188888	-1	
-6.8637585977621759e-005	0.076272725690437485	0.00024519029020209304	-1	
0.0010533066233889073	0.077300699459290467	0.00026062013208635507	-1	
-0.0025999462026967401	0.077299687645074597	0.00017560490326409706	-1	
-0.0043107180671829596	0.077669345893060168	0.00013365741362699862	-1	
-0.00038535312383306637	0.077900262066200432	0.00022166380079927071	-1	
0.048413840155335744	0.049439493042882428	0.00020666594001858692	-1	
0.04979723662911139	0.048648513666907055	2.6348389318257421e-005	-1	
0.046900552809532828	0.050714801041594357	0.00040531634989380335	-1	
0.042869122216055766	0.052010976252551869	0.00095690138731355256	-1	
0.045797875358950482	0.051904457319951185	0.00054788180750962553	-1	
0.044272661838233952	0.053272646873666757	0.00074259467058031563	-1	
0.051538601635989209	0.047609225895621624	-0.00019784574331569999	-1	
0.056022426709029148	0.046227528056254547	-0.0007789202153513071	-1	
0.053920509526045254	0.04795256613517853	-0.00051088503331162319	-1	
0.056630365207545157	0.047727856537467653	-0.00088208352182944812	-1	
0.052618307703387469	0.048552673299123869	-0.00034050875234759129	-1	
0.059934166666666663	0.044999999999999998	-0.0012989681633924358	-1	
0.059154852236433152	0.046483365941173721	-0.0012351107251645772	-1	
0.057611647235910925	0.046535672318662076	-0.001006628145250149	-1	
0.061175937499999999	0.042820101588714687	-0.0013669149015852556	-1	
0.06215866099781045	0.039776052687265868	-0.0012773213399483768	-1	
0.063125214336654273	0.041240775244945065	-0.0015003407781126914	-1	
0.063870676759484907	0.039390514674117152	-0.0014137720583283647	-1	
0.064398285060494123	0.037466766279830858	-0.0012953203847928657	-1	
0.07253781280170217	0.014004699943465357	-0.00051866228559834275	-1	
0.072188670951595674	0.016828683775078089	-0.00056125571080830011	-1	
0.072788799062703247	0.015469305412367127	-0.00054237599351040751	-1	
0.075115379677446734	0.0096193696864027393	-0.0004883670213006176	-1	
0.075041035584735682	0.011414616519963621	-0.00050253473249793623	-1	
0.073959535319295194	0.012849466830408432	-0.00051267201864706484	-1	
0.074930352469072745	0.0075853569759057552	-0.00047632782552422875	-1	
0.074934166666666663	0.0050000000000000001	-0.00047214426816507817	-1	
0.075691926481824809	0.0033741433732193391	-0.00031791938518032899	-1	
0.076492552083333332	0.0017689616531252484	-0.00016702619011757264	-1	
0.071736771712569564	0.020804251719154197	-0.00064656919827420104	-1	
0.073536166899174929	0.019821929478072698	-0.00063576124314398844	-1	
0.073268370836200233	0.018175872355678035	-0.00059632886951286582	-1	
0.07161632900650397	0.02508875124409048	-0.00078390629121856403	-1	
0.071277694296168356	0.026590310632405346	-0.00083960707627565043	-1	
0.072409098312058454	0.023769330578854685	-0.0007432371191606179	-1	
0.072001715359002072	0.022302940084528142	-0.00069229817142564976	-1	
0.071626735123524132	0.028998814257541149	-0.00095776819122777679	-1	
0.070419922703805829	0.032877659735628395	-0.0011786092747174668	-1	
0.071718004634797813	0.03143076596096072	-0.001098254273083977	-1	
0.066189457809935945	0.036946968415698694	-0.0013684212465685697	-1	
0.06777882655110129	0.035971060303986412	-0.0013587049689546549	-1	
0.069715351850658705	0.034978407330035273	-0.0013309623280767838	-1	
0.041519371670681732	0.053378202473731283	0.0011303176611569268	-1	
0.040065833333333335	0.055	0.0012919459231694934	-1	
0.036340520833333334	0.056712482719711799	0.0017403572837550872	-1	
0.038824062500000006	0.057179898411285353	0.0013548036586439687	-1	
0.034803381029396396	0.057137873839973298	0.0019154556334105841	-1	
0.033276927942408684	0.056675599727275768	0.0022058633751117231	-1	
0.032615208333333333	0.055	0.0026119188305766356	-1	
0.030131666666666664	0.055	0.0032002188598244065	-1	
0.030442109374999998	0.055	0.0031172211819157579	-1	
0.031062994791666663	0.055350422936334832	0.0028526864848950101	-1	
0.030597330729166664	0.055302174720172383	0.0029585945677743455	-1	
0.03028688802083333	0.055164230691148813	0.003075941055978798	-1	
0.030752552083333332	0.055	0.0030401317376839922	-1	
0.031373437499999997	0.055	0.0028904324481370028	-1	
0.034504216497629019	0.058704480671624752	0.001759674727240145	-1	
0.030782666856546636	0.062903228317497839	0.001487242908185165	-1	
0.032325264955281666	0.061925006241619125	0.0015367114501662182	-1	
0.034152548966833896	0.060876958454854704	0.0015373602909396387	-1	
0.029728260165150223	0.06573258111552624	0.0012382987765115845	-1	
0.027474631985938712	0.067048790678718675	0.0011543657049884826	-1	
0.076971648954067343	-0.0080870943474203802	-1.8048789735042393e-007	-1	
0.078432263722641962	-0.0066265985550038346	-3.8846294153071368e-007	-1	
0.078063281250000005	-0.01	0	-1	
0.07924751662645893	-0.004256131605994069	-6.7436020828789943e-007	-1	
0.078830130208333335	-0.0024989849736975307	-7.5722135210231997e-007	-1	
0.076492552083333332	0	-5.983917824988247e-007	-1	
0.078050937500000001	0	-7.4873820034405822e-007	-1	
0.023655173281505449	0.066954715286894381	0.0011303381709783682	-1	
0.022239034386486434	0.067872060905152257	0.0010487140822382937	-1	
0.025272981868698117	0.067746873978349498	0.0010986650734136241	-1	
0.019293171296532408	0.072449378824237853	0.00077240061015871209	-1	
0.020907353233012564	0.071239865820378709	0.00085045419059078258	-1	
0.02275137432594259	0.070689508326097453	0.00090133824175456332	-1	
0.023916704148654381	0.069539788133125113	0.00097526016014838439	-1	
0.016298927388586692	0.072854092410734914	0.00070257505957482325	-1	
0.018274739163540363	0.073902501941033802	0.00069970364384519697	-1	
0.01260538790352243	0.073759394571351083	0.00059514263430522044	-1	
0.0097528486562347017	0.075455573475834536	0.00048868927904030925	-1	
0.012325598888063385	0.075823348243300601	0.00053388173940715393	-1	
0.0077070846494498579	0.075957334005027646	0.00043282568556022612	-1	
0.014671754749195222	0.07402076540413409	0.00063082048443721445	-1	
0.0059943931784663422	0.076551472736546361	0.00038335556411391876	-1	
-0.0058277986751504515	0.078289755886916765	9.5375701863695608e-005	-1	
-0.0074920781677527346	0.077584673112578675	5.9197762565470034e-005	-1	
-0.01	0.078063281250000005	0	-1	
-0.0086438664952357847	0.078686061743724153	3.057461974448078e-005	-1	
0.0038383966871111575	0.077653239190955792	0.00031826260440239162	-1	
0.0027441371991674918	0.079036708564577285	0.00027633675315013852	-1	
0.00099343877882328529	0.078821194352267074	0.00024203750075078601	-1	
-0.0017674801976815414	0.07881618135199242	0.00018277992338898522	-1	
-0.0046155217539425065	0.079392854612260394	0.00011701281684590989	-1	
-0.00038982311949651996	0.080362120270063453	0.00019812608207708682	-1	
0.048581142343389262	0.051173506181365826	0.00018405029177271713	-1	
0.050140849885461927	0.050161786083625426	-1.8161558586509547e-005	-1	
0.05131192870385954	0.049143631931131339	-0.00017054374362141908	-1	
0.047351148562038113	0.052371920663141308	0.00034077646236318999	-1	
0.046126185076600733	0.053627876140539321	0.00049139494666315198	-1	
0.042549375000000007	0.055	0.00094196051217937924	-1	
0.045032916666666672	0.055	0.00061422072616758349	-1	
0.055999694198411387	0.049556338138944528	-0.00080361641097745069	-1	
0.054231724335377665	0.050340795564242938	-0.0005583705126955158	-1	
0.057881737209291122	0.048887779630101082	-0.0010781561671238849	-1	
0.052580569599668482	0.050208675561195903	-0.00033730429926453635	-1	
0.062417708333333335	0.044999999999999998	-0.0016884779192351837	-1	
0.060712467207236394	0.047101056073306322	-0.0015056029544504939	-1	
0.059414785604274239	0.048138702807460215	-0.0013126171834565118	-1	
0.063659479166666672	0.043287517280288214	-0.0017531193755051637	-1	
0.065196618970603581	0.04286212616002677	-0.0019300568025391073	-1	
0.065495783502370883	0.04129551932837533	-0.0017777385028673604	-1	
0.065847451033166873	0.039123041545145197	-0.0015606739235071037	-1	
0.07429876864030957	0.015260052170571333	-0.00054768771876422711	-1	
0.073692886765708662	0.016648580065712425	-0.00056878100509474806	-1	
0.076746377945494604	0.010848713992903897	-0.00050121946482378223	-1	
0.076495133977657975	0.0081134743230555535	-0.00048302646230030059	-1	
0.076562907737781905	0.013148296587767701	-0.00052506958911642987	-1	
0.075701388086551219	0.014494247058861945	-0.00054098341563684838	-1	
0.076062050589394706	0.0063825650294617505	-0.00047672819749822523	-1	
0.078050937500000001	0.0050000000000000001	-0.00047786901589511407	-1	
0.077483349539171728	0.0032824202140885315	-0.00031147869091601609	-1	
0.078830130208333335	0.0020747703296346422	-0.00019604485682986968	-1	
0.073238830501822186	0.021416481920993415	-0.00067578557755386143	-1	
0.075121591958911577	0.021121624597268348	-0.00067575346946974516	-1	
0.075527286502383079	0.019333848799678057	-0.00063143282230467164	-1	
0.074845001457263749	0.01763231493805242	-0.00059254275002920155	-1	
0.072776123035028603	0.026100794659700319	-0.00083313865858336707	-1	
0.073812228925457857	0.024912771445788458	-0.00079278987119326696	-1	
0.07246976248492365	0.027647099217772576	-0.00089923537777390446	-1	
0.073975159214927561	0.022861759213651026	-0.00072297232864239065	-1	
0.073115333687756717	0.028988468126734852	-0.00096828233644327623	-1	
0.073527681257930133	0.030721126042108683	-0.0010630977524871961	-1	
0.072181172425934609	0.03315203184216485	-0.0012169983954040434	-1	
0.072065107006957868	0.035297642951775676	-0.0013873103445263748	-1	
0.067674735044719755	0.038074993758380457	-0.0015647268820841948	-1	
0.069217333143454504	0.037096771682500314	-0.0015203094201853592	-1	
0.071041718050741429	0.037187032604404764	-0.0015657443223935706	-1	
0.041307604166666671	0.057151004249217943	0.0010330423432994874	-1	
0.036874785663345691	0.058759224755054983	0.0014843498363096292	-1	
0.039277633892674732	0.059006979722839761	0.0011844553854816211	-1	
0.036129323240515931	0.060609485325883242	0.0013938381327534915	-1	
0.032221173448898667	0.06402893969601238	0.0013263056107884368	-1	
0.031369848243175409	0.065458950390307497	0.0012254476449285751	-1	
0.03381054219006447	0.063053031584301575	0.0013393290432657998	-1	
0.035601714939505869	0.062533233720169307	0.0012693589047550846	-1	
0.029317878702067934	0.067617369550539846	0.0010979428575306498	-1	
0.031541053312442703	0.067114357897828034	0.0010910891964220038	-1	
0.02773447314069755	0.068719035206818518	0.0010375745887786321	-1	
0.079015130992085986	-0.0083881335842980655	-2.0473438108990237e-007	-1	
0.079981816030639058	-0.0059061558768602525	-5.7829999543306382e-007	-1	
0.079934166666666667	-0.01	0	-1	
0.08038851562499999	-0.0016139252164030587	-1.0061870467322604e-006	-1	
0.081028580958129967	-0.0045554400687478252	-8.5791956642354062e-007	-1	
0.079609322916666669	0	-9.3611663437807518e-007	-1	
0.026153867574709663	0.069318134742890752	0.0010008540248077171	-1	
0.020934231595665383	0.072932617377532816	0.00077538295191066317	-1	
0.019994269075001729	0.074340665935067038	0.00070701969480302775	-1	
0.022507885875301697	0.072308323785695711	0.0008195018666040982	-1	
0.025195726485956152	0.071048300065312722	0.00089938907418468997	-1	
0.016610903001800261	0.074519283935715441	0.00065143401599155075	-1	
0.020014930071683232	0.076103384150660286	0.00064192772406576409	-1	
0.01689082197171024	0.076185738607479583	0.00060115418325993784	-1	
0.01843187611377646	0.076878975892960194	0.00059880652488856709	-1	
0.0091056506893942984	0.077238182194914545	0.00043643140195335605	-1	
0.010863653267339367	0.076867655659508691	0.00047929499938030373	-1	
0.015280483393574065	0.075673649292490153	0.00059212798430169345	-1	
0.013081580311909121	0.07741345114455514	0.00050609453000996822	-1	
0.0072705845507781584	0.077716817045846723	0.00039002453769231574	-1	
0.0055445787144186402	0.078220112519697696	0.00034593205624014499	-1	
-0.0072275609092048842	0.07915620226855162	6.123791972131069e-005	-1	
-0.01	0.079934166666666667	0	-1	
-0.0084400320425396594	0.080164373328607888	3.2792076165354406e-005	-1	
0.0044104940272948869	0.079615194740779105	0.00030177383056505881	-1	
0.0016772520164656114	0.080484866128515076	0.00023740233577920549	-1	
0.0041808037164247393	0.081504975829843798	0.0002715955296869529	-1	
-0.0026615044052920611	0.080999703495050521	0.00014790988164979654	-1	
-0.0051778678230689412	0.081155414830504466	9.6791282679221951e-005	-1	
-0.0069905596855354699	0.080785279941381363	6.1368693364403394e-005	-1	
-0.00026308240219389666	0.082800815916248147	0.00017844498470429484	-1	
0.050238373808861668	0.051710512192885943	-3.0602395003348128e-005	-1	
0.048969053470932083	0.052802048968873694	0.00013159107770575879	-1	
0.051874541528677674	0.051684895525825884	-0.00024226232631774882	-1	
0.047516458333333338	0.055	0.00030446287758948581	-1	
0.043791145833333343	0.056797675979553076	0.00073313430249828985	-1	
0.045505583206442789	0.056654224911385657	0.00052967426919506592	-1	
0.056085417777736228	0.051488627547042858	-0.00081020226628598186	-1	
0.058069067230298387	0.050583733913331458	-0.0011080592904790787	-1	
0.054959093639025181	0.052832734866692259	-0.00064350114636193255	-1	
0.053218627295201451	0.052618241374494709	-0.00041338111330699811	-1	
0.060565942174370557	0.049336837540572789	-0.0015217288151491224	-1	
0.063218908535226423	0.047254704710416789	-0.0019736553282625525	-1	
0.064901250000000008	0.044999999999999998	-0.0021308351101736742	-1	
0.062240714156511362	0.048739546114978924	-0.0018280854626498634	-1	
0.066723072057591287	0.043324400272724217	-0.0022204264919493647	-1	
0.06777835392027555	0.040178950542833929	-0.0018338192088625869	-1	
0.067780668251103127	0.04192947261461006	-0.0021061723797482254	-1	
0.076228083811773303	0.016744553399083661	-0.00057856428597765632	-1	
0.077970660777828132	0.012103502642744745	-0.00051367568041503432	-1	
0.078220692415052986	0.010145691716833121	-0.00049612574273975906	-1	
0.07819111308672487	0.0085126061284034778	-0.00048586565749037203	-1	
0.077792760683666237	0.006816443783753348	-0.00047968330087501984	-1	
0.077063834097060357	0.01532943544991105	-0.00055521884114159931	-1	
0.078755763209598428	0.013864624939463339	-0.00053261121888728427	-1	
0.081167708333333338	0.0050000000000000001	-0.00046878558137116805	-1	
0.079954045660084572	0.0035732440828157084	-0.00033669086786358417	-1	
0.079609322916666669	0.0065591017124457364	-0.00047609506641550537	-1	
0.081046269288493969	0.002051515763698942	-0.00019127703282896497	-1	
0.076028120635686827	0.022997946072334952	-0.00073058473339203021	-1	
0.07705573014819482	0.020346069322405135	-0.00065548665334255935	-1	
0.078135887882676086	0.019080648621208323	-0.00062418498582924144	-1	
0.077700358554390184	0.0174749262023015	-0.00059210299589346237	-1	
0.074255921794048663	0.026345546547523555	-0.00084980087998436809	-1	
0.074052106144975052	0.027831536801523574	-0.00091371356917372846	-1	
0.075320407694583369	0.024418519947864162	-0.00077764990488018244	-1	
0.075601472680694934	0.028641670205519595	-0.00094903858679943069	-1	
0.076415829275722699	0.030188821177601369	-0.0010212817689720316	-1	
0.074855210718311166	0.032262828644058224	-0.0011517354668131737	-1	
0.073760802449180915	0.033977894800653032	-0.0012759603995183878	-1	
0.074571562859849894	0.035673061069054164	-0.0014013467286740921	-1	
0.073713161059019275	0.037344607499568111	-0.0015655280772036554	-1	
0.069726770210127936	0.039028461980490432	-0.0017642669074782954	-1	
0.071581886334778549	0.038962972614081812	-0.0017752127712047858	-1	
0.042337195617131534	0.058354485187706778	0.00086042619649366115	-1	
0.041538327880083326	0.059722050638747345	0.00089399273351251822	-1	
0.037841339002190201	0.060223947312733721	0.001259541188638854	-1	
0.039469082578910415	0.060879758547961113	0.0010528048575021993	-1	
0.037691765215254677	0.062072226797680277	0.0011391927380158689	-1	
0.033033001613709895	0.065480657773052509	0.0011672007742905175	-1	
0.035151784506420605	0.064328819567026074	0.0011539198125116732	-1	
0.03698446962840618	0.063833882410478465	0.0010699586919539134	-1	
0.031290092454015303	0.069070719720779813	0.00096458011462464402	-1	
0.029493809070861597	0.069885396921990028	0.00094616561570628804	-1	
0.033305883321356311	0.067058514649306442	0.0010385627877350732	-1	
0.033218696999575199	0.068657419053454516	0.00093772971314292329	-1	
0.027442697288652288	0.070383997987638891	0.0009358370067983398	-1	
0.080869609375000012	-0.0084485474943222193	-2.6810464936525501e-007	-1	
0.081473184656920911	-0.0067404038185730313	-5.8783803172153094e-007	-1	
0.081805052083333329	-0.01	0	-1	
0.082297255453963172	-0.0015403953016392767	-1.3431920116041031e-006	-1	
0.082414346499433383	-0.0033641046691041026	-1.212228638113485e-006	-1	
0.081167708333333338	0	-1.1677433174492722e-006	-1	
0.084048930231608379	-0.0043297952957536004	-1.3779879823912166e-006	-1	
0.08363185715938215	-0.0061819487495239963	-9.4855135464576187e-007	-1	
0.022722159161919501	0.075143940293630376	0.00069853982429331056	-1	
0.024316499845078623	0.074406371331904211	0.00073532699423039497	-1	
0.025390723281488975	0.073016416585898122	0.00080075121725511499	-1	
0.026717817771172117	0.071891212694700959	0.00085493078924970785	-1	
0.021157194249419559	0.077446081038505213	0.00060384495581238646	-1	
0.014841917955575084	0.077379590694610131	0.00053569443488887792	-1	
0.016815776964119268	0.078412048925020364	0.0005332181837155673	-1	
0.018733519443087519	0.078815302576358076	0.00054130955878633309	-1	
0.0086511170564193777	0.079252620228833184	0.00038788479525694853	-1	
0.010303773109057406	0.078567023092022015	0.00043098444244824149	-1	
0.012073547470312498	0.078856990177640335	0.00045452405007811813	-1	
0.015081517392624488	0.079324569314729657	0.00048693081886537238	-1	
0.0064070963088201796	0.079459936769488967	0.00034266094200614822	-1	
-0.01	0.081805052083333329	0	-1	
-0.0083059914991972326	0.081853773125421747	3.296402210234846e-005	-1	
0.0055907323421484937	0.080730625812859835	0.00030765452426294488	-1	
0.002649670727467154	0.081998076680141377	0.00023804378349077561	-1	
0.0055470858389312198	0.082353969257473014	0.00028292488267997137	-1	
0.0043044810931917258	0.083573517928785285	0.00024647757380617531	-1	
-0.0022086587888747724	0.08289414500730119	0.00014284990741500413	-1	
-0.0042421578118874703	0.082751440644635715	0.00010678723301405958	-1	
-0.0063971529684161369	0.082859795134940809	6.6689747172204476e-005	-1	
0.00075815738594164667	0.084405383075263962	0.00018058942652172488	-1	
-0.0014709951356212483	0.084696873531043923	0.00014235065981590812	-1	
0.050577312866433743	0.053388454343983177	-7.2592480379556404e-005	-1	
0.050000000000000003	0.055	-1.8667182846482768e-007	-1	
0.047225010702170313	0.056595549514420876	0.00032495899451779199	-1	
0.048758229166666667	0.056066435996537732	0.00014742599206542221	-1	
0.043791145833333343	0.058982540673299458	0.00067579421650690644	-1	
0.046273688595651639	0.058890432670607208	0.00040268916312171537	-1	
0.056554278737290756	0.053514667879309974	-0.000851397786854563	-1	
0.057992759880199973	0.05254491526502067	-0.0010760419426566904	-1	
0.059676891923886505	0.051537068865354148	-0.0013548726057762226	-1	
0.053725312499999997	0.054078934952217834	-0.00046819113310089854	-1	
0.054967083333333333	0.055	-0.00061442904438256121	-1	
0.052483541666666668	0.055	-0.00030441021337937718	-1	
0.062505685982724019	0.050870775694603243	-0.0018810419985886902	-1	
0.065348848939966467	0.047048113473566883	-0.0024235808796028231	-1	
0.065044960418477779	0.048370437916233272	-0.0024371130611898122	-1	
0.063937748725062651	0.049270292676337292	-0.0021992205766512996	-1	
0.066441796300486605	0.046244150643395238	-0.0026079034002308302	-1	
0.067384791666666666	0.044999999999999998	-0.0026231049960564424	-1	
0.068219855050820441	0.04432697094767013	-0.0026460093635715894	-1	
0.069321941120419076	0.040567981320621865	-0.001971359639344934	-1	
0.06922568066342967	0.042917537393926085	-0.0024317649877048527	-1	
0.079471003147866287	0.011196675326226146	-0.0005016671022215534	-1	
0.079917702629533682	0.0087461438921481258	-0.00048327971836670513	-1	
0.078768079042996916	0.015588386802003706	-0.00055698384257579683	-1	
0.08064949124286025	0.013694812455773557	-0.00052309152240867182	-1	
0.082726093750000007	0.0050000000000000001	-0.0004593017694486411	-1	
0.081654499000753361	0.0073816696681250227	-0.00046998920935652835	-1	
0.082726093750000007	0.0032354305194321072	-0.00029589667259778186	-1	
0.082983874707278513	0.0013665707940747056	-0.00012501773095131025	-1	
0.077717425249406252	0.023112039531942477	-0.00072936754906121096	-1	
0.076731637735616948	0.025144686260857096	-0.00080090744812988618	-1	
0.078696294559354826	0.020647165342827036	-0.00065816037478174565	-1	
0.079810024974970986	0.019405507192606072	-0.00062263471301966485	-1	
0.079289696927578049	0.01712902310011943	-0.00058114987331455879	-1	
0.075810756881923139	0.026905855435045777	-0.0008718127159986367	-1	
0.077278809268272575	0.028746686644054716	-0.00094221373453049764	-1	
0.076326130822989419	0.031745485562198229	-0.0011058407181217403	-1	
0.078405542031459274	0.029936469674648903	-0.00098212222810087498	-1	
0.075980839991218158	0.033957567597706385	-0.0012477702299934445	-1	
0.075871687241449451	0.037029747367873296	-0.0014801223539910272	-1	
0.074857604172589118	0.03896107015607269	-0.0016956949968408722	-1	
0.073147523105279305	0.039960231956433272	-0.0018776867350465303	-1	
0.070730050728242205	0.040157109972817191	-0.0019418504716345374	-1	
0.071976941142762957	0.041073192853260249	-0.0020715145930742273	-1	
0.041054928829584697	0.061286141746266128	0.00087296543889980134	-1	
0.043239984748802203	0.061104711227723527	0.00066654013291946241	-1	
0.039915812672151933	0.062461926596703438	0.00092048653996143937	-1	
0.038613266545308854	0.063465020360074911	0.00097266014098584754	-1	
0.03458079784060375	0.066089654640367118	0.0010521338792951591	-1	
0.036517309758527232	0.065744613534648014	0.00097487008814516572	-1	
0.038653673848953296	0.06560552593955446	0.00084855027159821993	-1	
0.031839218629249974	0.070730686417539254	0.0008546566102608801	-1	
0.030299236205497793	0.071558625500571724	0.00083847562064183576	-1	
0.028449243644440202	0.071719666704685353	0.00085346022374453722	-1	
0.035798806850232914	0.067318850437063191	0.00091581852444763711	-1	
0.034448997551705031	0.069962749173016037	0.00082099830861064309	-1	
0.036102352443969102	0.06902247255674715	0.00080610626450023043	-1	
0.083243745318803561	-0.0080957096805918411	-4.6613994719384331e-007	-1	
0.083675937499999992	-0.01	0	-1	
0.083986400706688308	-0.0024322936692976176	-1.6530766209430918e-006	-1	
0.084284479166666676	0	-1.8683822872697673e-006	-1	
0.085868694040323448	-0.0057126103422920236	-1.4633159105206707e-006	-1	
0.086214052434488445	-0.0034533083810610798	-2.1248129207975419e-006	-1	
0.085196334243756888	-0.0080731665612746653	-6.4021432896856049e-007	-1	
0.022940395704782218	0.076975286241907345	0.00062953649515017009	-1	
0.024780035054101295	0.076844205216018716	0.00063763983550774042	-1	
0.026046687381989987	0.074710314212055609	0.00072250601842589008	-1	
0.027173186675675878	0.073285330910268093	0.00078342409390449747	-1	
0.020082221252942251	0.080237045573897034	0.00050883676531625203	-1	
0.02212961028844147	0.079624393378555411	0.00053728228957042453	-1	
0.017162118807582553	0.07997224017824367	0.00049333305945947466	-1	
0.01856908163980461	0.08069006727202542	0.00048571218979272322	-1	
0.0072146527287677851	0.080736241356812885	0.00033559666624065592	-1	
0.0089395974515922173	0.080969145059105824	0.00036004801867809842	-1	
0.010576850226406795	0.081559976492514355	0.00037365912645015165	-1	
0.012201369972013425	0.080693636699985707	0.00041520574855749185	-1	
0.014173225188121703	0.081061047069898418	0.00043273885994041017	-1	
0.015798197292209191	0.080805227284428197	0.00045724279174239708	-1	
-0.01	0.083675937499999992	0	-1	
-0.0083641033081275299	0.083498263626864938	2.936616876041879e-005	-1	
0.0026028505660047703	0.083942054310678985	0.00021522203739834716	-1	
0.0078701966590941485	0.082385258391294028	0.00031876421251231056	-1	
0.0059275017643218271	0.084645934923961608	0.00025586045056705725	-1	
0.0040055799920943819	0.08528875075484614	0.00022075009385532867	-1	
-0.0033269483448843274	0.084269711318418233	0.00011459463609270978	-1	
-0.0052232124070403386	0.084723712478219346	8.0550511023088693e-005	-1	
-0.0077965082241713158	0.085042790030764495	3.6485785649442754e-005	-1	
0.0020458990726220216	0.085805128702529418	0.00018656083809430346	-1	
-2.7062899446964397e-005	0.086419994927677879	0.00015102894869636164	-1	
-0.0017886777894059152	0.086365449472696115	0.00012550277952752488	-1	
-0.0034553327054489403	0.086037837915504151	0.00010246565838212924	-1	
0.051241770833333339	0.056360964202717231	-0.00014642631418717051	-1	
0.049891724365487729	0.057126709598052633	1.2630606332635727e-005	-1	
0.048438479796107617	0.057671752438008345	0.00017535219115018803	-1	
0.045077529306949776	0.06015237123517711	0.00050642415901311745	-1	
0.048302874804558325	0.059430975470207856	0.00017889226795729746	-1	
0.046657157684892141	0.06045178689235163	0.00033861447770225763	-1	
0.057450625000000005	0.055	-0.00094106535509354771	-1	
0.059757150358199562	0.053404555507818155	-0.0013234477789818161	-1	
0.061175937499999999	0.052653675392647627	-0.0015854583357546778	-1	
0.054884962935464653	0.056613926290808324	-0.00057774557652874852	-1	
0.056500976303591938	0.056612305814854075	-0.00077469420086141304	-1	
0.053038695335547191	0.056767511490174172	-0.00035415546489848623	-1	
0.064389873005676487	0.051901401161147526	-0.0022555181074115265	-1	
0.063659479166666672	0.053591361243834026	-0.0020061699566912977	-1	
0.066395778406396197	0.047911148152758119	-0.0027701525123805196	-1	
0.066075575572478784	0.049357093239869913	-0.0027476029147591534	-1	
0.065647389406530657	0.050556747769852951	-0.002628749225303261	-1	
0.067615026582630577	0.046054447428839629	-0.0028824490329528159	-1	
0.067514931777585122	0.046754872536743174	-0.0029725360845118008	-1	
0.068626562500000002	0.044999999999999998	-0.0029020939291425998	-1	
0.068212432940517626	0.045675343293627539	-0.002971035030190119	-1	
0.068937005208333346	0.044649577063665152	-0.0028652836427302429	-1	
0.069232851308836676	0.044065525578593723	-0.0027291230767494215	-1	
0.070525673612039555	0.041609631203802587	-0.0021914472930550277	-1	
0.069884041222714993	0.043858010500542936	-0.0027182773812617308	-1	
0.070638527896440442	0.043450246367026865	-0.0026020620299126349	-1	
0.081087748983885197	0.011226790069940838	-0.00049532259510280132	-1	
0.081856471795936372	0.0098041730328203031	-0.00048039725351598178	-1	
0.080445692896180865	0.015984768433901876	-0.00055576147699220365	-1	
0.082111110910640869	0.012478790214885079	-0.00050082422825812234	-1	
0.082304137224797	0.014631396044162298	-0.0005241168642604085	-1	
0.083505286458333342	0.0062832173474275917	-0.00045485659980034428	-1	
0.084284479166666676	0.0050000000000000001	-0.00044698283894628463	-1	
0.083547901275051947	0.0089062494100981791	-0.00046341861574881928	-1	
0.08506367187500001	0.0035147136520277959	-0.00030835816702928711	-1	
0.084836781887209597	0.001721285718426898	-0.00015130702137958264	-1	
0.079172206529795813	0.022245795442965798	-0.00069667961578321561	-1	
0.079042516182544348	0.02416603261274242	-0.00075358971241279633	-1	
0.077783862273953244	0.027143749358368809	-0.00086996305561412362	-1	
0.07887742074626411	0.025851117445140591	-0.00081134145206638263	-1	
0.081311276294225771	0.020271351152275695	-0.00062994089541959454	-1	
0.081589695065999751	0.018560817822116805	-0.00059263787658750736	-1	
0.078817605768791474	0.028350495571485786	-0.00090673281680400566	-1	
0.077714201593531693	0.03245577378162838	-0.001122121167574247	-1	
0.079770031832941235	0.030843816334520407	-0.00099903268765201038	-1	
0.080403471307623486	0.028251034379367677	-0.00087850478430740646	-1	
0.077799414682587484	0.035231053355438059	-0.0012887848059056543	-1	
0.078461025246829214	0.036614098236385749	-0.0013573870406966143	-1	
0.077821628355965788	0.038007551966290715	-0.0014811839407444505	-1	
0.076116324544946046	0.04049022828533367	-0.0017850457455124138	-1	
0.073372412285155716	0.041741477104468988	-0.0021077569144171515	-1	
0.075148930563292526	0.042003032783650168	-0.0020169746739258075	-1	
0.071927740486372335	0.042807466229378942	-0.0023960638315127188	-1	
0.041674306311563457	0.063025890913668933	0.00074060292674592309	-1	
0.043263011238524413	0.062722046804627757	0.00061034460303335358	-1	
0.044985463650681477	0.061888692029164319	0.00047518602297901707	-1	
0.040163061019306501	0.064087254799097645	0.00081760175886664199	-1	
0.037686687422139702	0.067229418887444964	0.0008233274542047077	-1	
0.040613414018786209	0.066044385777452502	0.00069763871429754168	-1	
0.039611916749400428	0.068414772787163444	0.00065885302195612121	-1	
0.033580508449176039	0.071532224514776421	0.00076640821790459248	-1	
0.031912912086521271	0.072477568859214622	0.00076231809143298228	-1	
0.02863938761754092	0.073250961792747996	0.00077438443187018916	-1	
0.030057173218711021	0.073859980155645238	0.0007288193269078258	-1	
0.035494164626126118	0.071420539266325619	0.00071258505864788555	-1	
0.038001769986099818	0.068873805195095117	0.00072458973441260927	-1	
0.037804804315700276	0.070536480110880831	0.00066101620560030138	-1	
0.085546822916666654	-0.01	0	-1	
0.086269274088435821	-0.0015415679062723007	-2.4631579525460952e-006	-1	
0.087401250000000014	0	-3.0109893435567319e-006	-1	
0.087527595247765114	-0.0048101442425282741	-2.2120150595767226e-006	-1	
0.086752834041413554	-0.0072404734966514707	-1.1215133395456444e-006	-1	
0.088180442708333334	-0.0014692105961415453	-3.3031457660896826e-006	-1	
0.088959635416666669	-0.0029384211922830832	-3.3983810880307633e-006	-1	
0.087417708333333344	-0.01	0	-1	
0.024011727867778415	0.079036127740148857	0.00056030264277488154	-1	
0.025916088510492291	0.078995454325723677	0.00055918130527661178	-1	
0.026650538781994807	0.076112243879190258	0.00066225204428539046	-1	
0.027158561547692431	0.077551672993253537	0.00060479766762282553	-1	
0.027858617247222071	0.074581907699260902	0.00071983570007475755	-1	
0.019707045096836091	0.081737450903288419	0.00046513171014579116	-1	
0.022300642838804549	0.081588870639939554	0.00047919724080718024	-1	
0.023767590887190965	0.080722319879692569	0.00050659545746631254	-1	
0.017255822852881228	0.08156766143015888	0.00045229375027072298	-1	
0.010351666456364834	0.083223617609614067	0.00033921115151564797	-1	
0.012090507324966799	0.082531384918179421	0.00037484751005561015	-1	
0.013544305781583917	0.08359028160294707	0.00036964247065752055	-1	
0.015372937573954183	0.083392806155534849	0.00039211712579972512	-1	
-0.01	0.085546822916666654	0	-1	
0.0088107824305485548	0.083890015325530989	0.00030738773522237756	-1	
0.0071217112464052367	0.085881178077858888	0.00025443863588220296	-1	
0.0051890767707507635	0.08761713635922419	0.00020783128561994006	-1	
0.0033349925949034422	0.087201159715745005	0.00018963164874399941	-1	
-0.0053418975712747939	0.086729596520982749	7.0703048269290925e-005	-1	
-0.0068822247084026015	0.086341697019509056	4.8304120849677437e-005	-1	
-0.0080447608123872718	0.087424094136813069	2.8620055512669653e-005	-1	
0.0018475651956807951	0.088372051719875847	0.00015903161509114763	-1	
0.00020347032852405071	0.088074769550219562	0.00014032833464713791	-1	
-0.0014667685324970658	0.088033215155246397	0.00011889619429475565	-1	
-0.0029532454170021431	0.088809809443786747	9.4448369046486974e-005	-1	
-0.0046176761420200444	0.088603939147780336	7.2999664283574176e-005	-1	
0.051311710617439749	0.05805724302374192	-0.00014551821140950646	-1	
0.050012666716828906	0.05986671163750229	-1.5616751637973534e-006	-1	
0.048089295032523405	0.061182442875480317	0.00018750376931922602	-1	
0.046214197790155828	0.063185831251991093	0.00033727641850387816	-1	
0.05975945981950867	0.056593438701072731	-0.0011982589512720334	-1	
0.059934166666666663	0.055	-0.0012909627068700814	-1	
0.058169223447814514	0.057459839975224615	-0.00095568753074979143	-1	
0.061175937499999999	0.054155435622988655	-0.0015233849359438051	-1	
0.054303140778141606	0.058121568426448063	-0.00048050195197950807	-1	
0.056670139083024748	0.05847583650718418	-0.00074263586384380644	-1	
0.052302796046081922	0.059435649018066854	-0.0002429302786200391	-1	
0.065522135416666683	0.053353097435784862	-0.0024277371856896335	-1	
0.062417708333333335	0.055	-0.0016822777260546578	-1	
0.064901250000000008	0.055	-0.0021175839074816126	-1	
0.067166582505425287	0.048699660158651119	-0.0030591535313279085	-1	
0.067973772905530278	0.047595853165267286	-0.0032358427132311365	-1	
0.067270836618638308	0.049797394745149888	-0.0031299591993211419	-1	
0.067414718297244228	0.050854651208361024	-0.0031571467667528886	-1	
0.067161541805859495	0.052700190546588699	-0.0029323842193084491	-1	
0.068300289599758077	0.046230597646370268	-0.0031212561732673746	-1	
0.068459085511998474	0.046769865712426834	-0.003282575549194775	-1	
0.069247447916666677	0.044999999999999998	-0.0030520082284789182	-1	
0.068937005208333346	0.045355051418930176	-0.0030914987603698372	-1	
0.068731551834037355	0.045869988336871621	-0.0031779622035060483	-1	
0.069402669270833342	0.044697825279827616	-0.0029712440717325054	-1	
0.069750290347893013	0.04446664637493522	-0.0029285939023291803	-1	
0.070693918602681982	0.044306081397318037	-0.0028625302002949797	-1	
0.070119911912329788	0.044434805040993473	-0.0029333950597401804	-1	
0.071232319446053599	0.044069062434222463	-0.0027383187774070211	-1	
0.083497214701686945	0.010820572106600552	-0.00047561980755073314	-1	
0.082573902260534973	0.016854341345939945	-0.00055400274324913167	-1	
0.084269523115234127	0.012589369459130324	-0.0004835241431777014	-1	
0.085081817727093501	0.014068275009686975	-0.00049067982765955368	-1	
0.084909624333629419	0.015746766475012421	-0.00051330149924022715	-1	
0.084602536382169594	0.007307829782497677	-0.00044768832287899634	-1	
0.085842864583333345	0.0050000000000000001	-0.00043161034995372591	-1	
0.086417796225884441	0.0087679908685129055	-0.00043401180252189181	-1	
0.08542486671931164	0.010724332515477712	-0.00045622775005635575	-1	
0.086440113753096362	0.0025562646088256907	-0.00021684047459934373	-1	
0.080804976843584508	0.023392816735611159	-0.00071305093162667935	-1	
0.082054381194592449	0.021836993638002119	-0.00065879957456572698	-1	
0.080511854409920189	0.025409083515937462	-0.00077674312546921487	-1	
0.082968167937807702	0.020444108563864753	-0.00061618555305643561	-1	
0.083534062975752263	0.0188772972006623	-0.00057886161108212301	-1	
0.079439564471554175	0.032539293843870748	-0.0010889368909976986	-1	
0.078902727142350387	0.034057756637226808	-0.0011856106572453976	-1	
0.082073129086727287	0.030032714884679665	-0.00091309759496411484	-1	
0.081459456776708503	0.032053048614482244	-0.0010114122939201926	-1	
0.082377830114923056	0.026813858200127133	-0.00079273810112460172	-1	
0.083321395941442861	0.028625168870438433	-0.00083334512622371321	-1	
0.079842793304731444	0.035375454852364943	-0.0012293913351631939	-1	
0.079947188316579432	0.036990742646330267	-0.0013167326386199134	-1	
0.07782956081179887	0.041019474918352998	-0.0017124780697317795	-1	
0.079605055881187242	0.039322019493033572	-0.0014776927246335757	-1	
0.074033900679231768	0.043410561441801582	-0.002306211655910005	-1	
0.078058520192104353	0.042797917525465259	-0.0018358379293519551	-1	
0.076176904846448568	0.043962805547581495	-0.0021224975615062253	-1	
0.072249407301597873	0.044681473704081556	-0.0027581956924379709	-1	
0.042973668958224562	0.064357282643631358	0.00058221798959751743	-1	
0.044516866248604604	0.063743884463576497	0.00047132873358103107	-1	
0.042620658268729725	0.065979965193433784	0.00055489066867089713	-1	
0.041663666058622519	0.06746509041803718	0.00057217365407968227	-1	
0.041720339261034266	0.069230938421430327	0.00051033689253319288	-1	
0.040075358228430197	0.070349006969013181	0.00056089801228277072	-1	
0.033719197920213669	0.073720374101497135	0.00066350851320712593	-1	
0.032120649052496959	0.074109670401625194	0.00068287092565879931	-1	
0.029263496609368909	0.075151621440627925	0.00068204397511867137	-1	
0.031053295198591749	0.075361735033473515	0.00064920778064184365	-1	
0.037374162704395787	0.072493958231739111	0.00059906557979044555	-1	
0.035907301471761438	0.073859787985119912	0.00059715250226466637	-1	
0.039357346727961907	0.072203865281638829	0.00052962900206769399	-1	
0.088959635416666655	0	-3.8730663919219623e-006	-1	
0.088959635416666655	0.0018162401943704243	-0.0001440427389188818	-1	
0.089441986497157386	-0.004924090610537531	-2.9241121455179475e-006	-1	
0.088358114455703629	-0.0065062091358974554	-1.7777732593600206e-006	-1	
0.088228520786300099	-0.0083447846855709204	-8.3842253601588208e-007	-1	
0.090297303883391231	-0.0017653970243242693	-4.5652502924263013e-006	-1	
0.091277742176918697	-0.0043692224146962156	-4.1855579608351154e-006	-1	
0.089288593750000006	-0.01	0	-1	
0.025466832837935955	0.080846511624900169	0.00050108770060679133	-1	
0.027565604784148975	0.08015794238922451	0.00051340885028186567	-1	
0.028164062887153361	0.076310456108843336	0.00064517321231064777	-1	
0.028711972098371012	0.077782196960605676	0.00058538634268324194	-1	
0.019319738653624116	0.083234770848932355	0.00042442172860164708	-1	
0.021074115862355799	0.082889817818002032	0.00044036396031603208	-1	
0.023773543283316542	0.084206169926387908	0.00041052626054821189	-1	
0.024540453286062417	0.082486153932580533	0.00045552217963654428	-1	
0.01735598831788129	0.083554794368256358	0.00040438842634611043	-1	
0.011658622419559781	0.084277313774105633	0.00033564203553143845	-1	
0.010723124833342193	0.08605288669916461	0.00029381443719684328	-1	
0.014832427855801054	0.084903153381268359	0.00035496896326279309	-1	
0.013312068624963248	0.085414824473773271	0.00033106822771957877	-1	
0.016176128779715318	0.085779376711687505	0.00034712257781056274	-1	
-0.01	0.087417708333333344	0	-1	
0.0087924341430597151	0.086281985935744029	0.00026874476123678895	-1	
0.0073487602197650007	0.087584237295867548	0.00023345643472814614	-1	
0.0036022045039218408	0.089082452487943525	0.00017285688336030535	-1	
0.0065900111388870995	0.089261124754709459	0.00020331303029720891	-1	
0.0050353903610918585	0.090187122640779632	0.00017657339517678576	-1	
-0.0062290402672591054	0.088149462981789217	5.2949973992527077e-005	-1	
-0.01	0.089288593750000006	0	-1	
-0.0074559974883866079	0.089288593750000006	3.3557308486038137e-005	-1	
0.003296193764697431	0.090686635450274181	0.00015348679292099063	-1	
0.0007209879408409971	0.089893318311296752	0.00013234817866629559	-1	
-0.0011101566880746009	0.090796683746338328	0.00010455824387276856	-1	
-0.0037349192924971911	0.090293621483611849	7.7004120849745599e-005	-1	
-0.0065638826978964334	0.090780427151754703	4.1060616671697468e-005	-1	
0.049775599934618837	0.061971282175892067	2.212458577143523e-005	-1	
0.051595136227676731	0.061577354082262864	-0.0001530360571956423	-1	
0.047763348077520147	0.064076050964233272	0.0001902206382731349	-1	
0.046929448383867894	0.065724266868024864	0.00023730591302898916	-1	
0.061175937499999999	0.055842998592076601	-0.0014385159591001205	-1	
0.059672490338579645	0.058469637747474247	-0.0010927425591931497	-1	
0.061175937499999999	0.05734387881006886	-0.0013435069805315069	-1	
0.058650323020400082	0.060045347278440124	-0.00090120538431475491	-1	
0.054669794350965063	0.059789917098802971	-0.00048773829300962962	-1	
0.05605538293610271	0.060788899785213922	-0.00060509568679239666	-1	
0.05383074702219922	0.061277808800205828	-0.00037458983070567952	-1	
0.066143020833333344	0.055	-0.0023636879031416445	-1	
0.067189709394978953	0.053916110564853369	-0.0027691712215859566	-1	
0.063659479166666672	0.056412329847996705	-0.0017702382829616675	-1	
0.065522135416666683	0.056153134754687327	-0.0020896082740684647	-1	
0.068151647340779595	0.049195177476881111	-0.0034348295668978983	-1	
0.068914272911300214	0.047778180720490185	-0.0036202701141852091	-1	
0.068269686874427804	0.05017261645687434	-0.0035004125535009235	-1	
0.068343803908228612	0.052414688838721135	-0.0033666580643410948	-1	
0.069049669438159517	0.051646847939241035	-0.0037328597695887988	-1	
0.068159864826874583	0.053394889078043059	-0.0031457525880849049	-1	
0.069174113722162783	0.046259211264317493	-0.003436576678566625	-1	
0.069337631832593713	0.046756093665621536	-0.0036200493587052974	-1	
0.069557890625000007	0.044999999999999998	-0.0031291965419023276	-1	
0.069402669270833342	0.045280263945796852	-0.0032056678632100396	-1	
0.069271761285995187	0.045745309282960965	-0.003327387311207592	-1	
0.069713111979166673	0.044835769308851185	-0.0030883586752170479	-1	
0.069934166666666672	0.044788862871778766	-0.0030954866425536146	-1	
0.070565194959006525	0.044880088087670217	-0.0030895531266873439	-1	
0.071144366327148947	0.045115524063066605	-0.0030660411974627478	-1	
0.070168312585122183	0.044831687414877835	-0.0031170837209486967	-1	
0.08470989915328607	0.017526484383811877	-0.00054165318032335641	-1	
0.08617746894968864	0.012785102159931803	-0.00046432076056604379	-1	
0.086373705395142414	0.015048885657700087	-0.00048571588089288263	-1	
0.086445096953109091	0.0170833426705259	-0.00051122265435984916	-1	
0.08689247332160073	0.0068795454018047344	-0.00042213910760238038	-1	
0.087401250000000014	0.0050000000000000001	-0.00041355133073192715	-1	
0.087659570873942799	0.01007206530936372	-0.00042518763512727585	-1	
0.088115058180522107	0.0083950753053911101	-0.00041084983046770152	-1	
0.087858544929535293	0.01186176465535508	-0.00043471359450373583	-1	
0.088180442708333306	0.0034081200971852123	-0.00027501313774174965	-1	
0.082799151256720105	0.023462567386981804	-0.00068878534474949525	-1	
0.083883147060010987	0.022040552774799053	-0.00063860324888061443	-1	
0.08350011522709444	0.025107505674897362	-0.00072218776568508836	-1	
0.084616098110015289	0.020153702185490084	-0.00058832433087703377	-1	
0.080505413934848169	0.033898638385644789	-0.0011272972925074807	-1	
0.083130513714999882	0.032206763421531677	-0.00096838233992645423	-1	
0.084309598784464881	0.031012687238081576	-0.00088877576354528176	-1	
0.082213921763912873	0.033612437184579319	-0.0010565921111446949	-1	
0.084402067406958631	0.027085199680354496	-0.0007604735049968718	-1	
0.085133088062271656	0.02913224636167093	-0.00080381051628591643	-1	
0.08184461706132469	0.035386575551131852	-0.0011516752440266134	-1	
0.081477841968291678	0.038782112440041844	-0.0013396297318781219	-1	
0.082711887142910487	0.037273483969900115	-0.001201548611298692	-1	
0.079546451408421384	0.041536743884995425	-0.0016242347804149751	-1	
0.08131991798493246	0.040724762014566825	-0.0014504380509637971	-1	
0.074018803238382017	0.045601316257045089	-0.0026159389866917014	-1	
0.077775179611675252	0.044442352171532071	-0.0019816556263296662	-1	
0.080084917331899957	0.043993698787629848	-0.001720409732372318	-1	
0.076860480679577278	0.045989913180244792	-0.0022037423354263203	-1	
0.072040175344499968	0.045850121323116083	-0.0030480262416155328	-1	
0.044786172515609207	0.066039486256609284	0.00039630403058521187	-1	
0.044523669062195105	0.068257134795397162	0.00036327040838396706	-1	
0.043361037916598594	0.069432153217261663	0.00040778947910693667	-1	
0.042393431928344417	0.070772346533140643	0.00042822211411764884	-1	
0.041058965037846333	0.071796158441548338	0.00046589349573149681	-1	
0.03499616315650652	0.076036660524009342	0.00054297784181399843	-1	
0.033000000463260591	0.075843661214447966	0.00059509715429703776	-1	
0.029736452258258696	0.076591959152233005	0.00061841072175047613	-1	
0.03139994553596908	0.077052684978088759	0.00057925507055866588	-1	
0.039397044976514202	0.073890928389702085	0.00047527161854416975	-1	
0.038198953085604878	0.075079344858143812	0.00048132026101107997	-1	
0.03652252999185851	0.075396410712260747	0.00052390487116438223	-1	
0.090518020833333324	0	-4.9477192031634024e-006	-1	
0.091297213541666658	0.0013033834306950842	-9.6045512770949419e-005	-1	
0.090363333808563553	0.0026305179992297889	-0.00019648930167891183	-1	
0.091126390973007038	-0.0071826743204763208	-2.2263468358686699e-006	-1	
0.089939147293317839	-0.0084162903686287992	-1.0722988141349237e-006	-1	
0.092076406249999992	-0.0017771185690963801	-6.0238438303639021e-006	-1	
0.092769191245004878	-0.0051641331817507156	-4.623668411248988e-006	-1	
0.093408097519137256	-0.0026903975983782226	-6.9618639507269788e-006	-1	
0.091159479166666668	-0.01	0	-1	
0.027490873739218661	0.081730949132282363	0.00046647994344040328	-1	
0.026387341852005367	0.082854404657296724	0.00044024502157398438	-1	
0.029336878025359607	0.079548183273357387	0.00051910637887632482	-1	
0.029062291650080743	0.081628086640558276	0.00045838377380834642	-1	
0.031025793105039261	0.078737763056406618	0.00052617185791692291	-1	
0.020750084668029248	0.085875566477784021	0.0003667105855399412	-1	
0.01864927348965497	0.085305678098427554	0.00037202133977124737	-1	
0.022643472918110488	0.085732094032551082	0.00037304240157492107	-1	
0.024501630946690684	0.08592679415998522	0.00036776363488719963	-1	
0.025532053440323024	0.084476409144856476	0.00040081968238357463	-1	
0.013215914956017493	0.086999327803479645	0.00030087705129456735	-1	
0.011867385730792492	0.087743250894973646	0.00027645289706725235	-1	
0.0090816216358876149	0.08820459447513436	0.00024285098111753085	-1	
0.01062654276201459	0.088655534493520941	0.00025064731580740789	-1	
0.014731315424323918	0.0865266146234656	0.0003217556065101725	-1	
0.015762561829417401	0.087610502690723513	0.00030783467071672868	-1	
0.017257536382609153	0.087552765565133098	0.00031745099762180775	-1	
0.0080672918950123306	0.089278747239485645	0.00021782220140162525	-1	
0.008201643433518483	0.090763894665377265	0.00019965938713347386	-1	
0.0067797491549265784	0.092203600693508914	0.00016975826441494859	-1	
0.0043365231621935235	0.09194550807840543	0.00015114647601072937	-1	
-0.01	0.091159479166666668	0	-1	
-0.008301959174097602	0.090803358808443507	2.0365371021683217e-005	-1	
0.0019113774611885571	0.091552273570211534	0.0001311306898364695	-1	
0.0027086751884248038	0.092921879311141528	0.00012691152989155553	-1	
0.00022563879854417784	0.091874173931593223	0.00011155792241599664	-1	
-0.0017634602154801271	0.092305827723889594	8.8163921752787368e-005	-1	
-0.0034023873147410607	0.09217077585530592	7.1663088455264118e-005	-1	
-0.0050645098431866872	0.09165981144804497	5.5764372386029873e-005	-1	
-0.0077145217328621497	0.092435866575226566	2.4734710531714656e-005	-1	
-0.0062796214638714794	0.092858792804240226	3.8847981326299994e-005	-1	
0.050639393352029979	0.063620449419303837	-5.5400696274248217e-005	-1	
0.052921342682602485	0.06298295113661137	-0.00026192053187425846	-1	
0.04877647930278356	0.065702331755661383	9.5984092818107808e-005	-1	
0.046393449408959599	0.067491951642944345	0.00025274665208157128	-1	
0.04841167496754703	0.067583326675687602	0.00011056992199862497	-1	
0.061480865426937065	0.059317912707129175	-0.0012505437416408984	-1	
0.062873132904340392	0.058092281945208581	-0.0015117935919946837	-1	
0.059325216231167592	0.061955098815228898	-0.00087802271021905154	-1	
0.057548015773953451	0.062509389304431992	-0.00069215820440560552	-1	
0.061056071920618196	0.0612696661096774	-0.0010810568823144252	-1	
0.055979582089258753	0.063065364413972147	-0.0005331630867272774	-1	
0.054582818656035911	0.063969877795478872	-0.00038961595633102024	-1	
0.067384791666666666	0.055	-0.0026161465200054859	-1	
0.066723072057591287	0.056675599727275781	-0.002203909195671224	-1	
0.068212432940517626	0.054324656706372459	-0.0029655390202763953	-1	
0.065284792947950435	0.058340156964073714	-0.0017771900674377389	-1	
0.069073181859217819	0.04960365591295994	-0.0038305558174548363	-1	
0.070000000000000007	0.047565833333333335	-0.0040739192552976047	-1	
0.070000000000000007	0.048782916666666669	-0.0042114314252046162	-1	
0.069152460629464493	0.050608541666666673	-0.0038494683427208912	-1	
0.068960281271713844	0.052685999299225968	-0.0035623532704435485	-1	
0.068749559560879581	0.053325725855070033	-0.0033649198481693473	-1	
0.070000000000000007	0.05121708333333333	-0.0042137920420237058	-1	
0.070000000000000007	0.052434166666666664	-0.0040702592105171902	-1	
0.068731551834037355	0.054130011663128391	-0.0031702074661927259	-1	
0.069651104727741553	0.046044479166666666	-0.0035767381260074374	-1	
0.070000000000000007	0.046348750000000001	-0.0038286579488426889	-1	
0.069723029538445447	0.045276970461554565	-0.0033133322758475089	-1	
0.069868333333333338	0.044999999999999998	-0.0032122845886946995	-1	
0.069728577213067605	0.045588072916666667	-0.0034505795373516121	-1	
0.070000000000000007	0.044999999999999998	-0.0032443080021585164	-1	
0.070211137128221246	0.045065833333333333	-0.0032412328492581067	-1	
0.070534021902738595	0.045250983487906703	-0.0032494489402112229	-1	
0.070885606912067869	0.045754839295057866	-0.0033291069750641064	-1	
0.086288108195513302	0.020087430086792368	-0.00056148096917064884	-1	
0.087636055033771476	0.014030531898092592	-0.00045724964453168173	-1	
0.088095859574796834	0.015892084991254267	-0.00047060864657843702	-1	
0.088206475376370011	0.02002380022985396	-0.00052730375263437552	-1	
0.08908074812944862	0.018315049647555148	-0.00048578766846400464	-1	
0.088180442708333334	0.0062195541479029611	-0.00040436253114791467	-1	
0.088959635416666655	0.0050000000000000001	-0.00039226766949816293	-1	
0.089437395619912971	0.010358340695062373	-0.00040131452083540004	-1	
0.089552474036900059	0.0074185509504914619	-0.00038697573500276564	-1	
0.089913168763749218	0.0088378261018486181	-0.00038640939952271287	-1	
0.089976992564440014	0.01237677215535374	-0.00040661075425039848	-1	
0.084677921840953796	0.024087349405181108	-0.00067414192457585149	-1	
0.085558375309221724	0.022801756575196744	-0.00062806337793991395	-1	
0.085025850276846976	0.025606195361092755	-0.00070616286331678425	-1	
0.0846745027539062	0.032552189167769474	-0.00093011506868352406	-1	
0.083666314569351155	0.034556611568990259	-0.0010424443661051187	-1	
0.086962447328467668	0.030063716788212524	-0.00077819911264115989	-1	
0.08703167395383879	0.031739637775890298	-0.00082453966754558619	-1	
0.08651123186101789	0.027610762825671892	-0.000724214939548922	-1	
0.08761533312437883	0.028675642861104789	-0.00072185756476204595	-1	
0.082937184446545159	0.040793241358251853	-0.0013466592131639746	-1	
0.083805739690232153	0.039427279419897557	-0.0012364671106626448	-1	
0.084425163230023206	0.037334466148582948	-0.0011204828112170776	-1	
0.084898954515242389	0.035712459153360306	-0.0010362162074079651	-1	
0.081212050914394679	0.04255176927463266	-0.0015504106319297116	-1	
0.082739425066451808	0.042324688033188125	-0.0014245708460586023	-1	
0.073223110880946962	0.047265498843212544	-0.0029728207102917062	-1	
0.076063202400740756	0.047601113527242195	-0.0024317386579944607	-1	
0.074526780164360387	0.048418125562007114	-0.0027711316396525562	-1	
0.078653532617934563	0.045861134461419428	-0.0019661975304745417	-1	
0.080948883115018327	0.045806608402394339	-0.0017108359678544925	-1	
0.082161681475996978	0.044116311581414595	-0.0015397306378616452	-1	
0.077869518298736423	0.047492081043372082	-0.0021384703023139555	-1	
0.070659803594040463	0.046747868703764711	-0.0036487834428107252	-1	
0.071641567894794866	0.048214894330212921	-0.0035290906812718544	-1	
0.047265183018050043	0.069314495007785498	0.00017231416464222175	-1	
0.045826581452937429	0.070709008066545648	0.00024021477224213606	-1	
0.044120631553664656	0.071316579202742814	0.00032378132726503114	-1	
0.042690753420361001	0.07242782007144262	0.00037309907348390906	-1	
0.04086194361484987	0.074728681253575749	0.00039592310441458745	-1	
0.036051133286144538	0.078147580964402122	0.00045079165328339984	-1	
0.037323681882658659	0.076844813689810124	0.00045626676373436041	-1	
0.034354538268939125	0.078307621682583095	0.00048339369005204457	-1	
0.03265032744805603	0.078214395253111274	0.00051840544203670259	-1	
0.040454436909042844	0.076364560329565123	0.00037021891038966704	-1	
0.039189392008152156	0.077478931661423583	0.00038424462870355406	-1	
0.092076406249999992	0	-6.3397780577402104e-006	-1	
0.092813524973877085	0.0013855374608962192	-9.4804282769011571e-005	-1	
0.091986097236024106	0.0026230095109026669	-0.0001813770509569875	-1	
0.090518020833333324	0.0050000000000000001	-0.00036864746231269984	-1	
0.09303036458333333	-0.0085691701691389868	-1.5201351236069989e-006	-1	
0.093699912303695468	-0.0071120487617672597	-3.2681020691366246e-006	-1	
0.094413984374999996	-0.0014271985424788953	-8.9673471041904938e-006	-1	
0.093634791666666661	0	-8.2038127315879999e-006	-1	
0.094115212135585727	-0.0041421100839714731	-6.6033453312647691e-006	-1	
0.094374574289886451	-0.0056923838130622864	-5.20274857609201e-006	-1	
0.095904061420690023	-0.0020781266139901786	-1.0987436498539763e-005	-1	
0.094901249999999993	-0.01	0	-1	
0.028363594828147723	0.083008791781591651	0.00042544507771267927	-1	
0.027208173930121426	0.085073072627207647	0.00037969957305156713	-1	
0.030836734995367491	0.080508825049709215	0.00047331580412439145	-1	
0.030058662375024751	0.082788169002278686	0.00041730083788331948	-1	
0.032609985572615352	0.080676115047149957	0.00044463319984498859	-1	
0.019287173557253432	0.08711126429851701	0.00033548878353786181	-1	
0.021549305936440298	0.087283964524670049	0.00033742256116801774	-1	
0.023564179679116667	0.087542914365825036	0.00033263179752278588	-1	
0.026177020411199278	0.08628107852173611	0.00035560139069858355	-1	
0.025963940126831807	0.087854975790688239	0.00032168630715442164	-1	
0.014351721318907121	0.088108309424572512	0.00028966763472378668	-1	
0.012116873390958511	0.089263023425574475	0.00025342046911472799	-1	
0.0094619151833041006	0.089766286846227367	0.00022399850087236005	-1	
0.010381773178780408	0.09108437922246472	0.00021275053724094579	-1	
0.017003487464928781	0.089362323261086118	0.00028204892238704806	-1	
0.014407372345096248	0.089762141870309564	0.0002610797056923798	-1	
0.018785821389039774	0.08895942663598172	0.00029659080893209829	-1	
0.0086735705155954017	0.09291632605492485	0.0001758831816090223	-1	
0.0057573503173093147	0.093949807268851548	0.00014243684335504879	-1	
0.0077037600832675166	0.094581162106290334	0.00014948736482635217	-1	
0.0041481263405939075	0.093584815154163725	0.00013324664335030668	-1	
-0.01	0.09303036458333333	0	-1	
0.0009465844043779377	0.094474658973213083	9.8966249610947093e-005	-1	
0.0027785010222772925	0.094505112681296202	0.00011389263951413268	-1	
-0.00054338244958560076	0.093408429777701224	9.3174824888429074e-005	-1	
-0.0034621359263503678	0.093908638343670511	6.3075568113743144e-005	-1	
-0.0048185496138299479	0.093179844865677999	5.2857108265397453e-005	-1	
-0.0085756047962718407	0.093815909496800992	1.3994427609681915e-005	-1	
-0.0058759073097730107	0.09429921644293747	3.9048809789223852e-005	-1	
-0.0075108708594774313	0.095045675389691595	2.2246587399684571e-005	-1	
0.050339122808565513	0.066811101058090558	-2.42895319533225e-005	-1	
0.052210325218995463	0.064840748421590114	-0.00017976783652902165	-1	
0.050967396319080122	0.068787911242746344	-6.3961897839176249e-005	-1	
0.049262092108710333	0.069477575410763229	4.5977577014650921e-005	-1	
0.063296695542007217	0.060470646340977291	-0.0013519793472897101	-1	
0.060705280354456381	0.062790858882177197	-0.00095691729439274212	-1	
0.059519753497101861	0.063806540054832786	-0.00080642161035081024	-1	
0.057193269582698839	0.064203808621643432	-0.00060077379514445774	-1	
0.0621501604069154	0.063381962771524858	-0.0010382165157588944	-1	
0.063269444245822731	0.062141336777715904	-0.0012159902239190651	-1	
0.055938363865995273	0.065396332552193098	-0.00046535033733153565	-1	
0.053510036761060607	0.066346639019559048	-0.0002628314293005202	-1	
0.068626562500000002	0.055	-0.0028916721169906078	-1	
0.068219855050820441	0.055673029052329868	-0.0026320015416463113	-1	
0.066911718474173321	0.058292260864839324	-0.0019657760096102863	-1	
0.06922568066342967	0.057082462606073914	-0.0024062270962372902	-1	
0.068937005208333346	0.054644948581069809	-0.00308203091615463	-1	
0.066143340708842077	0.059847647484836418	-0.0016838798794494786	-1	
0.070000000000000007	0.050000000000000003	-0.0042626408643357183	-1	
0.071129628892703828	0.049391458333333332	-0.0037888413132910817	-1	
0.069337631832593727	0.053243906334378484	-0.003614215004573494	-1	
0.069174113722162811	0.053740788735682513	-0.0034281887726688829	-1	
0.071056555091170759	0.050608541666666673	-0.0038191460062199775	-1	
0.07164156789479488	0.051785105669787092	-0.0035310319419772666	-1	
0.070659803594040463	0.053252131296235315	-0.0036435694857406414	-1	
0.070000000000000007	0.053651249999999998	-0.0038217549720890409	-1	
0.069271761285995173	0.054254690717039027	-0.0033185655815463175	-1	
0.070000000000000007	0.045740208333333338	-0.0036354717343471598	-1	
0.070343766125526799	0.046044479166666666	-0.003595589829360763	-1	
0.070000000000000007	0.045131666666666667	-0.0033452706790277013	-1	
0.070000000000000007	0.045435937500000002	-0.0035093919226576783	-1	
0.07016326848448344	0.045283802083333338	-0.0033700047252481877	-1	
0.07029427648986443	0.045588072916666667	-0.0034580511826476823	-1	
0.0875651674622107	0.022500857212417336	-0.00058366460029451919	-1	
0.090502159948063848	0.014011758793253407	-0.00041173471003748516	-1	
0.089998455165366822	0.015653484586076589	-0.00043653774756230722	-1	
0.089590382205577163	0.02237334087985416	-0.00053913497053537519	-1	
0.090112925630861276	0.020246575512218028	-0.00049391383046338048	-1	
0.090577196298239931	0.018756923693303174	-0.00046350076785463582	-1	
0.091348528726243453	0.016646731349070694	-0.00042308663532252894	-1	
0.090647723734373797	0.0064537915266933291	-0.00036790290901366862	-1	
0.091355043040127162	0.011187713225462748	-0.00037503050999512924	-1	
0.091277742176918586	0.0093692224146962252	-0.00036642085806842719	-1	
0.091010083935732761	0.0078676612979575455	-0.00036526692488576601	-1	
0.092519573077670433	0.012586553475081884	-0.00036384678908232593	-1	
0.086485538014822921	0.024938459969815932	-0.00065816543504878004	-1	
0.086136120666033489	0.033157907070241778	-0.00089892891651388335	-1	
0.088508052084088892	0.03083926333811959	-0.00075007435359121706	-1	
0.088864844470662674	0.029426069242644463	-0.00070376025245491971	-1	
0.088041144631523072	0.033079216976047848	-0.00082583018286603725	-1	
0.088978895311462511	0.027972999814050076	-0.00066656413196603947	-1	
0.088500668039647346	0.026106528059563271	-0.00063789717000586204	-1	
0.08419572419242026	0.041811238380065473	-0.0013019411710764389	-1	
0.084997654443455029	0.040456175419011926	-0.0012043685198966799	-1	
0.085498218668169854	0.03867147243258208	-0.001113990746219862	-1	
0.086087149653605463	0.036913948723715034	-0.0010249902033449656	-1	
0.086775862219967484	0.035044588043648364	-0.00093421586723875538	-1	
0.084027637841234015	0.043712892217774454	-0.0013764081513088779	-1	
0.07327230480985554	0.049624107957539784	-0.0031125165842782075	-1	
0.077057143147547524	0.049050574862688073	-0.0023051798094541305	-1	
0.076007777823264538	0.050460429035043421	-0.0024901195931351333	-1	
0.079126573841010003	0.048391303286474611	-0.0019928091224592401	-1	
0.080543288206291266	0.047773476703964007	-0.0018102725514603367	-1	
0.083638248030140083	0.045581826650798976	-0.0014576844282166597	-1	
0.08243245039294296	0.047160161606954895	-0.0016011321259356516	-1	
0.072140693024041525	0.050062898067707626	-0.0034563266839029139	-1	
0.048037183620495111	0.071163347680126249	0.00011163134627537334	-1	
0.044330062808444447	0.073061623952665661	0.00028156823284033864	-1	
0.047607712361272939	0.07320241202098389	0.00011924074778882804	-1	
0.045947891249276569	0.073748409046961283	0.00019465065260271331	-1	
0.042870525559418331	0.0743997536562791	0.00032138631573700349	-1	
0.042128652552355615	0.076166661248656828	0.00031540141116394559	-1	
0.037628896848166463	0.07879156064283771	0.00039513576526278491	-1	
0.035391515464925437	0.079718870884758097	0.00042252696380885179	-1	
0.041200409258885753	0.078486626361808795	0.00030111482917645233	-1	
0.039648505823272492	0.079073197953679591	0.00033454921962907514	-1	
0.094413984374999996	0.0015664317438063063	-9.7439857642093533e-005	-1	
0.093466940259924622	0.0027749228891180812	-0.00017614643284717999	-1	
0.092076406249999992	0.0050000000000000001	-0.00034197171510521804	-1	
0.094626258940087554	-0.008421009744725939	-2.0241812243271348e-006	-1	
0.095296767279767589	-0.0069652457268639259	-4.2258790602557585e-006	-1	
0.09519317708333333	0	-1.0678373335518968e-005	-1	
0.096029186694042354	-0.0039937596982065823	-8.9329337952599802e-006	-1	
0.096393313399143282	-0.0056595178841081254	-6.9159704005011434e-006	-1	
0.097782479503921688	-0.00084995162328480348	-1.6656280632334449e-005	-1	
0.096751562499999999	0	-1.4099354295284122e-005	-1	
0.098155012938284159	-0.0025381584701975133	-1.4999845571998816e-005	-1	
0.096772135416666655	-0.01	0	-1	
0.096170871578229622	-0.0085694907838546087	-2.2243359083463525e-006	-1	
0.02939243961288163	0.084164647457868391	0.00038827379865297325	-1	
0.029051118448119549	0.086424151479635988	0.00033780539117818701	-1	
0.027509928547290396	0.087144740331441262	0.00033063627778116052	-1	
0.031548678039855935	0.082444077406830713	0.00041083615085767578	-1	
0.031949934520379288	0.08421320932951834	0.0003623971403871266	-1	
0.033889539565270854	0.081657033707166968	0.00039821658012296324	-1	
0.020374263247309829	0.088398242036367203	0.00031186569086558369	-1	
0.022000160929492904	0.088839300330723681	0.00030554673219316733	-1	
0.024104048329098991	0.089785880873653745	0.0002861947067098518	-1	
0.025905825236840156	0.089660195836394938	0.0002850803615014097	-1	
0.027730383452833841	0.089509034591132922	0.00028135279206863292	-1	
0.012342711816815465	0.091768398984362551	0.00021634355516973307	-1	
0.010600196700135178	0.092898356702574264	0.000189447529680738	-1	
0.018326090040531838	0.091069459637959357	0.00025622356382679003	-1	
0.015765994995599844	0.090706812865326933	0.00025249270348248667	-1	
0.016923277100553073	0.091754795383288054	0.00023974545283044488	-1	
0.014528534730376822	0.091412468647551468	0.00023473671906045361	-1	
0.020479942860690648	0.091226017011882238	0.00025837874653603907	-1	
0.0097489359265329825	0.09451501319928339	0.00016321916746770223	-1	
0.0046716021550744936	0.095006820377649584	0.00012391429919836623	-1	
0.0069214185417377158	0.096240523705608538	0.00012653483208622591	-1	
0.0087533838331985379	0.096337695593405104	0.00013600425890015005	-1	
-0.01	0.094901249999999993	0	-1	
-0.00057799926276649264	0.095490774402260517	7.9795541032158206e-005	-1	
0.001832048957273587	0.09632421149640058	9.2167586972144813e-005	-1	
0.0036220035505391051	0.096099737828020171	0.00010649622945511483	-1	
-0.0026605975892018728	0.095478871885120581	6.2568584372910658e-005	-1	
-0.0044227527644703831	0.095424962527045812	4.8275112148591501e-005	-1	
-0.0060749397262388413	0.096126604873352506	3.2322869108280786e-005	-1	
-0.0080105132749192752	0.096772135416666655	1.5652657429314745e-005	-1	
0.052028007772950656	0.06728497995407412	-0.00014480251858993261	-1	
0.052805569281228815	0.06885733224660559	-0.00018066571101879667	-1	
0.051283929174653207	0.071335276950903845	-7.2387674100918975e-005	-1	
0.049869804038071876	0.072155180001507155	7.2178554710398621e-006	-1	
0.064977056541542622	0.061333622849292314	-0.0014250574522605801	-1	
0.060943883496796997	0.064269090005204088	-0.00089360731510161725	-1	
0.059306676264095935	0.065313513804822088	-0.0007223697026390813	-1	
0.057864414933205183	0.065799573516996945	-0.00059729831237584309	-1	
0.06331504176024419	0.064002153059054309	-0.0010808020059751562	-1	
0.062255975130969816	0.064789529992191411	-0.00095733809004014229	-1	
0.064448148957348961	0.063325652770844204	-0.0012071067038629632	-1	
0.056242959914020417	0.067340425460652942	-0.00043737642654892889	-1	
0.054760753155834473	0.068634774376202481	-0.0003108419233899665	-1	
0.068937005208333346	0.055350422936334832	-0.002852911056865871	-1	
0.069247447916666677	0.055	-0.0030411167780532299	-1	
0.069232851308836676	0.055934474421406276	-0.0027134861522993261	-1	
0.067862291676191636	0.059613469134493335	-0.0018375079803992654	-1	
0.069488998219866344	0.059673644086134091	-0.0019188932313014449	-1	
0.070292414222117822	0.056908563538846997	-0.0024909705174288683	-1	
0.07044904897772962	0.058359072769557756	-0.0021759859016415696	-1	
0.069884041222714993	0.056141989499457055	-0.0027031475217147122	-1	
0.069402669270833342	0.054719736054203147	-0.003195640421359878	-1	
0.067378338301754992	0.062487021885355667	-0.0014613969304351814	-1	
0.069651104727741567	0.053955520833333333	-0.0035686137370287167	-1	
0.073193178790939034	0.052972536776992304	-0.002946156264714317	-1	
0.07328174482574551	0.051327025624122315	-0.0030732945871663258	-1	
0.072040175344500051	0.05414987867688404	-0.0030398716132025113	-1	
0.070343766125526785	0.053955520833333333	-0.0035878923417338501	-1	
0.070885606912067953	0.054245160704942112	-0.0033208201136252342	-1	
0.070000000000000007	0.054259791666666668	-0.0036266445424479551	-1	
0.069728577213067605	0.054411927083333332	-0.0034413116258139968	-1	
0.088690920562263381	0.024189180383359737	-0.00059307268854803135	-1	
0.091867675309317567	0.015053080014161184	-0.0003967766538084136	-1	
0.091253176813910292	0.022116337475634608	-0.0004977234360730487	-1	
0.090632770557375508	0.023609936957184621	-0.00053659269098564404	-1	
0.09177156185325229	0.019646982439575876	-0.00045074788187859759	-1	
0.092475232624755641	0.020959827097617491	-0.00045318110817018303	-1	
0.092026731888834423	0.018179466884715372	-0.00042731396394990879	-1	
0.093102938252600798	0.016579053492790298	-0.00038777186123958418	-1	
0.092076406249999992	0.0067771185690963746	-0.00034380937543140584	-1	
0.092773385397723937	0.010216533605385016	-0.00034372375627430749	-1	
0.093408097519137243	0.0076903975983782947	-0.00032146555689839003	-1	
0.094116248354630033	0.013127514980643372	-0.00033723937297032371	-1	
0.094306649332317818	0.010756294773281503	-0.00031766616010802491	-1	
0.09381267457216215	0.01478578342970447	-0.00035669499101637271	-1	
0.089501749612198325	0.032254513045521419	-0.0007511150675223871	-1	
0.090234793267897725	0.030745821399943057	-0.00069021141814933832	-1	
0.090126489893179673	0.028794084672602017	-0.00065077461210941438	-1	
0.08844246971536919	0.034943150080290003	-0.00086139984522072446	-1	
0.089756078546959717	0.033912469702235409	-0.0007808959757846242	-1	
0.091153112605121531	0.027050502403901177	-0.00058569044838164793	-1	
0.090300881770527988	0.025419761245459922	-0.00057762470885242782	-1	
0.085488165845472128	0.042883732191033683	-0.0012471334394367746	-1	
0.086561767271727472	0.040274960584140478	-0.0011052338463949588	-1	
0.087633603517034975	0.038409586723291554	-0.0009935112887417127	-1	
0.087947439421631704	0.036537770791437829	-0.00092705310368182241	-1	
0.085968350052807216	0.045092268447278899	-0.0012647615909483507	-1	
0.078930227122935223	0.04992435163703382	-0.0020313653220423618	-1	
0.076830357211835495	0.052026406641609214	-0.002313020115805608	-1	
0.07507550565621772	0.052248709886104555	-0.0026167678244902472	-1	
0.078633360408511224	0.051727664563396052	-0.0020514899048166314	-1	
0.080431672716656535	0.050354762852206927	-0.0018428587276653973	-1	
0.082337385863134452	0.0491441101725347	-0.0016327692780468282	-1	
0.085059449792343103	0.04655622307999132	-0.0013590598245754979	-1	
0.085037470914460803	0.048279237815575103	-0.0013811577247594034	-1	
0.044037666908495525	0.075999322709574893	0.00024533778099810249	-1	
0.049287736983605293	0.073682657941905746	3.4081719825220258e-005	-1	
0.048249364196459317	0.074827651018364583	7.851118837940693e-005	-1	
0.045604306071257907	0.07647328777312537	0.00017705895313198269	-1	
0.04713818336745159	0.07590212966192604	0.00011987933857356256	-1	
0.04320428532948381	0.07746480461335313	0.00025343741009286344	-1	
0.036976918807247766	0.080462807883292561	0.00036951124781702818	-1	
0.038770744459953703	0.080481035122858896	0.0003276609759900111	-1	
0.035490624781290024	0.081467334026790267	0.00037552043712181098	-1	
0.04335149931459642	0.079144236097256182	0.000223058550005675	-1	
0.041799952920949346	0.080372466883456783	0.0002503615751938769	-1	
0.04013070881261252	0.081187999627282015	0.00028030365383906777	-1	
0.094930847492430553	0.0032378689106073444	-0.00018577892491408789	-1	
0.096649816912578998	0.0021117653123155231	-0.00010859547898923574	-1	
0.093634791666666661	0.0050000000000000001	-0.00031249176452417685	-1	
0.097390796906746249	-0.0076105032898107416	-4.2194067898940557e-006	-1	
0.097810012134496305	-0.0047106747545472899	-1.0005463079900435e-005	-1	
0.098506261711741774	-0.0062915447404453392	-7.3105297186723444e-006	-1	
0.098668304059920636	-0.0012663239040874683	-1.9066003845976025e-005	-1	
0.098309947916666668	0	-1.9007609798510033e-005	-1	
0.098699544270833342	-0.00045041075972081956	-2.059134807093771e-005	-1	
0.097836559812932003	0.00083308918397890803	-4.828380432958501e-005	-1	
0.09930019057608748	-0.0017834405646338838	-1.988869272818693e-005	-1	
0.099420742449100027	-0.0032125424459724522	-1.5730357492261102e-005	-1	
0.098643020833333331	-0.01	0	-1	
0.031274594171176458	0.085896880893622546	0.0003313763861657498	-1	
0.030468652963087661	0.08745004655898686	0.00030566724384175123	-1	
0.0288671973374711	0.088170574643094565	0.00030202091259373979	-1	
0.033462512106744835	0.083211738626871978	0.00036680388030276272	-1	
0.033596830505149715	0.085057608162042705	0.0003236526179778957	-1	
0.034843761549228087	0.084034301009874801	0.00032785585518027707	-1	
0.022456700156703192	0.090635947581067119	0.00027088530341607341	-1	
0.024158881894334114	0.091328557718098224	0.00025716150537939241	-1	
0.025697404273019381	0.091454285426047624	0.00025212221172608347	-1	
0.028475696954562878	0.091009206857728231	0.00025024483963873549	-1	
0.030063823917332578	0.089489611708426106	0.00026892351600986723	-1	
0.011810889084154941	0.094266730585802885	0.00017812623999467452	-1	
0.014152830191785875	0.092786551647473556	0.0002113359025129641	-1	
0.019423146137302769	0.092759274521876517	0.00022998394535292619	-1	
0.015577416471496387	0.092376369619715473	0.00022425900347582147	-1	
0.016733404906132763	0.093304478505149793	0.00021388115664157796	-1	
0.021282601982322246	0.092859882011359807	0.00023066155707129047	-1	
0.011378759390555744	0.095802246883003928	0.00015591877146939529	-1	
0.0052223329627256385	0.096932367185080789	0.00010930492738176285	-1	
0.0077528341910270294	0.097883437039826979	0.00011390502864713744	-1	
0.006182439035521254	0.098219796877969903	0.00010262943091222666	-1	
0.0095653761353914433	0.097848323858005043	0.00012293704382064123	-1	
0.011217828969549848	0.097389271700281513	0.00013571942559740342	-1	
-0.01	0.096772135416666655	0	-1	
0.0001098687700889974	0.097437309611273101	7.2478178707594424e-005	-1	
-0.0019235440415511361	0.097080386527110818	6.037646299398206e-005	-1	
0.0037185168016216543	0.097868483945380363	9.2246582231041466e-005	-1	
0.0022307102556207545	0.098829842004059962	7.6004437615420165e-005	-1	
-0.0043513298842355096	0.09721854065775197	4.2181429839043477e-005	-1	
-0.0068380729930773952	0.098018900373993759	2.2143302723622511e-005	-1	
-0.0085396141724730819	0.098202739129769137	1.0057103967019559e-005	-1	
0.053944256537790426	0.070161285088733358	-0.00023517834540099958	-1	
0.054140049038429956	0.071881333628583954	-0.0002237433376145375	-1	
0.052360204318496459	0.073448296561673287	-0.00011629235531249006	-1	
0.050817962841182444	0.073486715129989943	-3.9809576629205598e-005	-1	
0.06606499799028577	0.063436569422438152	-0.0012965822124782677	-1	
0.060739340174606103	0.065827173137360639	-0.00079841840521389549	-1	
0.060214176756256774	0.067456249785197112	-0.000690437303785622	-1	
0.058478223703384319	0.067423713415763156	-0.000582552613969835	-1	
0.063937710601554842	0.065566941435660622	-0.0010112683274433824	-1	
0.062379095989059677	0.066195689119326342	-0.00088232470919893881	-1	
0.065963598924790104	0.065054043233177011	-0.0011563289612098882	-1	
0.057499379144123557	0.068504695286439474	-0.00048624116541362073	-1	
0.056495942053359643	0.069562888312689669	-0.00039757501376674941	-1	
0.055454254096661625	0.070860570379524007	-0.00031034648859410541	-1	
0.069402669270833342	0.055302174720172376	-0.0029594250805516252	-1	
0.069557890625000007	0.055	-0.0031184094855915604	-1	
0.069750290347893013	0.055533353625064778	-0.0029169517046978509	-1	
0.068842378220548964	0.061256060985042715	-0.0016702770480356175	-1	
0.070709486113260084	0.060750771982958952	-0.0017803071694854891	-1	
0.070565635738220986	0.056084091424311783	-0.002722672825223683	-1	
0.071144571003784796	0.057076590572287624	-0.0024337677472536351	-1	
0.072473487596198718	0.058627135681270988	-0.0020811807302591385	-1	
0.070119911912329788	0.055565194959006525	-0.0029246717510208937	-1	
0.069723029538445447	0.05472302953844544	-0.0033032513380434306	-1	
0.067905699567136601	0.064282335283672012	-0.0013046143092040957	-1	
0.070189608930668987	0.06261387063135955	-0.0015444025196365853	-1	
0.074018803238381808	0.054398683742955381	-0.0026002298459221773	-1	
0.071144366327148947	0.054884475936933394	-0.0030569597148874094	-1	
0.072249407301597707	0.055318526295918463	-0.0027498866519584616	-1	
0.070294276489864443	0.054411927083333332	-0.00344872384106897	-1	
0.070534021902738595	0.054749016512093303	-0.0032385956269489953	-1	
0.070000000000000007	0.054564062499999996	-0.0034996434063691824	-1	
0.092767369096492927	0.022849930271843354	-0.00047255677494754494	-1	
0.091933492160788083	0.024571116776391101	-0.00052011894116288479	-1	
0.093181267485946059	0.019736397569186964	-0.00042140635578186803	-1	
0.094431710026941576	0.021907697288674591	-0.00041863435422686646	-1	
0.093686434044385536	0.018417279763800979	-0.00039489228156265539	-1	
0.094950548201328255	0.016012944635945863	-0.00034383925926723867	-1	
0.095187174939083186	0.017669654872841535	-0.00035430887070086033	-1	
0.094413984374999996	0.0064271985424789214	-0.00029835013636276398	-1	
0.094115212135585796	0.0091421100839715469	-0.00031318848405479939	-1	
0.095904061420690065	0.0070781266139901674	-0.00026819495972705171	-1	
0.095362475066050473	0.011992204329633906	-0.00030429058174670813	-1	
0.09602326820942278	0.013999895310304015	-0.00030474091742921773	-1	
0.095832684618311528	0.010521563098704289	-0.00028545475701540856	-1	
0.092287568817912127	0.03267565632899929	-0.00065689394513989265	-1	
0.091778834066084974	0.031160108624870984	-0.00064545008176071451	-1	
0.091504124523229743	0.029099496681233808	-0.00061407439885309914	-1	
0.090276652413212755	0.035928386153654332	-0.00080622571139126809	-1	
0.091614758147949893	0.034507672007274351	-0.00071975117277435496	-1	
0.09314230544830561	0.025777186204207408	-0.00050696475025352147	-1	
0.093480753406214825	0.027450890481724555	-0.00052405844835130421	-1	
0.0871611220054202	0.043031604054484404	-0.0011397837777728762	-1	
0.088371743396915392	0.04007434220812299	-0.00099712909612337686	-1	
0.088418811227920599	0.041820038897160995	-0.0010350160466863604	-1	
0.090714365331870925	0.037963901737030396	-0.00083082583768473331	-1	
0.087600127955290236	0.044661250944639484	-0.0011421431846611546	-1	
0.087827749324604742	0.047260805529345092	-0.0011587758194713349	-1	
0.076149916903998943	0.05369255247547889	-0.002323232601197617	-1	
0.077927901506872288	0.05341360498186179	-0.0020839260660907776	-1	
0.080207437086690023	0.051900502502764373	-0.0018496087521431828	-1	
0.080426983088147039	0.053468746710569955	-0.0017809371911034989	-1	
0.081673537911720745	0.051302055585389278	-0.0016983773430984046	-1	
0.083567459693199092	0.050703599687819748	-0.001514540867668446	-1	
0.086518552912801833	0.04960301254544363	-0.0012669629732648324	-1	
0.085465885158275329	0.051287611613420478	-0.0013469517146208244	-1	
0.049756011676568984	0.07517296328415185	1.1106719137548237e-005	-1	
0.049713300145103528	0.076734522417286871	1.1241645149980706e-005	-1	
0.04597098351613331	0.078068451965046332	0.00014697673630161481	-1	
0.048113058117660777	0.078161538220668431	6.8408025953846317e-005	-1	
0.044929448973004549	0.079259416928338128	0.00017029219526544357	-1	
0.037411354989957721	0.081905451350162958	0.00032805678153196048	-1	
0.038904385994967948	0.082107474585038462	0.00029199818447649389	-1	
0.036134144033877533	0.083075462160223046	0.00032751833098615255	-1	
0.044130708751299492	0.080625142305765674	0.00017978932017853957	-1	
0.041221428987758685	0.082264861433896982	0.00023584879553504968	-1	
0.042880473580843799	0.081737420401928981	0.00020107657333483489	-1	
0.096985213903634349	0.0032883053062844701	-0.00015649843186969585	-1	
0.09519317708333333	0.0050000000000000001	-0.00028037955340525498	-1	
0.098356722864981011	0.0019322602052403684	-8.3866537226897462e-005	-1	
0.098156257126387314	0.0029341933614679063	-0.00012118788313352154	-1	
0.099578463541666662	-0.0077347292760638767	-4.6094440560772232e-006	-1	
0.099926871754974639	-0.005308803425961353	-1.0508136012110898e-005	-1	
0.099403702141978842	-0.0009115283702468334	-2.3187254967478476e-005	-1	
0.098699544270833328	0.00041668588110907305	-3.3749254755446209e-005	-1	
0.099089140625000016	0	-2.2979706951233784e-005	-1	
0.099292991733503561	-0.00040065856677903589	-2.39199389393834e-005	-1	
0.098942617710004899	0.0010951319041583917	-5.3280409209322851e-005	-1	
0.10029776382581224	-0.0020777744317412934	-2.1397849449056737e-005	-1	
0.099880910925250491	-0.0011248743985866755	-2.454619545226679e-005	-1	
0.10070184846320411	-0.0032963700550914131	-1.7116698870079039e-005	-1	
0.10051390624999999	-0.01	0	-1	
0.031985452726827318	0.088322504748060415	0.00027582764613090944	-1	
0.033955366695362844	0.087238883552723787	0.00027616857945717753	-1	
0.035381017249486668	0.085549495785747276	0.0002896244516838477	-1	
0.036621329121540494	0.084575414815265967	0.00028892096378096754	-1	
0.023042536714113666	0.092394687168427858	0.00023910854865517178	-1	
0.024788113546256187	0.093104954575356585	0.00022509082115863089	-1	
0.026524888429670903	0.092985896290874184	0.00022309741772131387	-1	
0.028236305477444955	0.092667127472837604	0.00022258287086908055	-1	
0.029941555391515714	0.09181992757914563	0.00022841117052886388	-1	
0.031718296080561537	0.091135225123184616	0.00022860430238130482	-1	
0.032437778559779765	0.089784515042457616	0.00024563149777404053	-1	
0.013492271156632128	0.095241597860845573	0.00017297813828653661	-1	
0.015191572971688711	0.093715239411689827	0.00020207635867493064	-1	
0.019151965253153519	0.094601598824107055	0.00019976062450028436	-1	
0.021036754311656972	0.094797575185736338	0.00019880131105120741	-1	
0.015429755855240163	0.095088089163187936	0.0001827229524352852	-1	
0.017807112832960496	0.096244501911670333	0.00017234689834040674	-1	
0.02273512955456786	0.093957124078509272	0.00021282353400206948	-1	
0.012706003083984221	0.096687103113876738	0.00015047469736954866	-1	
0.0088124999227118892	0.09938926729013034	0.00010303377808020461	-1	
0.0075201415113341297	0.10046175564653835	8.7024887634304558e-005	-1	
0.0059715565615362856	0.099811904747216657	8.6790737037067853e-005	-1	
0.0039570726357611762	0.099869625696787215	7.6814812077525112e-005	-1	
0.011269590376019229	0.099290823866315062	0.00011338454784982007	-1	
0.013123317647946992	0.09886388700370205	0.00012466044664030147	-1	
-0.01	0.098643020833333331	0	-1	
-0.00022309632979059356	0.099474782554114877	5.8128649712055637e-005	-1	
-0.0018852978030658761	0.10001691372429565	4.5875183857745106e-005	-1	
-0.0035610548177385042	0.099518257157893905	3.8398475780460765e-005	-1	
0.00035878813467840246	0.10098334178582698	5.1914536607754384e-005	-1	
0.0019551038493378415	0.10124047331774304	5.7475250860792277e-005	-1	
-0.0056374651007023704	0.099282296182690827	2.6973041196273963e-005	-1	
-0.0077171582507657207	0.099487317270865822	1.3876961719635346e-005	-1	
0.054652345411423067	0.074056004773620662	-0.00021847720715631276	-1	
0.056626435729448324	0.073009768863743676	-0.00032775987296592687	-1	
0.053136974251453813	0.074666258207502126	-0.00014274455050128381	-1	
0.051695173060408488	0.074755764771266678	-7.7072098047388483e-005	-1	
0.061893518996796501	0.067787153063569361	-0.00077079761750743856	-1	
0.059342738525087695	0.068929437739857144	-0.00058130746222091647	-1	
0.062090703922975485	0.06943932151930525	-0.00070407111555758348	-1	
0.063518817478029163	0.067430856349939117	-0.00087495709640142449	-1	
0.065347636063320363	0.066878522357955647	-0.00099618129433223335	-1	
0.067745065482056707	0.06614659298933119	-0.0011429834532723487	-1	
0.0580544239907725	0.069853244022723679	-0.00047841372715201911	-1	
0.057153457272745296	0.071157633290005018	-0.00039490839770642332	-1	
0.069713111979166673	0.055164230691148813	-0.0030773119939332349	-1	
0.069868333333333338	0.055	-0.003201563737405736	-1	
0.069934166666666672	0.055211137128221226	-0.0030846518536993255	-1	
0.072640713504487642	0.060859259871791756	-0.0017561665632283936	-1	
0.071232319446053599	0.055930937565777536	-0.0027243323038811831	-1	
0.070565194959006525	0.055119911912329768	-0.0030753252072611603	-1	
0.072322446140110186	0.056590620048350901	-0.0024628322287578012	-1	
0.074035362309010935	0.059108460734725261	-0.0019327637133761562	-1	
0.073676065006459401	0.057514085661543236	-0.0021803539435738878	-1	
0.070168312585122183	0.05516831258512217	-0.0031059458583982571	-1	
0.070000000000000007	0.054868333333333331	-0.00333472256583346	-1	
0.069671055805276244	0.064902639608064916	-0.0012995345778499979	-1	
0.072997853718578948	0.062795789197024998	-0.001528664856195402	-1	
0.072191074582639653	0.064592119452246063	-0.001356307689639088	-1	
0.073662761469520346	0.055875520499582894	-0.0024407849653840952	-1	
0.074994568626374325	0.056684044122623137	-0.0021694441486155851	-1	
0.07620899808797045	0.055708041133453047	-0.0021359810807897021	-1	
0.07016326848448344	0.054716197916666667	-0.0033596930492312089	-1	
0.070211137128221246	0.054934166666666666	-0.0032301484723407351	-1	
0.094552229869691362	0.024342061884191	-0.00044725854561118765	-1	
0.094916852389696243	0.01955624284754115	-0.00037953035823371525	-1	
0.096335090239466292	0.020857266191015991	-0.00035934813607110686	-1	
0.096423095809539686	0.022779846581642834	-0.0003778003217055407	-1	
0.096584701141411586	0.016373811911370571	-0.00031147587482872045	-1	
0.097077441899341033	0.017912922803210191	-0.00031345990877506679	-1	
0.096024289586662856	0.0089895153875507519	-0.00027332205343909332	-1	
0.096751562499999999	0.0050000000000000001	-0.00024477575811316179	-1	
0.097782479503921688	0.0058499516232847814	-0.00022022300259008334	-1	
0.098155012938284159	0.0075381584701975143	-0.00021800680612317955	-1	
0.096891858774143511	0.011670704776913487	-0.00027023474779756666	-1	
0.098078996872736093	0.01350851936968017	-0.00025727416947543639	-1	
0.09778016179031529	0.015174967902789544	-0.0002756658325255225	-1	
0.097706453673715887	0.0099050402860738004	-0.00024181950195822807	-1	
0.093368476841720505	0.031329613011466098	-0.0005929618926519603	-1	
0.093277241729655153	0.034078668512139421	-0.0006440845854611951	-1	
0.092707711564348566	0.02998765838358488	-0.0005915804175514309	-1	
0.092355781032642331	0.036546114997715429	-0.00072760164791224645	-1	
0.094829625261274336	0.026039454916705288	-0.00046256832025174852	-1	
0.095725153507101785	0.02874370281534918	-0.00047304861886781117	-1	
0.096062185938345049	0.027238990446582786	-0.00044190165279999258	-1	
0.094560395141891102	0.03008080336451124	-0.00053120351481617304	-1	
0.088830185550954746	0.043505641355737812	-0.00104280518837628	-1	
0.089950707837302218	0.040981608763519042	-0.0009312102280573481	-1	
0.090844439939572752	0.042297864779302238	-0.00090436879725612506	-1	
0.092561317758541997	0.038443123556798513	-0.00075150138766998239	-1	
0.091940275553692427	0.040240235890005235	-0.00081281900847888903	-1	
0.08927518504656598	0.045635815011166911	-0.0010442979415189802	-1	
0.088052426200203371	0.048923387277266216	-0.0011520693567286153	-1	
0.089759424367862051	0.047524279856950659	-0.0010292231189720231	-1	
0.077818377880213133	0.054843896933683342	-0.0020114662915982169	-1	
0.079157820558619738	0.054330453846764229	-0.0018882375802851054	-1	
0.082036726678422239	0.053588884966178058	-0.0016132686820055202	-1	
0.081136732221223348	0.054803373178731664	-0.0016595826890235274	-1	
0.08303742722379838	0.052322272931900546	-0.0015459394105428264	-1	
0.084615181472040307	0.052658173989424253	-0.0014010882434422468	-1	
0.087466114790971133	0.051348896249556991	-0.0011906650823594986	-1	
0.087238330308455278	0.053337058370629034	-0.0011873366655984117	-1	
0.051037172575642782	0.076066785387191346	-4.3873947238715835e-005	-1	
0.049687036282337498	0.078315826410136097	1.1200903852414317e-005	-1	
0.05092921492292142	0.077545587638650812	-3.5348117901889817e-005	-1	
0.046887284042974417	0.079920693292662243	0.00010131070469004252	-1	
0.04871774505058761	0.080879764244586733	3.9317485326139929e-005	-1	
0.04558167089010326	0.080557299930382506	0.00013716482124284993	-1	
0.037844602922075879	0.083348452112001536	0.00029042287164550456	-1	
0.039188620318332999	0.083714451944380264	0.00025746227139146683	-1	
0.040575330288020253	0.083582641099936267	0.00023023538487993979	-1	
0.044545283998719418	0.082246369590533538	0.00015090214273271778	-1	
0.042046211962699441	0.083472199461378724	0.00019921511622900156	-1	
0.043520210818983301	0.083316891911448504	0.00016607024100480811	-1	
0.097836559812932003	0.0041669108160210921	-0.00017854193808123132	-1	
0.099354947879975702	0.0017140782139193748	-6.5446130649722293e-005	-1	
0.099354947879975702	0.0032859217860806257	-0.00010479917281476122	-1	
0.098942617710004899	0.0039048680958416087	-0.00013764466434826531	-1	
0.10087554900134042	-0.0085248790371489011	-3.0918193651491668e-006	-1	
0.10116841376549202	-0.0065102710259961165	-7.7047073207106653e-006	-1	
0.10226936792859419	-0.0037121325314851319	-1.6117818691998182e-005	-1	
0.099759463006171292	-0.00052854147993721388	-2.6781230464155138e-005	-1	
0.099268866280502077	0.00045253127136171722	-3.6452667578834554e-005	-1	
0.099478736979166676	0	-2.5801025007266107e-005	-1	
0.09967353515625002	-0.00017657089013370044	-2.7441589084400363e-005	-1	
0.099659344681477885	0.0010197916666666667	-4.9655639907759232e-005	-1	
0.10089789832712499	-0.0012282902387000694	-2.7163075682221229e-005	-1	
0.10149530517347632	-0.0022870702302880148	-2.211670315524804e-005	-1	
0.10011991191232977	-0.00056519495900650006	-2.8921131168195808e-005	-1	
0.10238479166666666	-0.01	0	-1	
0.033930996547405619	0.089449294515773867	0.00023745262110575936	-1	
0.035549829747800091	0.089402197936509567	0.00022104361082208056	-1	
0.036299925699699351	0.087966859968844069	0.00023469522695271006	-1	
0.037600443469634273	0.086876970677002383	0.00023369341699229309	-1	
0.038051051154696217	0.085241074026064206	0.00025312337076006936	-1	
0.024170524631216373	0.094646579830286057	0.00020058786713068278	-1	
0.025791134908833894	0.095009411502962007	0.0001923329717527263	-1	
0.027882223619941651	0.09551966246589029	0.00017883635491772613	-1	
0.029016500719595554	0.094212215584111136	0.00019474433624033837	-1	
0.031420592845028447	0.093019124452230526	0.00020075183417960976	-1	
0.033092785200655457	0.09210180410240229	0.00020302788914880384	-1	
0.014321621560256983	0.096999320758689278	0.00015229662706139213	-1	
0.019929951230369211	0.096280774845259834	0.000175257514627391	-1	
0.022776359404351486	0.09554898096881434	0.00018751406035149096	-1	
0.016182044843313335	0.097165305835994198	0.00015540626181913622	-1	
0.017618437142098931	0.098359250140396842	0.0001422516127247612	-1	
0.019254950544761378	0.098899367491935314	0.0001370796524725179	-1	
0.011085958996022669	0.10118419635994308	9.1537604194304276e-005	-1	
0.0096229984782265458	0.10214474795474202	7.7208767973412589e-005	-1	
0.0050060950793037037	0.10129892049000765	6.9713303251104391e-005	-1	
0.0078733643030983111	0.10210360070544859	7.2359090127542409e-005	-1	
0.0034622032708492784	0.10222999357472506	5.6325618869341658e-005	-1	
0.013118909469873678	0.10091462728110499	0.00010004651114608219	-1	
0.014985663992546649	0.10006563807653485	0.00011460461506523837	-1	
-0.01	0.10051390624999999	0	-1	
-0.0011439684971842913	0.10138416062975918	4.2670469921251234e-005	-1	
-0.0029448128354333993	0.10140768611387899	3.432777018116411e-005	-1	
-0.0046377751881665451	0.10244863492755739	2.2883359275948345e-005	-1	
-0.0061124494224414575	0.10131737533081232	1.9165604519941043e-005	-1	
-9.7312506214634886e-005	0.10253457119856745	4.0798263174197426e-005	-1	
0.0017517824812993926	0.1031926061873541	4.3633869317161686e-005	-1	
-0.0080429633795877122	0.10189938152053045	8.9411675031837642e-006	-1	
0.056706904969836748	0.07493374458915153	-0.00029417024702466668	-1	
0.055044285826746801	0.075982038120716938	-0.00020924777455606395	-1	
0.058085835467586083	0.073970343621327872	-0.00037094719881380905	-1	
0.058425401952245076	0.072322834791329352	-0.00042781868802423362	-1	
0.052516809298712476	0.075970941130992731	-0.00010565837261225036	-1	
0.063534552115610404	0.069003261979965286	-0.00079181739444887796	-1	
0.05975231510823005	0.070860848785511354	-0.00053391955471338926	-1	
0.061438439125564195	0.071000425801287029	-0.00060877233544723384	-1	
0.063318731000578818	0.070495999991650876	-0.00071047614021666752	-1	
0.064998287825368983	0.068639499286438185	-0.00087345946763698636	-1	
0.066740902963534049	0.06820778593912831	-0.00096197821276644048	-1	
0.0702926987377889	0.06716558477687494	-0.0011251130363430166	-1	
0.068679281928937588	0.068240416852571928	-0.0010163825693458195	-1	
0.070000000000000007	0.055	-0.0032335232825207211	-1	
0.074682607013364738	0.061776327919821246	-0.001593980013780562	-1	
0.075666349121469412	0.05921338186315759	-0.0018171947620919432	-1	
0.07164309463809429	0.066174812400747254	-0.001217712391010923	-1	
0.074354288597952525	0.064530494054813162	-0.0013439291457992004	-1	
0.073317288249480597	0.066127118161549953	-0.0012241329581945866	-1	
0.07671485412130595	0.05758102396908351	-0.0019044909904597416	-1	
0.077817657840054247	0.056278375924043361	-0.0019088313512219655	-1	
0.096528151268611057	0.025769083482377764	-0.00040957928359123191	-1	
0.097628538280819341	0.019432116197819902	-0.00031399280915096701	-1	
0.098266849465420858	0.021310972833032727	-0.00031455043083033319	-1	
0.098140649988576106	0.023249872936133734	-0.000336226942447343	-1	
0.098250502532787359	0.016801354297825685	-0.00027727530737142389	-1	
0.099250294018054408	0.018200676903128942	-0.00026448471011178979	-1	
0.098309947916666668	0.0050000000000000001	-0.00020492342473212361	-1	
0.098668304059920636	0.0062663239040874697	-0.00019839907554538615	-1	
0.098699544270833328	0.0054504107597208194	-0.00019401723568446126	-1	
0.09930019057608748	0.0067834405646338856	-0.00018491012527447145	-1	
0.099420742449100027	0.0082125424459724532	-0.00019273019024188876	-1	
0.098454514290793257	0.011648699657873761	-0.00023671297603566281	-1	
0.1005248092459594	0.014507797224017913	-0.0002099969362448225	-1	
0.10073645917979453	0.012648973933644234	-0.00019375780654731385	-1	
0.099884761652745832	0.016265738860634316	-0.00023590164123562938	-1	
0.099820515821353567	0.010331891961133316	-0.00019860171636700363	-1	
0.095032237905740086	0.031790149536034464	-0.00054035027944819786	-1	
0.093861122841722433	0.035930820783512583	-0.00065170392192669439	-1	
0.095773725262797538	0.033270811815629298	-0.00053426185351358442	-1	
0.094888934590530452	0.03467056527719322	-0.00058966094976379646	-1	
0.094828816196124335	0.03723780605659046	-0.00062935450519280452	-1	
0.097275499807767216	0.028190630938941183	-0.00041561174889458835	-1	
0.097692664425486631	0.029739562748166439	-0.00042017401275447965	-1	
0.096250025201076242	0.030618994957715483	-0.00048063683322796996	-1	
0.098076477747068569	0.026752612686896712	-0.00037438217783421435	-1	
0.090529243562722558	0.043857332064542585	-0.0009450230101838823	-1	
0.092420454589457399	0.042080000617349456	-0.00081478518100550946	-1	
0.093808597895439674	0.039887138473282596	-0.00071408583911820639	-1	
0.091014869437802737	0.046196042547573188	-0.00094122980729481381	-1	
0.089638545475841158	0.049470089582364249	-0.001043411384997719	-1	
0.091634816163507507	0.048617443721642367	-0.0009151386467543157	-1	
0.079465391044810346	0.055833355410722672	-0.0017730146982666906	-1	
0.082441773319003098	0.055566157141938924	-0.001512333869651575	-1	
0.083615705754069222	0.053924343913832967	-0.0014613656637922825	-1	
0.081222999626995543	0.057174963757338722	-0.0015430289667831092	-1	
0.085556385523865061	0.054428694317212978	-0.0012943106693714213	-1	
0.08881739888575492	0.053300714592553214	-0.0010781980153398241	-1	
0.089407223182351545	0.051835489100977183	-0.0010518248026997188	-1	
0.087187522923628927	0.055100327928798404	-0.001162112300801854	-1	
0.088634340122063018	0.0547728023871921	-0.0010703247718233798	-1	
0.050816954198349328	0.07942239661186927	-2.7811736929760672e-005	-1	
0.052292483751150608	0.078072629991978018	-8.406899866571212e-005	-1	
0.047031036233624104	0.081872654732125169	8.5502034737212627e-005	-1	
0.050199711537163842	0.082826424274391713	-5.6827436297288037e-006	-1	
0.051222289678435381	0.081387559154031328	-3.6544492986926985e-005	-1	
0.048540567649801053	0.083429118600416755	3.8276684645960013e-005	-1	
0.039923675096027289	0.084897681893516042	0.00022397693311873655	-1	
0.041410967095754023	0.084789164163781627	0.00019605735060834614	-1	
0.046119963902982682	0.084266494265620828	9.5018061810245104e-005	-1	
0.044511832641224401	0.08449241025586933	0.00013126132356047242	-1	
0.042896741548572849	0.084661540241773331	0.00016591759543037402	-1	
0.098699544270833328	0.0045833141188909273	-0.0001735297545407514	-1	
0.10000000000000001	0.0013158333333333336	-5.3183634533443816e-005	-1	
0.10000000000000001	0.0025000000000000005	-7.0976756720483468e-005	-1	
0.10000000000000001	0.0036841666666666672	-9.2123947649750703e-005	-1	
0.099659344681477885	0.0039802083333333339	-0.00011399868254853268	-1	
0.099268866280502077	0.0045474687286382832	-0.00015193154246488741	-1	
0.10224271666345583	-0.0078633505658752059	-4.5241777521652608e-006	-1	
0.10281004536108879	-0.0059717576444063784	-8.969974972462463e-006	-1	
0.10348689407039036	-0.002640868882705383	-1.9422154357061795e-005	-1	
0.10459598059724785	-0.0051288929079543293	-9.8476027777526038e-006	-1	
0.099934166666666671	-0.00021113712822123096	-2.9969867506471098e-005	-1	
0.099739937550479676	0.00057572916666666677	-4.1313366805615608e-005	-1	
0.099723029538445432	0.00027697046155456429	-3.5058780897567931e-005	-1	
0.099868333333333337	0	-3.0129389592522799e-005	-1	
0.10000000000000001	0.00072375000000000011	-4.5118355686712983e-005	-1	
0.10109267631846014	-0.00056570030975409134	-3.230215548692755e-005	-1	
0.10205779872623025	-0.0012093360266159554	-2.8166519864842897e-005	-1	
0.10016831258512218	-0.00016831258512216792	-3.2483143046756264e-005	-1	
0.10056519495900652	-0.00011991191232977585	-3.4913814084771101e-005	-1	
0.10425567708333333	-0.0085937247568826231	-2.5962371379708282e-006	-1	
0.10612656249999999	-0.01	0	-1	
0.034773052024666691	0.092115898940083568	0.0001886564246004815	-1	
0.036360532787443459	0.09080419636731854	0.00019161802740289946	-1	
0.037490924099847008	0.089699132880097801	0.00019375322632764368	-1	
0.038611808213936144	0.088584427254056339	0.00019415972345048692	-1	
0.039289931290427321	0.086719376128303549	0.0002090728588536608	-1	
0.024548555160424736	0.096758777149686975	0.0001677695777656854	-1	
0.026467341430474519	0.096778141526490599	0.0001642506937404677	-1	
0.029592925715838228	0.096335387638093295	0.00016126315902781463	-1	
0.028914774227026024	0.098105138969691155	0.00013938808031918322	-1	
0.030656234430208432	0.094766539718307896	0.00017870543425242108	-1	
0.032334947737936715	0.09469294016139361	0.00017067594773539398	-1	
0.03367433905819231	0.093678284478146329	0.00017591337988186396	-1	
0.020701622737741586	0.097962862053304761	0.0001512855415222748	-1	
0.022692188918382854	0.097575197380574796	0.00015726208145851886	-1	
0.016950382489101301	0.10021275056839035	0.00011659724986215249	-1	
0.019441252228009413	0.10061260844210715	0.00011430730745807697	-1	
0.021977511335769813	0.099209872468514107	0.00013427919397238929	-1	
0.012277804580448984	0.10237196421632505	8.1356879349274682e-005	-1	
0.011894793460422078	0.10401043632768568	6.2668201988374652e-005	-1	
0.010374442590484307	0.10455597255332284	5.4190724423250886e-005	-1	
0.0089652259252364554	0.10376655192299281	5.9247143846730795e-005	-1	
0.0050568743621717434	0.10307113750759168	5.4894692715449665e-005	-1	
0.0070334734195979173	0.1042418421614673	5.0296172637659892e-005	-1	
0.0029107030108940744	0.10520773724758295	3.3002743947934682e-005	-1	
0.014028876285267727	0.10241120756656805	8.4392144876615846e-005	-1	
0.015675646304757831	0.10171501835952793	9.5697387577084429e-005	-1	
-0.01	0.10238479166666666	0	-1	
-0.0015654171379443488	0.10281893392689311	3.3803776205036547e-005	-1	
-0.0030369282556024307	0.10339293438798408	2.5721268099850744e-005	-1	
-0.0056774704499622016	0.10398923420545601	1.4744091480049457e-005	-1	
-0.0072731094752754169	0.10376296417488788	9.5094914577604687e-006	-1	
0.00038964584148049513	0.10409322527819091	3.3611975362117631e-005	-1	
-0.0014392979757173658	0.10430899678727389	2.6949057348530471e-005	-1	
0.0013606435141078571	0.10530540826386195	2.8724930388172257e-005	-1	
0.05692045531717408	0.077115064704451119	-0.00026318838756895569	-1	
0.059019481466522278	0.07648431085340382	-0.00035005598843555568	-1	
0.054272105211060663	0.077789511174471707	-0.00015892618603308042	-1	
0.055832265873170125	0.07837893303370741	-0.00020689972768980994	-1	
0.059490926881344545	0.074895172719815273	-0.00040445116863834733	-1	
0.060764092672248603	0.073833725756630636	-0.00048295570661619196	-1	
0.060484482034782253	0.072270276633866565	-0.00052134642310410536	-1	
0.064937603174126945	0.070433768303924463	-0.00077447683048558087	-1	
0.062784482861493726	0.072025443950457416	-0.00062378065067391687	-1	
0.067686473028017155	0.069627169180919241	-0.00090503007477611556	-1	
0.070255607089326377	0.069368945442708801	-0.00097448656541071271	-1	
0.071781287087335804	0.067778827661598401	-0.001097183753145567	-1	
0.069072083932029946	0.070503368669050881	-0.00088494699902134054	-1	
0.076081049484839319	0.063226044207110005	-0.0014161305520209049	-1	
0.076941932011534334	0.061405000568180539	-0.0015352976714421141	-1	
0.077372160447477092	0.059156148207011219	-0.0017088624647940334	-1	
0.076407720074389382	0.065213657093357538	-0.0012501196925210041	-1	
0.074980879843439693	0.067032028401117383	-0.0011447609952523056	-1	
0.073371502421481966	0.068030178613689637	-0.0010849235196235341	-1	
0.079155482965514515	0.057958848786140313	-0.0016653745448136285	-1	
0.098460130400827725	0.024958886057418889	-0.00034451134239330016	-1	
0.10015560344383562	0.020702571786770416	-0.00026090254347646227	-1	
0.099609501229147399	0.022243198626878968	-0.00028727348056906452	-1	
0.099811664545560341	0.023865200070419364	-0.00029541942753297701	-1	
0.10130155429297082	0.019659010485787522	-0.00022421178906933698	-1	
0.10128454206344556	0.018109193037960405	-0.00021468376473347966	-1	
0.099089140625000016	0.0050000000000000001	-0.00018107400704823258	-1	
0.099403702141978842	0.005911528370246835	-0.00017501428846753488	-1	
0.099292991733503561	0.0054006585667790361	-0.000175104714969383	-1	
0.10029776382581224	0.0070777744317412948	-0.00016279611995503789	-1	
0.099880910925250491	0.0061248743985866765	-0.00016319473268949268	-1	
0.10127434927549439	0.0087388353380980603	-0.00015612063478034324	-1	
0.10234404073460636	0.014071429821427561	-0.00016685456943365892	-1	
0.10154860220123146	0.016455514581151135	-0.00019840462401232885	-1	
0.10170054371371486	0.010587700122910059	-0.00016036207027170427	-1	
0.10310201533689084	0.011866691905964354	-0.00013887569678187417	-1	
0.097777331824110456	0.03134145147698536	-0.00043529272860673819	-1	
0.09715680115187425	0.034181451904767526	-0.00049247224050704037	-1	
0.096725152825088825	0.036460954120851187	-0.00053770832380639025	-1	
0.095985286425795457	0.038372024305750457	-0.00059244121474897585	-1	
0.098859393908537069	0.028638672934748373	-0.0003691930557075103	-1	
0.099505216301653196	0.031477472617621419	-0.00037509473483989095	-1	
0.10020341379208179	0.027681125954800344	-0.00031643003338873202	-1	
0.099784904342965108	0.026084837914636162	-0.000315414074530089	-1	
0.092466229027398372	0.044674897710040448	-0.00084250308613601323	-1	
0.093403502409161399	0.043360511762995921	-0.00077710215956276155	-1	
0.094864417978465274	0.041699078095813483	-0.00068401988311383088	-1	
0.095742868509971601	0.039973619754960638	-0.00062278514143638902	-1	
0.092754141762421652	0.046757548072457328	-0.00084112655840984602	-1	
0.091129579190144097	0.050197772804257725	-0.0009466632080682634	-1	
0.093540737726363024	0.048497703661821323	-0.00080200467392233996	-1	
0.093431537360070746	0.050530898915998747	-0.00080822361417959981	-1	
0.084315468476913763	0.055863765439552099	-0.0013514515194878178	-1	
0.083437366544721905	0.057586435290584721	-0.0013568502685621477	-1	
0.080516165534675943	0.059270073885665055	-0.0014807022377142146	-1	
0.082380952615800071	0.05957558568202645	-0.0013399404658347815	-1	
0.085787729921088185	0.057060323203967783	-0.0012102818311044404	-1	
0.090643845065532441	0.052831456487620151	-0.00096486692989195487	-1	
0.0900404582929418	0.054300166506609918	-0.00098688963075122546	-1	
0.091781269334739901	0.051723552724183934	-0.00090150024676062285	-1	
0.088147875983183924	0.056579997799453025	-0.0010678564436859643	-1	
0.089831452104788254	0.056052132917338154	-0.00097454542259067182	-1	
0.053209180277466614	0.081107511986549141	-9.7265707771805585e-005	-1	
0.053742981838169258	0.079449260911621272	-0.00012537841849891517	-1	
0.050270862955105661	0.084307252103546226	-7.0636101344995751e-006	-1	
0.051907373965453724	0.08327351254375602	-5.0241269192719374e-005	-1	
0.048950073109721624	0.08498062255746	2.4537715664760363e-005	-1	
0.047546933458101834	0.085759120064506658	5.4755947536801483e-005	-1	
0.041171287038221926	0.087144466291015632	0.00017160618834839478	-1	
0.042227155658597276	0.086037222583889322	0.00016472861384521627	-1	
0.045630173397188195	0.086527367912289405	9.1674424846885296e-005	-1	
0.043809265416970791	0.085956487946806118	0.00013382264049031128	-1	
0.10033489221621919	0.0010197916666666669	-4.9182620054701442e-005	-1	
0.10064217056887284	0.0017048366579455049	-5.8289059398715801e-005	-1	
0.10064217056887284	0.0032951633420544957	-8.341576222021491e-005	-1	
0.10033489221621919	0.0039802083333333339	-9.8367731497832212e-005	-1	
0.10000000000000001	0.0042762500000000005	-0.0001066883421775553	-1	
0.099739937550479676	0.0044242708333333339	-0.00012566580115768323	-1	
0.099478736979166676	0.0050000000000000001	-0.00016699468726934986	-1	
0.099723029538445432	0.0047230295384454359	-0.00013989565367389687	-1	
0.10429972575878713	-0.0072682289878699471	-5.2160197856863396e-006	-1	
0.10350123588071324	-0.00061814939319619307	-2.9754478774928818e-005	-1	
0.10537161619940275	-0.0032919270318792059	-1.3720693789015971e-005	-1	
0.10557276818051425	-0.0011601359199694284	-2.0315540885251726e-005	-1	
0.10605824241473227	-0.0051639843647664392	-7.7568955362713903e-006	-1	
0.1053290471793879	-0.0064319415178142438	-6.209411945359246e-006	-1	
0.10000000000000001	0	-3.2871065237250183e-005	-1	
0.10000000000000001	0.00042770833333333343	-4.0897367800374587e-005	-1	
0.10000000000000001	0.00013166666666666665	-3.5942635236149709e-005	-1	
0.10028388279570968	0.00057572916666666677	-4.31581431857581e-005	-1	
0.10114305571272567	0.00012308543086677164	-3.8675340867829566e-005	-1	
0.10197759433504958	-0.00028418997230228807	-3.4850252309504988e-005	-1	
0.10021113712822123	6.5833333333333325e-005	-3.570186214181704e-005	-1	
0.10052949212973433	0.0002515785789964348	-3.9205474661149065e-005	-1	
0.10545370970887971	-0.0079218346506425806	-3.3695194608997611e-006	-1	
0.10706200520833332	-0.01	0	-1	
0.10659428385416665	-0.0086872163239531848	-1.7064439728887977e-006	-1	
0.036753760612184952	0.092679327997655256	0.00016289812925838779	-1	
0.035553250351819873	0.094021666339818399	0.00015695536909404931	-1	
0.037837926180683774	0.091241384281731411	0.00016949995549224767	-1	
0.039180585599016278	0.090485679182329651	0.00016234882584282973	-1	
0.040984244748711977	0.089206428456440973	0.0001513429418519773	-1	
0.026018454532857716	0.09861775064507769	0.00013921223731899792	-1	
0.024030209720620786	0.09913374368518052	0.00013446778227960756	-1	
0.031613613355606023	0.097421679485930557	0.00013830447541282235	-1	
0.030161438435344145	0.099474369642572391	0.00011778407799851598	-1	
0.027797384791716742	0.10023033875551648	0.00011428949186409534	-1	
0.033757999875618686	0.095586482481466242	0.00015031086277948576	-1	
0.018040560161066341	0.10137983678885641	0.00010306807367263084	-1	
0.022318554479047233	0.1009610481492048	0.00011070526653656434	-1	
0.020707155566491355	0.1022133235726824	9.4224821365826913e-005	-1	
0.01372679939280682	0.10423162502630996	6.313633541387178e-005	-1	
0.012596991578198815	0.10589187951830956	4.3455110720490295e-005	-1	
0.0097235666660295417	0.10603429493770594	3.8411626969358648e-005	-1	
0.0080990733578641845	0.10555745903500735	4.0485722904438773e-005	-1	
0.0048786971742300423	0.10503835490638877	3.8686372931513736e-005	-1	
0.0064914527462334951	0.10608840814314915	3.3096000298101079e-005	-1	
0.0022205199086754229	0.10660310681140889	2.2175072337316774e-005	-1	
0.0048031885927987891	0.1070121811040473	2.3042653067119294e-005	-1	
0.015413703003694455	0.1034836100637148	7.4045393313834938e-005	-1	
0.016912888712916362	0.10408144274305244	6.8641291999470904e-005	-1	
0.018089025833781861	0.10297615401328927	8.3125655042411102e-005	-1	
-0.01	0.10425567708333333	0	-1	
-0.003258669937046277	0.10515890082390802	1.8300962418967553e-005	-1	
-0.0048706214659900195	0.10538431726495422	1.3305254529618845e-005	-1	
-0.0061211882338462874	0.10553854907148578	9.8545636422524248e-006	-1	
-0.0073344809602154844	0.10587858649759069	6.3357395065205485e-006	-1	
-0.00015783637043878702	0.10563166416223826	2.3560107467220708e-005	-1	
-0.001870731223698656	0.10600909282078223	1.7943591469576222e-005	-1	
0.0010706388171710694	0.10765247919985863	1.3947293989462871e-005	-1	
0.058426530511283124	0.078319037721705564	-0.00029263722262230112	-1	
0.060145357499937616	0.077861352892433164	-0.00035538284598450668	-1	
0.061112135114492691	0.075240577774142656	-0.00045361687856357806	-1	
0.061448164887489699	0.076650347305818115	-0.00042505995604913942	-1	
0.056098076117973371	0.080025403298697451	-0.00019419146127114053	-1	
0.062185181278807115	0.074266443250562392	-0.0005201193769061687	-1	
0.067657766390369578	0.071332433812253182	-0.00081028582433543596	-1	
0.065385520786417711	0.072661022551062396	-0.00068501356611015522	-1	
0.063454180774595012	0.073494188411189348	-0.00059020737490473154	-1	
0.070630035827646639	0.07094416587299035	-0.00088492101582176934	-1	
0.072173335122508522	0.070454529711605901	-0.00092743126260903884	-1	
0.073418669677768597	0.069561745484678278	-0.00098616552868281042	-1	
0.069330221173144732	0.072564617537655279	-0.0007808997798728855	-1	
0.077982729100222609	0.063934148153543799	-0.0012963693546048677	-1	
0.078835196317254136	0.062092655225942407	-0.0013929275800020084	-1	
0.078808206871899475	0.060078557356052838	-0.001538309973162043	-1	
0.078121378763657601	0.065713950294613702	-0.0011740600110056927	-1	
0.076462292686503258	0.06821178071477127	-0.00104895266960853	-1	
0.074671166290587399	0.068756662946475561	-0.0010329335199477118	-1	
0.10189213674513602	0.021458512086264397	-0.00022021343239133528	-1	
0.10106385410444481	0.022885530079985551	-0.00025250659361383463	-1	
0.10125925615959629	0.02442538168179401	-0.0002580934426695882	-1	
0.10284302049805026	0.019820582377342799	-0.00018587543032384595	-1	
0.10359600960884516	0.017987429789629968	-0.0001575335181033567	-1	
0.099759463006171292	0.0055285414799372155	-0.00015977772440191497	-1	
0.09967353515625002	0.0051765708901337004	-0.00015934419021580202	-1	
0.10089789832712499	0.0062282902387000702	-0.0001392022555713082	-1	
0.10215869202337989	0.007026883125149359	-0.0001230747136896004	-1	
0.10011991191232977	0.0055651949590065008	-0.00014850335374764242	-1	
0.100687363567073	0.0056873635670729892	-0.0001356540309453547	-1	
0.10318805009114318	0.0092712499905284827	-0.00012189736804850109	-1	
0.10317368369467235	0.016051175200731068	-0.00015826668210363237	-1	
0.10447265730363028	0.014348360697527502	-0.00012123864176166781	-1	
0.10436740964026808	0.010609490791063275	-0.00010657994324772465	-1	
0.10471012336599218	0.012219858985450225	-0.00010686967130758218	-1	
0.098766410085029135	0.033045353956470354	-0.00041789152308219495	-1	
0.099722332779788314	0.034768076008184254	-0.00039766675126977553	-1	
0.098487665614174311	0.036081780932629211	-0.0004601094499812421	-1	
0.098218444801888433	0.03786440366124804	-0.00048881561799440421	-1	
0.097309487324745217	0.039304958605722209	-0.00054309924384803444	-1	
0.10145600408245073	0.028698815135319369	-0.00028375076763168742	-1	
0.10100420317953809	0.030607343398274069	-0.00031431319678609896	-1	
0.10133434937404293	0.032902322153338472	-0.00032036699226963851	-1	
0.10175255202692263	0.027112393684285151	-0.00026272334165977027	-1	
0.094004312332048895	0.044858883961920323	-0.00075818228668900862	-1	
0.095116790996348968	0.043780949634420467	-0.00069107662565184413	-1	
0.096681060822405615	0.042746785125940677	-0.00060358923797411196	-1	
0.097380351251106306	0.041006834202598853	-0.00055515725256310934	-1	
0.094323027629237041	0.046374790209768035	-0.00075052280916704532	-1	
0.095071617823868998	0.04780570570868628	-0.00071460685601934678	-1	
0.095176957642661431	0.049482416346411151	-0.00071092125096358237	-1	
0.095063176556443099	0.051270055044001062	-0.00071468802831946504	-1	
0.093763921438272668	0.052728876761035458	-0.00078072387811221314	-1	
0.08378754445716248	0.059454119223032592	-0.0012563716039695157	-1	
0.084693862822443927	0.058371602835349999	-0.0012410488323407109	-1	
0.081190344700794337	0.061654355379792983	-0.0012993834008248938	-1	
0.083679084055970049	0.061780145977776063	-0.0011610972108312037	-1	
0.086161205673052951	0.05857697062262119	-0.0011408940306190014	-1	
0.087797808953772274	0.058218433674476787	-0.0010508533091091723	-1	
0.09200082674093539	0.053748260045907027	-0.0008749741564114368	-1	
0.091784034370757231	0.05673577657590792	-0.00085120274899422104	-1	
0.089916405086080106	0.057814475926509769	-0.00093718206089781148	-1	
0.054260611847699813	0.082352355902690549	-0.00011809856559020489	-1	
0.054763888005979894	0.080860817261978635	-0.00014524200827453103	-1	
0.050336604017726667	0.085788329986899794	-7.4875651544784928e-006	-1	
0.052687033635953152	0.085115186087455219	-6.2577083293198396e-005	-1	
0.054333663424865591	0.083980179047110984	-0.00010817421062962332	-1	
0.048979578296184885	0.086523903858090764	2.1543757828971102e-005	-1	
0.048055706173310488	0.087760450674624776	3.7807974788208301e-005	-1	
0.042189310283238302	0.088947325537412039	0.00013529702495821485	-1	
0.042617871658543222	0.087516475157945001	0.00014216124592353124	-1	
0.04400553709249496	0.087528450668550042	0.00011658417188964971	-1	
0.045113268669185358	0.088364327168663367	9.0507920396086771e-005	-1	
0.046785193921287646	0.088891290813192858	5.759777586000766e-005	-1	
0.10083407915832306	0.00073748913248261226	-4.5525310593031399e-005	-1	
0.10196223778066534	0.0025664389269023156	-6.5942217482524611e-005	-1	
0.10197380869978508	0.00092575378079563027	-4.6273069387101922e-005	-1	
0.10197380869978508	0.0040742462192043701	-8.6774868889830074e-005	-1	
0.10083407915832306	0.0042625108675173884	-0.00010136635372378554	-1	
0.10028388279570968	0.0044242708333333339	-0.00011022343097030925	-1	
0.10000000000000001	0.0045722916666666672	-0.00011609850489831719	-1	
0.099868333333333337	0.0050000000000000001	-0.0001486976329153867	-1	
0.10000000000000001	0.0048683333333333339	-0.00012925044904204497	-1	
0.10290925555334733	0.00032370277975901136	-3.8091763593618307e-005	-1	
0.10471557454999242	0.00080206043720674124	-3.3823660283698449e-005	-1	
0.10783146676033492	-0.0034940526807900356	-6.5161379452362265e-006	-1	
0.10772791046986305	-0.0013343608705006854	-1.0864748011868249e-005	-1	
0.10738705815517716	0.00080077667080677266	-1.7960424202090922e-005	-1	
0.10605172915971674	0.0016604591747164004	-3.018168479275768e-005	-1	
0.10733448096021549	-0.005878586497590689	-4.5811180312195119e-006	-1	
0.10661693185481261	-0.007191332955950429	-3.6772610403105668e-006	-1	
0.10016198554226294	0.00027968749999999999	-3.8755258274590019e-005	-1	
0.10799744791666666	-0.01	0	-1	
0.10794337672818424	-0.0092744091777597192	-5.8801845637914005e-007	-1	
0.10783719209097033	-0.0080568645490496117	-1.6658677862881626e-006	-1	
0.03783060407120617	0.094718253639630601	0.00012980915713165937	-1	
0.038553129186216471	0.092606048772284233	0.00014553509892774986	-1	
0.036708416292300462	0.096104252587592032	0.00012402247743001346	-1	
0.040542038950299487	0.09107557840041125	0.00013826084396930909	-1	
0.0401062111386725	0.092493883880139086	0.00012948513663353081	-1	
0.041868145762023495	0.09076407117834745	0.00012321765814723087	-1	
0.025397826280777115	0.10031490962751151	0.00011722858029404044	-1	
0.024059172484829739	0.10159578980280905	0.00010165941021866693	-1	
0.0320118939857802	0.099243458369300278	0.00011410803649292514	-1	
0.033730053910852292	0.097913405243781712	0.00012207241754166786	-1	
0.02941488990228076	0.10116895796179365	9.8913871395133994e-005	-1	
0.031272787094319542	0.10095554095003614	9.6603877388760085e-005	-1	
0.028052345764577255	0.10244989600475395	8.6250877176890039e-005	-1	
0.025851764698912327	0.10206404311340603	9.4130197466565582e-005	-1	
0.035891285712096217	0.097689369652597211	0.00011222375549334902	-1	
0.022478106517152149	0.10322748969417624	8.1510355406928914e-005	-1	
0.020767091983183147	0.10416197439014965	6.9835192738148627e-005	-1	
0.014270319199172704	0.10581603770242644	4.6031451858452836e-005	-1	
0.015601311504728927	0.10502204198299601	5.6345124690880847e-005	-1	
0.011646848958333334	0.10766109959452091	2.4019017797799399e-005	-1	
0.013509236508660321	0.10752153439563776	2.666921005915344e-005	-1	
0.0077315419984321085	0.107143909584463	2.5500986758389672e-005	-1	
0.009127128635736623	0.10824536883758591	1.6532060986871474e-005	-1	
0.0062421997665362159	0.10763748065050915	1.9666235606969879e-005	-1	
0.0029970667321331259	0.10860872559769218	9.5566248147021384e-006	-1	
0.0050120207710439343	0.10850005121015388	1.1724075806123174e-005	-1	
0.017040573199557537	0.10564422192860169	5.0209302396992741e-005	-1	
0.019273368576570474	0.10541482025736522	5.405851717342466e-005	-1	
-0.01	0.10612656249999999	0	-1	
-0.0034484445493889447	0.10677543597665547	1.1807695948786887e-005	-1	
-0.0054293613600202616	0.10659167787066684	8.854761946549661e-006	-1	
-0.0066169318548125588	0.10719133295595042	5.4686950968240045e-006	-1	
-0.0078371920909703231	0.10805686454904957	2.4585069737114929e-006	-1	
-0.0089861319232854391	0.10738512652249624	1.5274898150877776e-006	-1	
-0.00068088717848235577	0.10733344152777749	1.3601065338430059e-005	-1	
-0.0022919410175723269	0.10818166235314006	7.7737495413791961e-006	-1	
0.0013569791666666661	0.11	0	-1	
-0.00051390625000000047	0.11	0	-1	
0.05898142831633886	0.080165629702228541	-0.00027562474566588882	-1	
0.060935667689389676	0.079488267681847857	-0.00034110728997825473	-1	
0.063409466747854359	0.075107788808299991	-0.00053143167301736944	-1	
0.063331079199153303	0.077404932800855822	-0.00045716689837821227	-1	
0.06273869720751947	0.079344997013807761	-0.00039049211365890763	-1	
0.057714393567618504	0.081994592719116244	-0.0002133085467115333	-1	
0.055853281199345323	0.082696665441864742	-0.00015680223076843468	-1	
0.067602095282415869	0.073159108058264449	-0.00071970414341331578	-1	
0.064871336137237903	0.074267089610486808	-0.00060391884600958254	-1	
0.066518097073739443	0.074630429218612487	-0.00063215651895551282	-1	
0.072186852864859694	0.073174141066498	-0.000784988693909226	-1	
0.073645696745244973	0.071846036362369761	-0.00085852351510395106	-1	
0.074792354428613858	0.070240650511667127	-0.00094448566675413238	-1	
0.070719327527873452	0.074309240085627892	-0.0007186515702006579	-1	
0.069419467250130901	0.07563303903421234	-0.00064510514476066546	-1	
0.080002118129492997	0.063734487173425308	-0.001232239318796914	-1	
0.079842346893510427	0.065465885609419266	-0.0011359972320014854	-1	
0.079247010737323667	0.067099544770060346	-0.0010604788150289132	-1	
0.078096904280335888	0.068262193311178249	-0.0010188948607985091	-1	
0.076910572190445559	0.070002719137871053	-0.0009410171798558102	-1	
0.10263768849149235	0.023110868278439903	-0.00020970883689125418	-1	
0.10429050341002156	0.022366334036512097	-0.00015958375977739788	-1	
0.10273010994374761	0.024921278913483443	-0.00021803142812598701	-1	
0.10454641623574594	0.019449046440774935	-0.00014011789593698775	-1	
0.10525743324949541	0.016907099980218807	-0.00011294695252864016	-1	
0.10589659749433485	0.01845629671384599	-0.00010243816209916521	-1	
0.099934166666666671	0.0052111371282212316	-0.00014833822197629604	-1	
0.10157521003821256	0.0056532382963130692	-0.00011739314919081666	-1	
0.10432637972163532	0.007643391941962477	-8.9898548211662317e-005	-1	
0.10289323036090947	0.0059041288830127044	-9.8651886794829614e-005	-1	
0.10016831258512218	0.0051683125851221682	-0.00013819833646203387	-1	
0.10056519495900652	0.0051199119123297764	-0.00012658163315687013	-1	
0.10114305571272567	0.0048769145691332288	-0.00011086077355831013	-1	
0.10519203824487984	0.0088309715902659593	-8.1954942205200994e-005	-1	
0.10627504276230612	0.014897351161385077	-8.2989734693033788e-005	-1	
0.10615053270268784	0.013017329588076266	-8.0085070918906859e-005	-1	
0.10605190256370635	0.010022753220070488	-7.1721752842169057e-005	-1	
0.10108005234216572	0.035685414275471186	-0.00035111615347744029	-1	
0.10112496881761322	0.037323368614555333	-0.00036101003821121185	-1	
0.099818188892976611	0.038380810562431478	-0.00042410215362124841	-1	
0.10007400125841427	0.040042260916264102	-0.00042508661116441208	-1	
0.10300249415571716	0.029160380035371799	-0.00023540489966257145	-1	
0.10246543018950705	0.031568373410624073	-0.00026947892512249941	-1	
0.10251645168159289	0.034896954482974196	-0.00028908063836690636	-1	
0.10358590169124772	0.033215880058915133	-0.00023824647258473438	-1	
0.10412060779903745	0.025625087008861729	-0.00017986454379990505	-1	
0.10415079735913832	0.027183265018957677	-0.00018687833985823267	-1	
0.095937906482086749	0.046366261718554583	-0.00066394940215133355	-1	
0.097094597964644536	0.044575834975261179	-0.0005949833674513688	-1	
0.09864555803149741	0.042525822535001832	-0.00050689772366997851	-1	
0.097813015851547794	0.048475140925063817	-0.0005713300935031888	-1	
0.097076559087964365	0.050500764093432834	-0.00060915660232375415	-1	
0.09598556597275397	0.052805566689472901	-0.00065938097187132852	-1	
0.097455013253038042	0.052090523401621819	-0.00058559353158997302	-1	
0.094819232801840556	0.054375327225695713	-0.00071103897851288735	-1	
0.093135519556727928	0.055295602831554491	-0.00079437471011276485	-1	
0.085161861866787286	0.05977739366750668	-0.0011607417492976216	-1	
0.081743771150826483	0.063349926475720325	-0.0011795465285229195	-1	
0.084570753017246009	0.063758687297575153	-0.0010325891500951832	-1	
0.085979991934111363	0.061933390949007953	-0.0010362326744894508	-1	
0.086769927582677903	0.06001542853530277	-0.0010601525273560971	-1	
0.088379744229798426	0.059789538501075684	-0.00097682795618223212	-1	
0.09344345932970427	0.057816112586863665	-0.00074663150315555475	-1	
0.091804154029423338	0.058926740888058556	-0.00081362197312057039	-1	
0.090284750929969293	0.060123362458946221	-0.00086810566337367455	-1	
0.052021353467245506	0.087230910030250394	-4.0944502229789115e-005	-1	
0.049682340984555255	0.088257501972162089	6.2289237742390224e-006	-1	
0.054119254270225688	0.08651102801909677	-8.6799191921964222e-005	-1	
0.055333944486507344	0.085339427804031948	-0.0001205990206120449	-1	
0.048692579540331155	0.089337597819287129	2.2864344389599951e-005	-1	
0.042885376739136657	0.089964581038319086	0.00011539169778664134	-1	
0.043410815156269822	0.088782270666799945	0.00011684847683681464	-1	
0.045367177719553224	0.089613280594901312	7.8511651391168104e-005	-1	
0.04410632094546172	0.089799276998086305	9.7774368158793208e-005	-1	
0.047716603089026165	0.090430165767722059	3.6771943440110165e-005	-1	
0.046330593102180767	0.090734637765037457	5.7806919526023353e-005	-1	
0.10340116924652602	0.0021157805713328988	-5.1778898214283474e-005	-1	
0.10333040073590162	0.0044779846228649159	-7.7285573459018027e-005	-1	
0.10198475059117772	0.0049168152724893147	-9.9720395545239195e-005	-1	
0.10052949212973433	0.0047484214210035654	-0.00011715563467221815	-1	
0.10016198554226294	0.0047203125000000005	-0.00012113471915110567	-1	
0.10000000000000001	0.0050000000000000001	-0.00013870825694649568	-1	
0.10021113712822123	0.0049341666666666666	-0.00012884434349142376	-1	
0.10431725818111344	0.0033253874760506542	-5.5758300949816585e-005	-1	
0.11	-0.0042556770833333327	0	-1	
0.11	-0.0023847916666666661	0	-1	
0.11	-0.00051390624999999939	0	-1	
0.11	0.0013569791666666671	0	-1	
0.10765679680051692	0.0026866689551886132	-2.0988793614234296e-005	-1	
0.10583181613503723	0.0032332896790053991	-4.0679599044171033e-005	-1	
0.11	-0.0061265625000000001	0	-1	
0.10898613192328548	-0.0073851265224962673	-1.0710720805690648e-006	-1	
0.10893289062499999	-0.01	0	-1	
0.1086172232517045	-0.0095488843086602524	-2.5447389047455556e-007	-1	
0.10861655247186927	-0.0089982929832739637	-5.5325300564047131e-007	-1	
0.039011318423229545	0.09661281574270042	0.00010117546767747904	-1	
0.04005135298419675	0.094945687605681131	0.00010710769713242551	-1	
0.037619138802486893	0.097637511536470309	0.00010188813863604059	-1	
0.041613275304168446	0.092102218059377877	0.00011482581693045987	-1	
0.041115583608906735	0.093679553197616686	0.00010750026179380762	-1	
0.043147628230478595	0.091231533089538908	0.00010166871761375198	-1	
0.024493491257488884	0.10359848264643901	7.6091059050449264e-005	-1	
0.033637238729625457	0.099568291094098635	0.00010387348058307839	-1	
0.032644087648055875	0.10163654088047852	8.4695129807136029e-005	-1	
0.035247923887196976	0.099963825024350944	9.2344087275733863e-005	-1	
0.030665751109408005	0.10386465274763865	6.5194494279853375e-005	-1	
0.028950968117143851	0.10391109957927572	6.7657597720270963e-005	-1	
0.032488083416432577	0.10315965899594289	6.884589467806851e-005	-1	
0.027633213976431294	0.10500935366798309	5.6554713232522882e-005	-1	
0.026283310004450767	0.10381442960995328	7.2076194023004496e-005	-1	
0.036838370538663706	0.1004341793754952	8.0124290537172873e-005	-1	
0.022765956669614049	0.1046948700970641	6.3284269322316618e-005	-1	
0.021074061159713098	0.1060448422648428	4.6924290759975951e-005	-1	
0.015717413264678012	0.10672924943505632	3.6865871357494737e-005	-1	
0.012582291666666665	0.11	0	-1	
0.01071140625	0.11	0	-1	
0.014453177083333333	0.11	0	-1	
0.015388619791666667	0.10848186812962131	1.6939734979336579e-005	-1	
0.007381034356052865	0.10858007664294558	1.2423807079798403e-005	-1	
0.0088405208333333322	0.11	0	-1	
0.0050987499999999982	0.11	0	-1	
0.0069696354166666648	0.11	0	-1	
0.017881853325065079	0.10801943047609716	2.2870581472504301e-005	-1	
0.019631320787843343	0.10728007075423573	3.2001879757188893e-005	-1	
-0.01	0.10799744791666666	0	-1	
-0.0042556770833333335	0.10859372475688263	4.5317698121378332e-006	-1	
-0.0054537097088797112	0.1079218346506426	5.3166146585814666e-006	-1	
-0.0065942838541666673	0.10868721632395319	2.6154139853681292e-006	-1	
-0.0079433767281842111	0.10927440917775971	8.7786891468462072e-007	-1	
-0.0086165524718692862	0.10899829298327396	8.1717374083922967e-007	-1	
-0.0094723146343151047	0.10846516927083333	4.4801391172857687e-007	-1	
-0.002384791666666667	0.11	0	-1	
0.059927326087264671	0.08176348141454555	-0.00027138073448346482	-1	
0.061675857562332098	0.081138589129191196	-0.0003245335255787408	-1	
0.065225675026910165	0.07657459246969768	-0.00053000592740249904	-1	
0.064602378134385893	0.078985617649794837	-0.00044153588518474219	-1	
0.064135838114332613	0.081578277158189216	-0.00036612813309547796	-1	
0.059318424335543761	0.08353652918575713	-0.00022861485977777871	-1	
0.057473827855392082	0.083850127140813857	-0.0001836148965304751	-1	
0.067444773497100499	0.076648119751873731	-0.00057339260315796144	-1	
0.073771919925164672	0.073814831750752236	-0.00076188919057687489	-1	
0.072613893677808433	0.075072566758211307	-0.00070179743189336763	-1	
0.076003088237934002	0.071471547229874602	-0.0008717337194873541	-1	
0.075439896318994393	0.073439629287832819	-0.00077926525010626406	-1	
0.070990016879760184	0.076144671280933607	-0.00064408034615677685	-1	
0.069166871977721686	0.077569933115769485	-0.00056834499906739352	-1	
0.082698656513394031	0.064856391251708709	-0.0010631877965245496	-1	
0.081675527889877045	0.067059236711466103	-0.00099276410173427328	-1	
0.080343875128588274	0.068688367970683797	-0.00094894553659667668	-1	
0.078741421674792839	0.069765221528082705	-0.00092738220003848321	-1	
0.077719051899079905	0.071662470778845203	-0.00084796935219700654	-1	
0.10401066995800951	0.024116796986127988	-0.00017587407315601767	-1	
0.10615910927846794	0.020111479185525038	-0.00010053756461438704	-1	
0.10630288530659512	0.022132314306336359	-0.00010295965908723897	-1	
0.10546608618020721	0.023705957915770945	-0.0001317085797486337	-1	
0.10765882785371771	0.016860513201046749	-5.5759365217583151e-005	-1	
0.10797064207363143	0.018975761846851083	-5.146706175572222e-005	-1	
0.10487473356459455	0.0057314617819068433	-6.7876271922357527e-005	-1	
0.10598447984015481	0.007084344918520555	-5.9847144233527335e-005	-1	
0.10663242995303142	0.0085394551635955326	-5.5903945488488578e-005	-1	
0.10856914799053573	0.015456438163764002	-3.2519030220267103e-005	-1	
0.10819127352396665	0.013826309227350673	-3.8660926876344528e-005	-1	
0.10792934074432871	0.011508576405248137	-4.0262502851669756e-005	-1	
0.10838387216914537	0.0097237951989279821	-2.8588896494803419e-005	-1	
0.10289790906087685	0.037667911062654852	-0.0002896277908251857	-1	
0.10194813292845187	0.039204124557909316	-0.00033806902903782865	-1	
0.1018877584901975	0.041256244680864987	-0.00035101821526675405	-1	
0.10056637183161075	0.042993313814512081	-0.00041986139095770517	-1	
0.10419654163508171	0.031319342845631232	-0.00020632337288692439	-1	
0.10500693243802195	0.029303316141412614	-0.00016864547194978612	-1	
0.10448882485319387	0.034971006669148617	-0.00021245159361454953	-1	
0.10455248055985356	0.036943742740025348	-0.00021861622311255692	-1	
0.10595403636175747	0.03452742598581969	-0.00015442962051735208	-1	
0.10623717182777936	0.03302295169380591	-0.00013896917596320643	-1	
0.10567196210850895	0.025476325699476846	-0.00013203361817061348	-1	
0.10588505974233284	0.027197505001386381	-0.00013150737726374211	-1	
0.097821320745723431	0.046579690536019722	-0.00056709331399572445	-1	
0.09926772511752753	0.044149317526254131	-0.00048612037114312664	-1	
0.099268930916250109	0.047803302379204646	-0.0004974249371122771	-1	
0.098911005718588824	0.050021026164360466	-0.00051618010057665473	-1	
0.097429741611448795	0.05376898827350679	-0.00057974651010190431	-1	
0.098870400813838077	0.05290737116330553	-0.00051207197074938822	-1	
0.094751765797256818	0.056329791195675202	-0.00069709605063946671	-1	
0.097498819117276522	0.055446221495276823	-0.00056618899430824091	-1	
0.086041844911448256	0.06437942490511539	-0.00094433222393157498	-1	
0.084481753118233568	0.06592704573395762	-0.00094737261053321105	-1	
0.087646858585758741	0.06138419731078866	-0.00097012145911599458	-1	
0.087397167758810623	0.06312135377396999	-0.00092704317171457963	-1	
0.089143215810517262	0.062485799703397855	-0.00086553281905732914	-1	
0.095083899040254438	0.058793353839014649	-0.0006514298083672151	-1	
0.093536399747161672	0.059911964069046947	-0.00071021274154055606	-1	
0.091946300402750827	0.061113181791978076	-0.00076440460139179736	-1	
0.091179110511643777	0.062472145513012972	-0.00077094869964535893	-1	
0.051181413900055227	0.088552963169504104	-2.2060208368660002e-005	-1	
0.052711903788730738	0.088597482957071219	-4.953198419997557e-005	-1	
0.050121669641729039	0.089653626166095263	-2.0710733584079659e-006	-1	
0.054174538644228283	0.089050341202338665	-7.3604130103180679e-005	-1	
0.05625837024489129	0.087880462446707441	-0.00011843832248502042	-1	
0.056991261787493357	0.085657890909152101	-0.00015274501668874834	-1	
0.04910036345607191	0.090744703726286444	1.436161098745696e-005	-1	
0.044852890032146903	0.090779412080348981	7.9844581087334531e-005	-1	
0.047353517746926921	0.091801987882698027	3.8644375112483126e-005	-1	
0.04444524638466122	0.092426739492264237	7.6370818220083378e-005	-1	
0.045923744287584251	0.093259749033887243	5.2899011877909724e-005	-1	
0.11	0.0032278645833333343	0	-1	
0.10854984643419964	0.004163307291666668	-1.5954057620018084e-005	-1	
0.10700538437123966	0.0051153206046625965	-3.7056768338206629e-005	-1	
0.11	-0.0079974479166666675	0	-1	
0.10947231463431512	-0.008465169270833333	-3.0960265081213974e-007	-1	
0.10940061197916667	-0.01	0	-1	
0.10916675130208335	-0.0095830921934685412	-1.3229851392692451e-007	-1	
0.10940161977079149	-0.0091667513020833348	-1.8822423542775726e-007	-1	
0.039070265685512952	0.09857687107122784	8.3964065204991984e-005	-1	
0.040976125964703958	0.096635606929877188	8.5031151716023811e-005	-1	
0.042055888050033199	0.095040255486823669	8.6783273762845779e-005	-1	
0.043758939129236965	0.093978784368076398	7.5298616343168773e-005	-1	
0.024189132980138413	0.10515381687634678	5.7266013998859191e-005	-1	
0.034099161607436416	0.10116011052179769	8.4780199261144489e-005	-1	
0.035656621341553514	0.10150599293221037	7.5428263708056555e-005	-1	
0.032136541769047566	0.10508172291197415	4.9493555489029858e-005	-1	
0.030526897671862542	0.10527565386433714	5.0016446036360282e-005	-1	
0.029106918279081958	0.10532329309256604	5.1387417922027708e-005	-1	
0.034323243736494181	0.1038305523010421	5.7378352049349713e-005	-1	
0.027817267209400406	0.10674057478154947	3.6534488009096058e-005	-1	
0.025439364724753014	0.10612778767286614	4.5054062189698201e-005	-1	
0.038502054327994584	0.10099467875581845	6.7047763072721462e-005	-1	
0.037673613337365797	0.10254248004515475	5.8035985049535907e-005	-1	
0.022977328784297039	0.10617520275771378	4.5308845235366914e-005	-1	
0.021909500162055773	0.1078064706839625	2.5912587994640501e-005	-1	
0.0163240625	0.11	0	-1	
0.018194947916666666	0.11	0	-1	
0.019130390625	0.10888408161300561	1.3031406618160669e-005	-1	
0.020542608591325083	0.10852916285808439	1.7318361316754357e-005	-1	
-0.01	0.10893289062499999	0	-1	
-0.0061265625000000001	0.11	0	-1	
-0.0070620052083333338	0.11	0	-1	
-0.0079974479166666675	0.11	0	-1	
-0.0086172232517044995	0.10954888430866024	3.7702412823516712e-007	-1	
-0.0091667513020833348	0.10958309219346854	1.9496691223970114e-007	-1	
-0.0094016197707915087	0.10916675130208335	2.7594718024460164e-007	-1	
0.061154325875481155	0.08315715433432036	-0.00027375827170520703	-1	
0.062891231850937229	0.082832538988645524	-0.00031468718789263517	-1	
0.066285615060519068	0.078108592236853014	-0.00050257867503897085	-1	
0.066223868496419078	0.079972141410419764	-0.00044537671627447494	-1	
0.064504829264645194	0.083552622925903944	-0.00032830356943078844	-1	
0.06622075620066753	0.082508692645791776	-0.00037894410916986107	-1	
0.060111697276117135	0.085235110294801172	-0.00022020333248269348	-1	
0.067961364954576178	0.07909691382482785	-0.00049989923160491281	-1	
0.075232335751463417	0.076342264097193191	-0.00065688216033153929	-1	
0.072399120910498452	0.077006541065512996	-0.00062226858845451552	-1	
0.077168064646792003	0.074499591779458016	-0.0007257127506214902	-1	
0.070870830301078658	0.077792150644833483	-0.00058056472987318261	-1	
0.070059876532905088	0.079307145226951162	-0.00052064479153991175	-1	
0.083631353082039686	0.067825085328115611	-0.0008970044665904146	-1	
0.082165130786876817	0.069329069525868148	-0.0008746784618427208	-1	
0.080525906233112468	0.070973695581974208	-0.00083844320147599411	-1	
0.079255043669476749	0.071858302301580732	-0.00081973908837541364	-1	
0.079051291292366252	0.073393263432308661	-0.00075630313560838091	-1	
0.10797649841105404	0.020997709861346091	-5.4433258165144385e-005	-1	
0.10850684366429027	0.022504611171017316	-4.1986786040801642e-005	-1	
0.1077298230407704	0.023900410796803141	-6.6422431035742494e-005	-1	
0.10707665532657459	0.025179046701458777	-8.8526367221008158e-005	-1	
0.11	0.018194947916666669	0	-1	
0.11	0.0163240625	0	-1	
0.11	0.020065833333333335	0	-1	
0.10850664860031625	0.0058220328250498613	-1.9583033699440986e-005	-1	
0.10809350864598459	0.0079050781250000011	-3.0255932612892638e-005	-1	
0.11	0.014453177083333334	0	-1	
0.11	0.012582291666666669	0	-1	
0.11	0.010711406250000001	0	-1	
0.11	0.0088405208333333339	0	-1	
0.10432107351079295	0.038667283739157988	-0.00023469070438222138	-1	
0.10487095439753027	0.040317063666435275	-0.00021739499060362044	-1	
0.10364504971834185	0.041685475134546429	-0.00027528776019836837	-1	
0.10239516643512062	0.043378980899519914	-0.00033701903737366789	-1	
0.10146172577468107	0.045829271530352982	-0.00038772302511216102	-1	
0.10641017388180632	0.030741758704890553	-0.00012559962911872137	-1	
0.10689272383454	0.028609058000086549	-0.00010306575977345966	-1	
0.10665479049704228	0.035888510931490251	-0.00013115181246111166	-1	
0.10694914920744072	0.037647169544781839	-0.00012363773520764897	-1	
0.10587080793287383	0.039067277732230093	-0.00017154081743159382	-1	
0.10810167421094949	0.034578187827427803	-7.2519363232423619e-005	-1	
0.10815059093504199	0.03222658854166667	-6.706207927357222e-005	-1	
0.10778756469232248	0.02661393229166667	-6.968096103874927e-005	-1	
0.099691236037199787	0.045835575623485655	-0.0004721624259801885	-1	
0.10027097890738423	0.049055083322817945	-0.00044893655257018626	-1	
0.10084095081026839	0.047487376501600356	-0.00042028775856721819	-1	
0.10069302234541039	0.050668914783593394	-0.00042780450992057126	-1	
0.10003211170977395	0.055174885718343718	-0.00044584039496680392	-1	
0.10110048033447626	0.052861925938149111	-0.00040402568817667403	-1	
0.096685598428413039	0.057630019881669658	-0.00058767323169086759	-1	
0.09895915244332551	0.057118888369744436	-0.00048440542643148673	-1	
0.086169826383133627	0.065970979893643159	-0.00088119191712770302	-1	
0.087526878549160067	0.06496602667247281	-0.00086203054316784746	-1	
0.085719515981040703	0.06759847554642523	-0.00083886011859496997	-1	
0.089204622062685035	0.064992477322673395	-0.00079241617354296971	-1	
0.090420091039788486	0.063835689485699731	-0.00077197319817092836	-1	
0.09537507229346176	0.060680484212219478	-0.00061283948771375741	-1	
0.09817723233936361	0.05952228379373399	-0.00049936597469585624	-1	
0.093521728821140626	0.063018661267731868	-0.000656632769695546	-1	
0.092058869987522912	0.063761093141393083	-0.00070435216956782137	-1	
0.051533428574623702	0.090039772704719953	-2.5590289559354586e-005	-1	
0.053054347195089849	0.090079891636279261	-5.0385503051847458e-005	-1	
0.050595347444290797	0.091353311623035491	-8.9053719486086777e-006	-1	
0.055590716739775441	0.090000870568441582	-9.128827337779921e-005	-1	
0.057664509315384256	0.087112014878186733	-0.0001507930391318712	-1	
0.057296162847652495	0.089978066023750275	-0.00011808071767273475	-1	
0.058521678501415278	0.088475769080904557	-0.00015157566288233668	-1	
0.059239655161464129	0.086817643828812727	-0.00018284410127292387	-1	
0.049325174223682086	0.092332921453520816	9.5136410352217462e-006	-1	
0.048241929475756534	0.093941223008317531	2.1622560842664625e-005	-1	
0.045270544788955383	0.095687129039074253	5.0106562700675759e-005	-1	
0.04692539639240105	0.095230948115992808	3.4025968984470923e-005	-1	
0.11	0.0050987500000000009	0	-1	
0.11	-0.0089328906250000003	0	-1	
0.10986833333333333	-0.01	0	-1	
0.10972302953844544	-0.0097230295384454352	-2.9184738002275639e-008	-1	
0.11	-0.0094006119791666676	0	-1	
0.040492192091137358	0.099399021662791326	6.8127503628631928e-005	-1	
0.043651443560372608	0.096257344854017907	6.3456240677574831e-005	-1	
0.041783896746798221	0.098384474778332953	6.6290303141946214e-005	-1	
0.036028137627714958	0.10326379167855283	5.7684139857850295e-005	-1	
0.031381517432696841	0.10640694935749272	3.6943346873281897e-005	-1	
0.03394543074768603	0.1056919733624934	4.0253972893872759e-005	-1	
0.029861064092068526	0.10652740067278575	3.7260025428282966e-005	-1	
0.03531885307502667	0.10447579900964929	4.8782689384924155e-005	-1	
0.028684720149164414	0.10825005400761356	1.9195640685800089e-005	-1	
0.026613932291666663	0.10799874297872623	2.2808115310431331e-005	-1	
0.023850709543961009	0.10798812736368731	2.3604467702166719e-005	-1	
0.040257362035427138	0.10102464804765203	5.7632460760160765e-005	-1	
0.039355169405389079	0.10244690467683021	5.1960498950964303e-005	-1	
0.039072347560736971	0.10384704847042968	4.2877264722749523e-005	-1	
0.036504997510827482	0.10445044851931293	4.597552134399609e-005	-1	
0.037996809197881468	0.10478705276222498	3.906802188778828e-005	-1	
0.021936718749999997	0.11	0	-1	
0.020065833333333328	0.11	0	-1	
-0.01	0.10940061197916667	0	-1	
-0.0089328906250000003	0.11	0	-1	
-0.0094006119791666676	0.11	0	-1	
-0.0097230295384454352	0.10972302953844544	4.2891429402377269e-008	-1	
0.062289277013571349	0.084420787350915669	-0.00027310957638427245	-1	
0.067726137647807161	0.080792189483864921	-0.00044606242469265761	-1	
0.063686307885816848	0.085386803514587328	-0.00027880108325036533	-1	
0.065760337722357662	0.085212633053845632	-0.0003119759206742052	-1	
0.067494486066662751	0.084061692294205723	-0.00035961911039199149	-1	
0.068496108160651117	0.082320730243977056	-0.00041469022448369032	-1	
0.061438714890608592	0.08714403659530072	-0.00021485085922054608	-1	
0.069429303345685325	0.080892453972148476	-0.00046503119285977863	-1	
0.077180817152788295	0.076526886436493816	-0.00064575249575305317	-1	
0.074117311287196286	0.077960687291016614	-0.00059437204774144992	-1	
0.07631847498920856	0.078283881363176988	-0.00058492818298651089	-1	
0.072490056741289138	0.079062783399822187	-0.0005493398855783198	-1	
0.078888930638522592	0.075571369037735203	-0.0006708953360749873	-1	
0.072286748439079701	0.08111096981638187	-0.00048346271304371363	-1	
0.084874068438066552	0.069542151355056744	-0.00079365346347382026	-1	
0.082072671926488899	0.07164926420761851	-0.00077992709618733612	-1	
0.083729289363065007	0.071326006188393534	-0.00075661572589501346	-1	
0.08089335450674115	0.072856777148187141	-0.0007529315479194124	-1	
0.080276702587244356	0.074579712371138362	-0.00069471359850138345	-1	
0.11	0.02193671875	0	-1	
0.11	0.02380760416666667	0	-1	
0.10851111679618172	0.02524116056267274	-4.5225941655790989e-005	-1	
0.11	0.0069696354166666674	0	-1	
0.10544052196045219	0.041905908051081034	-0.00019710525236367839	-1	
0.10641826326224287	0.040530097150511549	-0.0001519068085006481	-1	
0.10426417429377825	0.04338517981565175	-0.00025276836192595888	-1	
0.1032439884283452	0.045044132552103988	-0.0003028061602977405	-1	
0.1033474618826435	0.046988919590848166	-0.00030121478146628383	-1	
0.10831999604335801	0.030265608873163069	-5.8126251293676635e-005	-1	
0.10858468522113891	0.028484817708333336	-4.676787772936353e-005	-1	
0.10829018831568109	0.036518746943747703	-6.789662135747173e-005	-1	
0.10794972586063321	0.039123100955646938	-8.4928538044660946e-005	-1	
0.11	0.035032916666666671	0	-1	
0.11	0.033162031250000001	0	-1	
0.11	0.031291145833333339	0	-1	
0.11	0.027549375000000001	0	-1	
0.11	0.025678489583333339	0	-1	
0.10306989738635577	0.049185221538095882	-0.00031562319501161537	-1	
0.10284882658967182	0.051476788649356744	-0.0003244303404693624	-1	
0.10184806385476708	0.054954665858901762	-0.00036208878891671797	-1	
0.10113622704811064	0.056682157261039971	-0.00038676353174597189	-1	
0.10330511572873938	0.053848691710943697	-0.00029868780232140881	-1	
0.1002977645690849	0.058147128647669757	-0.00041584002159183206	-1	
0.088107462720969351	0.067301304452757643	-0.00076622929360727456	-1	
0.086503594236005621	0.069095240397708757	-0.00076174365363002061	-1	
0.090554166255431556	0.065989599885799527	-0.00071291824118515843	-1	
0.096172026251229129	0.062227987300826577	-0.00055528352624893511	-1	
0.097817928436852636	0.061661500394173514	-0.00049207012072887964	-1	
0.099414269402077704	0.061732821169405143	-0.00042411178286507167	-1	
0.10069053883376711	0.059788740315934001	-0.00038647061337410854	-1	
0.095179073441645279	0.063657653743738732	-0.00057529339043786937	-1	
0.092595888498904766	0.065311180936504926	-0.00064887910203648938	-1	
0.094488553155311017	0.065294200201884631	-0.00057466758350435275	-1	
0.051656114741378135	0.092569927190273626	-2.2607350721514411e-005	-1	
0.053358384345301262	0.091796551020658215	-4.870331252156845e-005	-1	
0.056215693520254927	0.091587839534109483	-9.0378864045772804e-005	-1	
0.054958255439732519	0.092516162146191225	-6.7578751358798579e-005	-1	
0.057887566312815955	0.091542500802351115	-0.00011327165289612493	-1	
0.059209337923635398	0.090291986158082191	-0.00014294274728078233	-1	
0.060220105585503295	0.088335400990548762	-0.00017983606254407929	-1	
0.050165831464262532	0.093699036688116591	-2.0011233314994926e-006	-1	
0.048667257166333661	0.095833087017885371	1.4257924189527188e-005	-1	
0.046384827490600584	0.096992888942281738	3.4341805891845907e-005	-1	
0.044298036228220143	0.097749248986053208	4.9870650278750459e-005	-1	
0.04795234392545044	0.097251927281097009	1.9182867895514374e-005	-1	
0.11	-0.01	0	-1	
0.11	-0.0098683333333333331	0	-1	
0.041931815075854285	0.099902364160282489	5.5560268615302964e-005	-1	
0.043352628624200348	0.099072149012343805	5.0504235656415859e-005	-1	
0.032281392548275049	0.1076384166354773	2.3496380084332514e-005	-1	
0.030729112249357149	0.10782820241166875	2.2652858581607163e-005	-1	
0.03365072483388637	0.108472777716544	1.4366770913683921e-005	-1	
0.035057162747858854	0.10770260778973756	2.023857626274607e-005	-1	
0.035838890366578814	0.10554216784140341	3.8106559413327392e-005	-1	
0.027549374999999997	0.11	0	-1	
0.029420260416666663	0.11	0	-1	
0.025678489583333332	0.11	0	-1	
0.023807604166666659	0.11	0	-1	
0.042028431513518642	0.10142438034675326	4.5976011003844776e-005	-1	
0.040501896802147552	0.10406455361607234	3.6520464970119823e-005	-1	
0.039216230483336459	0.10526820593642412	3.2355103348366206e-005	-1	
0.037069505652429488	0.10559800259817363	3.4962599228540094e-005	-1	
0.038197470675753825	0.10609320599879793	2.8758312231025738e-005	-1	
-0.01	0.10986833333333333	0	-1	
-0.0098683333333333331	0.11	0	-1	
0.064849393591553964	0.086800975004837563	-0.00026965548692266315	-1	
0.063232865837067553	0.087855460427599438	-0.00023027512556502523	-1	
0.066554925554981742	0.087576484367811597	-0.00027539187249202903	-1	
0.067659843636857231	0.086063404699493085	-0.00031708041211363203	-1	
0.06944186963347726	0.08490850886007624	-0.00036017980374138375	-1	
0.070723777391035789	0.082757226341350354	-0.00042502762282920273	-1	
0.06161776768383679	0.089310541195665893	-0.00018738347009784068	-1	
0.07821883315245777	0.078126468489943326	-0.00058436952586454977	-1	
0.073870952922282559	0.08023403840378722	-0.00051773417952531372	-1	
0.075672819284266488	0.080412896337763051	-0.00051591070124000558	-1	
0.078253199084871661	0.080033025319407619	-0.00052355532840671359	-1	
0.079849073358426115	0.077188594208775843	-0.00060544911167698687	-1	
0.080916364228241555	0.076024049006063812	-0.0006351822663264626	-1	
0.072696882065579352	0.083065432232633907	-0.00043013857993514591	-1	
0.074740768125306958	0.082362860060367651	-0.00045730728406634147	-1	
0.086036012948957186	0.070584588743616644	-0.00072521799757896237	-1	
0.083252187318465259	0.073287482579577096	-0.00069597742099724636	-1	
0.085274106896821994	0.07204671284212083	-0.00069589430389356761	-1	
0.081962340821010587	0.074840322560752112	-0.00066217611114000551	-1	
0.10687989520863335	0.042787405833139246	-0.00013583799602829392	-1	
0.10579014259676717	0.044040682393059818	-0.00018581775491954169	-1	
0.10838354010939416	0.040680656289678874	-6.8412827879314671e-005	-1	
0.10840915110629552	0.042297294003527303	-6.8819670635712388e-005	-1	
0.1058265701306616	0.045701084731497671	-0.0001864577553615918	-1	
0.10475999982640269	0.048283123483418865	-0.00023703531982664116	-1	
0.11	0.029420260416666667	0	-1	
0.11	0.03690380208333334	0	-1	
0.11	0.038774687500000002	0	-1	
0.1045521300873002	0.049927947367131284	-0.00024667707130831705	-1	
0.10520347991233617	0.052355260313646367	-0.0002149244856949199	-1	
0.10357286341982114	0.055563964997081924	-0.00028168360847768904	-1	
0.10282287555902295	0.057485994921522225	-0.00030743275074625049	-1	
0.10178115334955931	0.0586600046980639	-0.00034691193587829596	-1	
0.10507982732273904	0.054702042107536999	-0.00021659532131919245	-1	
0.088074604325215328	0.068885864708884761	-0.00071914137218776365	-1	
0.090631991765918962	0.068146275421207006	-0.00065490017602519337	-1	
0.087585274995510332	0.070393335334323154	-0.00068876066342553658	-1	
0.092170021818914261	0.067420095245131317	-0.00061866074867030602	-1	
0.097624127155852308	0.06382200682124986	-0.00047352597759502238	-1	
0.099217683726574468	0.063318615986656834	-0.00041593838493647948	-1	
0.10073885400311532	0.06262661463823864	-0.00036174353098081632	-1	
0.1023120107082221	0.060264191516534407	-0.00031463832345485183	-1	
0.10238771374257036	0.062019603242052419	-0.00029973453650680883	-1	
0.096285857811654219	0.065046945265994915	-0.00050899051131281334	-1	
0.093834519425097684	0.067070349893408654	-0.0005660725438264403	-1	
0.09588094403211618	0.066815414621730268	-0.00049671427417163287	-1	
0.052743923547825054	0.094090619304012024	-3.3299414654894785e-005	-1	
0.056387951721897901	0.093147748988369403	-8.2220774196284279e-005	-1	
0.055118775535332599	0.094070886140139559	-6.201979804535528e-005	-1	
0.057898849843722573	0.093572221907398945	-9.7213296740207323e-005	-1	
0.059415322120560041	0.092223071465109566	-0.00012640474557914182	-1	
0.06097061372866934	0.091110171644999294	-0.00015701738325978084	-1	
0.051864400175078214	0.095778915683018079	-1.9795191482804316e-005	-1	
0.050274274081457418	0.0963044418265116	-2.5907782173404855e-006	-1	
0.046972367913986061	0.099484760122617602	2.2533690197956987e-005	-1	
0.045061763808908174	0.099184721103439857	3.7755398786652545e-005	-1	
0.0487149137200985	0.09864573355988579	1.0583181307576564e-005	-1	
0.043712831000399223	0.10074668471022566	3.9761067645710642e-005	-1	
0.031291145833333332	0.11	0	-1	
0.033162031250000001	0.11	0	-1	
0.035032916666666664	0.11	0	-1	
0.03636899545278803	0.10853901788048322	1.2032825803806282e-005	-1	
0.036451285556228188	0.1069854042784255	2.468794898416139e-005	-1	
0.04325845420389926	0.10275986422472444	3.2930550024193805e-005	-1	
0.042345129876288592	0.1043945679612555	2.8210452959968852e-005	-1	
0.040307541548704057	0.10599452322733	2.4853784976364655e-005	-1	
0.039252503102983581	0.10688894960298559	2.1027591400975454e-005	-1	
0.03796487917284614	0.10739405283793274	1.9346979998960743e-005	-1	
-0.01	0.11	0	-1	
0.065002617874228813	0.088625576792057265	-0.00024007760615083387	-1	
0.063560304181689328	0.089521528213842766	-0.00020915205351311982	-1	
0.067775955463027046	0.08870839301077077	-0.00026653601813669191	-1	
0.069345348276707117	0.086711872322121589	-0.00031946924949900882	-1	
0.07148723931877124	0.084339532778070089	-0.00039027574895947055	-1	
0.071216099043853315	0.0860753469173441	-0.00034735684627895278	-1	
0.062882803949918076	0.091078445415827561	-0.00017971333736239203	-1	
0.079616049907500208	0.079054871617884603	-0.00054643921702292222	-1	
0.076610256401466167	0.082058710696015252	-0.0004673926217660467	-1	
0.078607207354494155	0.08249094536624918	-0.00045196454737313788	-1	
0.080503165484782369	0.081729379422193424	-0.00046395331979301799	-1	
0.081350693573982918	0.077493458185023192	-0.00058177669936547135	-1	
0.083337544440544808	0.077109485737715894	-0.00056939376638629174	-1	
0.074145155636556256	0.08444043644780469	-0.00040040686020525508	-1	
0.072776713510400701	0.085430036785027155	-0.00037092725933619754	-1	
0.075946785721501597	0.083832773802942406	-0.00041972123179793644	-1	
0.086636109168422612	0.073071812400936714	-0.00063182451817550989	-1	
0.084978945710954601	0.073725628911400984	-0.00064726170934080408	-1	
0.083955421226172597	0.075183731919824887	-0.00061993148599005907	-1	
0.10807660449738946	0.044756271857225069	-8.5036507678584925e-005	-1	
0.11	0.040645572916666678	0	-1	
0.11	0.04251645833333334	0	-1	
0.11	0.044387343750000002	0	-1	
0.10666066547261117	0.048523326021763992	-0.00015044458460607987	-1	
0.10819663437782893	0.047193671875000003	-8.0803459822799051e-005	-1	
0.10613676233887422	0.050021788940946596	-0.00017418207434201314	-1	
0.1065754810698241	0.0534210940172253	-0.00015186399766762873	-1	
0.10726416968730881	0.051826071557201606	-0.00012234497255527872	-1	
0.10515948546255646	0.056268579619216198	-0.00020951127980188379	-1	
0.10543732501576737	0.057812338142240044	-0.00019299988799338367	-1	
0.10372200209236709	0.059332983064877179	-0.00026028215764084425	-1	
0.10700761437312101	0.05510384458341587	-0.00013068374420698939	-1	
0.089869700808259942	0.070301712396077923	-0.00062417827561091861	-1	
0.091811028396039773	0.069775767274238287	-0.00057730016832265669	-1	
0.088801195230494803	0.072185261524453814	-0.00060429960415006687	-1	
0.093244553456730148	0.068738524557371714	-0.00055323206356010246	-1	
0.10010888724593686	0.064732327825583039	-0.00036656091024285997	-1	
0.098919270854420954	0.066580488798967871	-0.00039011049868830126	-1	
0.10219073535294948	0.06402749124747853	-0.00029341071158765748	-1	
0.1039392062086458	0.06119493821720489	-0.00024201292042647817	-1	
0.10409377917870556	0.063357536826966696	-0.00022488534958740587	-1	
0.097469840258789991	0.067599815461648421	-0.00042821017866250791	-1	
0.094741023126586957	0.068490568180256978	-0.00050798984566312148	-1	
0.096214576501070154	0.068850490797360137	-0.00045221696414226187	-1	
0.054182608012075521	0.095980195545567082	-4.3314346649381169e-005	-1	
0.057529263060288764	0.095319204771497065	-8.0740772403824877e-005	-1	
0.056232272149126024	0.096546542579234881	-6.055428652623754e-005	-1	
0.059293968082996945	0.095046515019636194	-0.00010005932398791423	-1	
0.060998524481653001	0.09279239705647821	-0.00013850893918175436	-1	
0.062611339629750809	0.092672746538939824	-0.0001569356427591266	-1	
0.051328609876320756	0.097605616200982168	-1.1921901838357852e-005	-1	
0.053033674779170557	0.097281148330379194	-2.803702889156442e-005	-1	
0.05039879980880544	0.099073128348649064	-3.0786337435610473e-006	-1	
0.045770659705233904	0.10090381857784675	2.681850980912566e-005	-1	
0.048373858547260298	0.10081752246610359	1.060652852000865e-005	-1	
0.036903802083333326	0.11	0	-1	
0.037796957725745713	0.10884467511276535	8.6138687781890466e-006	-1	
0.044852131271709034	0.10373908365093933	2.1703030909351449e-005	-1	
0.043941696876514988	0.10537303178144621	1.8558351023073402e-005	-1	
0.042198915026725972	0.10642494515004577	1.8060541747820964e-005	-1	
0.040645572916666664	0.10790457334687983	1.2439243524995277e-005	-1	
0.039186916699810552	0.10827054400335623	1.1634355322615597e-005	-1	
0.06725882742393953	0.090291020510701273	-0.00023457460610575706	-1	
0.065256312130184985	0.090642879878005261	-0.00021057584512701688	-1	
0.06942975588754971	0.088515843359523463	-0.00028380007330160384	-1	
0.069168476042198709	0.09032994515472817	-0.00024869480226353196	-1	
0.071056556880147934	0.087832581737188706	-0.0003084143495510871	-1	
0.072818651755295713	0.087741205782736614	-0.00031922371472501332	-1	
0.064304473540523557	0.092140777379660352	-0.00018007982694031099	-1	
0.08129331941307226	0.079024638619015874	-0.00053473981371771366	-1	
0.077774507542478638	0.084356756434396468	-0.00040595333810705182	-1	
0.080625326033366071	0.084717732493631917	-0.00038871953081263174	-1	
0.082635103920157077	0.080884409919343342	-0.00047086727104791819	-1	
0.082297491253712635	0.08315270281057914	-0.0004165042609703753	-1	
0.082537982583674771	0.078304611685294845	-0.0005437954491822061	-1	
0.085655269615959859	0.076791126683915786	-0.00054378563193502414	-1	
0.084854235363510999	0.078989204617541636	-0.00049643939669866968	-1	
0.076393145578451047	0.085725471606997075	-0.00037354574453123839	-1	
0.075047831079462585	0.087129633634036946	-0.00033965019302227854	-1	
0.086443213715046832	0.07500993121613099	-0.00058013646281912144	-1	
0.08922755768313595	0.074308390476660588	-0.00053883567558543448	-1	
0.11	0.046258229166666671	0	-1	
0.10806750762594337	0.049856012866457924	-8.6869349656261083e-005	-1	
0.11	0.048129114583333334	0	-1	
0.10832079123145415	0.053228482881444196	-7.4462649599757563e-005	-1	
0.11	0.051870885416666672	0	-1	
0.10666353331980963	0.05671380454869495	-0.00014303226442496543	-1	
0.10689735094472566	0.058208424789237177	-0.00013025430064085759	-1	
0.1055592635038945	0.060251821587344295	-0.00018028840023671952	-1	
0.10859560806995329	0.054818357835542141	-6.1374177689202367e-005	-1	
0.1083014907424468	0.056548098958333341	-7.2851977505417983e-005	-1	
0.090821177225701988	0.071557790389700102	-0.00056537970414715646	-1	
0.093707247094199045	0.070446383202332097	-0.00050432381338196724	-1	
0.092380991728328962	0.071305336583658049	-0.00052619001428750017	-1	
0.090204422900792572	0.073007843285878643	-0.00054699113833305945	-1	
0.10173479407862523	0.066107750186841854	-0.00029370432823900346	-1	
0.099829120399220914	0.069414420081073985	-0.00032629409194485443	-1	
0.10068548030353786	0.06770548431430734	-0.00031580873178824702	-1	
0.097984527974999652	0.069371663615863291	-0.00038715596746310933	-1	
0.10374050000020933	0.065391856719518748	-0.0002260886097155334	-1	
0.10701302048291375	0.06153425315701793	-0.00011784475705632763	-1	
0.10626159133834447	0.063321260243079588	-0.00014166930073847926	-1	
0.10553395223815019	0.06500540829347129	-0.00016274849132534038	-1	
0.095153104908963795	0.069950394348807995	-0.00046830720290774589	-1	
0.096425679619952409	0.071399611434166885	-0.00040569025012173848	-1	
0.054580133931652348	0.098069177398173724	-3.8941357391371203e-005	-1	
0.057722018063708157	0.096821866251376107	-7.2371414993791178e-005	-1	
0.059202694367158554	0.096549300306581237	-8.7159390435963437e-005	-1	
0.056826763563400585	0.098044022294659652	-5.754049340797862e-005	-1	
0.061977584167774234	0.094160645380493194	-0.00013390471814067752	-1	
0.060950788430344162	0.096639871465183186	-0.00010072697093056721	-1	
0.064004002298739773	0.094144857401675927	-0.00015183428417855623	-1	
0.052278456484092656	0.099525897310521916	-1.6775026453927828e-005	-1	
0.050572207092637239	0.10080173142024092	-3.7469582103086462e-006	-1	
0.046380347680690541	0.10266055136655511	1.8230823974089046e-005	-1	
0.049084893885836277	0.10289776630550955	4.530964286005851e-006	-1	
0.050556207492082762	0.10236608276454855	-3.013282000089021e-006	-1	
0.038774687499999995	0.11	0	-1	
0.046899642397314596	0.10532535419234126	9.6973021081938849e-006	-1	
0.045430175342966547	0.10593893255144957	1.2298526245296847e-005	-1	
0.044249808845033461	0.10680311975056073	1.2052753487721739e-005	-1	
0.043451901041666657	0.10802926318502375	8.3789825391288236e-006	-1	
0.042516458333333326	0.11	0	-1	
0.040645572916666664	0.11	0	-1	
0.067780054376948673	0.092035565797194019	-0.00021051868419795166	-1	
0.065962479954494974	0.092142985590571908	-0.00019451919723337651	-1	
0.070788758802647359	0.089473256029581505	-0.00027446023007001374	-1	
0.069753907042650096	0.092066753441402943	-0.0002226538181821989	-1	
0.074375919136958804	0.089048979158166286	-0.00029793204141054491	-1	
0.072079386331236395	0.090521019612876785	-0.0002615406912703869	-1	
0.083425368569169253	0.079562931652131449	-0.00049836482743852715	-1	
0.078074551387697699	0.08604099304633582	-0.00036550980248428413	-1	
0.080746667940897521	0.08640855295727641	-0.00035028072786664848	-1	
0.082381714402266298	0.085441449387686511	-0.00036334715534877207	-1	
0.084065029696679602	0.082256511618705924	-0.00042341558448214515	-1	
0.084704302895973541	0.080681957320980449	-0.00045499689124630413	-1	
0.083983427294639132	0.084236585316258245	-0.00037893099721609006	-1	
0.087338534432482837	0.076470870973743249	-0.00052324945905017942	-1	
0.087225568562310951	0.078843960858562129	-0.0004656957717756458	-1	
0.086103373839033187	0.079952861116525706	-0.00045532003590690955	-1	
0.077145301334619304	0.08779265262888708	-0.00032753320590997404	-1	
0.076286138018092767	0.089579262563854456	-0.00029063968230996968	-1	
0.089932037446626742	0.075833826729925891	-0.00048685765227932663	-1	
0.091283620853084585	0.074835593392808777	-0.00047885237084410606	-1	
0.11	0.050000000000000003	0	-1	
0.11	0.053741770833333341	0	-1	
0.10698385109320402	0.059724879646214361	-0.00012325868315513988	-1	
0.1085825478031708	0.05841898437500001	-5.9155618913822304e-005	-1	
0.11	0.05561265625000001	0	-1	
0.11	0.057483541666666672	0	-1	
0.091815029992070418	0.072780613344093775	-0.00051054938191935162	-1	
0.094880129596012802	0.071454387115364976	-0.0004506016500131579	-1	
0.094362685551350911	0.072911774130675053	-0.00043892227144295515	-1	
0.10254613282069838	0.068143418043358009	-0.000249003259567921	-1	
0.10368555880664738	0.067003007938417014	-0.00021809198982647915	-1	
0.10111383189198761	0.070443475853171428	-0.00027496416346708556	-1	
0.099549458023221418	0.070955504954351614	-0.00031748754697734133	-1	
0.10248386779788099	0.069700637028961551	-0.00023829245779930969	-1	
0.097983461650246906	0.0709839477218943	-0.00036507880259382578	-1	
0.10839378149732978	0.060289869791666673	-6.4824668914216255e-005	-1	
0.10812134751779587	0.063051790104323727	-7.15758390721647e-005	-1	
0.10776684417515665	0.064970870250336113	-8.1173271325280118e-005	-1	
0.10667394845634731	0.066510667993353534	-0.00011617161299349015	-1	
0.10516434183533743	0.067644901651554692	-0.00016342498772680078	-1	
0.098838261068547179	0.072350980687876529	-0.0003221384994650691	-1	
0.096008392687783578	0.072993639519567194	-0.00039306755036891313	-1	
0.097818526713491782	0.073896392388983295	-0.00033045844611575762	-1	
0.054347958094241526	0.10003206205342256	-3.0338089246614334e-005	-1	
0.056265951004342993	0.09955443773862141	-4.5532911665220634e-005	-1	
0.058848893529389157	0.098012693444823717	-7.3438301313901697e-005	-1	
0.060294570682771907	0.098269879469682492	-8.1943313188510402e-005	-1	
0.057855924087334323	0.099283656981061799	-5.7878179885845949e-005	-1	
0.063002088840781428	0.095602564831593184	-0.00012716600795345295	-1	
0.061726858888486051	0.097946340323723804	-9.4622504950319516e-005	-1	
0.063131530399489252	0.097366647145815902	-0.00010970774547911882	-1	
0.065680496624932624	0.095211674396109683	-0.00015116213831837185	-1	
0.066803163806552462	0.093572055499937981	-0.00018089170778680264	-1	
0.064451716453534244	0.096163750439701573	-0.0001314728812142841	-1	
0.053041318901341922	0.10151513852106252	-1.791035473405275e-005	-1	
0.048258905348653756	0.10435158012908044	6.5984822200290015e-006	-1	
0.050233641013705949	0.103775058314024	-9.454875579756395e-007	-1	
0.052016338735627728	0.10292774802720833	-9.9960396656468273e-006	-1	
0.047647198245003901	0.10685026268915315	5.0545671236111056e-006	-1	
0.045574257725303463	0.10752482412834898	7.3447203982498373e-006	-1	
0.044387343749999995	0.11	0	-1	
0.068740532944155816	0.093725027397437835	-0.00019095515604085369	-1	
0.071528463410874127	0.092214334209434951	-0.00022910338642346281	-1	
0.070447537788869391	0.093629406711743968	-0.00020127494835818046	-1	
0.074913942079479406	0.091010071765055614	-0.00026158834234687675	-1	
0.073308329443266429	0.091857137618583523	-0.00024189693991901143	-1	
0.079278661428027225	0.087256228943118186	-0.00033632307845825343	-1	
0.080679425526971382	0.088102387706173679	-0.00031525878627315082	-1	
0.082587743928005095	0.08732989268301522	-0.00032290544013658203	-1	
0.083851651732340618	0.086236539521082178	-0.0003373836907071465	-1	
0.086142614577236945	0.081735055233293732	-0.00041360568947472319	-1	
0.08561266003510605	0.084418916877063932	-0.00036089398989690602	-1	
0.085512986082991377	0.08605528762476905	-0.0003288904256975417	-1	
0.08890551884931662	0.077164054931897486	-0.00047680691456317419	-1	
0.088654045133629122	0.078707367040895176	-0.00044576842859380447	-1	
0.088329040818784024	0.081082936920835819	-0.00039920009210419667	-1	
0.078600263964906561	0.089068642861260691	-0.00030033736094391356	-1	
0.077003360171018109	0.091640500117363508	-0.00025231728945600593	-1	
0.090011224221923578	0.07824124676872718	-0.00043206099678754449	-1	
0.091458859431806788	0.076486984148706624	-0.00044064418440284441	-1	
0.093033761336757795	0.073916382034229039	-0.00045525417730061916	-1	
0.093780333016496104	0.075405646058849182	-0.00040918819685114221	-1	
0.11	0.059354427083333341	0	-1	
0.096121779523776235	0.074637475687263796	-0.00036411497497445492	-1	
0.10385337014140844	0.068975541928743875	-0.00019959101352025636	-1	
0.10156932701563207	0.072025235504341617	-0.00024666767516270927	-1	
0.10029891117126943	0.072985575458998253	-0.0002737403396679335	-1	
0.10380679359049985	0.070524454514460821	-0.00019111519284719172	-1	
0.10328010501991329	0.072157505619913215	-0.00019577686606397397	-1	
0.11	0.061225312500000004	0	-1	
0.11	0.06309619791666668	0	-1	
0.11	0.064967083333333342	0	-1	
0.11	0.066837968750000004	0	-1	
0.10855702714485556	0.067773411458333335	-4.8563982681830638e-005	-1	
0.10739253180023271	0.069038786625471305	-8.4343178747898619e-005	-1	
0.10560872078710458	0.06980348275457271	-0.00013870019438541327	-1	
0.097998265583445807	0.075739175452565546	-0.00030206313190648409	-1	
0.10051108364423927	0.074563926525089516	-0.00025171176512059129	-1	
0.099580633958386955	0.075848489746997413	-0.00026165095970066967	-1	
0.055588252218956871	0.10160568429544342	-3.205232465316426e-005	-1	
0.057677431033215668	0.10105593893380746	-4.6447399582522477e-005	-1	
0.059213618675395631	0.10015429010060789	-6.0929515758646727e-005	-1	
0.061246405411649461	0.099387975052402544	-7.9047223591518297e-005	-1	
0.063438034622160147	0.099393546677350564	-9.1264453561166664e-005	-1	
0.065093925136370884	0.097579348373471125	-0.00011938568320872258	-1	
0.067661121863545212	0.095050878284401813	-0.0001658656192986835	-1	
0.066787199201171155	0.096564923483663356	-0.00014110415494237853	-1	
0.053759971971035221	0.10300386042661483	-1.775202529361872e-005	-1	
0.049737355602600598	0.105132615687661	8.9879658397305575e-007	-1	
0.049344016154125085	0.10677958983475175	1.3193671425942798e-006	-1	
0.05147980537820139	0.10458852552986481	-5.3923118200193015e-006	-1	
0.047940223783220028	0.10852308117990964	1.9957668213149169e-006	-1	
0.046258229166666665	0.11	0	-1	
0.069702323636924426	0.095610361550232781	-0.00016855326025462896	-1	
0.072731260853235571	0.093254234737406974	-0.00021638421158838708	-1	
0.071906383544399877	0.09452090989007754	-0.00019334312820218203	-1	
0.075625698541089928	0.092428785094474553	-0.00023723076091873419	-1	
0.074233743647221156	0.093088602703058937	-0.00022322245858923066	-1	
0.081845800948300754	0.089250295842613708	-0.00028870118338729047	-1	
0.080194712422668471	0.089665454537663447	-0.00028583765048335446	-1	
0.083452534512016369	0.089336593958288843	-0.00028015945371166864	-1	
0.084972969577581492	0.08880998469048261	-0.00028124880247535152	-1	
0.086014205427765708	0.087583823610231815	-0.00029642274459690964	-1	
0.086867330951983859	0.083363717838485799	-0.00037033679162681095	-1	
0.087469497361255241	0.085353240823646995	-0.00032469251623700043	-1	
0.089648668540869114	0.079741740021787494	-0.00040745680706591296	-1	
0.088356510105353864	0.083998879830756407	-0.00034059020604545966	-1	
0.08975830038797214	0.081620092306374459	-0.00036819435116199642	-1	
0.089733085449442751	0.083146749776537285	-0.00033946300157018872	-1	
0.079072175987827772	0.090945439699298219	-0.00026428634219114469	-1	
0.078424829141896135	0.092445039609472257	-0.00023795958225897516	-1	
0.077078599762643585	0.093369985168934508	-0.00022235540304832465	-1	
0.091551896343742584	0.078145038466621117	-0.00040519444592343045	-1	
0.093212967066059541	0.077220194890622457	-0.00038884335714925173	-1	
0.094810085161930749	0.076723600172364986	-0.00036274942988631604	-1	
0.096406411783235738	0.077222733265310622	-0.00031910076178346742	-1	
0.10224731913504001	0.074690785694817033	-0.00020478583763923155	-1	
0.105475878904394	0.072083737877409598	-0.00013226322530654824	-1	
0.10374796989064654	0.073808371824709812	-0.00017122777360562951	-1	
0.11	0.068708854166666666	0	-1	
0.10848660167100954	0.070164038898975073	-4.7074451190603051e-005	-1	
0.10768810740455996	0.071515182291666674	-6.8615691152535234e-005	-1	
0.099378191938306507	0.077421657416855527	-0.00024946607960050831	-1	
0.10151412590123966	0.076269720338926608	-0.0002102793482128966	-1	
0.055386194734755562	0.1033007689468845	-2.4425611862812048e-005	-1	
0.057043063703936914	0.10288976478457376	-3.3474056256482598e-005	-1	
0.058905746236547457	0.10234593306234471	-4.4949283722493063e-005	-1	
0.060726191986707867	0.10108733798009792	-6.2466516213476636e-005	-1	
0.062335992647353608	0.10184033080908068	-6.395824535721233e-005	-1	
0.065484335115696027	0.09927139578867028	-0.00010301206094836473	-1	
0.064843881502799128	0.10088547867903436	-8.3487407895509912e-005	-1	
0.066928657567695657	0.098307353745039142	-0.00012062475133542171	-1	
0.068638981024074508	0.097291544708538999	-0.00014100615032684583	-1	
0.054256540997802166	0.10458062114032718	-1.558745743566226e-005	-1	
0.051004282897798688	0.10644679244479223	-2.4930947661509516e-006	-1	
0.050163277772779048	0.10826149744425813	-1.5542927356514824e-007	-1	
0.052872233318913053	0.10601085806814715	-7.662892136378939e-006	-1	
0.050000000000000003	0.11	0	-1	
0.070829085426879351	0.09749990640567141	-0.00014657447690142635	-1	
0.07252331758526287	0.096096500090481041	-0.00017181432241218189	-1	
0.0737900809990958	0.094974714663691492	-0.00019177291845266559	-1	
0.075469467799814532	0.094008321965584549	-0.00021044545483112198	-1	
0.082642677772776438	0.090726979577981107	-0.00025902052801122876	-1	
0.080053681339857963	0.092258658842155478	-0.00023937042000789989	-1	
0.081685994011779867	0.092105516378045066	-0.00023839064810162209	-1	
0.084207289138737582	0.091333278845002183	-0.00024212018717795228	-1	
0.086175717936521887	0.090552770344603045	-0.00024452441352801975	-1	
0.087182310713518091	0.088689795188450701	-0.00026823402376104544	-1	
0.088205478165257867	0.086727968963465282	-0.00029303885337141972	-1	
0.088976574536159564	0.085372625616172482	-0.00030864346532184035	-1	
0.091115364917455907	0.080920310420965869	-0.00036040792372539672	-1	
0.090924984501277784	0.082402898733959853	-0.00033655676828859226	-1	
0.091850482931671223	0.08444923947887141	-0.00028932233905254619	-1	
0.09045494737234272	0.085666004447267324	-0.00028714901537318032	-1	
0.079090971333397611	0.094427781636213681	-0.0002046623731740075	-1	
0.077100246918371917	0.095771887907599773	-0.00018394353449396799	-1	
0.093051866449536613	0.078884958873208705	-0.00036301952736216421	-1	
0.095060961617270331	0.078723498622239457	-0.0003256486049938469	-1	
0.096819994157585687	0.078947000729967493	-0.00028690428703039461	-1	
0.1049645645575967	0.074975284517155558	-0.00013206910692952227	-1	
0.10434664149558762	0.076543710130590858	-0.00013900654709133239	-1	
0.10693567038358592	0.073175604943043371	-8.6168657666402083e-005	-1	
0.11	0.070579739583333329	0	-1	
0.11	0.072450625000000005	0	-1	
0.099429520735109189	0.07908245023174483	-0.00023059620307863568	-1	
0.1020670590620712	0.078169744345171321	-0.00018132914197643065	-1	
0.05640915932404153	0.1053421494951074	-1.9711819401994171e-005	-1	
0.058505708040257211	0.10443761946568317	-3.0858585995379013e-005	-1	
0.0600934113157338	0.10433170289010726	-3.6745599307248259e-005	-1	
0.060845543488773864	0.10292944856003057	-4.929683296740385e-005	-1	
0.064111096282927535	0.10273171288529227	-6.3018557994181417e-005	-1	
0.062402237353951409	0.10392157777533662	-4.7135718737140498e-005	-1	
0.06728655729038964	0.10040751610003847	-9.7977495327875844e-005	-1	
0.066095636196637719	0.10281630752880014	-6.8459926747576171e-005	-1	
0.068519098083126118	0.099037442305812018	-0.00011855640508872382	-1	
0.07019905034450287	0.099057369889698973	-0.00012414201847396909	-1	
0.054824730655022288	0.10639769081238896	-1.1521187451559241e-005	-1	
0.051870885416666665	0.10862636303860938	-1.6379350520102651e-006	-1	
0.054143934987216286	0.10815696300258615	-5.1572959021322315e-006	-1	
0.053741770833333327	0.11	0	-1	
0.07287133047103013	0.098240997044806821	-0.00014209003379209989	-1	
0.074925147434354619	0.097532607295492846	-0.00015580835709131944	-1	
0.075337911703086985	0.095818653364532796	-0.00018173309381855143	-1	
0.081039882384536674	0.093994557681321741	-0.00020891182774974081	-1	
0.082730293624830822	0.093517715654928293	-0.00021228858701771957	-1	
0.085850715606646158	0.092605545912424828	-0.00021406692636225614	-1	
0.084392154065488306	0.09408612427135285	-0.00019798624120442317	-1	
0.087598456441328965	0.09183013860302594	-0.00021582788032446359	-1	
0.088792733250202968	0.089783164499550636	-0.00023850370760287765	-1	
0.0892453065450491	0.087889993981633718	-0.00026386390734128249	-1	
0.092307159955057186	0.082654947813066398	-0.00031183585553453167	-1	
0.093865486008877314	0.080346265048867577	-0.00032350159968866284	-1	
0.093690260018965521	0.08424125689610823	-0.00026738402425155119	-1	
0.093103886755657436	0.087295465282010321	-0.00023219129749699438	-1	
0.091157017828743511	0.087488824750631522	-0.00025122750144223	-1	
0.08037900979897937	0.09562186094288877	-0.00018478564948566338	-1	
0.07879348721247563	0.096873932235962829	-0.00016727961656348451	-1	
0.076966021526108569	0.097829934015116957	-0.00015340782657871424	-1	
0.09604815743923957	0.081136102247290121	-0.0002722477274739032	-1	
0.098140273694651975	0.080130643671927265	-0.00024535909464950412	-1	
0.10654712057852929	0.075556063525085884	-8.8504864819937876e-005	-1	
0.10577099895414363	0.077839742407063456	-9.8737500087732387e-005	-1	
0.10391329226170568	0.078347107833826146	-0.00013835722960018089	-1	
0.10849868248539821	0.074652667001547268	-3.9923688391303484e-005	-1	
0.11	0.076192395833333343	0	-1	
0.10136033867349824	0.079840891833470942	-0.00018296011342598114	-1	
0.09976724022921632	0.080709353106125828	-0.00020730228285852656	-1	
0.10279097310707297	0.080865440663375934	-0.00014604960340271078	-1	
0.058101108391547925	0.10638181436857055	-1.8933943543167544e-005	-1	
0.056010899992822327	0.10788684627162133	-8.2974101722271992e-006	-1	
0.060032938674445431	0.10592178561487238	-2.6128002956983861e-005	-1	
0.061434742177890411	0.10517890650100471	-3.4659768577580724e-005	-1	
0.064384712462194751	0.1047319298474208	-4.5650083749457644e-005	-1	
0.062519788506228482	0.1064641723529428	-2.7198608930501897e-005	-1	
0.06825224966022532	0.10201380629558773	-8.3233124983995708e-005	-1	
0.069412743367691251	0.10054207795774527	-0.00010347119517835626	-1	
0.066403413878394865	0.10470788194990018	-5.0595918829285395e-005	-1	
0.068133870550273382	0.10388429188275582	-6.2546143230128286e-005	-1	
0.071681753523622091	0.10020274621473786	-0.0001134724117377997	-1	
0.055612656249999996	0.11	0	-1	
0.073942976345902342	0.099814900282016228	-0.00012280119671792414	-1	
0.075730368802910189	0.099158528066074447	-0.00013389856588005356	-1	
0.082816358916881688	0.095979687016927787	-0.00017481031055529973	-1	
0.087378296257504859	0.093691282158690339	-0.0001905681714767198	-1	
0.086707526029150231	0.095130714001119443	-0.00017362345989172675	-1	
0.085182558995302513	0.095573853114630528	-0.000173535676818947	-1	
0.08949634835046244	0.091598059258980069	-0.0002065845959102382	-1	
0.090812632750481528	0.090811206760359642	-0.00020717540324000205	-1	
0.091456011817062866	0.089419156167527658	-0.00022048726512768937	-1	
0.094385109407563506	0.082321079026635255	-0.00028430236948643608	-1	
0.095081733079706937	0.086091796584146424	-0.00022331915504562161	-1	
0.096195745477343497	0.084062099366903023	-0.00023238496568855655	-1	
0.092859353167472639	0.088806898346734553	-0.00021487961203848742	-1	
0.094964068223726258	0.088125266599075977	-0.00020023328195720519	-1	
0.08076013315045466	0.097336391044814133	-0.00015889573331877467	-1	
0.079442066012135173	0.098528690067731392	-0.0001433557734619102	-1	
0.077446914245748538	0.099516089616422387	-0.00012994060645145591	-1	
0.097822002321492713	0.082147721274865762	-0.00022825114867880818	-1	
0.10814151897027591	0.076590714992324976	-4.5707577995804838e-005	-1	
0.10760875166512357	0.078415206397847312	-5.4333390881988096e-005	-1	
0.10621609277573767	0.079640505886660357	-8.1532449319046818e-005	-1	
0.10439350606915458	0.080138595911842789	-0.00011754876102050915	-1	
0.11	0.078063281250000005	0	-1	
0.1012156694446581	0.081649553894084154	-0.00017081295348205346	-1	
0.099596501094095111	0.082427716531470074	-0.00019347914653928909	-1	
0.1027928173378982	0.082843615187821934	-0.00013285984882160178	-1	
0.10420508620971108	0.081853210422846573	-0.0001124871364311912	-1	
0.059374081034978918	0.10744124761027044	-1.5240215738753845e-005	-1	
0.057750009406146968	0.10809817402602796	-9.5896505043616474e-006	-1	
0.057483541666666665	0.11	0	-1	
0.061026931091488518	0.10733663004368318	-1.8411683078645859e-005	-1	
0.065513946890639427	0.10640541821450279	-3.2790926238339421e-005	-1	
0.064035023033903515	0.10736000585375734	-2.2211383444173143e-005	-1	
0.062736466889390663	0.10854836828777657	-1.1326074192555494e-005	-1	
0.069823743570419095	0.10358258893612513	-6.925659388351752e-005	-1	
0.070818067427732792	0.10218329784453666	-8.7362594991520877e-005	-1	
0.068503125017180852	0.10688987609340289	-3.1792313795268405e-005	-1	
0.06942200534863209	0.10525151131100582	-5.0226015658389316e-005	-1	
0.073881394733864791	0.10148887596240722	-0.00010105469347896484	-1	
0.072461526776712595	0.10232925512989734	-8.8442367058658307e-005	-1	
0.075468799343080636	0.10095396150184188	-0.0001095915719790823	-1	
0.082722294994720683	0.098073687176187321	-0.00014551095254195727	-1	
0.084476404178367256	0.09710337017524609	-0.00015456410065638274	-1	
0.08891955859504487	0.094757507392031426	-0.00016758403191569318	-1	
0.088018880115280335	0.096161168209998149	-0.00015415052709749874	-1	
0.086439157296112998	0.096695921639541146	-0.00015367454521442633	-1	
0.090558771448040296	0.093424389041684014	-0.000175028822947039	-1	
0.091952854249764668	0.091836700011869082	-0.00018462302964353914	-1	
0.093695824950530915	0.09008929514220762	-0.00019042516656007057	-1	
0.09700114920897171	0.088077755975691577	-0.00017628286389586174	-1	
0.097512338597542117	0.086105285035779924	-0.0001898576619620369	-1	
0.098706541917433277	0.083988234362692663	-0.00019358628937294782	-1	
0.096022980693860158	0.089865252145149691	-0.00016896556330192155	-1	
0.082013038252280152	0.10004615759719088	-0.00012024697383351018	-1	
0.079035223663833698	0.1002588222143594	-0.00011989151146927592	-1	
0.08058689556430855	0.10103134489642947	-0.00010872700763037969	-1	
0.077444078366958685	0.10159179427390037	-0.00010233144529844401	-1	
0.10825670744489964	0.080036862552884211	-3.7000040669690575e-005	-1	
0.10704880589026664	0.081298048190302244	-5.9038657570870794e-005	-1	
0.11	0.079934166666666667	0	-1	
0.1016539259621365	0.084635090065773855	-0.00013993488438611578	-1	
0.10002618051558346	0.085013603315409914	-0.00016317833490391172	-1	
0.10336953183489497	0.084467999154786533	-0.00011278406570516482	-1	
0.10508713823851489	0.084613089214479603	-8.324589044374537e-005	-1	
0.10654666030766104	0.083238831333305188	-6.2752765877298415e-005	-1	
0.060285243166177477	0.10872769798528964	-8.2334611132558674e-006	-1	
0.059354427083333328	0.11	0	-1	
0.065668520655555701	0.10826782395177864	-1.5650746771108852e-005	-1	
0.067773411458333335	0.10850001160532743	-1.4944859421498297e-005	-1	
0.064967083333333328	0.11	0	-1	
0.061225312499999997	0.11	0	-1	
0.071246497819178495	0.10442315234904218	-6.1987301223556381e-005	-1	
0.069641947215879574	0.10837641129751704	-1.7071478011219372e-005	-1	
0.071112650667619334	0.10607022898463542	-4.3162592543632926e-005	-1	
0.074045321273201112	0.10301146734397464	-8.2128854598307333e-005	-1	
0.072826292064562051	0.1039383568810862	-6.958623720445033e-005	-1	
0.075468681186778644	0.10357644785863213	-7.6305659189397493e-005	-1	
0.076965641186202347	0.10309100728545914	-8.3090775570424607e-005	-1	
0.083488988168219716	0.10094698632450998	-0.00010643504596911346	-1	
0.084921191288637468	0.099978113385373477	-0.00011589482820839291	-1	
0.085764235684335902	0.09837589468521829	-0.00013428531418677753	-1	
0.090612857571050434	0.095165247476444392	-0.00015321126785242421	-1	
0.090720092120495407	0.096903641606089289	-0.00013233771840985253	-1	
0.089778359815957595	0.098412604269452864	-0.00011937412465810449	-1	
0.088086534934204222	0.098961745983690147	-0.00011945541214264669	-1	
0.091987755591732959	0.094251261840971795	-0.00015530627412847192	-1	
0.093773727202717191	0.091909976038457977	-0.00016862702082688457	-1	
0.093550438076379902	0.093718591435087747	-0.00015011345361911615	-1	
0.097811596190104808	0.089298159196364579	-0.00015456107224606441	-1	
0.099532019404630023	0.088452965475376982	-0.00014070188887305895	-1	
0.10026834056776292	0.086667140744092028	-0.00014570707999322539	-1	
0.09737206727801824	0.090695665069588982	-0.00014634091232445159	-1	
0.096969161516691396	0.092227750962781893	-0.00013606448238730792	-1	
0.095277481772706368	0.093013718653561117	-0.00014367541288251429	-1	
0.082611061600918648	0.10243667269846669	-8.9044195621878474e-005	-1	
0.079204503703399765	0.1020770359234203	-9.6002530597057671e-005	-1	
0.080377169187426212	0.1034768260813317	-7.7935862644934968e-005	-1	
0.11	0.081805052083333329	0	-1	
0.10836407039482567	0.082740494791666647	-3.0552083515941838e-005	-1	
0.1026632425507506	0.086107210984000274	-0.00011434909166402607	-1	
0.10542368307323871	0.086313053643299831	-7.0902955867083476e-005	-1	
0.10744952394091184	0.085028699108881861	-4.2554833844656035e-005	-1	
0.066837968750000004	0.11	0	-1	
0.068708854166666666	0.11	0	-1	
0.070579739583333329	0.11	0	-1	
0.07151518229166666	0.10837705298904952	-1.7938859824326677e-005	-1	
0.072702803877823519	0.10698128565373571	-3.4116719528806792e-005	-1	
0.074348574427278297	0.10522559516587253	-5.5625918476316586e-005	-1	
0.076339168737551102	0.10533450010408069	-5.5237507898701916e-005	-1	
0.077994539133431948	0.10428176788446458	-6.8407382792141271e-005	-1	
0.084300418664682616	0.10242873221687718	-8.6963917791710782e-005	-1	
0.086626744071963288	0.0998526264012604	-0.00011335822413460764	-1	
0.085975195235653126	0.10265034850117366	-8.163877795632354e-005	-1	
0.087138539092032244	0.10144654520653187	-9.3274390163911692e-005	-1	
0.093159876488802501	0.096156059600655375	-0.0001269074498603036	-1	
0.092291649459206038	0.098555561308044298	-0.00010684536365025352	-1	
0.089323793901573828	0.10013225478113126	-0.00010192634906081628	-1	
0.090957887186617098	0.1006125044380806	-9.1185762664914067e-005	-1	
0.095019247639132332	0.095702624670750289	-0.00011941295638397369	-1	
0.098900310171941008	0.090278419465890505	-0.0001335583785128422	-1	
0.10168103150398482	0.087307788782285942	-0.00012089472003233555	-1	
0.10142498887192587	0.088837680203496458	-0.00011380734959356768	-1	
0.10087968944098251	0.090814554365328579	-0.00010709107519450706	-1	
0.099501926256717985	0.091979232181831308	-0.00011358887094003187	-1	
0.099030268289956466	0.093720566317073234	-0.00010482511691515232	-1	
0.096694198843722892	0.094776664211239439	-0.00011566803334264011	-1	
0.083463167083114922	0.10401280447469134	-6.9113634613260488e-005	-1	
0.081377210183451287	0.10496712124732775	-5.9193279300950376e-005	-1	
0.07958490950577185	0.10506050195364276	-5.8709800722070168e-005	-1	
0.11	0.083675937499999992	0	-1	
0.10399567251617042	0.087294851654061201	-8.7902267453789502e-005	-1	
0.10284387113939066	0.088288772984934039	-9.864676920658683e-005	-1	
0.10547542889931601	0.088045238348958263	-6.3807122891501101e-005	-1	
0.10699726205598786	0.087384342753124275	-4.3920062772252572e-005	-1	
0.11	0.085546822916666654	0	-1	
0.10850884003001679	0.086482265624999999	-2.3027812997420428e-005	-1	
0.072450624999999991	0.11	0	-1	
0.074321510416666653	0.10784058806112279	-2.4911352923451967e-005	-1	
0.075971586397466428	0.10710381366492004	-3.3992237720683974e-005	-1	
0.077855345045092963	0.10657937185579862	-4.0509385494787345e-005	-1	
0.084782429032445705	0.10522516705983738	-5.3590454310410066e-005	-1	
0.086658104064969155	0.10466074226395271	-5.7773496807040057e-005	-1	
0.087680485873289318	0.10313410170453252	-7.3035912183257797e-005	-1	
0.088785231398939277	0.1017480675883523	-8.5643217035807803e-005	-1	
0.094556387012254564	0.098291752691099799	-9.8013848218591609e-005	-1	
0.093408429777696242	0.10054338244959488	-8.2516889373280311e-005	-1	
0.092215495109407228	0.10172435552001335	-7.5730119627199919e-005	-1	
0.090686481603154248	0.1021866514604855	-7.5827398596352503e-005	-1	
0.096356405930751218	0.097071884329650582	-9.8339296679221129e-005	-1	
0.10291788308050479	0.09058839157237282	-8.5095682204100134e-005	-1	
0.10203949396452494	0.091969539847273796	-8.7260190938947299e-005	-1	
0.10077387373272904	0.092802659662378051	-9.5070128587176696e-005	-1	
0.098232727624001454	0.095068141419570262	-0.00010121014230139971	-1	
0.10057764165026351	0.094544890147565508	-8.5687926238270484e-005	-1	
0.098482091428633081	0.096614054568379584	-8.782155224323279e-005	-1	
0.08257288292120693	0.1063055637674645	-4.2718993865698487e-005	-1	
0.080151679296122699	0.10673814216431399	-3.8437195640879878e-005	-1	
0.1050135973630589	0.089638810053481469	-6.3760213280511104e-005	-1	
0.10684030860704741	0.089275875731680443	-4.171913086322796e-005	-1	
0.10870268170147968	0.089288593750000006	-1.7073950374391652e-005	-1	
0.11	0.087417708333333344	0	-1	
0.074321510416666653	0.11	0	-1	
0.076192395833333329	0.11	0	-1	
0.07712783854166666	0.10849257866748334	-1.775207787221752e-005	-1	
0.078890572725468469	0.10829222814575473	-2.0143327494365611e-005	-1	
0.086905174964643006	0.10660385526848325	-3.622723338864486e-005	-1	
0.084625830256161161	0.10770450015637177	-2.564780135232962e-005	-1	
0.08840108015596751	0.10617909894142201	-3.9273706079722673e-005	-1	
0.088616742158026132	0.10463908589612721	-5.5132215110501887e-005	-1	
0.090294384678007281	0.10373515391129767	-6.1143919211083234e-005	-1	
0.095514860810924945	0.10063033567209013	-7.3058553629554341e-005	-1	
0.096926136091698756	0.099170349118470599	-7.8048413834425192e-005	-1	
0.095478871885118929	0.10266059758920633	-5.6511574500553665e-005	-1	
0.093908638343670969	0.10346213592635758	-5.471101819497096e-005	-1	
0.092170775855313802	0.10340238731475768	-6.0002980094706103e-005	-1	
0.10465308117122102	0.091630553508474377	-6.0509119621204638e-005	-1	
0.10347227369912462	0.092771400691804479	-6.8165989570893445e-005	-1	
0.10205845389552891	0.093606237289487873	-7.7838276588731298e-005	-1	
0.10050822044111127	0.096570302141647385	-7.345691275373911e-005	-1	
0.10212404659501528	0.095347101875783019	-6.7908205459618626e-005	-1	
0.099531311477221565	0.098266503616202011	-6.9514050827123393e-005	-1	
0.083274807717333393	0.1084897240683283	-1.7209660194516074e-005	-1	
0.081712197317039159	0.10848038440981252	-1.7626307365649283e-005	-1	
0.10729887125576573	0.091080956225191925	-3.192857962487892e-005	-1	
0.11	0.091159479166666668	0	-1	
0.078063281250000005	0.11	0	-1	
0.079934166666666667	0.11	0	-1	
0.086482265624999985	0.10840442632114325	-1.7134902392173523e-005	-1	
0.089288593750000006	0.10745599748837774	-2.5411041769833226e-005	-1	
0.085546822916666654	0.11	0	-1	
0.083675937499999992	0.11	0	-1	
0.089718986587839666	0.10557855026256031	-4.3729898288091827e-005	-1	
0.091659811448058029	0.1050645098431968	-4.5471755189234429e-005	-1	
0.097869306923419205	0.1004984255283686	-6.3375784776515388e-005	-1	
0.097080386527106807	0.10192354404155206	-5.6466876044710154e-005	-1	
0.095424962527046187	0.10442275276447426	-4.287095839302804e-005	-1	
0.097218540657750332	0.10435132988423672	-3.8693462994164441e-005	-1	
0.093179844865686368	0.10481854961383673	-4.4730430974073141e-005	-1	
0.10697272615887848	0.092715626481424562	-3.1950831026047019e-005	-1	
0.10548846362616666	0.093474231915641248	-4.5191145956143433e-005	-1	
0.10382927611318707	0.094990585115450263	-5.5125546066635023e-005	-1	
0.10156534065995931	0.098308559975364071	-5.6511555337968829e-005	-1	
0.10348953609820251	0.097621937571614942	-4.6795837836702769e-005	-1	
0.099474782554111046	0.10022309632978889	-5.7379084215167724e-005	-1	
0.10100241335020378	0.10010514239674244	-5.0169680578068979e-005	-1	
0.10855819540643283	0.092182084190104999	-1.5830544692976276e-005	-1	
0.11	0.09303036458333333	0	-1	
0.087417708333333344	0.11	0	-1	
0.089288593750000006	0.11	0	-1	
0.090803358808443993	0.1083019591740943	-1.6059257024119605e-005	-1	
0.090780427151756285	0.10656388269789621	-3.2626605529122994e-005	-1	
0.092858792804248649	0.1062796214638768	-3.2393630509316266e-005	-1	
0.10001691372429326	0.10188529780306474	-4.4936517411703934e-005	-1	
0.099518257157892365	0.10356105481773867	-3.6764699222956874e-005	-1	
0.094299216442943756	0.105875907309776	-3.3578472517007858e-005	-1	
0.096126604873354657	0.10607493972623992	-2.8789379756376727e-005	-1	
0.099282296182690161	0.10563746510070286	-2.5360253467660104e-005	-1	
0.098018900373994328	0.1068380729930767	-2.0285868178819281e-005	-1	
0.10774215485184652	0.094194307297988014	-2.1641037657061349e-005	-1	
0.10567368809489794	0.095342818496177609	-3.7844910132480474e-005	-1	
0.10518538029524213	0.097060988221896682	-3.6510508149372564e-005	-1	
0.10253457119856874	0.10009731250620829	-4.2014018123331342e-005	-1	
0.1048635391867228	0.098931894179924706	-3.2922417893824282e-005	-1	
0.10175938863848985	0.10143726753816734	-3.9587791515299503e-005	-1	
0.11	0.094901249999999993	0	-1	
0.091159479166666668	0.11	0	-1	
0.092435866575232742	0.10771452173286536	-2.0292559652807565e-005	-1	
0.09381590949680936	0.10857560479627461	-1.1808129848580333e-005	-1	
0.095045675389697534	0.10751087085947494	-1.9324384845260585e-005	-1	
0.10140768611387811	0.10294481283543191	-3.381268530900027e-005	-1	
0.10244863492755688	0.10463777518816615	-2.251585931928374e-005	-1	
0.10131737533081195	0.10611244942244173	-1.84350679230272e-005	-1	
0.096772135416666669	0.10801051327491881	-1.3975781428258049e-005	-1	
0.099487317270866266	0.10771715825076633	-1.2950566869488383e-005	-1	
0.098202739129769082	0.10853961417247303	-9.1940209903623943e-006	-1	
0.10716097607908787	0.09558451348814577	-2.4429694505696445e-005	-1	
0.10861219152038215	0.09537461268248458	-1.2193991402847065e-005	-1	
0.10661464958710618	0.098269992343680099	-2.3075743437797941e-005	-1	
0.10789243213986792	0.096901864636551663	-1.6243690140181721e-005	-1	
0.10330713284659615	0.10146685394376621	-3.2393274173262103e-005	-1	
0.10486425710204345	0.10124808625353594	-2.5573674500556286e-005	-1	
0.10624356201856758	0.099935549797201192	-2.1828817507312322e-005	-1	
0.10339293438798429	0.10303692825560194	-2.5831322900475523e-005	-1	
0.11	0.096772135416666655	0	-1	
0.09303036458333333	0.11	0	-1	
0.094901249999999993	0.11	0	-1	
0.10398923420545586	0.10567747044996206	-1.4581018610138283e-005	-1	
0.1018993815205306	0.10804296337958777	-8.5927780596443687e-006	-1	
0.10376296417488792	0.10727310947527548	-9.3198170963977195e-006	-1	
0.096772135416666655	0.11	0	-1	
0.10051390624999999	0.11	0	-1	
0.098643020833333331	0.11	0	-1	
0.10829568510379708	0.098562140419740582	-1.1460217230028359e-005	-1	
0.10511893447200132	0.10295706095016989	-1.9526997207132881e-005	-1	
0.10670682393862753	0.1015778579314823	-1.5931919221719288e-005	-1	
0.10848479252499713	0.10025786129593724	-8.4631065024724398e-006	-1	
0.10538431726495431	0.10487062146599001	-1.3356860004529913e-005	-1	
0.11	0.098643020833333331	0	-1	
0.10553854907148574	0.10612118823384628	-9.8212227490896791e-006	-1	
0.10238479166666666	0.11	0	-1	
0.10425567708333333	0.11	0	-1	
0.1058785864975907	0.10733448096021546	-6.2908679850176687e-006	-1	
0.10677543597665559	0.1034484445493893	-1.1998256289951986e-005	-1	
0.10823653761540758	0.10245830055022991	-7.6281304698091767e-006	-1	
0.11	0.10238479166666666	0	-1	
0.10659167787066685	0.10542936136002036	-8.8967876969249248e-006	-1	
0.10719133295595043	0.10661693185481261	-5.4744816886786821e-006	-1	
0.10612656249999999	0.11	0	-1	
0.10738512652249624	0.10898613192328543	-1.5222190150877027e-006	-1	
0.10805686454904957	0.10783719209097033	-2.4596544873141367e-006	-1	
0.10859372475688266	0.10425567708333333	-4.6215441908580352e-006	-1	
0.10792183465064258	0.1054537097088797	-5.3649521628212647e-006	-1	
0.11	0.10612656249999999	0	-1	
0.10868721632395317	0.10659428385416665	-2.6292664581661608e-006	-1	
0.10799744791666666	0.11	0	-1	
0.10846516927083333	0.1094723146343151	-4.4723669039339178e-007	-1	
0.10899829298327396	0.10861655247186927	-8.1769391161518601e-007	-1	
0.10927440917775971	0.10794337672818421	-8.7960401586998306e-007	-1	
0.11	0.10706200520833332	0	-1	
0.10893289062499999	0.11	0	-1	
0.10916675130208335	0.10940161977079149	-2.7588738866284285e-007	-1	
0.10954888430866024	0.1086172232517045	-3.7741150420356377e-007	-1	
0.10958309219346854	0.10916675130208335	-1.9504377657115928e-007	-1	
0.11	0.10799744791666666	0	-1	
0.10940061197916667	0.11	0	-1	
0.10972302953844544	0.10972302953844544	-4.2894517110619832e-008	-1	
0.11	0.10893289062499999	0	-1	
0.11	0.10940061197916667	0	-1	
0.10986833333333333	0.11	0	-1	
0.11	0.10986833333333333	0	-1	
0.11	0.11	0	-1	
9300
0	1	2	2	0	-1	0	0
2	1	4	2	-1	-1	-1	0
3	4	1	2	-1	-1	0	0
5	2	4	2	0	-1	-1	0
7	4	3	2	-1	-1	-1	0
3	6	7	2	0	-1	-1	0
4	8	5	2	-1	-1	-1	0
4	7	8	2	-1	-1	-1	0
8	9	5	2	-1	0	-1	0
7	6	11	2	-1	-1	-1	0
10	11	6	2	-1	-1	0	0
12	8	7	2	-1	-1	-1	0
9	8	13	2	-1	-1	-1	0
12	7	11	2	-1	-1	-1	0
8	12	13	2	-1	-1	-1	0
14	9	13	2	0	-1	-1	0
16	11	10	2	-1	-1	-1	0
11	16	12	2	-1	-1	-1	0
10	15	16	2	0	-1	-1	0
17	13	12	2	-1	-1	-1	0
14	13	17	2	-1	-1	-1	0
16	18	12	2	-1	-1	-1	0
17	12	18	2	-1	-1	-1	0
19	14	17	2	0	-1	-1	0
21	16	15	2	-1	-1	-1	0
21	18	16	2	-1	-1	-1	0
15	20	21	2	0	-1	-1	0
22	17	18	2	-1	-1	-1	0
22	19	17	2	-1	-1	-1	0
23	18	21	2	-1	-1	-1	0
23	22	18	2	-1	-1	-1	0
22	24	19	2	-1	0	-1	0
21	20	27	2	-1	-1	-1	0
25	26	20	2	-1	-1	0	0
28	23	21	2	-1	-1	-1	0
27	20	26	2	-1	-1	-1	0
22	23	29	2	-1	-1	-1	0
22	29	24	2	-1	-1	-1	0
28	21	27	2	-1	-1	-1	0
28	30	23	2	-1	-1	-1	0
30	29	23	2	-1	-1	-1	0
26	25	33	2	-1	0	-1	0
24	29	32	2	-1	-1	-1	0
32	31	24	2	-1	0	-1	0
35	27	26	2	-1	-1	-1	0
28	27	36	2	-1	-1	-1	0
33	34	26	2	-1	-1	-1	0
37	30	28	2	-1	-1	-1	0
35	26	34	2	-1	-1	-1	0
30	38	29	2	-1	-1	-1	0
35	36	27	2	-1	-1	-1	0
38	32	29	2	-1	-1	-1	0
28	36	37	2	-1	-1	-1	0
32	40	31	2	-1	-1	-1	0
30	37	38	2	-1	-1	-1	0
34	33	41	2	-1	0	-1	0
31	40	39	2	-1	-1	0	0
40	32	38	2	-1	-1	-1	0
34	42	35	2	-1	-1	-1	0
44	36	35	2	-1	-1	-1	0
34	41	43	2	-1	-1	-1	0
46	37	36	2	-1	-1	-1	0
42	34	43	2	-1	-1	-1	0
45	35	42	2	-1	-1	-1	0
37	47	38	2	-1	-1	-1	0
35	45	44	2	-1	-1	-1	0
36	44	46	2	-1	-1	-1	0
38	48	40	2	-1	-1	-1	0
50	39	40	2	-1	-1	-1	0
37	46	47	2	-1	-1	-1	0
47	48	38	2	-1	-1	-1	0
43	41	51	2	-1	0	-1	0
43	52	42	2	-1	-1	-1	0
50	49	39	2	-1	0	-1	0
50	40	48	2	-1	-1	-1	0
45	42	53	2	-1	-1	-1	0
56	44	45	2	-1	-1	-1	0
44	56	46	2	-1	-1	-1	0
52	53	42	2	-1	-1	-1	0
47	46	56	2	-1	-1	-1	0
55	43	51	2	-1	-1	-1	0
54	52	43	2	-1	-1	-1	0
55	54	43	2	-1	-1	-1	0
60	48	47	2	-1	-1	-1	0
53	57	45	2	-1	-1	-1	0
48	61	50	2	-1	-1	-1	0
45	58	56	2	-1	-1	-1	0
45	57	58	2	-1	-1	-1	0
47	56	58	2	-1	-1	-1	0
63	49	50	2	-1	-1	-1	0
58	59	47	2	-1	-1	-1	0
47	59	60	2	-1	-1	-1	0
60	61	48	2	-1	-1	-1	0
55	51	65	2	-1	0	-1	0
67	53	52	2	-1	-1	-1	0
54	66	52	2	-1	-1	-1	0
63	50	61	2	-1	-1	-1	0
62	49	64	2	0	-1	-1	0
49	63	64	2	-1	-1	-1	0
55	69	54	2	-1	-1	-1	0
68	57	53	2	-1	-1	-1	0
66	67	52	2	-1	-1	-1	0
71	58	57	2	-1	-1	-1	0
68	53	67	2	-1	-1	-1	0
66	54	69	2	-1	-1	-1	0
55	65	70	2	-1	-1	-1	0
58	73	59	2	-1	-1	-1	0
55	70	69	2	-1	-1	-1	0
60	59	75	2	-1	-1	-1	0
72	57	68	2	-1	-1	-1	0
61	60	76	2	-1	-1	-1	0
72	71	57	2	-1	-1	-1	0
63	61	77	2	-1	-1	-1	0
71	73	58	2	-1	-1	-1	0
64	78	62	2	-1	0	-1	0
77	64	63	2	-1	-1	-1	0
73	74	59	2	-1	-1	-1	0
75	59	74	2	-1	-1	-1	0
75	76	60	2	-1	-1	-1	0
76	77	61	2	-1	-1	-1	0
67	66	84	2	-1	-1	-1	0
70	65	82	2	-1	0	-1	0
66	69	83	2	-1	-1	-1	0
64	77	79	2	-1	-1	-1	0
67	85	68	2	-1	-1	-1	0
78	64	80	2	-1	-1	-1	0
81	64	79	2	-1	-1	-1	0
81	80	64	2	-1	-1	-1	0
87	72	68	2	-1	-1	-1	0
70	88	69	2	-1	-1	-1	0
79	77	76	2	-1	-1	-1	0
83	84	66	2	-1	-1	-1	0
72	91	71	2	-1	-1	-1	0
73	71	91	2	-1	-1	-1	0
84	86	67	2	-1	-1	-1	0
67	86	85	2	-1	-1	-1	0
83	69	88	2	-1	-1	-1	0
87	68	85	2	-1	-1	-1	0
70	82	89	2	-1	-1	-1	0
74	73	94	2	-1	-1	-1	0
75	74	95	2	-1	-1	-1	0
75	96	76	2	-1	-1	-1	0
70	90	88	2	-1	-1	-1	0
89	90	70	2	-1	-1	-1	0
93	72	87	2	-1	-1	-1	0
79	76	98	2	-1	-1	-1	0
92	91	72	2	-1	-1	-1	0
92	72	93	2	-1	-1	-1	0
78	80	99	2	-1	-1	0	0
98	81	79	2	-1	-1	-1	0
73	91	94	2	-1	-1	-1	0
100	80	81	2	-1	-1	-1	0
74	94	95	2	-1	-1	-1	0
97	75	95	2	-1	-1	-1	0
97	96	75	2	-1	-1	-1	0
76	96	98	2	-1	-1	-1	0
83	104	84	2	-1	-1	-1	0
103	89	82	2	-1	-1	0	0
105	83	88	2	-1	-1	-1	0
107	86	84	2	-1	-1	-1	0
101	99	80	2	-1	-1	-1	0
86	109	85	2	-1	-1	-1	0
80	100	101	2	-1	-1	-1	0
109	87	85	2	-1	-1	-1	0
102	81	98	2	-1	-1	-1	0
102	100	81	2	-1	-1	-1	0
105	88	90	2	-1	-1	-1	0
87	111	93	2	-1	-1	-1	0
112	90	89	2	-1	-1	-1	0
105	104	83	2	-1	-1	-1	0
84	104	106	2	-1	-1	-1	0
91	92	114	2	-1	-1	-1	0
106	108	84	2	-1	-1	-1	0
94	91	114	2	-1	-1	-1	0
107	84	108	2	-1	-1	-1	0
116	92	93	2	-1	-1	-1	0
86	107	110	2	-1	-1	-1	0
89	103	112	2	-1	-1	-1	0
110	109	86	2	-1	-1	-1	0
109	111	87	2	-1	-1	-1	0
90	113	105	2	-1	-1	-1	0
94	119	95	2	-1	-1	-1	0
95	120	97	2	-1	-1	-1	0
122	96	97	2	-1	-1	-1	0
121	98	96	2	-1	-1	-1	0
112	113	90	2	-1	-1	-1	0
92	115	114	2	-1	-1	-1	0
111	117	93	2	-1	-1	-1	0
121	102	98	2	-1	-1	-1	0
116	115	92	2	-1	-1	-1	0
101	124	99	2	-1	0	-1	0
117	116	93	2	-1	-1	-1	0
114	118	94	2	-1	-1	-1	0
101	100	126	2	-1	-1	-1	0
102	125	100	2	-1	-1	-1	0
94	118	119	2	-1	-1	-1	0
120	95	119	2	-1	-1	-1	0
121	96	122	2	-1	-1	-1	0
120	123	97	2	-1	-1	-1	0
132	104	105	2	-1	-1	-1	0
122	97	123	2	-1	-1	-1	0
106	104	133	2	-1	-1	-1	0
112	103	131	2	-1	0	-1	0
135	108	106	2	-1	-1	-1	0
102	121	128	2	-1	-1	-1	0
125	126	100	2	-1	-1	-1	0
105	113	134	2	-1	-1	-1	0
101	127	124	2	-1	-1	-1	0
107	108	137	0	-1	-1	-1	0
136	110	107	0	-1	-1	-1	0
101	126	127	2	-1	-1	-1	0
102	129	125	2	-1	-1	-1	0
139	109	110	2	-1	-1	-1	0
139	111	109	2	-1	-1	-1	0
128	130	102	2	-1	-1	-1	0
129	102	130	2	-1	-1	-1	0
112	143	113	2	-1	-1	-1	0
132	133	104	2	-1	-1	-1	0
141	117	111	2	-1	-1	-1	0
134	132	105	2	-1	-1	-1	0
128	121	122	2	-1	-1	-1	0
115	145	114	2	-1	-1	-1	0
133	135	106	2	-1	-1	-1	0
118	114	145	2	-1	-1	-1	0
116	146	115	2	-1	-1	-1	0
116	117	147	2	-1	-1	-1	0
136	107	137	0	-1	-1	-1	0
135	138	108	0	-1	-1	-1	0
137	108	138	0	-1	-1	-1	0
131	142	112	2	-1	-1	-1	0
140	110	136	0	-1	-1	-1	0
118	149	119	2	-1	-1	-1	0
110	140	139	0	-1	-1	-1	0
120	119	150	2	-1	-1	-1	0
139	141	111	2	-1	-1	-1	0
144	134	113	2	-1	-1	-1	0
120	151	123	2	-1	-1	-1	0
142	143	112	2	-1	-1	-1	0
122	123	153	2	-1	-1	-1	0
144	113	143	2	-1	-1	-1	0
122	154	128	2	-1	-1	-1	0
147	117	141	2	-1	-1	-1	0
115	146	145	2	-1	-1	-1	0
157	124	127	2	0	-1	-1	0
126	125	158	2	-1	-1	-1	0
116	147	146	2	-1	-1	-1	0
145	148	118	2	-1	-1	-1	0
158	125	129	2	-1	-1	-1	0
159	127	126	2	-1	-1	-1	0
148	149	118	2	-1	-1	-1	0
150	119	149	2	-1	-1	-1	0
162	129	130	2	-1	-1	-1	0
128	161	130	2	-1	-1	-1	0
120	150	152	2	-1	-1	-1	0
151	120	152	2	-1	-1	-1	0
153	154	122	2	-1	-1	-1	0
123	151	156	2	-1	-1	-1	0
155	153	123	2	-1	-1	-1	0
132	134	166	2	-1	-1	-1	0
133	132	167	2	-1	-1	-1	0
156	155	123	2	-1	-1	-1	0
135	133	168	2	-1	-1	-1	0
131	165	142	2	0	-1	-1	0
159	126	158	2	-1	-1	-1	0
128	154	161	2	-1	-1	-1	0
138	135	170	0	-1	-1	-1	0
127	160	157	2	-1	-1	-1	0
172	136	137	0	-1	-1	-1	0
159	160	127	2	-1	-1	-1	0
134	144	169	2	-1	-1	-1	0
140	136	171	0	-1	-1	-1	0
173	137	138	0	-1	-1	-1	0
158	129	163	2	-1	-1	-1	0
175	139	140	0	-1	-1	-1	0
129	162	163	2	-1	-1	-1	0
175	141	139	0	-1	-1	-1	0
130	161	164	2	-1	-1	-1	0
130	164	162	2	-1	-1	-1	0
143	142	177	2	-1	-1	-1	0
147	141	176	0	-1	-1	-1	0
178	144	143	2	-1	-1	-1	0
167	132	166	2	-1	-1	-1	0
133	167	168	2	-1	-1	-1	0
169	166	134	2	-1	-1	-1	0
146	180	145	2	-1	-1	-1	0
148	145	180	2	-1	-1	-1	0
147	180	146	0	-1	-1	-1	0
168	170	135	0	-1	-1	-1	0
148	181	149	2	-1	-1	-1	0
172	171	136	0	-1	-1	-1	0
182	150	149	2	-1	-1	-1	0
172	137	173	0	-1	-1	-1	0
170	174	138	0	-1	-1	-1	0
152	150	182	2	-1	-1	-1	0
177	142	165	2	-1	-1	-1	0
174	173	138	0	-1	-1	-1	0
171	175	140	0	-1	-1	-1	0
184	151	152	0	-1	-1	-1	0
183	156	151	0	-1	-1	-1	0
179	169	144	2	-1	-1	-1	0
175	176	141	0	-1	-1	-1	0
155	186	153	2	-1	-1	-1	0
154	153	187	2	-1	-1	-1	0
143	177	178	2	-1	-1	-1	0
155	156	189	2	-1	-1	-1	0
178	179	144	2	-1	-1	-1	0
161	154	188	2	-1	-1	-1	0
176	180	147	0	-1	-1	-1	0
160	191	157	2	-1	0	-1	0
159	158	192	2	-1	-1	-1	0
181	148	180	2	-1	-1	-1	0
181	182	149	2	-1	-1	-1	0
159	194	160	2	-1	-1	-1	0
158	163	193	2	-1	-1	-1	0
184	183	151	0	-1	-1	-1	0
185	152	182	0	-1	-1	-1	0
184	152	185	0	-1	-1	-1	0
196	164	161	2	-1	-1	-1	0
198	163	162	2	-1	-1	-1	0
162	164	197	2	-1	-1	-1	0
153	186	187	2	-1	-1	-1	0
171	172	184	0	-1	-1	-1	0
187	188	154	2	-1	-1	-1	0
190	156	183	0	-1	-1	-1	0
189	186	155	2	-1	-1	-1	0
171	185	175	0	-1	-1	-1	0
202	167	166	2	-1	-1	-1	0
156	190	189	0	-1	-1	-1	0
166	169	202	2	-1	-1	-1	0
181	180	176	0	-1	-1	-1	0
167	203	168	2	-1	-1	-1	0
185	171	184	0	-1	-1	-1	0
165	201	177	2	0	-1	-1	0
170	168	205	0	-1	-1	-1	0
192	158	193	2	-1	-1	-1	0
161	188	196	2	-1	-1	-1	0
194	159	192	2	-1	-1	-1	0
160	195	191	2	-1	-1	-1	0
195	160	194	2	-1	-1	-1	0
174	170	207	0	-1	-1	-1	0
173	208	172	0	-1	-1	-1	0
169	179	206	2	-1	-1	-1	0
193	163	199	2	-1	-1	-1	0
162	197	198	2	-1	-1	-1	0
173	174	211	0	-1	-1	-1	0
196	200	164	2	-1	-1	-1	0
198	199	163	2	-1	-1	-1	0
164	200	197	2	-1	-1	-1	0
213	176	175	0	-1	-1	-1	0
172	208	184	0	-1	-1	-1	0
177	214	178	2	-1	-1	-1	0
213	181	176	0	-1	-1	-1	0
215	179	178	2	-1	-1	-1	0
213	175	185	0	-1	-1	-1	0
202	204	167	2	-1	-1	-1	0
204	203	167	2	-1	-1	-1	0
183	184	208	0	-1	-1	-1	0
182	181	213	0	-1	-1	-1	0
168	203	205	0	-1	-1	-1	0
169	206	202	2	-1	-1	-1	0
185	182	213	0	-1	-1	-1	0
205	207	170	0	-1	-1	-1	0
209	208	173	0	-1	-1	-1	0
190	183	218	0	-1	-1	-1	0
219	187	186	2	-1	-1	-1	0
209	173	210	0	-1	-1	-1	0
177	201	214	2	-1	-1	-1	0
207	212	174	0	-1	-1	-1	0
211	210	173	0	-1	-1	-1	0
220	186	189	2	-1	-1	-1	0
188	187	221	2	-1	-1	-1	0
212	211	174	0	-1	-1	-1	0
223	189	190	0	-1	-1	-1	0
179	217	206	2	-1	-1	-1	0
196	188	222	2	-1	-1	-1	0
214	215	178	2	-1	-1	-1	0
208	218	183	0	-1	-1	-1	0
179	215	216	2	-1	-1	-1	0
191	195	225	2	-1	-1	0	0
193	226	192	2	-1	-1	-1	0
217	179	216	2	-1	-1	-1	0
194	192	227	2	-1	-1	-1	0
194	230	195	2	-1	-1	-1	0
193	199	228	2	-1	-1	-1	0
186	220	219	2	-1	-1	-1	0
221	187	219	2	-1	-1	-1	0
196	234	200	2	-1	-1	-1	0
197	236	198	2	-1	-1	-1	0
221	222	188	2	-1	-1	-1	0
235	197	200	2	-1	-1	-1	0
218	224	190	0	-1	-1	-1	0
189	223	220	0	-1	-1	-1	0
237	199	198	2	-1	-1	-1	0
209	218	208	0	-1	-1	-1	0
224	223	190	0	-1	-1	-1	0
226	227	192	2	-1	-1	-1	0
204	202	240	2	-1	-1	-1	0
226	193	229	2	-1	-1	-1	0
241	203	204	0	-1	-1	-1	0
206	240	202	2	-1	-1	-1	0
205	203	241	0	-1	-1	-1	0
228	229	193	2	-1	-1	-1	0
194	227	230	2	-1	-1	-1	0
222	233	196	2	-1	-1	-1	0
195	232	225	2	-1	0	-1	0
239	214	201	2	-1	-1	0	0
243	207	205	0	-1	-1	-1	0
195	230	231	2	-1	-1	-1	0
195	231	232	2	-1	-1	-1	0
234	196	233	2	-1	-1	-1	0
228	199	237	2	-1	-1	-1	0
245	212	207	0	-1	-1	-1	0
209	210	247	0	-1	-1	-1	0
206	217	244	2	-1	-1	-1	0
197	235	236	2	-1	-1	-1	0
249	210	211	2	-1	-1	-1	0
237	198	236	2	-1	-1	-1	0
234	238	200	2	-1	-1	-1	0
246	218	209	0	-1	-1	-1	0
238	235	200	2	-1	-1	-1	0
250	211	212	2	-1	-1	-1	0
214	252	215	2	-1	-1	-1	0
254	216	215	2	-1	-1	-1	0
204	240	242	0	-1	-1	-1	0
242	241	204	0	-1	-1	-1	0
224	218	246	0	-1	-1	-1	0
217	216	255	2	-1	-1	-1	0
243	205	241	0	-1	-1	-1	0
240	206	244	2	-1	-1	-1	0
243	245	207	0	-1	-1	-1	0
220	258	219	2	-1	-1	-1	0
221	219	258	2	-1	-1	-1	0
247	246	209	0	-1	-1	-1	0
223	259	220	0	-1	-1	-1	0
221	260	222	2	-1	-1	-1	0
210	248	247	2	-1	-1	-1	0
253	214	239	2	-1	-1	-1	0
259	223	224	0	-1	-1	-1	0
210	249	248	2	-1	-1	-1	0
245	251	212	2	-1	-1	-1	0
250	249	211	2	-1	-1	-1	0
250	212	251	2	-1	-1	-1	0
222	260	233	2	-1	-1	-1	0
263	227	226	2	-1	-1	-1	0
256	244	217	2	-1	-1	-1	0
229	263	226	2	-1	-1	-1	0
253	252	214	2	-1	-1	-1	0
227	264	230	2	-1	-1	-1	0
254	215	252	2	-1	-1	-1	0
266	229	228	2	-1	-1	-1	0
255	216	254	2	-1	-1	-1	0
268	231	230	2	-1	-1	-1	0
255	257	217	2	-1	-1	-1	0
237	265	228	2	-1	-1	-1	0
256	217	257	2	-1	-1	-1	0
232	231	269	2	-1	-1	-1	0
262	224	246	0	-1	-1	-1	0
259	258	220	0	-1	-1	-1	0
234	233	271	2	-1	-1	-1	0
258	260	221	2	-1	-1	-1	0
259	224	261	0	-1	-1	-1	0
238	234	273	2	-1	-1	-1	0
236	235	275	2	-1	-1	-1	0
262	261	224	0	-1	-1	-1	0
274	235	238	2	-1	-1	-1	0
237	236	276	2	-1	-1	-1	0
264	227	263	2	-1	-1	-1	0
246	247	262	0	-1	-1	-1	0
266	228	265	2	-1	-1	-1	0
263	229	267	2	-1	-1	-1	0
264	268	230	2	-1	-1	-1	0
240	280	242	0	-1	-1	-1	0
267	229	266	2	-1	-1	-1	0
240	244	279	0	-1	-1	-1	0
241	242	281	0	-1	-1	-1	0
233	260	272	2	-1	-1	-1	0
243	241	281	0	-1	-1	-1	0
268	269	231	2	-1	-1	-1	0
253	239	278	2	-1	0	-1	0
245	243	282	0	-1	-1	-1	0
270	232	269	2	0	-1	-1	0
275	248	249	2	-1	-1	-1	0
277	247	248	2	-1	-1	-1	0
271	233	272	2	-1	-1	-1	0
273	234	271	2	-1	-1	-1	0
282	251	245	2	-1	-1	-1	0
265	237	276	2	-1	-1	-1	0
283	244	256	0	-1	-1	-1	0
235	274	275	2	-1	-1	-1	0
285	249	250	2	-1	-1	-1	0
262	247	277	2	-1	-1	-1	0
250	251	285	2	-1	-1	-1	0
276	236	275	2	-1	-1	-1	0
273	277	238	2	-1	-1	-1	0
259	272	258	0	-1	-1	-1	0
238	277	274	2	-1	-1	-1	0
258	272	260	0	-1	-1	-1	0
272	259	261	0	-1	-1	-1	0
289	252	253	2	-1	-1	-1	0
254	252	289	2	-1	-1	-1	0
262	273	261	2	-1	-1	-1	0
275	274	248	2	-1	-1	-1	0
240	279	280	0	-1	-1	-1	0
277	248	274	2	-1	-1	-1	0
255	254	291	2	-1	-1	-1	0
280	281	242	0	-1	-1	-1	0
292	257	255	2	-1	-1	-1	0
272	261	271	2	-1	-1	-1	0
261	273	271	2	-1	-1	-1	0
281	282	243	0	-1	-1	-1	0
256	257	293	2	-1	-1	-1	0
244	283	279	0	-1	-1	-1	0
249	284	275	2	-1	-1	-1	0
277	273	262	2	-1	-1	-1	0
249	286	284	2	-1	-1	-1	0
253	278	289	2	-1	-1	-1	0
282	287	251	2	-1	-1	-1	0
249	285	286	2	-1	-1	-1	0
264	263	294	2	-1	-1	-1	0
267	294	263	2	-1	-1	-1	0
251	288	285	2	-1	-1	-1	0
251	287	288	2	-1	-1	-1	0
264	295	268	2	-1	-1	-1	0
266	265	297	2	-1	-1	-1	0
266	299	267	2	-1	-1	-1	0
283	256	293	0	-1	-1	-1	0
254	289	290	2	-1	-1	-1	0
291	254	290	2	-1	-1	-1	0
275	284	276	2	-1	-1	-1	0
291	292	255	2	-1	-1	-1	0
298	265	276	2	-1	-1	-1	0
269	268	303	2	-1	-1	-1	0
293	257	292	2	-1	-1	-1	0
269	305	270	2	-1	-1	-1	0
264	294	296	2	-1	-1	-1	0
264	296	295	2	-1	-1	-1	0
276	284	298	2	-1	-1	-1	0
265	298	297	2	-1	-1	-1	0
294	267	302	2	-1	-1	-1	0
266	297	300	2	-1	-1	-1	0
299	266	300	2	-1	-1	-1	0
268	295	303	2	-1	-1	-1	0
301	267	299	2	-1	-1	-1	0
280	279	308	0	-1	-1	-1	0
298	284	286	2	-1	-1	-1	0
267	301	302	2	-1	-1	-1	0
309	279	283	0	-1	-1	-1	0
281	280	311	0	-1	-1	-1	0
289	278	307	2	-1	0	-1	0
282	281	312	0	-1	-1	-1	0
303	304	269	2	-1	-1	-1	0
305	269	304	2	-1	-1	-1	0
287	282	312	2	-1	-1	-1	0
306	270	305	2	0	-1	-1	0
285	314	286	2	-1	-1	-1	0
288	314	285	2	-1	-1	-1	0
313	283	293	0	-1	-1	-1	0
302	296	294	2	-1	-1	-1	0
288	287	317	2	-1	-1	-1	0
309	308	279	0	-1	-1	-1	0
308	310	280	0	-1	-1	-1	0
286	315	298	2	-1	-1	-1	0
289	320	290	2	-1	-1	-1	0
311	280	310	0	-1	-1	-1	0
291	290	321	2	-1	-1	-1	0
312	281	311	0	-1	-1	-1	0
313	309	283	0	-1	-1	-1	0
291	323	292	2	-1	-1	-1	0
293	292	325	2	-1	-1	-1	0
316	287	312	2	-1	-1	-1	0
315	286	314	2	-1	-1	-1	0
320	289	307	2	-1	-1	-1	0
326	295	296	2	-1	-1	-1	0
287	316	317	2	-1	-1	-1	0
288	319	314	2	-1	-1	-1	0
288	317	318	2	-1	-1	-1	0
297	298	328	2	-1	-1	-1	0
295	326	303	2	-1	-1	-1	0
302	327	296	2	-1	-1	-1	0
288	318	319	2	-1	-1	-1	0
328	300	297	2	-1	-1	-1	0
300	329	299	2	-1	-1	-1	0
329	301	299	2	-1	-1	-1	0
313	293	325	0	-1	-1	-1	0
320	322	290	2	-1	-1	-1	0
290	322	321	2	-1	-1	-1	0
291	321	323	2	-1	-1	-1	0
332	302	301	2	-1	-1	-1	0
312	311	316	2	-1	-1	-1	0
323	324	292	2	-1	-1	-1	0
304	303	333	2	-1	-1	-1	0
328	298	315	2	-1	-1	-1	0
325	292	324	2	-1	-1	-1	0
305	304	335	2	-1	-1	-1	0
335	306	305	2	-1	-1	-1	0
315	314	319	2	-1	-1	-1	0
327	326	296	2	-1	-1	-1	0
309	338	308	0	-1	-1	-1	0
310	308	338	0	-1	-1	-1	0
300	328	330	2	-1	-1	-1	0
329	300	330	2	-1	-1	-1	0
327	302	332	2	-1	-1	-1	0
329	331	301	2	-1	-1	-1	0
311	310	341	2	-1	-1	-1	0
339	309	313	0	-1	-1	-1	0
334	303	326	2	-1	-1	-1	0
320	307	337	2	-1	0	-1	0
331	332	301	2	-1	-1	-1	0
316	311	341	2	-1	-1	-1	0
333	303	334	2	-1	-1	-1	0
333	335	304	2	-1	-1	-1	0
335	336	306	2	-1	0	-1	0
344	317	316	2	-1	-1	-1	0
319	343	315	2	-1	-1	-1	0
317	345	318	2	-1	-1	-1	0
313	325	342	0	-1	-1	-1	0
319	318	346	2	-1	-1	-1	0
328	315	343	2	-1	-1	-1	0
340	338	309	0	-1	-1	-1	0
326	327	334	2	-1	-1	-1	0
339	340	309	0	-1	-1	-1	0
338	341	310	2	-1	-1	-1	0
320	349	322	2	-1	-1	-1	0
321	350	323	2	-1	-1	-1	0
322	351	321	2	-1	-1	-1	0
339	313	342	0	-1	-1	-1	0
323	353	324	2	-1	-1	-1	0
316	341	344	2	-1	-1	-1	0
330	328	343	2	-1	-1	-1	0
324	354	325	2	-1	-1	-1	0
349	320	337	2	-1	-1	-1	0
344	345	317	2	-1	-1	-1	0
319	348	343	2	-1	-1	-1	0
345	347	318	2	-1	-1	-1	0
318	347	346	2	-1	-1	-1	0
346	348	319	2	-1	-1	-1	0
327	332	355	2	-1	-1	-1	0
357	329	330	2	-1	-1	-1	0
327	355	334	2	-1	-1	-1	0
331	329	356	2	-1	-1	-1	0
342	325	354	0	-1	-1	-1	0
359	332	331	2	-1	-1	-1	0
351	350	321	2	-1	-1	-1	0
322	349	352	2	-1	-1	-1	0
351	322	352	2	-1	-1	-1	0
350	353	323	2	-1	-1	-1	0
361	333	334	2	-1	-1	-1	0
335	333	362	2	-1	-1	-1	0
330	343	358	2	-1	-1	-1	0
354	324	353	2	-1	-1	-1	0
362	336	335	2	-1	-1	-1	0
356	329	357	2	-1	-1	-1	0
338	340	366	2	-1	-1	-1	0
358	357	330	2	-1	-1	-1	0
356	359	331	2	-1	-1	-1	0
355	332	359	2	-1	-1	-1	0
367	341	338	2	-1	-1	-1	0
369	340	339	0	-1	-1	-1	0
343	348	358	2	-1	-1	-1	0
368	339	342	0	-1	-1	-1	0
337	365	349	2	0	-1	-1	0
367	344	341	2	-1	-1	-1	0
363	334	355	2	-1	-1	-1	0
361	360	333	2	-1	-1	-1	0
333	360	362	2	-1	-1	-1	0
363	361	334	2	-1	-1	-1	0
372	345	344	2	-1	-1	-1	0
362	364	336	2	-1	0	-1	0
345	372	347	2	-1	-1	-1	0
342	354	371	0	-1	-1	-1	0
346	347	374	2	-1	-1	-1	0
346	375	348	2	-1	-1	-1	0
366	367	338	2	-1	-1	-1	0
370	366	340	2	-1	-1	-1	0
339	368	369	0	-1	-1	-1	0
340	369	370	2	-1	-1	-1	0
371	368	342	0	-1	-1	-1	0
380	352	349	2	-1	-1	-1	0
381	350	351	2	-1	-1	-1	0
358	348	378	2	-1	-1	-1	0
367	373	344	2	-1	-1	-1	0
381	353	350	2	-1	-1	-1	0
351	352	382	2	-1	-1	-1	0
344	373	372	2	-1	-1	-1	0
354	353	383	2	-1	-1	-1	0
379	349	365	2	-1	-1	-1	0
346	374	375	2	-1	-1	-1	0
347	372	377	2	-1	-1	-1	0
347	376	374	2	-1	-1	-1	0
376	347	377	2	-1	-1	-1	0
359	386	355	2	-1	-1	-1	0
378	348	375	2	-1	-1	-1	0
388	356	357	2	-1	-1	-1	0
356	387	359	2	-1	-1	-1	0
385	363	355	2	-1	-1	-1	0
357	358	390	2	-1	-1	-1	0
379	380	349	2	-1	-1	-1	0
371	354	383	0	-1	-1	-1	0
361	391	360	2	-1	-1	-1	0
360	392	362	2	-1	-1	-1	0
351	382	381	2	-1	-1	-1	0
380	382	352	2	-1	-1	-1	0
393	361	363	2	-1	-1	-1	0
353	381	384	2	-1	-1	-1	0
353	384	383	2	-1	-1	-1	0
364	362	394	2	-1	-1	-1	0
386	385	355	2	-1	-1	-1	0
378	390	358	2	-1	-1	-1	0
367	366	398	2	-1	-1	-1	0
388	387	356	2	-1	-1	-1	0
359	387	386	2	-1	-1	-1	0
357	389	388	2	-1	-1	-1	0
398	366	370	2	-1	-1	-1	0
357	390	389	2	-1	-1	-1	0
368	401	369	0	-1	-1	-1	0
400	368	371	0	-1	-1	-1	0
367	399	373	2	-1	-1	-1	0
397	379	365	2	-1	-1	0	0
369	402	370	2	-1	-1	-1	0
391	392	360	2	-1	-1	-1	0
385	395	363	2	-1	-1	-1	0
391	361	393	2	-1	-1	-1	0
394	362	392	2	-1	-1	-1	0
406	372	373	2	-1	-1	-1	0
393	363	395	2	-1	-1	-1	0
394	396	364	2	-1	0	-1	0
406	377	372	2	-1	-1	-1	0
374	408	375	2	-1	-1	-1	0
405	371	383	0	-1	-1	-1	0
409	374	376	2	-1	-1	-1	0
375	410	378	2	-1	-1	-1	0
399	367	398	2	-1	-1	-1	0
412	376	377	2	-1	-1	-1	0
368	400	401	0	-1	-1	-1	0
398	370	404	2	-1	-1	-1	0
380	379	413	2	-1	-1	-1	0
403	369	401	2	-1	-1	-1	0
402	369	403	2	-1	-1	-1	0
370	402	404	2	-1	-1	-1	0
405	400	371	0	-1	-1	-1	0
380	414	382	2	-1	-1	-1	0
381	382	415	2	-1	-1	-1	0
410	390	378	2	-1	-1	-1	0
399	407	373	2	-1	-1	-1	0
381	415	384	2	-1	-1	-1	0
416	383	384	2	-1	-1	-1	0
373	407	406	2	-1	-1	-1	0
379	397	413	2	-1	-1	-1	0
385	386	418	2	-1	-1	-1	0
408	374	409	2	-1	-1	-1	0
386	387	419	2	-1	-1	-1	0
375	408	411	2	-1	-1	-1	0
388	420	387	2	-1	-1	-1	0
406	412	377	2	-1	-1	-1	0
410	375	411	2	-1	-1	-1	0
409	376	412	2	-1	-1	-1	0
389	421	388	2	-1	-1	-1	0
418	395	385	2	-1	-1	-1	0
390	423	389	2	-1	-1	-1	0
405	383	416	0	-1	-1	-1	0
414	380	413	2	-1	-1	-1	0
425	392	391	2	-1	-1	-1	0
393	424	391	2	-1	-1	-1	0
382	414	415	2	-1	-1	-1	0
392	426	394	2	-1	-1	-1	0
427	393	395	2	-1	-1	-1	0
384	415	417	2	-1	-1	-1	0
417	416	384	2	-1	-1	-1	0
428	396	394	2	-1	-1	-1	0
390	410	423	2	-1	-1	-1	0
386	419	418	2	-1	-1	-1	0
387	420	419	2	-1	-1	-1	0
399	398	433	2	-1	-1	-1	0
388	422	420	2	-1	-1	-1	0
388	421	422	2	-1	-1	-1	0
421	389	423	2	-1	-1	-1	0
404	433	398	2	-1	-1	-1	0
401	400	436	0	-1	-1	-1	0
424	425	391	2	-1	-1	-1	0
405	435	400	0	-1	-1	-1	0
434	407	399	2	-1	-1	-1	0
437	403	401	2	-1	-1	-1	0
397	432	413	2	-1	-1	-1	0
395	418	429	2	-1	-1	-1	0
403	438	402	2	-1	-1	-1	0
392	425	426	2	-1	-1	-1	0
424	393	427	2	-1	-1	-1	0
423	410	411	2	-1	-1	-1	0
404	402	439	2	-1	-1	-1	0
394	426	428	2	-1	-1	-1	0
429	427	395	2	-1	-1	-1	0
428	430	396	2	-1	0	-1	0
407	444	406	2	-1	-1	-1	0
414	413	432	2	-1	-1	-1	0
397	431	432	2	0	-1	-1	0
409	446	408	2	-1	-1	-1	0
412	406	444	2	-1	-1	-1	0
416	442	405	0	-1	-1	-1	0
408	446	411	2	-1	-1	-1	0
434	399	433	2	-1	-1	-1	0
409	412	447	2	-1	-1	-1	0
400	435	436	0	-1	-1	-1	0
437	401	436	2	-1	-1	-1	0
441	433	404	2	-1	-1	-1	0
439	402	438	2	-1	-1	-1	0
440	403	437	2	-1	-1	-1	0
452	415	414	2	-1	-1	-1	0
440	438	403	2	-1	-1	-1	0
443	435	405	0	-1	-1	-1	0
449	423	411	2	-1	-1	-1	0
404	439	441	2	-1	-1	-1	0
415	454	417	2	-1	-1	-1	0
407	434	445	2	-1	-1	-1	0
416	417	455	2	-1	-1	-1	0
405	442	443	0	-1	-1	-1	0
418	419	457	2	-1	-1	-1	0
445	444	407	2	-1	-1	-1	0
458	419	420	2	-1	-1	-1	0
432	453	414	2	-1	-1	-1	0
459	420	422	2	-1	-1	-1	0
409	447	446	2	-1	-1	-1	0
422	421	460	2	-1	-1	-1	0
460	421	423	2	-1	-1	-1	0
429	418	457	2	-1	-1	-1	0
446	448	411	2	-1	-1	-1	0
451	412	444	2	-1	-1	-1	0
411	448	449	2	-1	-1	-1	0
434	433	441	2	-1	-1	-1	0
447	412	450	2	-1	-1	-1	0
425	424	463	2	-1	-1	-1	0
451	450	412	2	-1	-1	-1	0
427	462	424	2	-1	-1	-1	0
442	416	456	0	-1	-1	-1	0
426	425	464	2	-1	-1	-1	0
426	464	428	2	-1	-1	-1	0
453	452	414	2	-1	-1	-1	0
415	452	454	2	-1	-1	-1	0
429	465	427	2	-1	-1	-1	0
428	467	430	2	-1	0	-1	0
454	455	417	2	-1	-1	-1	0
416	455	456	2	-1	-1	-1	0
449	460	423	2	-1	-1	-1	0
471	432	431	2	-1	-1	-1	0
458	457	419	2	-1	-1	-1	0
420	459	458	2	-1	-1	-1	0
422	461	459	2	-1	-1	-1	0
461	422	460	2	-1	-1	-1	0
435	474	436	0	-1	-1	-1	0
434	441	472	2	-1	-1	-1	0
475	437	436	2	-1	-1	-1	0
463	424	462	2	-1	-1	-1	0
473	445	434	2	-1	-1	-1	0
441	439	472	2	-1	-1	-1	0
435	443	474	0	-1	-1	-1	0
463	464	425	2	-1	-1	-1	0
437	476	440	2	-1	-1	-1	0
438	477	439	2	-1	-1	-1	0
427	466	462	2	-1	-1	-1	0
469	429	457	2	-1	-1	-1	0
477	438	440	2	-1	-1	-1	0
453	432	471	2	-1	-1	-1	0
465	466	427	2	-1	-1	-1	0
428	464	468	2	-1	-1	-1	0
467	428	468	2	-1	-1	-1	0
429	469	465	2	-1	-1	-1	0
442	482	443	0	-1	-1	-1	0
471	431	470	2	-1	0	-1	0
484	444	445	2	-1	-1	-1	0
434	472	473	2	-1	-1	-1	0
447	486	446	2	-1	-1	-1	0
456	481	442	0	-1	-1	-1	0
444	484	451	2	-1	-1	-1	0
448	446	486	2	-1	-1	-1	0
450	487	447	2	-1	-1	-1	0
448	488	449	2	-1	-1	-1	0
475	436	474	2	-1	-1	-1	0
476	437	475	2	-1	-1	-1	0
472	439	478	2	-1	-1	-1	0
451	491	450	2	-1	-1	-1	0
477	478	439	2	-1	-1	-1	0
440	479	477	2	-1	-1	-1	0
476	480	440	2	-1	-1	-1	0
452	493	454	2	-1	-1	-1	0
452	453	494	2	-1	-1	-1	0
449	490	460	2	-1	-1	-1	0
440	480	479	2	-1	-1	-1	0
474	443	483	0	-1	-1	-1	0
473	485	445	2	-1	-1	-1	0
482	442	481	0	-1	-1	-1	0
455	454	496	2	-1	-1	-1	0
443	482	483	0	-1	-1	-1	0
456	455	497	2	-1	-1	-1	0
490	461	460	2	-1	-1	-1	0
457	458	499	2	-1	-1	-1	0
445	485	484	2	-1	-1	-1	0
459	500	458	2	-1	-1	-1	0
471	495	453	2	-1	-1	-1	0
486	447	487	2	-1	-1	-1	0
459	461	501	2	-1	-1	-1	0
488	448	486	2	-1	-1	-1	0
469	457	499	2	-1	-1	-1	0
449	488	489	2	-1	-1	-1	0
451	484	492	2	-1	-1	-1	0
463	462	503	2	-1	-1	-1	0
489	490	449	2	-1	-1	-1	0
450	491	487	2	-1	-1	-1	0
466	503	462	2	-1	-1	-1	0
463	505	464	2	-1	-1	-1	0
451	492	491	2	-1	-1	-1	0
481	456	498	0	-1	-1	-1	0
495	471	470	2	-1	-1	-1	0
464	505	468	2	-1	-1	-1	0
506	466	465	2	-1	-1	-1	0
493	452	494	2	-1	-1	-1	0
506	465	469	2	-1	-1	-1	0
453	495	494	2	-1	-1	-1	0
493	496	454	2	-1	-1	-1	0
468	509	467	2	-1	0	-1	0
497	455	496	2	-1	-1	-1	0
456	497	498	2	-1	-1	-1	0
461	490	502	2	-1	-1	-1	0
500	499	458	2	-1	-1	-1	0
472	513	473	2	-1	-1	-1	0
500	459	501	2	-1	-1	-1	0
484	485	492	2	-1	-1	-1	0
513	472	478	2	-1	-1	-1	0
461	502	501	2	-1	-1	-1	0
474	515	475	2	-1	-1	-1	0
476	475	516	2	-1	-1	-1	0
463	503	504	2	-1	-1	-1	0
463	504	505	2	-1	-1	-1	0
515	474	483	2	-1	-1	-1	0
477	517	478	2	-1	-1	-1	0
476	516	480	2	-1	-1	-1	0
514	485	473	2	-1	-1	-1	0
477	479	517	2	-1	-1	-1	0
499	506	469	2	-1	-1	-1	0
470	512	495	2	0	-1	-1	0
503	466	508	2	-1	-1	-1	0
519	479	480	2	-1	-1	-1	0
466	506	507	2	-1	-1	-1	0
466	507	508	2	-1	-1	-1	0
510	468	505	2	-1	-1	-1	0
521	482	481	0	-1	-1	-1	0
468	511	509	2	-1	-1	-1	0
523	483	482	0	-1	-1	-1	0
511	468	510	2	-1	-1	-1	0
526	486	487	2	-1	-1	-1	0
514	473	513	2	-1	-1	-1	0
486	526	488	2	-1	-1	-1	0
498	522	481	0	-1	-1	-1	0
485	525	492	2	-1	-1	-1	0
527	487	491	2	-1	-1	-1	0
489	488	528	2	-1	-1	-1	0
516	475	515	2	-1	-1	-1	0
490	489	529	2	-1	-1	-1	0
518	513	478	2	-1	-1	-1	0
517	518	478	2	-1	-1	-1	0
531	491	492	2	-1	-1	-1	0
479	519	517	2	-1	-1	-1	0
516	520	480	2	-1	-1	-1	0
520	519	480	2	-1	-1	-1	0
532	493	494	2	-1	-1	-1	0
496	493	532	2	-1	-1	-1	0
515	483	524	2	-1	-1	-1	0
530	502	490	2	-1	-1	-1	0
495	533	494	2	-1	-1	-1	0
485	514	525	2	-1	-1	-1	0
522	521	481	0	-1	-1	-1	0
523	482	521	0	-1	-1	-1	0
496	536	497	2	-1	-1	-1	0
483	523	524	2	-1	-1	-1	0
536	498	497	2	-1	-1	-1	0
500	538	499	2	-1	-1	-1	0
487	527	526	2	-1	-1	-1	0
501	540	500	2	-1	-1	-1	0
512	534	495	2	-1	-1	-1	0
526	528	488	2	-1	-1	-1	0
506	499	538	2	-1	-1	-1	0
502	541	501	2	-1	-1	-1	0
529	489	528	2	-1	-1	-1	0
525	531	492	2	-1	-1	-1	0
542	504	503	2	-1	-1	-1	0
491	531	527	2	-1	-1	-1	0
490	529	530	2	-1	-1	-1	0
543	505	504	2	-1	-1	-1	0
503	508	542	2	-1	-1	-1	0
498	537	522	0	-1	-1	-1	0
506	544	507	2	-1	-1	-1	0
510	505	543	2	-1	-1	-1	0
532	494	533	2	-1	-1	-1	0
546	508	507	2	-1	-1	-1	0
495	535	533	2	-1	-1	-1	0
496	532	536	2	-1	-1	-1	0
534	535	495	2	-1	-1	-1	0
548	509	511	2	0	-1	-1	0
510	549	511	2	-1	-1	-1	0
537	498	536	2	-1	-1	-1	0
502	530	541	2	-1	-1	-1	0
538	500	539	2	-1	-1	-1	0
514	513	552	2	-1	-1	-1	0
539	500	540	2	-1	-1	-1	0
501	541	540	2	-1	-1	-1	0
518	552	513	2	-1	-1	-1	0
515	555	516	2	-1	-1	-1	0
543	504	542	2	-1	-1	-1	0
545	506	538	2	-1	-1	-1	0
518	517	556	2	-1	-1	-1	0
516	555	520	2	-1	-1	-1	0
519	556	517	2	-1	-1	-1	0
514	553	525	2	-1	-1	-1	0
524	555	515	2	-1	-1	-1	0
506	545	544	2	-1	-1	-1	0
512	551	534	2	0	-1	-1	0
507	544	546	2	-1	-1	-1	0
508	547	542	2	-1	-1	-1	0
560	519	520	2	-1	-1	-1	0
508	546	547	2	-1	-1	-1	0
543	549	510	2	-1	-1	-1	0
522	563	521	0	-1	-1	-1	0
523	521	562	0	-1	-1	-1	0
550	548	511	2	-1	-1	-1	0
531	525	553	2	-1	-1	-1	0
511	549	550	2	-1	-1	-1	0
566	524	523	2	-1	-1	-1	0
552	554	514	2	-1	-1	-1	0
527	568	526	2	-1	-1	-1	0
554	553	514	2	-1	-1	-1	0
528	526	569	2	-1	-1	-1	0
522	537	564	0	-1	-1	-1	0
518	557	552	2	-1	-1	-1	0
527	531	570	2	-1	-1	-1	0
528	571	529	2	-1	-1	-1	0
529	572	530	2	-1	-1	-1	0
518	556	558	2	-1	-1	-1	0
557	518	558	2	-1	-1	-1	0
559	556	519	2	-1	-1	-1	0
555	561	520	2	-1	-1	-1	0
559	519	560	2	-1	-1	-1	0
532	533	575	2	-1	-1	-1	0
524	561	555	2	-1	-1	-1	0
560	520	561	2	-1	-1	-1	0
533	535	575	2	-1	-1	-1	0
532	575	536	2	-1	-1	-1	0
541	530	573	2	-1	-1	-1	0
535	534	576	2	-1	-1	-1	0
521	563	562	0	-1	-1	-1	0
564	563	522	0	-1	-1	-1	0
523	562	565	2	-1	-1	-1	0
561	524	566	2	-1	-1	-1	0
578	537	536	2	-1	-1	-1	0
570	531	553	2	-1	-1	-1	0
566	523	565	2	-1	-1	-1	0
580	538	539	2	-1	-1	-1	0
539	540	581	2	-1	-1	-1	0
551	576	534	2	-1	-1	-1	0
568	567	526	2	-1	-1	-1	0
541	581	540	2	-1	-1	-1	0
526	567	569	2	-1	-1	-1	0
538	580	545	2	-1	-1	-1	0
568	527	570	2	-1	-1	-1	0
543	542	582	2	-1	-1	-1	0
571	528	569	2	-1	-1	-1	0
582	542	547	2	-1	-1	-1	0
571	572	529	2	-1	-1	-1	0
558	556	559	2	-1	-1	-1	0
544	583	546	2	-1	-1	-1	0
584	544	545	2	-1	-1	-1	0
582	549	543	2	-1	-1	-1	0
530	572	574	2	-1	-1	-1	0
573	530	574	2	-1	-1	-1	0
546	586	547	2	-1	-1	-1	0
564	537	579	0	-1	-1	-1	0
550	589	548	2	-1	0	-1	0
575	535	577	2	-1	-1	-1	0
535	576	577	2	-1	-1	-1	0
549	590	550	2	-1	-1	-1	0
536	575	578	2	-1	-1	-1	0
579	537	578	2	-1	-1	-1	0
573	581	541	2	-1	-1	-1	0
580	539	581	2	-1	-1	-1	0
552	594	554	2	-1	-1	-1	0
554	595	553	2	-1	-1	-1	0
557	594	552	2	-1	-1	-1	0
580	585	545	2	-1	-1	-1	0
583	544	584	2	-1	-1	-1	0
558	597	557	2	-1	-1	-1	0
545	585	584	2	-1	-1	-1	0
546	583	586	2	-1	-1	-1	0
547	588	582	2	-1	-1	-1	0
559	601	558	2	-1	-1	-1	0
553	595	570	2	-1	-1	-1	0
576	551	593	2	-1	0	-1	0
586	587	547	2	-1	-1	-1	0
560	602	559	2	-1	-1	-1	0
582	590	549	2	-1	-1	-1	0
547	587	588	2	-1	-1	-1	0
560	561	603	2	-1	-1	-1	0
550	591	589	2	-1	-1	-1	0
566	603	561	2	-1	-1	-1	0
562	563	605	0	-1	-1	-1	0
605	565	562	2	-1	-1	-1	0
550	590	592	2	-1	-1	-1	0
592	591	550	2	-1	-1	-1	0
563	564	606	0	-1	-1	-1	0
565	608	566	2	-1	-1	-1	0
594	596	554	2	-1	-1	-1	0
596	595	554	2	-1	-1	-1	0
569	567	610	2	-1	-1	-1	0
611	567	568	2	-1	-1	-1	0
598	594	557	2	-1	-1	-1	0
564	579	607	0	-1	-1	-1	0
570	612	568	2	-1	-1	-1	0
597	598	557	2	-1	-1	-1	0
613	571	569	2	-1	-1	-1	0
558	599	597	2	-1	-1	-1	0
614	572	571	2	-1	-1	-1	0
599	558	600	2	-1	-1	-1	0
558	601	600	2	-1	-1	-1	0
574	572	615	2	-1	-1	-1	0
602	601	559	2	-1	-1	-1	0
616	573	574	2	-1	-1	-1	0
604	602	560	2	-1	-1	-1	0
560	603	604	2	-1	-1	-1	0
618	575	577	2	-1	-1	-1	0
573	616	581	2	-1	-1	-1	0
575	618	578	2	-1	-1	-1	0
576	619	577	2	-1	-1	-1	0
605	563	606	0	-1	-1	-1	0
564	607	606	0	-1	-1	-1	0
566	608	603	2	-1	-1	-1	0
581	616	580	2	-1	-1	-1	0
570	595	612	2	-1	-1	-1	0
579	578	622	2	-1	-1	-1	0
565	605	609	2	-1	-1	-1	0
609	608	565	2	-1	-1	-1	0
623	585	580	2	-1	-1	-1	0
611	610	567	2	-1	-1	-1	0
593	619	576	2	-1	-1	-1	0
612	611	568	2	-1	-1	-1	0
610	613	569	2	-1	-1	-1	0
583	584	625	2	-1	-1	-1	0
588	624	582	2	-1	-1	-1	0
626	586	583	2	-1	-1	-1	0
590	582	624	2	-1	-1	-1	0
584	585	627	2	-1	-1	-1	0
571	613	614	2	-1	-1	-1	0
615	572	614	2	-1	-1	-1	0
628	587	586	2	-1	-1	-1	0
612	595	596	2	-1	-1	-1	0
629	588	587	2	-1	-1	-1	0
590	624	592	2	-1	-1	-1	0
617	574	615	2	-1	-1	-1	0
616	574	617	2	-1	-1	-1	0
579	622	607	2	-1	-1	-1	0
589	591	631	2	-1	-1	0	0
577	620	618	2	-1	-1	-1	0
592	632	591	2	-1	-1	-1	0
577	619	621	2	-1	-1	-1	0
618	622	578	2	-1	-1	-1	0
577	621	620	2	-1	-1	-1	0
616	623	580	2	-1	-1	-1	0
594	635	596	2	-1	-1	-1	0
598	635	594	2	-1	-1	-1	0
638	598	597	2	-1	-1	-1	0
625	626	583	2	-1	-1	-1	0
638	597	599	2	-1	-1	-1	0
627	585	623	2	-1	-1	-1	0
627	625	584	2	-1	-1	-1	0
640	599	600	2	-1	-1	-1	0
626	628	586	2	-1	-1	-1	0
630	624	588	2	-1	-1	-1	0
601	641	600	2	-1	-1	-1	0
629	587	628	2	-1	-1	-1	0
612	596	637	2	-1	-1	-1	0
619	593	634	2	-1	0	-1	0
601	602	643	2	-1	-1	-1	0
629	630	588	2	-1	-1	-1	0
633	592	624	2	-1	-1	-1	0
602	604	643	2	-1	-1	-1	0
604	603	644	2	-1	-1	-1	0
631	591	632	2	-1	-1	-1	0
603	608	644	2	-1	-1	-1	0
646	605	606	0	-1	-1	-1	0
592	633	632	2	-1	-1	-1	0
611	612	637	2	-1	-1	-1	0
644	608	609	2	-1	-1	-1	0
606	607	649	0	-1	-1	-1	0
605	648	609	2	-1	-1	-1	0
596	635	636	2	-1	-1	-1	0
636	637	596	2	-1	-1	-1	0
639	635	598	2	-1	-1	-1	0
610	611	653	2	-1	-1	-1	0
638	639	598	2	-1	-1	-1	0
638	599	640	2	-1	-1	-1	0
654	613	610	2	-1	-1	-1	0
650	607	622	2	-1	-1	-1	0
642	640	600	2	-1	-1	-1	0
642	600	641	2	-1	-1	-1	0
613	658	614	2	-1	-1	-1	0
601	643	641	2	-1	-1	-1	0
658	615	614	2	-1	-1	-1	0
615	659	617	2	-1	-1	-1	0
604	645	643	2	-1	-1	-1	0
645	604	644	2	-1	-1	-1	0
616	617	661	2	-1	-1	-1	0
605	646	647	0	-1	-1	-1	0
623	616	661	2	-1	-1	-1	0
605	647	648	2	-1	-1	-1	0
618	620	663	2	-1	-1	-1	0
606	649	646	0	-1	-1	-1	0
637	655	611	2	-1	-1	-1	0
663	622	618	2	-1	-1	-1	0
620	621	663	2	-1	-1	-1	0
609	651	644	2	-1	-1	-1	0
621	619	664	2	-1	-1	-1	0
650	649	607	0	-1	-1	-1	0
652	609	648	2	-1	-1	-1	0
639	636	635	2	-1	-1	-1	0
651	609	652	2	-1	-1	-1	0
664	619	634	2	-1	-1	-1	0
610	653	654	2	-1	-1	-1	0
623	668	627	2	-1	-1	-1	0
611	656	653	2	-1	-1	-1	0
625	670	626	2	-1	-1	-1	0
611	655	656	2	-1	-1	-1	0
627	671	625	2	-1	-1	-1	0
630	669	624	2	-1	-1	-1	0
654	657	613	2	-1	-1	-1	0
626	672	628	2	-1	-1	-1	0
669	633	624	2	-1	-1	-1	0
613	657	658	2	-1	-1	-1	0
629	628	673	2	-1	-1	-1	0
658	660	615	2	-1	-1	-1	0
675	630	629	2	-1	-1	-1	0
615	660	659	2	-1	-1	-1	0
617	659	662	2	-1	-1	-1	0
632	676	631	2	-1	0	-1	0
667	650	622	2	-1	-1	-1	0
662	661	617	2	-1	-1	-1	0
645	644	651	2	-1	-1	-1	0
632	633	677	2	-1	-1	-1	0
621	666	663	2	-1	-1	-1	0
621	664	665	2	-1	-1	-1	0
667	622	663	2	-1	-1	-1	0
665	666	621	2	-1	-1	-1	0
661	668	623	2	-1	-1	-1	0
681	637	636	2	-1	-1	-1	0
639	682	636	2	-1	-1	-1	0
638	683	639	2	-1	-1	-1	0
640	683	638	2	-1	-1	-1	0
671	627	668	2	-1	-1	-1	0
670	625	671	2	-1	-1	-1	0
642	685	640	2	-1	-1	-1	0
672	626	670	2	-1	-1	-1	0
642	641	686	2	-1	-1	-1	0
641	643	687	2	-1	-1	-1	0
628	672	673	2	-1	-1	-1	0
681	655	637	2	-1	-1	-1	0
675	669	630	2	-1	-1	-1	0
687	643	645	2	-1	-1	-1	0
674	629	673	2	-1	-1	-1	0
674	675	629	2	-1	-1	-1	0
680	664	634	2	-1	-1	0	0
679	633	669	2	-1	-1	-1	0
646	692	647	0	-1	-1	-1	0
651	690	645	2	-1	-1	-1	0
676	632	678	2	-1	-1	-1	0
646	649	692	0	-1	-1	-1	0
632	677	678	2	-1	-1	-1	0
647	693	648	2	-1	-1	-1	0
679	677	633	2	-1	-1	-1	0
662	668	661	2	-1	-1	-1	0
650	692	649	0	-1	-1	-1	0
690	651	652	2	-1	-1	-1	0
652	648	695	2	-1	-1	-1	0
681	636	682	2	-1	-1	-1	0
639	684	682	2	-1	-1	-1	0
683	684	639	2	-1	-1	-1	0
683	640	685	2	-1	-1	-1	0
653	701	654	2	-1	-1	-1	0
701	653	656	2	-1	-1	-1	0
702	657	654	2	-1	-1	-1	0
687	686	641	2	-1	-1	-1	0
656	655	703	2	-1	-1	-1	0
685	642	688	2	-1	-1	-1	0
650	667	698	2	-1	-1	-1	0
642	686	689	2	-1	-1	-1	0
689	688	642	2	-1	-1	-1	0
658	657	706	2	-1	-1	-1	0
645	691	687	2	-1	-1	-1	0
706	660	658	2	-1	-1	-1	0
659	660	707	2	-1	-1	-1	0
691	645	690	2	-1	-1	-1	0
659	707	662	2	-1	-1	-1	0
647	692	694	0	-1	-1	-1	0
694	693	647	2	-1	-1	-1	0
693	695	648	2	-1	-1	-1	0
650	696	692	0	-1	-1	-1	0
668	662	709	2	-1	-1	-1	0
655	681	703	2	-1	-1	-1	0
663	666	710	2	-1	-1	-1	0
710	667	663	2	-1	-1	-1	0
664	711	665	2	-1	-1	-1	0
652	700	690	2	-1	-1	-1	0
696	650	697	0	-1	-1	-1	0
713	666	665	2	-1	-1	-1	0
695	699	652	2	-1	-1	-1	0
698	697	650	2	-1	-1	-1	0
700	652	699	2	-1	-1	-1	0
715	671	668	2	-1	-1	-1	0
711	664	680	2	-1	-1	-1	0
701	702	654	2	-1	-1	-1	0
671	717	670	2	-1	-1	-1	0
717	672	670	2	-1	-1	-1	0
669	675	716	2	-1	-1	-1	0
701	656	704	2	-1	-1	-1	0
656	703	704	2	-1	-1	-1	0
716	679	669	2	-1	-1	-1	0
657	702	705	2	-1	-1	-1	0
719	673	672	2	-1	-1	-1	0
673	720	674	2	-1	-1	-1	0
657	705	706	2	-1	-1	-1	0
721	675	674	2	-1	-1	-1	0
706	708	660	2	-1	-1	-1	0
707	660	708	2	-1	-1	-1	0
698	667	710	2	-1	-1	-1	0
678	724	676	2	-1	0	-1	0
662	707	709	2	-1	-1	-1	0
725	678	677	2	-1	-1	-1	0
677	679	725	2	-1	-1	-1	0
693	699	695	2	-1	-1	-1	0
665	711	712	2	-1	-1	-1	0
710	666	714	2	-1	-1	-1	0
712	713	665	2	-1	-1	-1	0
668	709	715	2	-1	-1	-1	0
682	730	681	2	-1	-1	-1	0
713	714	666	2	-1	-1	-1	0
732	682	684	2	-1	-1	-1	0
683	733	684	2	-1	-1	-1	0
733	683	685	2	-1	-1	-1	0
733	685	688	2	-1	-1	-1	0
718	671	715	2	-1	-1	-1	0
717	671	718	2	-1	-1	-1	0
717	719	672	2	-1	-1	-1	0
686	687	735	2	-1	-1	-1	0
736	689	686	2	-1	-1	-1	0
720	673	719	2	-1	-1	-1	0
730	703	681	2	-1	-1	-1	0
723	716	675	2	-1	-1	-1	0
687	691	737	2	-1	-1	-1	0
688	689	739	2	-1	-1	-1	0
722	674	720	2	-1	-1	-1	0
722	721	674	2	-1	-1	-1	0
723	675	721	2	-1	-1	-1	0
729	711	680	2	-1	-1	0	0
691	690	741	2	-1	-1	-1	0
714	698	710	2	-1	-1	-1	0
728	679	716	2	-1	-1	-1	0
724	678	726	2	-1	-1	-1	0
692	743	694	0	-1	-1	-1	0
727	678	725	2	-1	-1	-1	0
726	678	727	2	-1	-1	-1	0
694	744	693	2	-1	-1	-1	0
743	692	696	0	-1	-1	-1	0
741	690	700	2	-1	-1	-1	0
728	725	679	2	-1	-1	-1	0
693	744	699	2	-1	-1	-1	0
730	704	703	2	-1	-1	-1	0
696	697	747	0	-1	-1	-1	0
730	682	731	2	-1	-1	-1	0
750	697	698	2	-1	-1	-1	0
682	732	731	2	-1	-1	-1	0
734	732	684	2	-1	-1	-1	0
734	684	733	2	-1	-1	-1	0
700	699	751	2	-1	-1	-1	0
736	686	735	2	-1	-1	-1	0
702	701	755	2	-1	-1	-1	0
701	704	754	2	-1	-1	-1	0
735	687	737	2	-1	-1	-1	0
733	688	738	2	-1	-1	-1	0
750	698	714	2	-1	-1	-1	0
702	756	705	2	-1	-1	-1	0
736	740	689	2	-1	-1	-1	0
739	738	688	2	-1	-1	-1	0
728	716	723	2	-1	-1	-1	0
740	739	689	2	-1	-1	-1	0
705	759	706	2	-1	-1	-1	0
737	691	742	2	-1	-1	-1	0
706	759	708	2	-1	-1	-1	0
691	741	742	2	-1	-1	-1	0
707	708	760	2	-1	-1	-1	0
761	709	707	2	-1	-1	-1	0
743	745	694	0	-1	-1	-1	0
746	744	694	2	-1	-1	-1	0
746	694	745	2	-1	-1	-1	0
748	743	696	0	-1	-1	-1	0
711	764	712	2	-1	-1	-1	0
709	763	715	2	-1	-1	-1	0
713	712	765	2	-1	-1	-1	0
696	747	748	0	-1	-1	-1	0
730	757	704	2	-1	-1	-1	0
700	752	741	2	-1	-1	-1	0
697	749	747	0	-1	-1	-1	0
713	767	714	2	-1	-1	-1	0
699	744	751	2	-1	-1	-1	0
749	697	750	2	-1	-1	-1	0
769	718	715	2	-1	-1	-1	0
764	711	729	2	-1	-1	-1	0
751	753	700	2	-1	-1	-1	0
718	770	717	2	-1	-1	-1	0
700	753	752	2	-1	-1	-1	0
719	717	771	2	-1	-1	-1	0
754	755	701	2	-1	-1	-1	0
771	720	719	2	-1	-1	-1	0
702	755	756	2	-1	-1	-1	0
771	722	720	2	-1	-1	-1	0
721	722	772	2	-1	-1	-1	0
704	757	754	2	-1	-1	-1	0
721	772	723	2	-1	-1	-1	0
731	757	730	2	-1	-1	-1	0
756	758	705	2	-1	-1	-1	0
759	705	758	2	-1	-1	-1	0
707	760	761	2	-1	-1	-1	0
726	778	724	2	-1	0	-1	0
777	728	723	2	-1	-1	-1	0
759	762	708	2	-1	-1	-1	0
708	762	760	2	-1	-1	-1	0
750	714	767	2	-1	-1	-1	0
725	779	727	2	-1	-1	-1	0
725	728	779	2	-1	-1	-1	0
726	727	780	2	-1	-1	-1	0
761	763	709	2	-1	-1	-1	0
743	748	745	0	-1	-1	-1	0
712	764	766	2	-1	-1	-1	0
766	765	712	2	-1	-1	-1	0
713	765	768	2	-1	-1	-1	0
769	715	763	2	-1	-1	-1	0
768	767	713	2	-1	-1	-1	0
732	785	731	2	-1	-1	-1	0
732	734	787	2	-1	-1	-1	0
733	787	734	2	-1	-1	-1	0
718	769	770	2	-1	-1	-1	0
770	771	717	2	-1	-1	-1	0
788	733	738	2	-1	-1	-1	0
735	789	736	2	-1	-1	-1	0
789	735	737	2	-1	-1	-1	0
790	740	736	2	-1	-1	-1	0
773	722	771	2	-1	-1	-1	0
737	742	789	2	-1	-1	-1	0
739	791	738	2	-1	-1	-1	0
722	775	772	2	-1	-1	-1	0
722	773	774	2	-1	-1	-1	0
774	775	722	2	-1	-1	-1	0
723	772	776	2	-1	-1	-1	0
740	793	739	2	-1	-1	-1	0
757	731	786	2	-1	-1	-1	0
777	723	776	2	-1	-1	-1	0
729	784	764	2	-1	-1	-1	0
741	795	742	2	-1	-1	-1	0
728	777	779	2	-1	-1	-1	0
726	781	778	2	-1	-1	-1	0
781	726	780	2	-1	-1	-1	0
782	727	779	2	-1	-1	-1	0
744	746	798	2	-1	-1	-1	0
795	741	752	2	-1	-1	-1	0
782	780	727	2	-1	-1	-1	0
799	746	745	2	-1	-1	-1	0
799	745	748	0	-1	-1	-1	0
751	744	798	2	-1	-1	-1	0
748	747	801	0	-1	-1	-1	0
729	783	784	2	0	-1	-1	0
749	801	747	0	-1	-1	-1	0
731	785	786	2	-1	-1	-1	0
804	749	750	2	-1	-1	-1	0
785	732	787	2	-1	-1	-1	0
788	787	733	2	-1	-1	-1	0
805	753	751	2	-1	-1	-1	0
806	752	753	2	-1	-1	-1	0
784	766	764	2	-1	-1	-1	0
789	790	736	2	-1	-1	-1	0
808	755	754	2	-1	-1	-1	0
788	738	791	2	-1	-1	-1	0
754	757	808	2	-1	-1	-1	0
756	755	809	2	-1	-1	-1	0
804	750	767	2	-1	-1	-1	0
739	792	791	2	-1	-1	-1	0
790	794	740	2	-1	-1	-1	0
739	793	792	2	-1	-1	-1	0
758	756	810	2	-1	-1	-1	0
794	793	740	2	-1	-1	-1	0
797	789	742	2	-1	-1	-1	0
759	758	812	2	-1	-1	-1	0
796	742	795	2	-1	-1	-1	0
759	813	762	2	-1	-1	-1	0
742	796	797	2	-1	-1	-1	0
815	761	760	2	-1	-1	-1	0
760	762	814	2	-1	-1	-1	0
768	804	767	2	-1	-1	-1	0
763	761	816	2	-1	-1	-1	0
798	746	800	2	-1	-1	-1	0
800	746	799	2	-1	-1	-1	0
769	763	816	2	-1	-1	-1	0
748	802	799	0	-1	-1	-1	0
818	765	766	2	-1	-1	-1	0
808	757	786	2	-1	-1	-1	0
748	801	802	0	-1	-1	-1	0
768	765	818	2	-1	-1	-1	0
803	801	749	0	-1	-1	-1	0
795	752	806	2	-1	-1	-1	0
805	751	798	2	-1	-1	-1	0
804	803	749	2	-1	-1	-1	0
823	770	769	2	-1	-1	-1	0
807	753	805	2	-1	-1	-1	0
771	770	824	2	-1	-1	-1	0
753	807	806	2	-1	-1	-1	0
771	824	773	2	-1	-1	-1	0
766	784	819	2	-1	-1	-1	0
825	772	775	2	-1	-1	-1	0
808	809	755	2	-1	-1	-1	0
772	825	776	2	-1	-1	-1	0
826	774	773	2	-1	-1	-1	0
811	756	809	2	-1	-1	-1	0
790	789	797	2	-1	-1	-1	0
775	774	828	2	-1	-1	-1	0
756	811	810	2	-1	-1	-1	0
812	758	810	2	-1	-1	-1	0
813	759	812	2	-1	-1	-1	0
777	776	831	2	-1	-1	-1	0
832	779	777	2	-1	-1	-1	0
762	813	814	2	-1	-1	-1	0
760	814	815	2	-1	-1	-1	0
833	778	781	2	0	-1	-1	0
779	832	782	2	-1	-1	-1	0
761	815	817	2	-1	-1	-1	0
768	821	804	2	-1	-1	-1	0
761	817	816	2	-1	-1	-1	0
834	781	780	2	-1	-1	-1	0
780	782	834	2	-1	-1	-1	0
766	819	818	2	-1	-1	-1	0
783	837	784	2	0	-1	-1	0
768	818	820	2	-1	-1	-1	0
822	769	816	2	-1	-1	-1	0
820	821	768	2	-1	-1	-1	0
839	786	785	2	-1	-1	-1	0
787	840	785	2	-1	-1	-1	0
823	769	822	2	-1	-1	-1	0
787	788	840	2	-1	-1	-1	0
823	824	770	2	-1	-1	-1	0
843	788	791	2	-1	-1	-1	0
824	827	773	2	-1	-1	-1	0
843	791	792	2	-1	-1	-1	0
826	773	827	2	-1	-1	-1	0
794	790	844	2	-1	-1	-1	0
821	803	804	2	-1	-1	-1	0
774	826	829	2	-1	-1	-1	0
845	792	793	2	-1	-1	-1	0
825	775	830	2	-1	-1	-1	0
774	829	828	2	-1	-1	-1	0
844	790	797	2	-1	-1	-1	0
776	825	831	2	-1	-1	-1	0
775	828	830	2	-1	-1	-1	0
848	793	794	2	-1	-1	-1	0
841	808	786	2	-1	-1	-1	0
777	831	832	2	-1	-1	-1	0
849	796	795	2	-1	-1	-1	0
784	838	819	2	-1	-1	-1	0
851	797	796	2	-1	-1	-1	0
781	835	833	2	-1	-1	-1	0
782	832	836	2	-1	-1	-1	0
798	800	852	2	-1	-1	-1	0
781	834	835	2	-1	-1	-1	0
806	850	795	2	-1	-1	-1	0
836	834	782	2	-1	-1	-1	0
800	799	854	2	-1	-1	-1	0
852	805	798	2	-1	-1	-1	0
802	855	799	0	-1	-1	-1	0
837	838	784	2	-1	-1	-1	0
801	857	802	0	-1	-1	-1	0
857	801	803	0	-1	-1	-1	0
840	839	785	2	-1	-1	-1	0
839	841	786	2	-1	-1	-1	0
788	842	840	2	-1	-1	-1	0
859	807	805	2	-1	-1	-1	0
860	806	807	2	-1	-1	-1	0
843	842	788	2	-1	-1	-1	0
824	823	827	2	-1	-1	-1	0
808	862	809	2	-1	-1	-1	0
792	846	843	2	-1	-1	-1	0
811	809	862	2	-1	-1	-1	0
821	858	803	2	-1	-1	-1	0
846	792	845	2	-1	-1	-1	0
863	810	811	2	-1	-1	-1	0
793	847	845	2	-1	-1	-1	0
863	812	810	2	-1	-1	-1	0
848	794	844	2	-1	-1	-1	0
863	813	812	2	-1	-1	-1	0
848	847	793	2	-1	-1	-1	0
797	851	844	2	-1	-1	-1	0
814	813	865	2	-1	-1	-1	0
849	795	850	2	-1	-1	-1	0
851	796	849	2	-1	-1	-1	0
814	868	815	2	-1	-1	-1	0
815	869	817	2	-1	-1	-1	0
816	817	870	2	-1	-1	-1	0
853	854	799	2	-1	-1	-1	0
799	855	853	0	-1	-1	-1	0
856	852	800	2	-1	-1	-1	0
816	870	822	2	-1	-1	-1	0
818	819	872	2	-1	-1	-1	0
856	800	854	2	-1	-1	-1	0
820	818	873	2	-1	-1	-1	0
841	862	808	2	-1	-1	-1	0
855	802	857	0	-1	-1	-1	0
850	806	860	2	-1	-1	-1	0
821	820	875	2	-1	-1	-1	0
805	852	859	2	-1	-1	-1	0
857	803	858	0	-1	-1	-1	0
823	822	877	2	-1	-1	-1	0
859	861	807	2	-1	-1	-1	0
861	860	807	2	-1	-1	-1	0
823	878	827	2	-1	-1	-1	0
819	838	872	2	-1	-1	-1	0
880	826	827	2	-1	-1	-1	0
879	825	830	2	-1	-1	-1	0
829	826	880	2	-1	-1	-1	0
825	879	831	2	-1	-1	-1	0
862	864	811	2	-1	-1	-1	0
811	864	863	2	-1	-1	-1	0
829	881	828	2	-1	-1	-1	0
830	828	882	2	-1	-1	-1	0
863	867	813	2	-1	-1	-1	0
865	813	866	2	-1	-1	-1	0
813	867	866	2	-1	-1	-1	0
865	868	814	2	-1	-1	-1	0
831	886	832	2	-1	-1	-1	0
868	869	815	2	-1	-1	-1	0
886	836	832	2	-1	-1	-1	0
821	876	858	2	-1	-1	-1	0
888	833	835	2	0	-1	-1	0
817	869	871	2	-1	-1	-1	0
870	817	871	2	-1	-1	-1	0
834	889	835	2	-1	-1	-1	0
834	836	890	2	-1	-1	-1	0
818	872	873	2	-1	-1	-1	0
873	874	820	2	-1	-1	-1	0
838	837	893	2	-1	0	-1	0
820	874	875	2	-1	-1	-1	0
877	822	870	2	-1	-1	-1	0
876	821	875	2	-1	-1	-1	0
839	840	896	2	-1	-1	-1	0
841	839	895	2	-1	-1	-1	0
878	823	877	2	-1	-1	-1	0
840	842	897	2	-1	-1	-1	0
899	842	843	2	-1	-1	-1	0
878	880	827	2	-1	-1	-1	0
900	843	846	2	-1	-1	-1	0
882	828	881	2	-1	-1	-1	0
876	857	858	0	-1	-1	-1	0
829	880	884	2	-1	-1	-1	0
881	829	883	2	-1	-1	-1	0
901	848	844	2	-1	-1	-1	0
846	845	902	2	-1	-1	-1	0
879	830	885	2	-1	-1	-1	0
847	902	845	2	-1	-1	-1	0
864	867	863	2	-1	-1	-1	0
844	851	901	2	-1	-1	-1	0
883	829	884	2	-1	-1	-1	0
882	885	830	2	-1	-1	-1	0
887	831	879	2	-1	-1	-1	0
848	904	847	2	-1	-1	-1	0
862	841	898	2	-1	-1	-1	0
831	887	886	2	-1	-1	-1	0
838	894	872	2	-1	-1	-1	0
850	906	849	2	-1	-1	-1	0
906	851	849	2	-1	-1	-1	0
889	888	835	2	-1	-1	-1	0
834	890	889	2	-1	-1	-1	0
892	836	886	2	-1	-1	-1	0
856	909	852	2	-1	-1	-1	0
836	891	890	2	-1	-1	-1	0
860	907	850	2	-1	-1	-1	0
910	853	855	0	-1	-1	-1	0
853	911	854	2	-1	-1	-1	0
836	892	891	2	-1	-1	-1	0
909	859	852	2	-1	-1	-1	0
854	911	856	2	-1	-1	-1	0
855	857	912	0	-1	-1	-1	0
894	838	893	2	-1	-1	-1	0
895	839	896	2	-1	-1	-1	0
840	897	896	2	-1	-1	-1	0
898	841	895	2	-1	-1	-1	0
861	859	916	2	-1	-1	-1	0
897	842	899	2	-1	-1	-1	0
861	917	860	2	-1	-1	-1	0
872	894	873	2	-1	-1	-1	0
900	899	843	2	-1	-1	-1	0
857	876	912	0	-1	-1	-1	0
921	864	862	2	-1	-1	-1	0
903	900	846	2	-1	-1	-1	0
902	903	846	2	-1	-1	-1	0
901	904	848	2	-1	-1	-1	0
867	864	922	2	-1	-1	-1	0
847	905	902	2	-1	-1	-1	0
866	924	865	2	-1	-1	-1	0
847	904	905	2	-1	-1	-1	0
865	923	868	2	-1	-1	-1	0
867	926	866	2	-1	-1	-1	0
851	908	901	2	-1	-1	-1	0
907	906	850	2	-1	-1	-1	0
868	927	869	2	-1	-1	-1	0
892	886	887	2	-1	-1	-1	0
851	906	908	2	-1	-1	-1	0
869	927	871	2	-1	-1	-1	0
871	930	870	2	-1	-1	-1	0
910	911	853	2	-1	-1	-1	0
870	929	877	2	-1	-1	-1	0
913	910	855	0	-1	-1	-1	0
932	874	873	2	-1	-1	-1	0
912	913	855	0	-1	-1	-1	0
920	862	898	2	-1	-1	-1	0
915	909	856	2	-1	-1	-1	0
911	914	856	2	-1	-1	-1	0
875	874	933	2	-1	-1	-1	0
916	859	909	2	-1	-1	-1	0
907	860	917	2	-1	-1	-1	0
914	915	856	2	-1	-1	-1	0
876	875	935	2	-1	-1	-1	0
936	878	877	2	-1	-1	-1	0
936	880	878	2	-1	-1	-1	0
861	916	918	2	-1	-1	-1	0
919	917	861	2	-1	-1	-1	0
919	861	918	2	-1	-1	-1	0
873	894	931	2	-1	-1	-1	0
936	884	880	2	-1	-1	-1	0
862	920	921	2	-1	-1	-1	0
882	881	940	2	-1	-1	-1	0
885	939	879	2	-1	-1	-1	0
879	938	887	2	-1	-1	-1	0
881	883	940	2	-1	-1	-1	0
864	921	922	2	-1	-1	-1	0
882	941	885	2	-1	-1	-1	0
883	884	942	2	-1	-1	-1	0
924	923	865	2	-1	-1	-1	0
924	866	925	2	-1	-1	-1	0
926	867	922	2	-1	-1	-1	0
926	925	866	2	-1	-1	-1	0
868	923	928	2	-1	-1	-1	0
927	868	928	2	-1	-1	-1	0
889	946	888	2	-1	0	-1	0
876	935	912	0	-1	-1	-1	0
945	892	887	2	-1	-1	-1	0
890	947	889	2	-1	-1	-1	0
871	927	930	2	-1	-1	-1	0
870	930	929	2	-1	-1	-1	0
891	948	890	2	-1	-1	-1	0
949	891	892	2	-1	-1	-1	0
931	932	873	2	-1	-1	-1	0
893	951	894	2	0	-1	-1	0
933	874	932	2	-1	-1	-1	0
915	916	909	2	-1	-1	-1	0
875	933	934	2	-1	-1	-1	0
929	937	877	2	-1	-1	-1	0
934	935	875	2	-1	-1	-1	0
895	896	953	2	-1	-1	-1	0
954	898	895	2	-1	-1	-1	0
955	896	897	2	-1	-1	-1	0
937	936	877	2	-1	-1	-1	0
955	897	899	2	-1	-1	-1	0
899	900	956	2	-1	-1	-1	0
879	939	938	2	-1	-1	-1	0
903	956	900	2	-1	-1	-1	0
904	901	958	2	-1	-1	-1	0
941	882	940	2	-1	-1	-1	0
936	944	884	2	-1	-1	-1	0
939	885	941	2	-1	-1	-1	0
943	940	883	2	-1	-1	-1	0
902	961	903	2	-1	-1	-1	0
904	958	905	2	-1	-1	-1	0
960	902	905	2	-1	-1	-1	0
901	908	959	2	-1	-1	-1	0
943	883	942	2	-1	-1	-1	0
944	942	884	2	-1	-1	-1	0
945	887	938	2	-1	-1	-1	0
954	920	898	2	-1	-1	-1	0
952	931	894	2	-1	-1	-1	0
907	965	906	2	-1	-1	-1	0
966	908	906	2	-1	-1	-1	0
947	946	889	2	-1	-1	-1	0
948	947	890	2	-1	-1	-1	0
892	945	949	2	-1	-1	-1	0
950	948	891	2	-1	-1	-1	0
910	968	911	2	-1	-1	-1	0
891	949	950	2	-1	-1	-1	0
967	907	917	2	-1	-1	-1	0
910	913	968	0	-1	-1	-1	0
914	911	969	2	-1	-1	-1	0
913	912	970	0	-1	-1	-1	0
894	951	952	2	-1	-1	-1	0
914	973	915	2	-1	-1	-1	0
953	954	895	2	-1	-1	-1	0
955	953	896	2	-1	-1	-1	0
974	916	915	2	-1	-1	-1	0
918	916	974	2	-1	-1	-1	0
955	899	957	2	-1	-1	-1	0
975	917	919	2	-1	-1	-1	0
899	956	957	2	-1	-1	-1	0
919	918	976	2	-1	-1	-1	0
936	937	944	2	-1	-1	-1	0
970	912	935	0	-1	-1	-1	0
901	959	958	2	-1	-1	-1	0
920	978	921	2	-1	-1	-1	0
956	903	962	2	-1	-1	-1	0
921	979	922	2	-1	-1	-1	0
960	961	902	2	-1	-1	-1	0
903	961	962	2	-1	-1	-1	0
905	958	964	2	-1	-1	-1	0
905	963	960	2	-1	-1	-1	0
922	980	926	2	-1	-1	-1	0
923	924	981	2	-1	-1	-1	0
982	924	925	2	-1	-1	-1	0
963	905	964	2	-1	-1	-1	0
928	923	981	2	-1	-1	-1	0
959	908	966	2	-1	-1	-1	0
984	925	926	2	-1	-1	-1	0
966	906	965	2	-1	-1	-1	0
965	907	967	2	-1	-1	-1	0
928	985	927	2	-1	-1	-1	0
930	927	985	2	-1	-1	-1	0
929	930	987	2	-1	-1	-1	0
911	968	969	2	-1	-1	-1	0
932	931	989	2	-1	-1	-1	0
913	971	968	0	-1	-1	-1	0
954	978	920	2	-1	-1	-1	0
929	988	937	2	-1	-1	-1	0
971	913	970	0	-1	-1	-1	0
969	972	914	2	-1	-1	-1	0
933	932	990	2	-1	-1	-1	0
933	991	934	2	-1	-1	-1	0
914	972	973	2	-1	-1	-1	0
975	967	917	2	-1	-1	-1	0
992	935	934	2	-1	-1	-1	0
973	974	915	2	-1	-1	-1	0
976	918	974	2	-1	-1	-1	0
975	919	977	2	-1	-1	-1	0
976	977	919	2	-1	-1	-1	0
989	931	952	2	-1	-1	-1	0
995	938	939	2	-1	-1	-1	0
994	944	937	2	-1	-1	-1	0
939	941	996	2	-1	-1	-1	0
940	997	941	2	-1	-1	-1	0
995	945	938	2	-1	-1	-1	0
979	921	978	2	-1	-1	-1	0
942	944	994	2	-1	-1	-1	0
940	943	997	2	-1	-1	-1	0
979	980	922	2	-1	-1	-1	0
999	943	942	2	-1	-1	-1	0
981	924	983	2	-1	-1	-1	0
924	982	983	2	-1	-1	-1	0
984	926	980	2	-1	-1	-1	0
925	984	982	2	-1	-1	-1	0
928	981	986	2	-1	-1	-1	0
949	945	1002	2	-1	-1	-1	0
1004	946	947	2	0	-1	-1	0
992	970	935	0	-1	-1	-1	0
986	985	928	2	-1	-1	-1	0
947	948	1005	2	-1	-1	-1	0
985	987	930	2	-1	-1	-1	0
1005	948	950	2	-1	-1	-1	0
987	988	929	2	-1	-1	-1	0
950	949	1006	2	-1	-1	-1	0
989	990	932	2	-1	-1	-1	0
1008	952	951	2	-1	-1	0	0
990	991	933	2	-1	-1	-1	0
992	934	991	2	-1	-1	-1	0
954	953	1010	2	-1	-1	-1	0
993	937	988	2	-1	-1	-1	0
955	1010	953	2	-1	-1	-1	0
955	957	1012	2	-1	-1	-1	0
937	993	994	2	-1	-1	-1	0
1013	957	956	2	-1	-1	-1	0
996	995	939	2	-1	-1	-1	0
956	962	1013	2	-1	-1	-1	0
958	959	1015	2	-1	-1	-1	0
998	996	941	2	-1	-1	-1	0
994	999	942	2	-1	-1	-1	0
998	941	997	2	-1	-1	-1	0
1015	964	958	2	-1	-1	-1	0
961	960	1017	2	-1	-1	-1	0
1017	960	963	2	-1	-1	-1	0
962	961	1018	2	-1	-1	-1	0
1001	997	943	2	-1	-1	-1	0
959	966	1016	2	-1	-1	-1	0
943	999	1000	2	-1	-1	-1	0
954	1011	978	2	-1	-1	-1	0
995	1003	945	2	-1	-1	-1	0
1000	1001	943	2	-1	-1	-1	0
963	964	1021	2	-1	-1	-1	0
1009	989	952	2	-1	-1	-1	0
981	983	986	2	-1	-1	-1	0
945	1003	1002	2	-1	-1	-1	0
965	1023	966	2	-1	-1	-1	0
1023	965	967	2	-1	-1	-1	0
1005	1004	947	2	-1	-1	-1	0
949	1002	1006	2	-1	-1	-1	0
1005	950	1007	2	-1	-1	-1	0
950	1006	1007	2	-1	-1	-1	0
1026	969	968	2	-1	-1	-1	0
968	971	1026	0	-1	-1	-1	0
1025	967	975	2	-1	-1	-1	0
1027	972	969	2	-1	-1	-1	0
952	1008	1009	2	-1	-1	-1	0
1028	971	970	0	-1	-1	-1	0
1010	1011	954	2	-1	-1	-1	0
1012	1010	955	2	-1	-1	-1	0
1032	973	972	2	-1	-1	-1	0
974	973	1033	2	-1	-1	-1	0
1012	957	1014	2	-1	-1	-1	0
1033	976	974	2	-1	-1	-1	0
1014	957	1013	2	-1	-1	-1	0
975	977	1035	2	-1	-1	-1	0
970	992	1028	0	-1	-1	-1	0
959	1016	1015	2	-1	-1	-1	0
977	976	1037	2	-1	-1	-1	0
962	1019	1013	2	-1	-1	-1	0
978	1038	979	2	-1	-1	-1	0
997	1001	998	2	-1	-1	-1	0
1018	961	1017	2	-1	-1	-1	0
1040	980	979	2	-1	-1	-1	0
962	1018	1019	2	-1	-1	-1	0
1017	963	1020	2	-1	-1	-1	0
964	1015	1022	2	-1	-1	-1	0
984	980	1040	2	-1	-1	-1	0
963	1021	1020	2	-1	-1	-1	0
966	1024	1016	2	-1	-1	-1	0
1022	1021	964	2	-1	-1	-1	0
1042	983	982	2	-1	-1	-1	0
1041	982	984	2	-1	-1	-1	0
986	983	1044	2	-1	-1	-1	0
1023	1024	966	2	-1	-1	-1	0
967	1025	1023	2	-1	-1	-1	0
985	986	1046	2	-1	-1	-1	0
987	985	1047	2	-1	-1	-1	0
988	987	1047	2	-1	-1	-1	0
969	1026	1027	2	-1	-1	-1	0
978	1011	1038	2	-1	-1	-1	0
971	1030	1026	0	-1	-1	-1	0
971	1028	1029	0	-1	-1	-1	0
990	989	1049	2	-1	-1	-1	0
993	988	1048	2	-1	-1	-1	0
971	1029	1030	0	-1	-1	-1	0
1027	1031	972	2	-1	-1	-1	0
1051	991	990	2	-1	-1	-1	0
1034	1025	975	2	-1	-1	-1	0
992	991	1052	2	-1	-1	-1	0
1031	1032	972	2	-1	-1	-1	0
973	1032	1033	2	-1	-1	-1	0
994	993	1053	2	-1	-1	-1	0
1034	975	1036	2	-1	-1	-1	0
1033	1037	976	2	-1	-1	-1	0
1035	1036	975	2	-1	-1	-1	0
995	996	1056	2	-1	-1	-1	0
1049	989	1009	2	-1	-1	-1	0
1055	999	994	2	-1	-1	-1	0
1035	977	1037	2	-1	-1	-1	0
996	998	1056	2	-1	-1	-1	0
1003	995	1056	2	-1	-1	-1	0
1057	998	1001	2	-1	-1	-1	0
1039	979	1038	2	-1	-1	-1	0
1000	999	1058	2	-1	-1	-1	0
1040	979	1039	2	-1	-1	-1	0
1001	1000	1059	2	-1	-1	-1	0
982	1041	1042	2	-1	-1	-1	0
1003	1061	1002	2	-1	-1	-1	0
1043	983	1042	2	-1	-1	-1	0
1002	1061	1006	2	-1	-1	-1	0
1040	1045	984	2	-1	-1	-1	0
1043	1044	983	2	-1	-1	-1	0
1041	984	1045	2	-1	-1	-1	0
992	1052	1028	0	-1	-1	-1	0
1064	1004	1005	2	0	-1	-1	0
1044	1046	986	2	-1	-1	-1	0
1005	1007	1065	2	-1	-1	-1	0
985	1046	1047	2	-1	-1	-1	0
1007	1006	1066	2	-1	-1	-1	0
1048	988	1047	2	-1	-1	-1	0
1027	1026	1030	2	-1	-1	-1	0
1008	1069	1009	2	0	-1	-1	0
990	1049	1050	2	-1	-1	-1	0
1050	1051	990	2	-1	-1	-1	0
1011	1010	1071	2	-1	-1	-1	0
1071	1010	1012	2	-1	-1	-1	0
1051	1052	991	2	-1	-1	-1	0
993	1048	1054	2	-1	-1	-1	0
1014	1071	1012	2	-1	-1	-1	0
1053	993	1054	2	-1	-1	-1	0
1014	1013	1074	2	-1	-1	-1	0
994	1053	1055	2	-1	-1	-1	0
1019	1073	1013	2	-1	-1	-1	0
1016	1076	1015	2	-1	-1	-1	0
1057	1056	998	2	-1	-1	-1	0
1055	1058	999	2	-1	-1	-1	0
1017	1077	1018	2	-1	-1	-1	0
1022	1015	1076	2	-1	-1	-1	0
1020	1077	1017	2	-1	-1	-1	0
1019	1018	1078	2	-1	-1	-1	0
1024	1076	1016	2	-1	-1	-1	0
1057	1001	1059	2	-1	-1	-1	0
1060	1000	1058	2	-1	-1	-1	0
1060	1059	1000	2	-1	-1	-1	0
1080	1020	1021	2	-1	-1	-1	0
1038	1011	1072	2	-1	-1	-1	0
1056	1063	1003	2	-1	-1	-1	0
1021	1022	1081	2	-1	-1	-1	0
1062	1061	1003	2	-1	-1	-1	0
1062	1003	1063	2	-1	-1	-1	0
1070	1049	1009	2	-1	-1	-1	0
1024	1023	1083	2	-1	-1	-1	0
1025	1084	1023	2	-1	-1	-1	0
1065	1064	1005	2	-1	-1	-1	0
1006	1061	1067	2	-1	-1	-1	0
1066	1006	1067	2	-1	-1	-1	0
1068	1065	1007	2	-1	-1	-1	0
1066	1068	1007	2	-1	-1	-1	0
1089	1027	1030	2	-1	-1	-1	0
1034	1087	1025	2	-1	-1	-1	0
1031	1027	1088	2	-1	-1	-1	0
1090	1029	1028	0	-1	-1	-1	0
1070	1009	1069	2	-1	-1	-1	0
1030	1029	1092	0	-1	-1	-1	0
1071	1072	1011	2	-1	-1	-1	0
1031	1093	1032	2	-1	-1	-1	0
1036	1087	1034	2	-1	-1	-1	0
1013	1073	1074	2	-1	-1	-1	0
1014	1075	1071	2	-1	-1	-1	0
1095	1033	1032	2	-1	-1	-1	0
1014	1074	1075	2	-1	-1	-1	0
1037	1033	1095	2	-1	-1	-1	0
1095	1035	1037	2	-1	-1	-1	0
1096	1036	1035	2	-1	-1	-1	0
1019	1078	1073	2	-1	-1	-1	0
1028	1052	1090	0	-1	-1	-1	0
1018	1077	1079	2	-1	-1	-1	0
1079	1078	1018	2	-1	-1	-1	0
1056	1057	1063	2	-1	-1	-1	0
1020	1080	1077	2	-1	-1	-1	0
1038	1100	1039	2	-1	-1	-1	0
1039	1101	1040	2	-1	-1	-1	0
1022	1076	1082	2	-1	-1	-1	0
1080	1021	1081	2	-1	-1	-1	0
1081	1022	1082	2	-1	-1	-1	0
1085	1076	1024	2	-1	-1	-1	0
1042	1041	1103	2	-1	-1	-1	0
1102	1045	1040	2	-1	-1	-1	0
1041	1045	1103	2	-1	-1	-1	0
1084	1083	1023	2	-1	-1	-1	0
1043	1042	1105	2	-1	-1	-1	0
1024	1083	1086	2	-1	-1	-1	0
1044	1043	1106	2	-1	-1	-1	0
1085	1024	1086	2	-1	-1	-1	0
1087	1084	1025	2	-1	-1	-1	0
1107	1046	1044	2	-1	-1	-1	0
1047	1046	1107	2	-1	-1	-1	0
1107	1048	1047	2	-1	-1	-1	0
1089	1088	1027	2	-1	-1	-1	0
1111	1050	1049	2	-1	-1	-1	0
1100	1038	1072	2	-1	-1	-1	0
1048	1108	1054	2	-1	-1	-1	0
1090	1091	1029	0	-1	-1	-1	0
1089	1030	1092	2	-1	-1	-1	0
1088	1093	1031	2	-1	-1	-1	0
1029	1091	1092	0	-1	-1	-1	0
1112	1051	1050	2	-1	-1	-1	0
1052	1051	1115	2	-1	-1	-1	0
1094	1032	1093	2	-1	-1	-1	0
1095	1032	1094	2	-1	-1	-1	0
1099	1087	1036	2	-1	-1	-1	0
1053	1054	1116	2	-1	-1	-1	0
1053	1117	1055	2	-1	-1	-1	0
1035	1095	1096	2	-1	-1	-1	0
1049	1070	1111	2	-1	-1	-1	0
1058	1055	1117	2	-1	-1	-1	0
1096	1098	1036	2	-1	-1	-1	0
1098	1097	1036	2	-1	-1	-1	0
1099	1036	1097	2	-1	-1	-1	0
1121	1057	1059	2	-1	-1	-1	0
1122	1060	1058	2	-1	-1	-1	0
1101	1039	1100	2	-1	-1	-1	0
1063	1057	1121	2	-1	-1	-1	0
1059	1060	1123	2	-1	-1	-1	0
1102	1040	1101	2	-1	-1	-1	0
1076	1085	1082	2	-1	-1	-1	0
1125	1061	1062	2	-1	-1	-1	0
1103	1104	1042	2	-1	-1	-1	0
1042	1104	1105	2	-1	-1	-1	0
1127	1062	1063	2	-1	-1	-1	0
1086	1083	1084	2	-1	-1	-1	0
1061	1126	1067	2	-1	-1	-1	0
1105	1106	1043	2	-1	-1	-1	0
1110	1045	1102	2	-1	-1	-1	0
1103	1045	1109	2	-1	-1	-1	0
1115	1090	1052	0	-1	-1	-1	0
1106	1108	1044	2	-1	-1	-1	0
1064	1065	1129	2	-1	-1	0	0
1048	1107	1108	2	-1	-1	-1	0
1044	1108	1107	2	-1	-1	-1	0
1130	1065	1068	2	-1	-1	-1	0
1110	1109	1045	2	-1	-1	-1	0
1066	1131	1068	2	-1	-1	-1	0
1067	1132	1066	2	-1	-1	-1	0
1070	1069	1135	2	-1	0	-1	0
1111	1113	1050	2	-1	-1	-1	0
1113	1112	1050	2	-1	-1	-1	0
1051	1112	1114	2	-1	-1	-1	0
1115	1051	1114	2	-1	-1	-1	0
1071	1137	1072	2	-1	-1	-1	0
1120	1054	1108	2	-1	-1	-1	0
1071	1075	1137	2	-1	-1	-1	0
1074	1073	1139	2	-1	-1	-1	0
1118	1053	1116	2	-1	-1	-1	0
1118	1117	1053	2	-1	-1	-1	0
1054	1119	1116	2	-1	-1	-1	0
1141	1075	1074	2	-1	-1	-1	0
1140	1073	1078	2	-1	-1	-1	0
1120	1119	1054	2	-1	-1	-1	0
1117	1122	1058	2	-1	-1	-1	0
1142	1079	1077	2	-1	-1	-1	0
1080	1142	1077	2	-1	-1	-1	0
1079	1143	1078	2	-1	-1	-1	0
1123	1121	1059	2	-1	-1	-1	0
1124	1060	1122	2	-1	-1	-1	0
1081	1145	1080	2	-1	-1	-1	0
1123	1060	1124	2	-1	-1	-1	0
1081	1082	1147	2	-1	-1	-1	0
1100	1072	1138	2	-1	-1	-1	0
1126	1061	1125	2	-1	-1	-1	0
1063	1121	1128	2	-1	-1	-1	0
1062	1127	1125	2	-1	-1	-1	0
1136	1111	1070	2	-1	-1	-1	0
1082	1085	1150	2	-1	-1	-1	0
1063	1128	1127	2	-1	-1	-1	0
1085	1086	1150	2	-1	-1	-1	0
1084	1152	1086	2	-1	-1	-1	0
1084	1087	1151	2	-1	-1	-1	0
1129	1065	1130	2	-1	-1	-1	0
1126	1133	1067	2	-1	-1	-1	0
1131	1066	1132	2	-1	-1	-1	0
1132	1067	1133	2	-1	-1	-1	0
1155	1088	1089	2	-1	-1	-1	0
1068	1134	1130	2	-1	-1	-1	0
1068	1131	1134	2	-1	-1	-1	0
1106	1120	1108	2	-1	-1	-1	0
1154	1093	1088	2	-1	-1	-1	0
1151	1087	1099	2	-1	-1	-1	0
1092	1156	1089	2	-1	-1	-1	0
1157	1091	1090	0	-1	-1	-1	0
1070	1135	1136	2	-1	-1	-1	0
1091	1158	1092	0	-1	-1	-1	0
1159	1094	1093	2	-1	-1	-1	0
1137	1138	1072	2	-1	-1	-1	0
1094	1160	1095	2	-1	-1	-1	0
1095	1160	1096	2	-1	-1	-1	0
1140	1139	1073	2	-1	-1	-1	0
1075	1141	1137	2	-1	-1	-1	0
1119	1118	1116	2	-1	-1	-1	0
1074	1139	1141	2	-1	-1	-1	0
1096	1161	1098	2	-1	-1	-1	0
1098	1162	1097	2	-1	-1	-1	0
1122	1117	1118	2	-1	-1	-1	0
1099	1097	1162	2	-1	-1	-1	0
1140	1078	1143	2	-1	-1	-1	0
1090	1115	1157	0	-1	-1	-1	0
1142	1144	1079	2	-1	-1	-1	0
1079	1144	1143	2	-1	-1	-1	0
1167	1101	1100	2	-1	-1	-1	0
1080	1146	1142	2	-1	-1	-1	0
1080	1145	1146	2	-1	-1	-1	0
1169	1102	1101	2	-1	-1	-1	0
1145	1081	1148	2	-1	-1	-1	0
1148	1081	1147	2	-1	-1	-1	0
1170	1104	1103	2	-1	-1	-1	0
1149	1147	1082	2	-1	-1	-1	0
1171	1105	1104	2	-1	-1	-1	0
1082	1150	1149	2	-1	-1	-1	0
1110	1102	1169	2	-1	-1	-1	0
1103	1109	1170	2	-1	-1	-1	0
1105	1172	1106	2	-1	-1	-1	0
1084	1151	1152	2	-1	-1	-1	0
1153	1150	1086	2	-1	-1	-1	0
1086	1152	1153	2	-1	-1	-1	0
1110	1174	1109	2	-1	-1	-1	0
1088	1155	1154	2	-1	-1	-1	0
1120	1106	1173	2	-1	-1	-1	0
1089	1156	1155	2	-1	-1	-1	0
1113	1111	1177	2	-1	-1	-1	0
1178	1112	1113	2	-1	-1	-1	0
1114	1112	1178	2	-1	-1	-1	0
1092	1158	1156	2	-1	-1	-1	0
1154	1159	1093	2	-1	-1	-1	0
1100	1138	1168	2	-1	-1	-1	0
1158	1091	1157	0	-1	-1	-1	0
1114	1181	1115	2	-1	-1	-1	0
1159	1160	1094	2	-1	-1	-1	0
1099	1166	1151	2	-1	-1	-1	0
1096	1160	1161	2	-1	-1	-1	0
1119	1183	1118	2	-1	-1	-1	0
1163	1098	1161	2	-1	-1	-1	0
1098	1163	1162	2	-1	-1	-1	0
1118	1184	1122	2	-1	-1	-1	0
1119	1120	1185	2	-1	-1	-1	0
1136	1177	1111	2	-1	-1	-1	0
1162	1164	1099	2	-1	-1	-1	0
1164	1165	1099	2	-1	-1	-1	0
1165	1166	1099	2	-1	-1	-1	0
1123	1187	1121	2	-1	-1	-1	0
1168	1167	1100	2	-1	-1	-1	0
1189	1124	1122	2	-1	-1	-1	0
1123	1124	1190	2	-1	-1	-1	0
1121	1188	1128	2	-1	-1	-1	0
1167	1169	1101	2	-1	-1	-1	0
1126	1125	1193	2	-1	-1	-1	0
1125	1127	1192	2	-1	-1	-1	0
1104	1170	1171	2	-1	-1	-1	0
1192	1127	1128	2	-1	-1	-1	0
1172	1105	1171	2	-1	-1	-1	0
1172	1173	1106	2	-1	-1	-1	0
1133	1126	1194	2	-1	-1	-1	0
1181	1157	1115	0	-1	-1	-1	0
1175	1170	1109	2	-1	-1	-1	0
1129	1130	1196	2	-1	-1	0	0
1169	1176	1110	2	-1	-1	-1	0
1175	1109	1174	2	-1	-1	-1	0
1174	1110	1176	2	-1	-1	-1	0
1197	1130	1134	2	-1	-1	-1	0
1132	1198	1131	2	-1	-1	-1	0
1198	1134	1131	2	-1	-1	-1	0
1133	1199	1132	2	-1	-1	-1	0
1166	1152	1151	2	-1	-1	-1	0
1113	1177	1179	2	-1	-1	-1	0
1180	1178	1113	2	-1	-1	-1	0
1152	1166	1153	2	-1	-1	-1	0
1180	1113	1179	2	-1	-1	-1	0
1181	1114	1178	2	-1	-1	-1	0
1202	1136	1135	2	-1	-1	0	0
1137	1204	1138	2	-1	-1	-1	0
1120	1173	1186	2	-1	-1	-1	0
1161	1160	1159	2	-1	-1	-1	0
1137	1141	1204	2	-1	-1	-1	0
1183	1182	1118	2	-1	-1	-1	0
1184	1118	1182	2	-1	-1	-1	0
1140	1206	1139	2	-1	-1	-1	0
1139	1206	1141	2	-1	-1	-1	0
1119	1185	1183	2	-1	-1	-1	0
1143	1207	1140	2	-1	-1	-1	0
1186	1185	1120	2	-1	-1	-1	0
1189	1122	1184	2	-1	-1	-1	0
1209	1144	1142	2	-1	-1	-1	0
1187	1188	1121	2	-1	-1	-1	0
1209	1142	1146	2	-1	-1	-1	0
1210	1143	1144	2	-1	-1	-1	0
1187	1123	1190	2	-1	-1	-1	0
1211	1146	1145	2	-1	-1	-1	0
1148	1211	1145	2	-1	-1	-1	0
1189	1191	1124	2	-1	-1	-1	0
1124	1191	1190	2	-1	-1	-1	0
1147	1213	1148	2	-1	-1	-1	0
1149	1213	1147	2	-1	-1	-1	0
1125	1192	1193	2	-1	-1	-1	0
1205	1168	1138	2	-1	-1	-1	0
1195	1128	1188	2	-1	-1	-1	0
1193	1194	1126	2	-1	-1	-1	0
1150	1215	1149	2	-1	-1	-1	0
1195	1192	1128	2	-1	-1	-1	0
1136	1203	1177	2	-1	-1	-1	0
1150	1153	1216	2	-1	-1	-1	0
1196	1130	1197	2	-1	-1	-1	0
1200	1133	1194	2	-1	-1	-1	0
1155	1219	1154	2	-1	-1	-1	0
1198	1197	1134	2	-1	-1	-1	0
1132	1199	1198	2	-1	-1	-1	0
1219	1159	1154	2	-1	-1	-1	0
1156	1221	1155	2	-1	-1	-1	0
1133	1201	1199	2	-1	-1	-1	0
1133	1200	1201	2	-1	-1	-1	0
1158	1221	1156	2	-1	-1	-1	0
1153	1166	1218	2	-1	-1	-1	0
1158	1157	1223	0	-1	-1	-1	0
1202	1203	1136	2	-1	-1	-1	0
1161	1159	1225	2	-1	-1	-1	0
1205	1138	1204	2	-1	-1	-1	0
1218	1166	1165	2	-1	-1	-1	0
1226	1163	1161	2	-1	-1	-1	0
1206	1204	1141	2	-1	-1	-1	0
1163	1227	1162	2	-1	-1	-1	0
1228	1164	1162	2	-1	-1	-1	0
1208	1206	1140	2	-1	-1	-1	0
1140	1207	1208	2	-1	-1	-1	0
1230	1165	1164	2	-1	-1	-1	0
1143	1210	1207	2	-1	-1	-1	0
1157	1181	1222	0	-1	-1	-1	0
1209	1210	1144	2	-1	-1	-1	0
1209	1146	1212	2	-1	-1	-1	0
1168	1232	1167	2	-1	-1	-1	0
1211	1212	1146	2	-1	-1	-1	0
1169	1167	1233	2	-1	-1	-1	0
1148	1214	1211	2	-1	-1	-1	0
1214	1148	1213	2	-1	-1	-1	0
1149	1215	1213	2	-1	-1	-1	0
1237	1171	1170	2	-1	-1	-1	0
1195	1193	1192	2	-1	-1	-1	0
1172	1171	1238	2	-1	-1	-1	0
1169	1236	1176	2	-1	-1	-1	0
1215	1150	1216	2	-1	-1	-1	0
1175	1237	1170	2	-1	-1	-1	0
1238	1173	1172	2	-1	-1	-1	0
1216	1153	1217	2	-1	-1	-1	0
1153	1218	1217	2	-1	-1	-1	0
1241	1175	1174	2	-1	-1	-1	0
1174	1176	1241	2	-1	-1	-1	0
1220	1219	1155	2	-1	-1	-1	0
1155	1221	1220	2	-1	-1	-1	0
1186	1173	1239	2	-1	-1	-1	0
1177	1246	1179	2	-1	-1	-1	0
1222	1223	1157	0	-1	-1	-1	0
1159	1219	1225	2	-1	-1	-1	0
1221	1158	1224	2	-1	-1	-1	0
1247	1178	1180	2	-1	-1	-1	0
1223	1224	1158	0	-1	-1	-1	0
1234	1168	1205	2	-1	-1	-1	0
1181	1178	1248	2	-1	-1	-1	0
1249	1180	1179	2	-1	-1	-1	0
1226	1161	1225	2	-1	-1	-1	0
1231	1218	1165	2	-1	-1	-1	0
1251	1182	1183	2	-1	-1	-1	0
1228	1162	1227	2	-1	-1	-1	0
1251	1184	1182	2	-1	-1	-1	0
1226	1229	1163	2	-1	-1	-1	0
1163	1229	1227	2	-1	-1	-1	0
1185	1252	1183	2	-1	-1	-1	0
1230	1164	1228	2	-1	-1	-1	0
1186	1252	1185	2	-1	-1	-1	0
1165	1230	1231	2	-1	-1	-1	0
1246	1177	1203	2	-1	-1	-1	0
1253	1189	1184	2	-1	-1	-1	0
1233	1167	1232	2	-1	-1	-1	0
1258	1188	1187	2	-1	-1	-1	0
1190	1257	1187	2	-1	-1	-1	0
1232	1168	1235	2	-1	-1	-1	0
1212	1211	1214	2	-1	-1	-1	0
1168	1234	1235	2	-1	-1	-1	0
1233	1236	1169	2	-1	-1	-1	0
1189	1260	1191	2	-1	-1	-1	0
1259	1195	1188	2	-1	-1	-1	0
1190	1191	1261	2	-1	-1	-1	0
1171	1237	1238	2	-1	-1	-1	0
1193	1262	1194	2	-1	-1	-1	0
1238	1240	1173	2	-1	-1	-1	0
1263	1193	1195	2	-1	-1	-1	0
1248	1222	1181	0	-1	-1	-1	0
1240	1239	1173	2	-1	-1	-1	0
1175	1243	1237	2	-1	-1	-1	0
1262	1200	1194	2	-1	-1	-1	0
1236	1245	1176	2	-1	-1	-1	0
1197	1264	1196	2	-1	0	-1	0
1198	1265	1197	2	-1	-1	-1	0
1175	1242	1243	2	-1	-1	-1	0
1241	1244	1175	2	-1	-1	-1	0
1244	1242	1175	2	-1	-1	-1	0
1176	1245	1241	2	-1	-1	-1	0
1198	1199	1266	2	-1	-1	-1	0
1231	1217	1218	2	-1	-1	-1	0
1267	1199	1201	2	-1	-1	-1	0
1269	1201	1200	2	-1	-1	-1	0
1248	1178	1247	2	-1	-1	-1	0
1249	1179	1246	2	-1	-1	-1	0
1203	1202	1271	2	-1	0	-1	0
1250	1247	1180	2	-1	-1	-1	0
1180	1249	1250	2	-1	-1	-1	0
1186	1239	1256	2	-1	-1	-1	0
1274	1205	1204	2	-1	-1	-1	0
1274	1204	1206	2	-1	-1	-1	0
1252	1251	1183	2	-1	-1	-1	0
1208	1274	1206	2	-1	-1	-1	0
1254	1184	1251	2	-1	-1	-1	0
1184	1254	1253	2	-1	-1	-1	0
1208	1207	1276	2	-1	-1	-1	0
1210	1275	1207	2	-1	-1	-1	0
1252	1186	1255	2	-1	-1	-1	0
1256	1255	1186	2	-1	-1	-1	0
1210	1209	1279	2	-1	-1	-1	0
1280	1209	1212	2	-1	-1	-1	0
1187	1257	1258	2	-1	-1	-1	0
1260	1189	1253	2	-1	-1	-1	0
1258	1259	1188	2	-1	-1	-1	0
1214	1281	1212	2	-1	-1	-1	0
1190	1261	1257	2	-1	-1	-1	0
1214	1213	1282	2	-1	-1	-1	0
1213	1215	1282	2	-1	-1	-1	0
1261	1191	1260	2	-1	-1	-1	0
1205	1274	1234	2	-1	-1	-1	0
1284	1215	1216	2	-1	-1	-1	0
1259	1263	1195	2	-1	-1	-1	0
1263	1262	1193	2	-1	-1	-1	0
1217	1287	1216	2	-1	-1	-1	0
1273	1246	1203	2	-1	-1	-1	0
1264	1197	1265	2	-1	-1	-1	0
1220	1288	1219	2	-1	-1	-1	0
1198	1266	1265	2	-1	-1	-1	0
1220	1221	1289	2	-1	-1	-1	0
1200	1262	1268	2	-1	-1	-1	0
1288	1225	1219	2	-1	-1	-1	0
1266	1199	1267	2	-1	-1	-1	0
1287	1217	1231	2	-1	-1	-1	0
1239	1240	1256	2	-1	-1	-1	0
1224	1291	1221	2	-1	-1	-1	0
1292	1223	1222	0	-1	-1	-1	0
1269	1200	1268	2	-1	-1	-1	0
1267	1201	1270	2	-1	-1	-1	0
1224	1223	1292	0	-1	-1	-1	0
1201	1269	1270	2	-1	-1	-1	0
1225	1295	1226	2	-1	-1	-1	0
1203	1271	1272	2	-1	-1	-1	0
1273	1203	1272	2	-1	-1	-1	0
1297	1229	1226	2	-1	-1	-1	0
1298	1228	1227	2	-1	-1	-1	0
1298	1227	1229	2	-1	-1	-1	0
1230	1228	1300	2	-1	-1	-1	0
1251	1252	1255	2	-1	-1	-1	0
1276	1207	1275	2	-1	-1	-1	0
1274	1208	1277	2	-1	-1	-1	0
1276	1277	1208	2	-1	-1	-1	0
1248	1292	1222	0	-1	-1	-1	0
1301	1231	1230	2	-1	-1	-1	0
1275	1210	1279	2	-1	-1	-1	0
1278	1279	1209	2	-1	-1	-1	0
1209	1280	1278	2	-1	-1	-1	0
1233	1232	1303	2	-1	-1	-1	0
1235	1303	1232	2	-1	-1	-1	0
1233	1304	1236	2	-1	-1	-1	0
1281	1280	1212	2	-1	-1	-1	0
1305	1235	1234	2	-1	-1	-1	0
1214	1283	1281	2	-1	-1	-1	0
1214	1282	1283	2	-1	-1	-1	0
1285	1282	1215	2	-1	-1	-1	0
1237	1308	1238	2	-1	-1	-1	0
1284	1285	1215	2	-1	-1	-1	0
1234	1274	1277	2	-1	-1	-1	0
1308	1240	1238	2	-1	-1	-1	0
1286	1284	1216	2	-1	-1	-1	0
1236	1307	1245	2	-1	-1	-1	0
1237	1243	1308	2	-1	-1	-1	0
1216	1287	1286	2	-1	-1	-1	0
1244	1241	1311	2	-1	-1	-1	0
1245	1311	1241	2	-1	-1	-1	0
1243	1242	1312	2	-1	-1	-1	0
1290	1288	1220	2	-1	-1	-1	0
1290	1220	1289	2	-1	-1	-1	0
1313	1242	1244	2	-1	-1	-1	0
1291	1289	1221	2	-1	-1	-1	0
1256	1240	1309	2	-1	-1	-1	0
1224	1293	1291	2	-1	-1	-1	0
1225	1288	1296	2	-1	-1	-1	0
1292	1294	1224	0	-1	-1	-1	0
1224	1294	1293	0	-1	-1	-1	0
1246	1317	1249	2	-1	-1	-1	0
1319	1248	1247	2	-1	-1	-1	0
1247	1250	1318	2	-1	-1	-1	0
1295	1225	1296	2	-1	-1	-1	0
1277	1305	1234	2	-1	-1	-1	0
1226	1295	1297	2	-1	-1	-1	0
1301	1287	1231	2	-1	-1	-1	0
1249	1321	1250	2	-1	-1	-1	0
1298	1229	1297	2	-1	-1	-1	0
1299	1228	1298	2	-1	-1	-1	0
1228	1299	1300	2	-1	-1	-1	0
1322	1254	1251	2	-1	-1	-1	0
1255	1322	1251	2	-1	-1	-1	0
1253	1254	1323	2	-1	-1	-1	0
1300	1302	1230	2	-1	-1	-1	0
1230	1302	1301	2	-1	-1	-1	0
1255	1256	1325	2	-1	-1	-1	0
1246	1273	1317	2	-1	-1	-1	0
1323	1260	1253	2	-1	-1	-1	0
1303	1304	1233	2	-1	-1	-1	0
1257	1328	1258	2	-1	-1	-1	0
1303	1235	1306	2	-1	-1	-1	0
1261	1327	1257	2	-1	-1	-1	0
1305	1306	1235	2	-1	-1	-1	0
1329	1259	1258	2	-1	-1	-1	0
1307	1236	1304	2	-1	-1	-1	0
1285	1283	1282	2	-1	-1	-1	0
1331	1261	1260	2	-1	-1	-1	0
1308	1310	1240	2	-1	-1	-1	0
1259	1330	1263	2	-1	-1	-1	0
1310	1309	1240	2	-1	-1	-1	0
1263	1334	1262	2	-1	-1	-1	0
1248	1320	1292	0	-1	-1	-1	0
1308	1243	1310	2	-1	-1	-1	0
1334	1268	1262	2	-1	-1	-1	0
1264	1265	1336	2	-1	-1	0	0
1243	1312	1310	2	-1	-1	-1	0
1312	1242	1313	2	-1	-1	-1	0
1337	1265	1266	2	-1	-1	-1	0
1245	1307	1316	2	-1	-1	-1	0
1244	1311	1314	2	-1	-1	-1	0
1266	1267	1338	2	-1	-1	-1	0
1316	1311	1245	2	-1	-1	-1	0
1315	1313	1244	2	-1	-1	-1	0
1244	1314	1315	2	-1	-1	-1	0
1290	1296	1288	2	-1	-1	-1	0
1339	1267	1270	2	-1	-1	-1	0
1269	1268	1340	2	-1	-1	-1	0
1339	1270	1269	2	-1	-1	-1	0
1247	1318	1319	2	-1	-1	-1	0
1343	1272	1271	2	-1	-1	0	0
1319	1320	1248	0	-1	-1	-1	0
1321	1249	1317	2	-1	-1	-1	0
1321	1318	1250	2	-1	-1	-1	0
1272	1344	1273	2	-1	-1	-1	0
1326	1256	1309	2	-1	-1	-1	0
1346	1276	1275	2	-1	-1	-1	0
1324	1254	1322	2	-1	-1	-1	0
1324	1323	1254	2	-1	-1	-1	0
1347	1275	1279	2	-1	-1	-1	0
1276	1349	1277	2	-1	-1	-1	0
1325	1322	1255	2	-1	-1	-1	0
1292	1320	1294	0	-1	-1	-1	0
1256	1326	1325	2	-1	-1	-1	0
1279	1278	1352	2	-1	-1	-1	0
1278	1280	1351	2	-1	-1	-1	0
1327	1328	1257	2	-1	-1	-1	0
1280	1281	1353	2	-1	-1	-1	0
1260	1323	1331	2	-1	-1	-1	0
1329	1258	1328	2	-1	-1	-1	0
1329	1330	1259	2	-1	-1	-1	0
1283	1355	1281	2	-1	-1	-1	0
1261	1333	1327	2	-1	-1	-1	0
1283	1285	1355	2	-1	-1	-1	0
1331	1332	1261	2	-1	-1	-1	0
1356	1285	1284	2	-1	-1	-1	0
1356	1284	1286	2	-1	-1	-1	0
1261	1332	1333	2	-1	-1	-1	0
1263	1330	1335	2	-1	-1	-1	0
1287	1357	1286	2	-1	-1	-1	0
1349	1305	1277	2	-1	-1	-1	0
1263	1335	1334	2	-1	-1	-1	0
1273	1345	1317	2	-1	-1	-1	0
1337	1336	1265	2	-1	-1	-1	0
1289	1360	1290	2	-1	-1	-1	0
1361	1289	1291	2	-1	-1	-1	0
1337	1266	1338	2	-1	-1	-1	0
1268	1334	1341	2	-1	-1	-1	0
1267	1339	1338	2	-1	-1	-1	0
1287	1301	1359	2	-1	-1	-1	0
1293	1363	1291	2	-1	-1	-1	0
1296	1290	1362	2	-1	-1	-1	0
1340	1268	1341	2	-1	-1	-1	0
1269	1340	1342	2	-1	-1	-1	0
1293	1294	1363	0	-1	-1	-1	0
1296	1365	1295	2	-1	-1	-1	0
1339	1269	1342	2	-1	-1	-1	0
1295	1366	1297	2	-1	-1	-1	0
1272	1343	1344	2	-1	-1	-1	0
1302	1359	1301	2	-1	-1	-1	0
1297	1367	1298	2	-1	-1	-1	0
1344	1345	1273	2	-1	-1	-1	0
1299	1298	1369	2	-1	-1	-1	0
1346	1275	1347	2	-1	-1	-1	0
1299	1370	1300	2	-1	-1	-1	0
1276	1346	1348	2	-1	-1	-1	0
1302	1300	1370	2	-1	-1	-1	0
1276	1348	1350	2	-1	-1	-1	0
1276	1350	1349	2	-1	-1	-1	0
1364	1294	1320	0	-1	-1	-1	0
1279	1352	1347	2	-1	-1	-1	0
1352	1278	1351	2	-1	-1	-1	0
1303	1375	1304	2	-1	-1	-1	0
1280	1353	1351	2	-1	-1	-1	0
1303	1306	1376	2	-1	-1	-1	0
1307	1304	1375	2	-1	-1	-1	0
1281	1354	1353	2	-1	-1	-1	0
1377	1306	1305	2	-1	-1	-1	0
1281	1355	1354	2	-1	-1	-1	0
1355	1285	1356	2	-1	-1	-1	0
1309	1310	1379	2	-1	-1	-1	0
1356	1286	1358	2	-1	-1	-1	0
1316	1307	1378	2	-1	-1	-1	0
1286	1357	1358	2	-1	-1	-1	0
1312	1380	1310	2	-1	-1	-1	0
1359	1357	1287	2	-1	-1	-1	0
1314	1311	1382	2	-1	-1	-1	0
1313	1383	1312	2	-1	-1	-1	0
1316	1382	1311	2	-1	-1	-1	0
1360	1289	1361	2	-1	-1	-1	0
1362	1290	1360	2	-1	-1	-1	0
1326	1309	1379	2	-1	-1	-1	0
1313	1315	1386	2	-1	-1	-1	0
1363	1361	1291	2	-1	-1	-1	0
1315	1314	1387	2	-1	-1	-1	0
1364	1363	1294	0	-1	-1	-1	0
1365	1296	1362	2	-1	-1	-1	0
1366	1295	1365	2	-1	-1	-1	0
1317	1392	1321	2	-1	-1	-1	0
1366	1367	1297	2	-1	-1	-1	0
1318	1393	1319	2	-1	-1	-1	0
1377	1305	1349	2	-1	-1	-1	0
1372	1359	1302	2	-1	-1	-1	0
1321	1394	1318	2	-1	-1	-1	0
1298	1367	1368	2	-1	-1	-1	0
1395	1320	1319	0	-1	-1	-1	0
1369	1298	1368	2	-1	-1	-1	0
1370	1299	1369	2	-1	-1	-1	0
1302	1370	1371	2	-1	-1	-1	0
1397	1324	1322	2	-1	-1	-1	0
1397	1322	1325	2	-1	-1	-1	0
1371	1372	1302	2	-1	-1	-1	0
1323	1324	1398	2	-1	-1	-1	0
1373	1374	1303	2	-1	-1	-1	0
1376	1373	1303	2	-1	-1	-1	0
1303	1374	1375	2	-1	-1	-1	0
1326	1401	1325	2	-1	-1	-1	0
1323	1399	1331	2	-1	-1	-1	0
1392	1317	1345	2	-1	-1	-1	0
1403	1328	1327	2	-1	-1	-1	0
1376	1306	1377	2	-1	-1	-1	0
1403	1329	1328	2	-1	-1	-1	0
1307	1375	1378	2	-1	-1	-1	0
1327	1333	1403	2	-1	-1	-1	0
1404	1330	1329	2	-1	-1	-1	0
1332	1331	1405	2	-1	-1	-1	0
1335	1330	1404	2	-1	-1	-1	0
1379	1310	1381	2	-1	-1	-1	0
1310	1380	1381	2	-1	-1	-1	0
1406	1333	1332	2	-1	-1	-1	0
1383	1380	1312	2	-1	-1	-1	0
1335	1408	1334	2	-1	-1	-1	0
1395	1364	1320	0	-1	-1	-1	0
1384	1383	1313	2	-1	-1	-1	0
1313	1385	1384	2	-1	-1	-1	0
1408	1341	1334	2	-1	-1	-1	0
1337	1411	1336	2	-1	0	-1	0
1385	1313	1386	2	-1	-1	-1	0
1390	1316	1378	2	-1	-1	-1	0
1314	1382	1388	2	-1	-1	-1	0
1338	1412	1337	2	-1	-1	-1	0
1391	1382	1316	2	-1	-1	-1	0
1388	1387	1314	2	-1	-1	-1	0
1386	1315	1389	2	-1	-1	-1	0
1338	1339	1413	2	-1	-1	-1	0
1389	1315	1387	2	-1	-1	-1	0
1339	1342	1414	2	-1	-1	-1	0
1416	1340	1341	2	-1	-1	-1	0
1391	1316	1390	2	-1	-1	-1	0
1416	1342	1340	2	-1	-1	-1	0
1318	1394	1393	2	-1	-1	-1	0
1393	1395	1319	0	-1	-1	-1	0
1343	1420	1344	2	0	-1	-1	0
1326	1379	1402	2	-1	-1	-1	0
1321	1392	1396	2	-1	-1	-1	0
1345	1344	1421	2	-1	-1	-1	0
1321	1396	1394	2	-1	-1	-1	0
1422	1346	1347	2	-1	-1	-1	0
1348	1346	1422	2	-1	-1	-1	0
1323	1398	1399	2	-1	-1	-1	0
1324	1397	1400	2	-1	-1	-1	0
1350	1348	1424	2	-1	-1	-1	0
1423	1347	1352	2	-1	-1	-1	0
1400	1398	1324	2	-1	-1	-1	0
1401	1397	1325	2	-1	-1	-1	0
1350	1425	1349	2	-1	-1	-1	0
1401	1326	1402	2	-1	-1	-1	0
1352	1351	1427	2	-1	-1	-1	0
1353	1428	1351	2	-1	-1	-1	0
1354	1428	1353	2	-1	-1	-1	0
1331	1399	1405	2	-1	-1	-1	0
1404	1329	1403	2	-1	-1	-1	0
1355	1431	1354	2	-1	-1	-1	0
1403	1333	1407	2	-1	-1	-1	0
1356	1432	1355	2	-1	-1	-1	0
1332	1405	1406	2	-1	-1	-1	0
1333	1406	1407	2	-1	-1	-1	0
1356	1358	1433	2	-1	-1	-1	0
1335	1404	1409	2	-1	-1	-1	0
1435	1358	1357	2	-1	-1	-1	0
1357	1359	1434	2	-1	-1	-1	0
1349	1425	1377	2	-1	-1	-1	0
1410	1408	1335	2	-1	-1	-1	0
1335	1409	1410	2	-1	-1	-1	0
1392	1345	1421	2	-1	-1	-1	0
1361	1438	1360	2	-1	-1	-1	0
1337	1412	1411	2	-1	-1	-1	0
1439	1362	1360	2	-1	-1	-1	0
1412	1338	1413	2	-1	-1	-1	0
1361	1363	1440	2	-1	-1	-1	0
1417	1341	1408	2	-1	-1	-1	0
1413	1339	1415	2	-1	-1	-1	0
1414	1415	1339	2	-1	-1	-1	0
1359	1372	1437	2	-1	-1	-1	0
1365	1362	1442	2	-1	-1	-1	0
1364	1443	1363	0	-1	-1	-1	0
1342	1418	1414	2	-1	-1	-1	0
1341	1417	1416	2	-1	-1	-1	0
1366	1365	1445	2	-1	-1	-1	0
1416	1419	1342	2	-1	-1	-1	0
1419	1418	1342	2	-1	-1	-1	0
1366	1446	1367	2	-1	-1	-1	0
1367	1446	1368	2	-1	-1	-1	0
1369	1368	1447	2	-1	-1	-1	0
1421	1344	1420	2	-1	-1	-1	0
1370	1369	1449	2	-1	-1	-1	0
1423	1422	1347	2	-1	-1	-1	0
1371	1370	1451	2	-1	-1	-1	0
1422	1424	1348	2	-1	-1	-1	0
1372	1371	1452	2	-1	-1	-1	0
1426	1350	1424	2	-1	-1	-1	0
1350	1426	1425	2	-1	-1	-1	0
1373	1454	1374	2	-1	-1	-1	0
1395	1444	1364	0	-1	-1	-1	0
1429	1423	1352	2	-1	-1	-1	0
1456	1373	1376	2	-1	-1	-1	0
1428	1427	1351	2	-1	-1	-1	0
1374	1457	1375	2	-1	-1	-1	0
1427	1429	1352	2	-1	-1	-1	0
1457	1378	1375	2	-1	-1	-1	0
1377	1459	1376	2	-1	-1	-1	0
1428	1354	1430	2	-1	-1	-1	0
1404	1403	1407	2	-1	-1	-1	0
1431	1430	1354	2	-1	-1	-1	0
1431	1355	1432	2	-1	-1	-1	0
1432	1356	1433	2	-1	-1	-1	0
1381	1463	1379	2	-1	-1	-1	0
1381	1380	1464	2	-1	-1	-1	0
1357	1434	1435	2	-1	-1	-1	0
1436	1433	1358	2	-1	-1	-1	0
1383	1465	1380	2	-1	-1	-1	0
1435	1436	1358	2	-1	-1	-1	0
1437	1434	1359	2	-1	-1	-1	0
1378	1462	1390	2	-1	-1	-1	0
1383	1384	1468	2	-1	-1	-1	0
1410	1417	1408	2	-1	-1	-1	0
1467	1388	1382	2	-1	-1	-1	0
1439	1360	1438	2	-1	-1	-1	0
1469	1384	1385	2	-1	-1	-1	0
1391	1467	1382	2	-1	-1	-1	0
1438	1361	1441	2	-1	-1	-1	0
1441	1361	1440	2	-1	-1	-1	0
1386	1471	1385	1	-1	-1	-1	0
1439	1442	1362	2	-1	-1	-1	0
1463	1402	1379	2	-1	-1	-1	0
1440	1363	1443	2	-1	-1	-1	0
1386	1389	1473	1	-1	-1	-1	0
1387	1388	1474	2	-1	-1	-1	0
1474	1389	1387	2	-1	-1	-1	0
1443	1364	1444	0	-1	-1	-1	0
1365	1442	1445	2	-1	-1	-1	0
1446	1366	1445	2	-1	-1	-1	0
1477	1391	1390	2	-1	-1	-1	0
1453	1437	1372	2	-1	-1	-1	0
1446	1448	1368	2	-1	-1	-1	0
1377	1425	1461	2	-1	-1	-1	0
1368	1448	1447	2	-1	-1	-1	0
1369	1447	1450	2	-1	-1	-1	0
1450	1449	1369	2	-1	-1	-1	0
1392	1480	1396	2	-1	-1	-1	0
1394	1481	1393	2	-1	-1	-1	0
1481	1395	1393	0	-1	-1	-1	0
1451	1370	1449	2	-1	-1	-1	0
1394	1396	1483	2	-1	-1	-1	0
1452	1371	1451	2	-1	-1	-1	0
1453	1372	1452	2	-1	-1	-1	0
1455	1454	1373	2	-1	-1	-1	0
1397	1486	1400	2	-1	-1	-1	0
1456	1455	1373	2	-1	-1	-1	0
1399	1398	1487	2	-1	-1	-1	0
1486	1397	1401	2	-1	-1	-1	0
1374	1454	1458	2	-1	-1	-1	0
1488	1398	1400	2	-1	-1	-1	0
1457	1374	1458	2	-1	-1	-1	0
1479	1392	1421	2	-1	-1	-1	0
1456	1376	1460	2	-1	-1	-1	0
1399	1489	1405	2	-1	-1	-1	0
1376	1459	1460	2	-1	-1	-1	0
1401	1402	1492	2	-1	-1	-1	0
1459	1377	1461	2	-1	-1	-1	0
1457	1462	1378	2	-1	-1	-1	0
1404	1407	1493	2	-1	-1	-1	0
1406	1493	1407	2	-1	-1	-1	0
1404	1494	1409	2	-1	-1	-1	0
1496	1406	1405	2	-1	-1	-1	0
1380	1465	1464	2	-1	-1	-1	0
1466	1463	1381	2	-1	-1	-1	0
1466	1381	1464	2	-1	-1	-1	0
1426	1461	1425	2	-1	-1	-1	0
1465	1383	1468	2	-1	-1	-1	0
1498	1410	1409	2	-1	-1	-1	0
1384	1469	1468	2	-1	-1	-1	0
1395	1484	1444	0	-1	-1	-1	0
1412	1501	1411	2	-1	0	-1	0
1385	1470	1469	1	-1	-1	-1	0
1410	1499	1417	2	-1	-1	-1	0
1471	1470	1385	1	-1	-1	-1	0
1412	1413	1503	2	-1	-1	-1	0
1390	1462	1477	2	-1	-1	-1	0
1472	1471	1386	1	-1	-1	-1	0
1467	1475	1388	2	-1	-1	-1	0
1413	1415	1503	2	-1	-1	-1	0
1386	1473	1472	1	-1	-1	-1	0
1414	1505	1415	2	-1	-1	-1	0
1467	1391	1478	2	-1	-1	-1	0
1475	1474	1388	2	-1	-1	-1	0
1505	1414	1418	2	-1	-1	-1	0
1389	1476	1473	1	-1	-1	-1	0
1389	1474	1476	1	-1	-1	-1	0
1416	1417	1508	2	-1	-1	-1	0
1508	1419	1416	2	-1	-1	-1	0
1419	1509	1418	2	-1	-1	-1	0
1477	1478	1391	2	-1	-1	-1	0
1392	1479	1480	2	-1	-1	-1	0
1512	1421	1420	2	-1	-1	0	0
1402	1463	1492	2	-1	-1	-1	0
1394	1482	1481	2	-1	-1	-1	0
1513	1422	1423	2	-1	-1	-1	0
1482	1394	1483	2	-1	-1	-1	0
1513	1424	1422	2	-1	-1	-1	0
1481	1484	1395	0	-1	-1	-1	0
1396	1480	1485	2	-1	-1	-1	0
1396	1485	1483	2	-1	-1	-1	0
1424	1515	1426	2	-1	-1	-1	0
1429	1514	1423	2	-1	-1	-1	0
1398	1488	1487	2	-1	-1	-1	0
1399	1487	1489	2	-1	-1	-1	0
1520	1427	1428	2	-1	-1	-1	0
1519	1429	1427	2	-1	-1	-1	0
1400	1486	1490	2	-1	-1	-1	0
1400	1490	1488	2	-1	-1	-1	0
1401	1491	1486	2	-1	-1	-1	0
1521	1428	1430	2	-1	-1	-1	0
1431	1521	1430	2	-1	-1	-1	0
1492	1491	1401	2	-1	-1	-1	0
1431	1432	1522	2	-1	-1	-1	0
1432	1433	1524	2	-1	-1	-1	0
1489	1495	1405	2	-1	-1	-1	0
1404	1493	1494	2	-1	-1	-1	0
1524	1433	1436	2	-1	-1	-1	0
1435	1434	1525	2	-1	-1	-1	0
1405	1495	1496	2	-1	-1	-1	0
1497	1493	1406	2	-1	-1	-1	0
1525	1434	1437	2	-1	-1	-1	0
1526	1436	1435	2	-1	-1	-1	0
1497	1406	1496	2	-1	-1	-1	0
1494	1498	1409	2	-1	-1	-1	0
1461	1426	1517	2	-1	-1	-1	0
1528	1439	1438	2	-1	-1	-1	0
1528	1438	1441	2	-1	-1	-1	0
1498	1500	1410	2	-1	-1	-1	0
1410	1500	1499	2	-1	-1	-1	0
1529	1442	1439	2	-1	-1	-1	0
1440	1530	1441	2	-1	-1	-1	0
1512	1479	1421	2	-1	-1	-1	0
1443	1530	1440	2	-1	-1	-1	0
1501	1412	1502	2	-1	-1	-1	0
1525	1437	1453	2	-1	-1	-1	0
1412	1504	1502	2	-1	-1	-1	0
1504	1412	1503	2	-1	-1	-1	0
1475	1467	1478	2	-1	-1	-1	0
1533	1445	1442	2	-1	-1	-1	0
1534	1443	1444	0	-1	-1	-1	0
1466	1492	1463	2	-1	-1	-1	0
1417	1499	1508	2	-1	-1	-1	0
1415	1506	1503	2	-1	-1	-1	0
1445	1533	1446	2	-1	-1	-1	0
1415	1505	1507	2	-1	-1	-1	0
1448	1446	1533	2	-1	-1	-1	0
1415	1507	1506	2	-1	-1	-1	0
1537	1447	1448	2	-1	-1	-1	0
1505	1418	1510	2	-1	-1	-1	0
1447	1537	1450	2	-1	-1	-1	0
1538	1449	1450	2	-1	-1	-1	0
1509	1510	1418	2	-1	-1	-1	0
1508	1511	1419	2	-1	-1	-1	0
1538	1451	1449	2	-1	-1	-1	0
1509	1419	1511	2	-1	-1	-1	0
1541	1452	1451	2	-1	-1	-1	0
1452	1542	1453	2	-1	-1	-1	0
1482	1484	1481	0	-1	-1	-1	0
1514	1513	1423	2	-1	-1	-1	0
1424	1513	1516	2	-1	-1	-1	0
1455	1545	1454	2	-1	-1	-1	0
1516	1515	1424	2	-1	-1	-1	0
1545	1458	1454	2	-1	-1	-1	0
1515	1517	1426	2	-1	-1	-1	0
1456	1547	1455	1	-1	-1	-1	0
1514	1429	1519	2	-1	-1	-1	0
1548	1456	1460	1	-1	-1	-1	0
1444	1484	1536	0	-1	-1	-1	0
1457	1458	1549	2	-1	-1	-1	0
1427	1518	1519	2	-1	-1	-1	0
1520	1518	1427	2	-1	-1	-1	0
1549	1462	1457	2	-1	-1	-1	0
1428	1521	1520	2	-1	-1	-1	0
1551	1460	1459	2	-1	-1	-1	0
1459	1461	1551	2	-1	-1	-1	0
1523	1521	1431	2	-1	-1	-1	0
1523	1431	1522	2	-1	-1	-1	0
1522	1432	1524	2	-1	-1	-1	0
1555	1464	1465	2	-1	-1	-1	0
1466	1464	1555	2	-1	-1	-1	0
1525	1526	1435	2	-1	-1	-1	0
1527	1524	1436	2	-1	-1	-1	0
1526	1527	1436	2	-1	-1	-1	0
1558	1465	1468	2	-1	-1	-1	0
1554	1477	1462	2	-1	-1	-1	0
1558	1468	1469	2	-1	-1	-1	0
1528	1529	1439	2	-1	-1	-1	0
1531	1528	1441	2	-1	-1	-1	0
1469	1470	1562	1	-1	-1	-1	0
1536	1484	1482	0	-1	-1	-1	0
1530	1531	1441	2	-1	-1	-1	0
1442	1529	1532	2	-1	-1	-1	0
1471	1472	1564	1	-1	-1	-1	0
1471	1563	1470	1	-1	-1	-1	0
1443	1534	1530	2	-1	-1	-1	0
1532	1533	1442	2	-1	-1	-1	0
1554	1478	1477	1	-1	-1	-1	0
1473	1566	1472	1	-1	-1	-1	0
1506	1504	1503	2	-1	-1	-1	0
1534	1444	1535	0	-1	-1	-1	0
1444	1536	1535	0	-1	-1	-1	0
1567	1473	1476	1	-1	-1	-1	0
1475	1568	1474	1	-1	-1	-1	0
1537	1448	1533	2	-1	-1	-1	0
1568	1476	1474	1	-1	-1	-1	0
1561	1492	1466	2	-1	-1	-1	0
1453	1543	1525	2	-1	-1	-1	0
1569	1475	1478	1	-1	-1	-1	0
1537	1539	1450	2	-1	-1	-1	0
1450	1539	1538	2	-1	-1	-1	0
1538	1540	1451	2	-1	-1	-1	0
1571	1480	1479	2	-1	-1	-1	0
1461	1517	1553	2	-1	-1	-1	0
1451	1540	1541	2	-1	-1	-1	0
1542	1452	1541	2	-1	-1	-1	0
1485	1480	1573	2	-1	-1	-1	0
1483	1574	1482	2	-1	-1	-1	0
1542	1544	1453	2	-1	-1	-1	0
1543	1453	1544	2	-1	-1	-1	0
1513	1514	1516	2	-1	-1	-1	0
1575	1483	1485	2	-1	-1	-1	0
1561	1491	1492	2	-1	-1	-1	0
1455	1546	1545	1	-1	-1	-1	0
1546	1455	1547	1	-1	-1	-1	0
1548	1547	1456	1	-1	-1	-1	0
1577	1490	1486	2	-1	-1	-1	0
1458	1545	1550	2	-1	-1	-1	0
1578	1487	1488	2	-1	-1	-1	0
1486	1491	1576	2	-1	-1	-1	0
1578	1489	1487	2	-1	-1	-1	0
1550	1549	1458	2	-1	-1	-1	0
1488	1490	1579	2	-1	-1	-1	0
1548	1460	1552	1	-1	-1	-1	0
1479	1512	1571	2	-1	-1	-1	0
1551	1552	1460	1	-1	-1	-1	0
1495	1489	1580	2	-1	-1	-1	0
1462	1549	1554	2	-1	-1	-1	0
1551	1461	1553	2	-1	-1	-1	0
1493	1581	1494	2	-1	-1	-1	0
1581	1493	1497	2	-1	-1	-1	0
1582	1498	1494	2	-1	-1	-1	0
1583	1496	1495	2	-1	-1	-1	0
1556	1555	1465	2	-1	-1	-1	0
1557	1556	1465	2	-1	-1	-1	0
1586	1497	1496	2	-1	-1	-1	0
1500	1498	1582	2	-1	-1	-1	0
1559	1466	1555	2	-1	-1	-1	0
1557	1465	1558	2	-1	-1	-1	0
1559	1560	1466	2	-1	-1	-1	0
1587	1499	1500	2	-1	-1	-1	0
1466	1560	1561	2	-1	-1	-1	0
1562	1558	1469	1	-1	-1	-1	0
1502	1589	1501	2	-1	0	-1	0
1482	1574	1536	0	-1	-1	-1	0
1508	1499	1587	2	-1	-1	-1	0
1562	1470	1563	1	-1	-1	-1	0
1502	1504	1590	2	-1	-1	-1	0
1563	1471	1565	1	-1	-1	-1	0
1564	1565	1471	1	-1	-1	-1	0
1506	1591	1504	2	-1	-1	-1	0
1554	1569	1478	1	-1	-1	-1	0
1472	1566	1564	1	-1	-1	-1	0
1592	1507	1505	2	-1	-1	-1	0
1506	1507	1591	2	-1	-1	-1	0
1508	1587	1511	2	-1	-1	-1	0
1566	1473	1567	1	-1	-1	-1	0
1592	1505	1510	2	-1	-1	-1	0
1568	1475	1569	1	-1	-1	-1	0
1570	1567	1476	1	-1	-1	-1	0
1476	1568	1570	1	-1	-1	-1	0
1596	1510	1509	2	-1	-1	-1	0
1511	1595	1509	2	-1	-1	-1	0
1571	1572	1480	2	-1	-1	-1	0
1573	1480	1572	2	-1	-1	-1	0
1561	1576	1491	2	-1	-1	-1	0
1516	1514	1601	2	-1	-1	-1	0
1575	1574	1483	2	-1	-1	-1	0
1575	1485	1573	2	-1	-1	-1	0
1519	1600	1514	2	-1	-1	-1	0
1516	1603	1515	2	-1	-1	-1	0
1515	1602	1517	2	-1	-1	-1	0
1577	1486	1576	2	-1	-1	-1	0
1519	1518	1604	2	-1	-1	-1	0
1605	1518	1520	2	-1	-1	-1	0
1579	1578	1488	2	-1	-1	-1	0
1579	1490	1577	2	-1	-1	-1	0
1520	1521	1606	2	-1	-1	-1	0
1489	1578	1580	2	-1	-1	-1	0
1523	1608	1521	2	-1	-1	-1	0
1550	1554	1549	2	-1	-1	-1	0
1609	1523	1522	2	-1	-1	-1	0
1524	1609	1522	2	-1	-1	-1	0
1494	1581	1582	2	-1	-1	-1	0
1584	1495	1580	2	-1	-1	-1	0
1524	1527	1609	2	-1	-1	-1	0
1583	1495	1584	2	-1	-1	-1	0
1525	1611	1526	2	-1	-1	-1	0
1496	1583	1585	2	-1	-1	-1	0
1586	1581	1497	2	-1	-1	-1	0
1612	1527	1526	2	-1	-1	-1	0
1586	1496	1585	2	-1	-1	-1	0
1500	1582	1588	2	-1	-1	-1	0
1517	1602	1553	2	-1	-1	-1	0
1569	1554	1550	1	-1	-1	-1	0
1616	1529	1528	2	-1	-1	-1	0
1528	1531	1615	2	-1	-1	-1	0
1500	1588	1587	2	-1	-1	-1	0
1532	1529	1616	2	-1	-1	-1	0
1617	1531	1530	2	-1	-1	-1	0
1525	1543	1611	2	-1	-1	-1	0
1617	1530	1534	2	-1	-1	-1	0
1589	1502	1590	2	-1	-1	-1	0
1571	1512	1599	2	-1	0	-1	0
1533	1532	1619	2	-1	-1	-1	0
1591	1590	1504	2	-1	-1	-1	0
1535	1622	1534	0	-1	-1	-1	0
1533	1621	1537	2	-1	-1	-1	0
1594	1591	1507	2	-1	-1	-1	0
1592	1593	1507	2	-1	-1	-1	0
1623	1535	1536	0	-1	-1	-1	0
1594	1507	1593	2	-1	-1	-1	0
1598	1511	1587	2	-1	-1	-1	0
1510	1597	1592	2	-1	-1	-1	0
1596	1509	1595	2	-1	-1	-1	0
1537	1625	1539	2	-1	-1	-1	0
1597	1510	1596	2	-1	-1	-1	0
1538	1626	1540	2	-1	-1	-1	0
1598	1595	1511	2	-1	-1	-1	0
1539	1627	1538	2	-1	-1	-1	0
1540	1629	1541	2	-1	-1	-1	0
1541	1630	1542	2	-1	-1	-1	0
1601	1514	1600	2	-1	-1	-1	0
1544	1542	1630	2	-1	-1	-1	0
1632	1543	1544	2	-1	-1	-1	0
1603	1602	1515	2	-1	-1	-1	0
1516	1601	1603	2	-1	-1	-1	0
1604	1600	1519	2	-1	-1	-1	0
1546	1634	1545	1	-1	-1	-1	0
1605	1604	1518	2	-1	-1	-1	0
1635	1546	1547	1	-1	-1	-1	0
1545	1634	1550	1	-1	-1	-1	0
1547	1548	1636	1	-1	-1	-1	0
1605	1520	1607	2	-1	-1	-1	0
1520	1606	1607	2	-1	-1	-1	0
1624	1536	1574	0	-1	-1	-1	0
1606	1521	1608	2	-1	-1	-1	0
1637	1548	1552	1	-1	-1	-1	0
1610	1608	1523	2	-1	-1	-1	0
1638	1552	1551	1	-1	-1	-1	0
1523	1609	1610	2	-1	-1	-1	0
1551	1553	1638	1	-1	-1	-1	0
1609	1527	1614	2	-1	-1	-1	0
1613	1526	1611	2	-1	-1	-1	0
1634	1546	1570	1	-1	-1	-1	0
1612	1526	1613	2	-1	-1	-1	0
1546	1635	1570	1	-1	-1	-1	0
1556	1642	1555	2	-1	-1	-1	0
1634	1569	1550	1	-1	-1	-1	0
1527	1612	1614	2	-1	-1	-1	0
1555	1643	1559	2	-1	-1	-1	0
1645	1556	1557	2	-1	-1	-1	0
1615	1616	1528	2	-1	-1	-1	0
1647	1557	1558	1	-1	-1	-1	0
1531	1618	1615	2	-1	-1	-1	0
1564	1637	1565	1	-1	-1	-1	0
1531	1617	1618	2	-1	-1	-1	0
1566	1636	1564	1	-1	-1	-1	0
1558	1562	1647	1	-1	-1	-1	0
1616	1620	1532	2	-1	-1	-1	0
1635	1566	1567	1	-1	-1	-1	0
1560	1559	1649	2	-1	-1	-1	0
1532	1620	1619	2	-1	-1	-1	0
1568	1569	1634	1	-1	-1	-1	0
1561	1560	1651	2	-1	-1	-1	0
1568	1634	1570	1	-1	-1	-1	0
1567	1570	1635	1	-1	-1	-1	0
1619	1621	1533	2	-1	-1	-1	0
1622	1617	1534	2	-1	-1	-1	0
1652	1562	1563	1	-1	-1	-1	0
1622	1535	1623	0	-1	-1	-1	0
1653	1563	1565	1	-1	-1	-1	0
1537	1621	1625	2	-1	-1	-1	0
1624	1623	1536	0	-1	-1	-1	0
1631	1611	1543	2	-1	-1	-1	0
1651	1576	1561	2	-1	-1	-1	0
1627	1626	1538	2	-1	-1	-1	0
1625	1628	1539	2	-1	-1	-1	0
1539	1628	1627	2	-1	-1	-1	0
1629	1540	1626	2	-1	-1	-1	0
1641	1553	1602	1	-1	-1	-1	0
1571	1654	1572	2	-1	-1	-1	0
1541	1629	1630	2	-1	-1	-1	0
1573	1572	1655	2	-1	-1	-1	0
1575	1573	1657	2	-1	-1	-1	0
1631	1543	1632	2	-1	-1	-1	0
1544	1630	1633	2	-1	-1	-1	0
1574	1575	1658	2	-1	-1	-1	0
1544	1633	1632	2	-1	-1	-1	0
1576	1660	1577	2	-1	-1	-1	0
1579	1577	1661	2	-1	-1	-1	0
1635	1547	1636	1	-1	-1	-1	0
1662	1578	1579	2	-1	-1	-1	0
1580	1578	1662	2	-1	-1	-1	0
1636	1548	1637	1	-1	-1	-1	0
1599	1654	1571	2	-1	-1	-1	0
1582	1581	1664	2	-1	-1	-1	0
1584	1580	1663	2	-1	-1	-1	0
1640	1637	1552	1	-1	-1	-1	0
1639	1552	1638	1	-1	-1	-1	0
1552	1639	1640	1	-1	-1	-1	0
1586	1664	1581	2	-1	-1	-1	0
1638	1553	1641	1	-1	-1	-1	0
1666	1583	1584	2	-1	-1	-1	0
1666	1585	1583	2	-1	-1	-1	0
1582	1665	1588	2	-1	-1	-1	0
1636	1637	1564	1	-1	-1	-1	0
1635	1636	1566	1	-1	-1	-1	0
1642	1643	1555	2	-1	-1	-1	0
1586	1585	1669	2	-1	-1	-1	0
1565	1637	1640	1	-1	-1	-1	0
1556	1644	1642	2	-1	-1	-1	0
1645	1644	1556	2	-1	-1	-1	0
1587	1588	1670	2	-1	-1	-1	0
1557	1646	1645	1	-1	-1	-1	0
1647	1646	1557	1	-1	-1	-1	0
1559	1643	1648	2	-1	-1	-1	0
1589	1590	1672	2	-1	-1	0	0
1673	1590	1591	2	-1	-1	-1	0
1598	1587	1670	2	-1	-1	-1	0
1611	1631	1613	2	-1	-1	-1	0
1574	1658	1624	0	-1	-1	-1	0
1649	1559	1648	2	-1	-1	-1	0
1594	1673	1591	2	-1	-1	-1	0
1640	1653	1565	1	-1	-1	-1	0
1592	1674	1593	2	-1	-1	-1	0
1650	1560	1649	2	-1	-1	-1	0
1562	1652	1647	1	-1	-1	-1	0
1674	1594	1593	2	-1	-1	-1	0
1560	1650	1651	2	-1	-1	-1	0
1592	1597	1674	2	-1	-1	-1	0
1652	1563	1653	1	-1	-1	-1	0
1678	1596	1595	2	-1	-1	-1	0
1595	1598	1679	2	-1	-1	-1	0
1681	1597	1596	2	-1	-1	-1	0
1572	1654	1656	2	-1	-1	-1	0
1655	1572	1656	2	-1	-1	-1	0
1657	1573	1655	2	-1	-1	-1	0
1600	1685	1601	2	-1	-1	-1	0
1651	1660	1576	2	-1	-1	-1	0
1600	1604	1685	2	-1	-1	-1	0
1601	1686	1603	2	-1	-1	-1	0
1575	1657	1659	2	-1	-1	-1	0
1659	1658	1575	2	-1	-1	-1	0
1688	1602	1603	1	-1	-1	-1	0
1577	1660	1661	2	-1	-1	-1	0
1690	1604	1605	2	-1	-1	-1	0
1661	1662	1579	2	-1	-1	-1	0
1605	1607	1691	2	-1	-1	-1	0
1607	1606	1692	2	-1	-1	-1	0
1662	1663	1580	2	-1	-1	-1	0
1606	1608	1692	2	-1	-1	-1	0
1608	1610	1692	2	-1	-1	-1	0
1664	1665	1582	2	-1	-1	-1	0
1694	1610	1609	2	-1	-1	-1	0
1584	1663	1667	2	-1	-1	-1	0
1614	1694	1609	2	-1	-1	-1	0
1666	1584	1667	2	-1	-1	-1	0
1586	1669	1664	2	-1	-1	-1	0
1666	1668	1585	2	-1	-1	-1	0
1585	1668	1669	2	-1	-1	-1	0
1698	1612	1613	2	-1	-1	-1	0
1698	1614	1612	2	-1	-1	-1	0
1671	1588	1665	2	-1	-1	-1	0
1588	1671	1670	2	-1	-1	-1	0
1687	1641	1602	1	-1	-1	-1	0
1703	1616	1615	2	-1	-1	-1	0
1615	1618	1702	2	-1	-1	-1	0
1673	1672	1590	2	-1	-1	-1	0
1654	1599	1684	2	-1	0	-1	0
1620	1616	1705	2	-1	-1	-1	0
1617	1706	1618	2	-1	-1	-1	0
1674	1675	1594	2	-1	-1	-1	0
1594	1676	1673	2	-1	-1	-1	0
1613	1631	1700	2	-1	-1	-1	0
1617	1622	1706	2	-1	-1	-1	0
1677	1594	1675	2	-1	-1	-1	0
1594	1677	1676	2	-1	-1	-1	0
1619	1620	1708	2	-1	-1	-1	0
1621	1619	1708	2	-1	-1	-1	0
1598	1670	1683	2	-1	-1	-1	0
1595	1679	1678	2	-1	-1	-1	0
1682	1674	1597	2	-1	-1	-1	0
1678	1680	1596	2	-1	-1	-1	0
1625	1621	1709	2	-1	-1	-1	0
1622	1623	1710	0	-1	-1	-1	0
1680	1681	1596	2	-1	-1	-1	0
1711	1623	1624	0	-1	-1	-1	0
1598	1683	1679	2	-1	-1	-1	0
1682	1597	1681	2	-1	-1	-1	0
1700	1631	1632	2	-1	-1	-1	0
1713	1628	1625	2	-1	-1	-1	0
1626	1627	1714	2	-1	-1	-1	0
1626	1715	1629	2	-1	-1	-1	0
1716	1627	1628	2	-1	-1	-1	0
1685	1686	1601	2	-1	-1	-1	0
1602	1688	1687	1	-1	-1	-1	0
1718	1630	1629	2	-1	-1	-1	0
1603	1686	1689	1	-1	-1	-1	0
1690	1685	1604	2	-1	-1	-1	0
1689	1688	1603	1	-1	-1	-1	0
1633	1630	1718	2	-1	-1	-1	0
1632	1633	1719	2	-1	-1	-1	0
1691	1690	1605	2	-1	-1	-1	0
1693	1691	1607	2	-1	-1	-1	0
1692	1693	1607	2	-1	-1	-1	0
1658	1712	1624	0	-1	-1	-1	0
1654	1684	1656	2	-1	-1	-1	0
1695	1692	1610	2	-1	-1	-1	0
1638	1722	1639	1	-1	-1	-1	0
1638	1641	1721	1	-1	-1	-1	0
1694	1697	1610	2	-1	-1	-1	0
1610	1696	1695	2	-1	-1	-1	0
1723	1640	1639	1	-1	-1	-1	0
1696	1610	1697	2	-1	-1	-1	0
1614	1701	1694	2	-1	-1	-1	0
1613	1699	1698	2	-1	-1	-1	0
1643	1642	1726	2	-1	-1	-1	0
1642	1644	1725	2	-1	-1	-1	0
1700	1699	1613	2	-1	-1	-1	0
1701	1614	1698	2	-1	-1	-1	0
1653	1640	1724	1	-1	-1	-1	0
1645	1729	1644	2	-1	-1	-1	0
1643	1727	1648	2	-1	-1	-1	0
1615	1702	1704	2	-1	-1	-1	0
1646	1730	1645	1	-1	-1	-1	0
1704	1703	1615	2	-1	-1	-1	0
1703	1705	1616	2	-1	-1	-1	0
1671	1683	1670	2	-1	-1	-1	0
1732	1646	1647	1	-1	-1	-1	0
1707	1702	1618	2	-1	-1	-1	0
1618	1706	1707	2	-1	-1	-1	0
1648	1734	1649	2	-1	-1	-1	0
1647	1652	1733	1	-1	-1	-1	0
1705	1708	1620	2	-1	-1	-1	0
1736	1650	1649	2	-1	-1	-1	0
1622	1710	1706	2	-1	-1	-1	0
1708	1709	1621	2	-1	-1	-1	0
1737	1651	1650	2	-1	-1	-1	0
1623	1711	1710	0	-1	-1	-1	0
1652	1653	1739	1	-1	-1	-1	0
1712	1711	1624	0	-1	-1	-1	0
1709	1713	1625	2	-1	-1	-1	0
1687	1721	1641	1	-1	-1	-1	0
1651	1738	1660	2	-1	-1	-1	0
1656	1740	1655	2	-1	-1	-1	0
1632	1719	1700	2	-1	-1	-1	0
1655	1742	1657	2	-1	-1	-1	0
1715	1626	1714	2	-1	-1	-1	0
1714	1627	1716	2	-1	-1	-1	0
1717	1628	1713	2	-1	-1	-1	0
1717	1716	1628	2	-1	-1	-1	0
1657	1745	1659	2	-1	-1	-1	0
1718	1629	1715	2	-1	-1	-1	0
1658	1659	1746	2	-1	-1	-1	0
1660	1748	1661	2	-1	-1	-1	0
1718	1720	1633	2	-1	-1	-1	0
1662	1661	1749	2	-1	-1	-1	0
1719	1633	1720	2	-1	-1	-1	0
1662	1749	1663	2	-1	-1	-1	0
1667	1663	1750	2	-1	-1	-1	0
1664	1751	1665	2	-1	-1	-1	0
1693	1692	1695	2	-1	-1	-1	0
1722	1638	1721	1	-1	-1	-1	0
1656	1684	1743	2	-1	0	-1	0
1723	1639	1722	1	-1	-1	-1	0
1669	1751	1664	2	-1	-1	-1	0
1752	1666	1667	2	-1	-1	-1	0
1671	1665	1751	2	-1	-1	-1	0
1724	1640	1723	1	-1	-1	-1	0
1666	1753	1668	2	-1	-1	-1	0
1669	1668	1755	2	-1	-1	-1	0
1701	1697	1694	2	-1	-1	-1	0
1726	1642	1725	2	-1	-1	-1	0
1726	1728	1643	2	-1	-1	-1	0
1725	1644	1729	2	-1	-1	-1	0
1728	1727	1643	2	-1	-1	-1	0
1729	1645	1730	1	-1	-1	-1	0
1673	1759	1672	2	-1	0	-1	0
1730	1646	1731	1	-1	-1	-1	0
1673	1676	1759	2	-1	-1	-1	0
1648	1727	1734	2	-1	-1	-1	0
1675	1674	1760	2	-1	-1	-1	0
1732	1731	1646	1	-1	-1	-1	0
1732	1647	1733	1	-1	-1	-1	0
1758	1683	1671	2	-1	-1	-1	0
1675	1761	1677	2	-1	-1	-1	0
1762	1676	1677	2	-1	-1	-1	0
1653	1724	1739	1	-1	-1	-1	0
1746	1712	1658	0	-1	-1	-1	0
1682	1760	1674	2	-1	-1	-1	0
1734	1735	1649	2	-1	-1	-1	0
1736	1649	1735	2	-1	-1	-1	0
1758	1679	1683	2	-1	-1	-1	0
1678	1679	1764	2	-1	-1	-1	0
1680	1678	1764	2	-1	-1	-1	0
1710	1707	1706	2	-1	-1	-1	0
1650	1736	1737	2	-1	-1	-1	0
1652	1739	1733	1	-1	-1	-1	0
1651	1737	1738	2	-1	-1	-1	0
1680	1766	1681	2	-1	-1	-1	0
1681	1768	1682	2	-1	-1	-1	0
1655	1740	1741	2	-1	-1	-1	0
1655	1741	1742	2	-1	-1	-1	0
1740	1656	1744	2	-1	-1	-1	0
1770	1686	1685	2	-1	-1	-1	0
1656	1743	1744	2	-1	-1	-1	0
1745	1657	1742	2	-1	-1	-1	0
1685	1690	1770	2	-1	-1	-1	0
1660	1738	1748	2	-1	-1	-1	0
1771	1689	1686	1	-1	-1	-1	0
1687	1688	1772	1	-1	-1	-1	0
1747	1659	1745	2	-1	-1	-1	0
1774	1688	1689	1	-1	-1	-1	0
1747	1746	1659	2	-1	-1	-1	0
1776	1690	1691	2	-1	-1	-1	0
1749	1661	1748	2	-1	-1	-1	0
1777	1691	1693	2	-1	-1	-1	0
1749	1750	1663	2	-1	-1	-1	0
1693	1695	1778	2	-1	-1	-1	0
1696	1778	1695	2	-1	-1	-1	0
1667	1750	1752	2	-1	-1	-1	0
1754	1666	1752	2	-1	-1	-1	0
1696	1697	1780	2	-1	-1	-1	0
1754	1753	1666	2	-1	-1	-1	0
1669	1755	1751	2	-1	-1	-1	0
1755	1668	1753	2	-1	-1	-1	0
1697	1701	1781	2	-1	-1	-1	0
1671	1751	1757	2	-1	-1	-1	0
1699	1783	1698	2	-1	-1	-1	0
1772	1721	1687	1	-1	-1	-1	0
1701	1698	1783	2	-1	-1	-1	0
1785	1699	1700	2	-1	-1	-1	0
1671	1757	1756	2	-1	-1	-1	0
1758	1671	1756	2	-1	-1	-1	0
1702	1786	1704	2	-1	-1	-1	0
1787	1703	1704	2	-1	-1	-1	0
1707	1786	1702	2	-1	-1	-1	0
1675	1760	1761	2	-1	-1	-1	0
1788	1705	1703	2	-1	-1	-1	0
1762	1759	1676	2	0	-1	-1	0
1763	1677	1761	2	-1	-1	-1	0
1762	1677	1763	2	-1	-1	-1	0
1758	1765	1679	2	-1	-1	-1	0
1708	1705	1791	2	-1	-1	-1	0
1785	1700	1719	2	-1	-1	-1	0
1679	1765	1764	2	-1	-1	-1	0
1760	1682	1768	2	-1	-1	-1	0
1710	1793	1707	2	-1	-1	-1	0
1709	1708	1794	2	-1	-1	-1	0
1764	1767	1680	2	-1	-1	-1	0
1767	1766	1680	2	-1	-1	-1	0
1710	1711	1793	0	-1	-1	-1	0
1681	1766	1769	2	-1	-1	-1	0
1713	1709	1795	2	-1	-1	-1	0
1768	1681	1769	2	-1	-1	-1	0
1712	1796	1711	0	-1	-1	-1	0
1686	1770	1771	1	-1	-1	-1	0
1799	1715	1714	2	-1	-1	-1	0
1713	1798	1717	2	-1	-1	-1	0
1716	1799	1714	2	-1	-1	-1	0
1773	1772	1688	1	-1	-1	-1	0
1715	1800	1718	2	-1	-1	-1	0
1801	1716	1717	2	-1	-1	-1	0
1773	1688	1774	1	-1	-1	-1	0
1771	1775	1689	1	-1	-1	-1	0
1776	1770	1690	2	-1	-1	-1	0
1774	1689	1775	1	-1	-1	-1	0
1718	1804	1720	2	-1	-1	-1	0
1777	1776	1691	2	-1	-1	-1	0
1805	1719	1720	2	-1	-1	-1	0
1693	1778	1777	2	-1	-1	-1	0
1807	1722	1721	1	-1	-1	-1	0
1779	1778	1696	2	-1	-1	-1	0
1722	1808	1723	1	-1	-1	-1	0
1779	1696	1780	2	-1	-1	-1	0
1797	1712	1746	0	-1	-1	-1	0
1723	1810	1724	1	-1	-1	-1	0
1782	1780	1697	2	-1	-1	-1	0
1781	1782	1697	2	-1	-1	-1	0
1755	1757	1751	2	-1	-1	-1	0
1725	1813	1726	2	-1	-1	-1	0
1783	1781	1701	2	-1	-1	-1	0
1699	1784	1783	2	-1	-1	-1	0
1725	1729	1814	2	-1	-1	-1	0
1784	1699	1785	2	-1	-1	-1	0
1728	1726	1815	2	-1	-1	-1	0
1728	1817	1727	2	-1	-1	-1	0
1812	1739	1724	1	-1	-1	-1	0
1727	1816	1734	2	-1	-1	-1	0
1787	1788	1703	2	-1	-1	-1	0
1819	1729	1730	1	-1	-1	-1	0
1790	1704	1786	2	-1	-1	-1	0
1789	1787	1704	2	-1	-1	-1	0
1820	1730	1731	1	-1	-1	-1	0
1790	1789	1704	2	-1	-1	-1	0
1733	1739	1812	1	-1	-1	-1	0
1791	1705	1788	2	-1	-1	-1	0
1732	1822	1731	1	-1	-1	-1	0
1707	1792	1786	2	-1	-1	-1	0
1823	1732	1733	1	-1	-1	-1	0
1707	1793	1792	2	-1	-1	-1	0
1708	1791	1794	2	-1	-1	-1	0
1734	1824	1735	2	-1	-1	-1	0
1735	1825	1736	2	-1	-1	-1	0
1709	1794	1795	2	-1	-1	-1	0
1711	1796	1793	0	-1	-1	-1	0
1736	1827	1737	2	-1	-1	-1	0
1721	1772	1807	1	-1	-1	-1	0
1737	1828	1738	2	-1	-1	-1	0
1712	1797	1796	0	-1	-1	-1	0
1798	1713	1795	2	-1	-1	-1	0
1719	1805	1785	2	-1	-1	-1	0
1741	1740	1830	2	-1	-1	-1	0
1738	1828	1748	2	-1	-1	-1	0
1741	1831	1742	2	-1	-1	-1	0
1830	1740	1744	2	-1	-1	-1	0
1799	1800	1715	2	-1	-1	-1	0
1801	1799	1716	2	-1	-1	-1	0
1798	1802	1717	2	-1	-1	-1	0
1801	1717	1802	2	-1	-1	-1	0
1803	1718	1800	2	-1	-1	-1	0
1834	1745	1742	2	-1	-1	-1	0
1835	1744	1743	2	-1	-1	0	0
1718	1803	1804	2	-1	-1	-1	0
1834	1747	1745	2	-1	-1	-1	0
1836	1746	1747	2	-1	-1	-1	0
1804	1806	1720	2	-1	-1	-1	0
1720	1806	1805	2	-1	-1	-1	0
1837	1749	1748	2	-1	-1	-1	0
1807	1809	1722	1	-1	-1	-1	0
1750	1749	1839	2	-1	-1	-1	0
1722	1809	1808	1	-1	-1	-1	0
1752	1750	1840	2	-1	-1	-1	0
1811	1723	1808	1	-1	-1	-1	0
1810	1723	1811	1	-1	-1	-1	0
1812	1724	1810	1	-1	-1	-1	0
1841	1754	1752	2	-1	-1	-1	0
1753	1754	1842	2	-1	-1	-1	0
1843	1755	1753	2	-1	-1	-1	0
1725	1814	1813	2	-1	-1	-1	0
1815	1726	1813	2	-1	-1	-1	0
1755	1843	1757	2	-1	-1	-1	0
1756	1757	1845	2	-1	-1	-1	0
1816	1727	1817	2	-1	-1	-1	0
1846	1758	1756	2	-1	-1	-1	0
1728	1815	1818	2	-1	-1	-1	0
1814	1729	1819	1	-1	-1	-1	0
1728	1818	1817	2	-1	-1	-1	0
1823	1733	1812	1	-1	-1	-1	0
1790	1786	1792	2	-1	-1	-1	0
1820	1819	1730	1	-1	-1	-1	0
1761	1760	1849	2	-1	-1	-1	0
1765	1758	1848	2	-1	-1	-1	0
1820	1731	1821	1	-1	-1	-1	0
1850	1763	1761	2	-1	-1	-1	0
1816	1824	1734	2	-1	-1	-1	0
1731	1822	1821	1	-1	-1	-1	0
1763	1851	1762	2	-1	0	-1	0
1760	1768	1849	2	-1	-1	-1	0
1822	1732	1823	1	-1	-1	-1	0
1797	1746	1836	0	-1	-1	-1	0
1853	1764	1765	2	-1	-1	-1	0
1767	1764	1853	2	-1	-1	-1	0
1826	1735	1824	2	-1	-1	-1	0
1735	1826	1825	2	-1	-1	-1	0
1854	1766	1767	2	-1	-1	-1	0
1736	1825	1827	2	-1	-1	-1	0
1769	1766	1854	2	-1	-1	-1	0
1768	1769	1856	2	-1	-1	-1	0
1827	1829	1737	2	-1	-1	-1	0
1829	1828	1737	2	-1	-1	-1	0
1858	1771	1770	1	-1	-1	-1	0
1741	1830	1832	2	-1	-1	-1	0
1776	1858	1770	1	-1	-1	-1	0
1831	1741	1832	2	-1	-1	-1	0
1773	1860	1772	1	-1	-1	-1	0
1771	1859	1775	1	-1	-1	-1	0
1833	1742	1831	2	-1	-1	-1	0
1774	1861	1773	1	-1	-1	-1	0
1834	1742	1833	2	-1	-1	-1	0
1835	1830	1744	2	-1	-1	-1	0
1862	1774	1775	1	-1	-1	-1	0
1748	1828	1838	2	-1	-1	-1	0
1777	1864	1776	1	-1	-1	-1	0
1834	1836	1747	2	-1	-1	-1	0
1777	1778	1867	2	-1	-1	-1	0
1837	1748	1838	2	-1	-1	-1	0
1867	1778	1779	2	-1	-1	-1	0
1839	1749	1837	2	-1	-1	-1	0
1779	1780	1869	2	-1	-1	-1	0
1750	1839	1840	2	-1	-1	-1	0
1752	1840	1841	2	-1	-1	-1	0
1871	1780	1782	2	-1	-1	-1	0
1781	1872	1782	2	-1	-1	-1	0
1872	1781	1783	2	-1	-1	-1	0
1753	1842	1843	2	-1	-1	-1	0
1841	1844	1754	2	-1	-1	-1	0
1772	1860	1807	1	-1	-1	-1	0
1844	1842	1754	2	-1	-1	-1	0
1784	1874	1783	2	-1	-1	-1	0
1784	1785	1875	2	-1	-1	-1	0
1845	1846	1756	2	-1	-1	-1	0
1757	1843	1847	2	-1	-1	-1	0
1757	1847	1845	2	-1	-1	-1	0
1787	1877	1788	2	-1	-1	-1	0
1848	1758	1846	2	-1	-1	-1	0
1877	1787	1789	2	-1	-1	-1	0
1788	1878	1791	2	-1	-1	-1	0
1790	1879	1789	2	-1	-1	-1	0
1850	1761	1849	2	-1	-1	-1	0
1792	1882	1790	2	-1	-1	-1	0
1763	1850	1852	2	-1	-1	-1	0
1853	1765	1848	2	-1	-1	-1	0
1785	1805	1876	2	-1	-1	-1	0
1763	1852	1851	2	-1	0	-1	0
1791	1883	1794	2	-1	-1	-1	0
1884	1792	1793	2	-1	-1	-1	0
1883	1795	1794	2	-1	-1	-1	0
1796	1884	1793	0	-1	-1	-1	0
1768	1856	1849	2	-1	-1	-1	0
1853	1855	1767	2	-1	-1	-1	0
1767	1855	1854	2	-1	-1	-1	0
1809	1807	1860	1	-1	-1	-1	0
1795	1883	1798	2	-1	-1	-1	0
1885	1796	1797	0	-1	-1	-1	0
1769	1854	1857	2	-1	-1	-1	0
1856	1769	1857	2	-1	-1	-1	0
1802	1798	1887	2	-1	-1	-1	0
1771	1858	1859	1	-1	-1	-1	0
1800	1799	1889	2	-1	-1	-1	0
1801	1889	1799	2	-1	-1	-1	0
1890	1803	1800	2	-1	-1	-1	0
1860	1773	1861	1	-1	-1	-1	0
1801	1802	1892	2	-1	-1	-1	0
1829	1838	1828	2	-1	-1	-1	0
1863	1775	1859	1	-1	-1	-1	0
1861	1774	1862	1	-1	-1	-1	0
1776	1865	1858	1	-1	-1	-1	0
1803	1893	1804	2	-1	-1	-1	0
1775	1863	1862	1	-1	-1	-1	0
1804	1894	1806	2	-1	-1	-1	0
1776	1864	1865	1	-1	-1	-1	0
1896	1805	1806	2	-1	-1	-1	0
1777	1868	1864	1	-1	-1	-1	0
1867	1866	1777	1	-1	-1	-1	0
1866	1868	1777	1	-1	-1	-1	0
1898	1808	1809	1	-1	-1	-1	0
1870	1867	1779	2	-1	-1	-1	0
1808	1898	1811	1	-1	-1	-1	0
1779	1869	1870	2	-1	-1	-1	0
1797	1836	1886	0	-1	-1	-1	0
1780	1871	1869	2	-1	-1	-1	0
1900	1810	1811	1	-1	-1	-1	0
1810	1900	1812	1	-1	-1	-1	0
1873	1871	1782	2	-1	-1	-1	0
1872	1873	1782	2	-1	-1	-1	0
1783	1874	1872	2	-1	-1	-1	0
1813	1814	1904	2	-1	-1	-1	0
1815	1813	1904	2	-1	-1	-1	0
1874	1784	1875	2	-1	-1	-1	0
1785	1876	1875	2	-1	-1	-1	0
1823	1812	1903	1	-1	-1	-1	0
1819	1905	1814	1	-1	-1	-1	0
1818	1815	1906	2	-1	-1	-1	0
1817	1908	1816	2	-1	-1	-1	0
1878	1788	1877	2	-1	-1	-1	0
1818	1909	1817	2	-1	-1	-1	0
1877	1789	1880	2	-1	-1	-1	0
1824	1816	1907	2	-1	-1	-1	0
1789	1879	1880	2	-1	-1	-1	0
1910	1819	1820	1	-1	-1	-1	0
1881	1879	1790	2	-1	-1	-1	0
1878	1883	1791	2	-1	-1	-1	0
1821	1911	1820	1	-1	-1	-1	0
1882	1881	1790	2	-1	-1	-1	0
1822	1912	1821	1	-1	-1	-1	0
1884	1882	1792	2	-1	-1	-1	0
1822	1823	1913	1	-1	-1	-1	0
1826	1824	1914	2	-1	-1	-1	0
1884	1796	1885	0	-1	-1	-1	0
1825	1826	1916	2	-1	-1	-1	0
1860	1899	1809	1	-1	-1	-1	0
1886	1885	1797	0	-1	-1	-1	0
1916	1827	1825	2	-1	-1	-1	0
1883	1888	1798	2	-1	-1	-1	0
1798	1888	1887	2	-1	-1	-1	0
1829	1827	1918	2	-1	-1	-1	0
1805	1896	1876	2	-1	-1	-1	0
1890	1800	1889	2	-1	-1	-1	0
1801	1891	1889	2	-1	-1	-1	0
1887	1892	1802	2	-1	-1	-1	0
1830	1921	1832	2	-1	-1	-1	0
1891	1801	1892	2	-1	-1	-1	0
1922	1831	1832	2	-1	-1	-1	0
1893	1803	1890	2	-1	-1	-1	0
1829	1919	1838	2	-1	-1	-1	0
1921	1830	1835	2	-1	-1	0	0
1863	1861	1862	1	-1	-1	-1	0
1831	1923	1833	2	-1	-1	-1	0
1804	1893	1895	2	-1	-1	-1	0
1834	1833	1926	2	-1	-1	-1	0
1895	1894	1804	2	-1	-1	-1	0
1927	1836	1834	2	-1	-1	-1	0
1894	1897	1806	2	-1	-1	-1	0
1897	1896	1806	2	-1	-1	-1	0
1837	1838	1928	2	-1	-1	-1	0
1929	1839	1837	2	-1	-1	-1	0
1899	1898	1809	1	-1	-1	-1	0
1839	1929	1840	2	-1	-1	-1	0
1901	1811	1898	1	-1	-1	-1	0
1840	1931	1841	2	-1	-1	-1	0
1902	1900	1811	1	-1	-1	-1	0
1902	1811	1901	1	-1	-1	-1	0
1812	1900	1903	1	-1	-1	-1	0
1844	1841	1932	2	-1	-1	-1	0
1934	1843	1842	2	-1	-1	-1	0
1861	1899	1860	1	-1	-1	-1	0
1844	1935	1842	2	-1	-1	-1	0
1905	1904	1814	1	-1	-1	-1	0
1847	1843	1934	2	-1	-1	-1	0
1904	1906	1815	2	-1	-1	-1	0
1846	1845	1938	2	-1	-1	-1	0
1847	1937	1845	2	-1	-1	-1	0
1908	1907	1816	2	-1	-1	-1	0
1848	1846	1939	2	-1	-1	-1	0
1818	1906	1909	2	-1	-1	-1	0
1817	1909	1908	2	-1	-1	-1	0
1905	1819	1910	1	-1	-1	-1	0
1913	1823	1903	1	-1	-1	-1	0
1849	1942	1850	2	-1	-1	-1	0
1911	1910	1820	1	-1	-1	-1	0
1848	1941	1853	2	-1	-1	-1	0
1911	1821	1912	1	-1	-1	-1	0
1943	1852	1850	2	-1	-1	-1	0
1824	1907	1915	2	-1	-1	-1	0
1912	1822	1913	1	-1	-1	-1	0
1875	1876	1896	2	-1	-1	-1	0
1942	1849	1856	2	-1	-1	-1	0
1888	1883	1878	2	-1	-1	-1	0
1836	1927	1886	0	-1	-1	-1	0
1915	1914	1824	2	-1	-1	-1	0
1946	1855	1853	2	-1	-1	-1	0
1855	1947	1854	2	-1	-1	-1	0
1914	1917	1826	2	-1	-1	-1	0
1857	1854	1947	2	-1	-1	-1	0
1917	1916	1826	2	-1	-1	-1	0
1827	1916	1918	2	-1	-1	-1	0
1856	1857	1949	2	-1	-1	-1	0
1920	1829	1918	2	-1	-1	-1	0
1829	1920	1919	2	-1	-1	-1	0
1858	1952	1859	1	-1	-1	-1	0
1863	1859	1954	1	-1	-1	-1	0
1858	1865	1953	1	-1	-1	-1	0
1923	1831	1922	2	-1	-1	-1	0
1924	1832	1921	2	-1	-1	0	0
1924	1922	1832	2	-1	-1	-1	0
1861	1863	1955	1	-1	-1	-1	0
1833	1923	1925	2	-1	-1	-1	0
1926	1833	1925	2	-1	-1	-1	0
1927	1834	1926	2	-1	-1	-1	0
1864	1958	1865	1	-1	-1	-1	0
1919	1930	1838	2	-1	-1	-1	0
1868	1958	1864	1	-1	-1	-1	0
1867	1959	1866	1	-1	-1	-1	0
1928	1929	1837	2	-1	-1	-1	0
1868	1866	1960	1	-1	-1	-1	0
1928	1838	1930	2	-1	-1	-1	0
1870	1959	1867	1	-1	-1	-1	0
1929	1931	1840	2	-1	-1	-1	0
1869	1963	1870	2	-1	-1	-1	0
1871	1963	1869	2	-1	-1	-1	0
1902	1903	1900	1	-1	-1	-1	0
1841	1931	1933	2	-1	-1	-1	0
1933	1932	1841	2	-1	-1	-1	0
1871	1873	1966	2	-1	-1	-1	0
1934	1842	1935	2	-1	-1	-1	0
1872	1967	1873	2	-1	-1	-1	0
1936	1844	1932	2	-1	-1	-1	0
1967	1872	1874	2	-1	-1	-1	0
1844	1936	1935	2	-1	-1	-1	0
1899	1861	1955	1	-1	-1	-1	0
1970	1874	1875	2	-1	-1	-1	0
1938	1845	1937	2	-1	-1	-1	0
1940	1847	1934	2	-1	-1	-1	0
1846	1938	1939	2	-1	-1	-1	0
1847	1940	1937	2	-1	-1	-1	0
1878	1877	1971	2	-1	-1	-1	0
1939	1941	1848	2	-1	-1	-1	0
1877	1880	1971	2	-1	-1	-1	0
1975	1880	1879	2	-1	-1	-1	0
1879	1881	1974	2	-1	-1	-1	0
1942	1943	1850	2	-1	-1	-1	0
1888	1878	1972	2	-1	-1	-1	0
1853	1941	1945	2	-1	-1	-1	0
1852	1943	1944	2	-1	-1	0	0
1977	1881	1882	2	-1	-1	-1	0
1970	1875	1896	2	-1	-1	-1	0
1853	1945	1946	2	-1	-1	-1	0
1978	1882	1884	2	-1	-1	-1	0
1978	1884	1885	0	-1	-1	-1	0
1942	1856	1950	2	-1	-1	-1	0
1855	1946	1948	2	-1	-1	-1	0
1979	1885	1886	0	-1	-1	-1	0
1947	1855	1948	2	-1	-1	-1	0
1951	1857	1947	2	-1	-1	-1	0
1949	1950	1856	2	-1	-1	-1	0
1888	1981	1887	2	-1	-1	-1	0
1951	1949	1857	2	-1	-1	-1	0
1892	1887	1981	2	-1	-1	-1	0
1890	1889	1984	2	-1	-1	-1	0
1858	1953	1952	1	-1	-1	-1	0
1984	1889	1891	2	-1	-1	-1	0
1954	1859	1952	1	-1	-1	-1	0
1893	1890	1985	2	-1	-1	-1	0
1920	1930	1919	2	-1	-1	-1	0
1892	1987	1891	2	-1	-1	-1	0
1954	1956	1863	1	-1	-1	-1	0
1957	1955	1863	1	-1	-1	-1	0
1957	1863	1956	1	-1	-1	-1	0
1958	1953	1865	1	-1	-1	-1	0
1895	1893	1988	2	-1	-1	-1	0
1894	1895	1989	2	-1	-1	-1	0
1989	1897	1894	2	-1	-1	-1	0
1897	1992	1896	2	-1	-1	-1	0
1961	1866	1959	1	-1	-1	-1	0
1961	1960	1866	1	-1	-1	-1	0
1958	1868	1962	1	-1	-1	-1	0
1962	1868	1960	1	-1	-1	-1	0
1994	1898	1899	1	-1	-1	-1	0
1886	1927	1980	0	-1	-1	-1	0
1898	1995	1901	1	-1	-1	-1	0
1870	1965	1959	1	-1	-1	-1	0
1870	1963	1964	1	-1	-1	-1	0
1902	1901	1996	2	-1	-1	-1	0
1870	1964	1965	1	-1	-1	-1	0
1966	1963	1871	2	-1	-1	-1	0
1902	2000	1903	1	-1	-1	-1	0
1873	1968	1966	2	-1	-1	-1	0
1967	1968	1873	2	-1	-1	-1	0
1940	1934	1935	2	-1	-1	-1	0
1967	1874	1969	2	-1	-1	-1	0
1904	1905	2001	1	-1	-1	-1	0
1904	2001	1906	1	-1	-1	-1	0
1970	1969	1874	2	-1	-1	-1	0
1913	1903	2000	1	-1	-1	-1	0
2001	1909	1906	2	-1	-1	-1	0
1910	2002	1905	1	-1	-1	-1	0
1907	1908	2004	2	-1	-1	-1	0
2005	1908	1909	2	-1	-1	-1	0
1973	1878	1971	2	-1	-1	-1	0
1878	1973	1972	2	-1	-1	-1	0
1915	1907	2003	2	-1	-1	-1	0
2000	1912	1913	1	-1	-1	-1	0
1971	1880	1976	2	-1	-1	-1	0
2006	1910	1911	1	-1	-1	-1	0
1915	1999	1914	2	-1	-1	-1	0
1975	1879	1974	2	-1	-1	-1	0
2007	1911	1912	1	-1	-1	-1	0
1975	1976	1880	2	-1	-1	-1	0
1881	1977	1974	2	-1	-1	-1	0
1977	1882	1978	2	-1	-1	-1	0
1917	1914	2008	2	-1	-1	-1	0
1885	1979	1978	0	-1	-1	-1	0
1972	1983	1888	2	-1	-1	-1	0
1916	2009	1918	2	-1	-1	-1	0
1916	1917	2010	2	-1	-1	-1	0
1980	1979	1886	0	-1	-1	-1	0
1948	1951	1947	2	-1	-1	-1	0
1994	1899	1955	1	-1	-1	-1	0
1920	1918	2012	2	-1	-1	-1	0
1981	1888	1982	2	-1	-1	-1	0
1982	1888	1983	2	-1	-1	-1	0
1970	1896	1991	2	-1	-1	-1	0
2014	1923	1922	2	-1	-1	-1	0
1984	1985	1890	2	-1	-1	-1	0
1892	1981	1987	2	-1	-1	-1	0
2014	1922	1924	2	-1	-1	-1	0
1891	1986	1984	2	-1	-1	-1	0
2013	1930	1920	2	-1	-1	-1	0
2015	1925	1923	2	-1	-1	-1	0
1986	1891	1987	2	-1	-1	-1	0
1985	1988	1893	2	-1	-1	-1	0
1925	2018	1926	2	-1	-1	-1	0
1926	2019	1927	2	-1	-1	-1	0
1990	1895	1988	2	-1	-1	-1	0
1895	1990	1989	2	-1	-1	-1	0
2021	1929	1928	2	-1	-1	-1	0
1992	1991	1896	2	-1	-1	-1	0
1897	1989	1993	2	-1	-1	-1	0
1930	2021	1928	2	-1	-1	-1	0
2022	1931	1929	2	-1	-1	-1	0
1993	1992	1897	2	-1	-1	-1	0
1959	1965	1961	1	-1	-1	-1	0
1931	2022	1933	2	-1	-1	-1	0
1898	1994	1995	1	-1	-1	-1	0
1933	2025	1932	2	-1	-1	-1	0
1932	2024	1936	2	-1	-1	-1	0
1997	1901	1995	2	-1	-1	-1	0
1997	1996	1901	2	-1	-1	-1	0
1996	1998	1902	2	-1	-1	-1	0
1902	1998	1999	2	-1	-1	-1	0
2028	1935	1936	2	-1	-1	-1	0
1902	1999	2000	2	-1	-1	-1	0
1969	1968	1967	2	-1	-1	-1	0
2028	1940	1935	2	-1	-1	-1	0
1957	1994	1955	1	-1	-1	-1	0
1938	1937	2030	2	-1	-1	-1	0
2030	1937	1940	2	-1	-1	-1	0
2031	1939	1938	2	-1	-1	-1	0
2002	2001	1905	1	-1	-1	-1	0
2033	1941	1939	2	-1	-1	-1	0
2004	2003	1907	2	-1	-1	-1	0
2000	1999	1915	2	-1	-1	-1	0
1909	2001	2005	2	-1	-1	-1	0
2005	2004	1908	2	-1	-1	-1	0
2006	2002	1910	1	-1	-1	-1	0
1912	2000	2007	1	-1	-1	-1	0
1945	1941	2035	2	-1	-1	-1	0
1914	1999	2008	2	-1	-1	-1	0
1943	1942	2037	2	-1	-1	-1	0
2007	2000	1915	2	-1	-1	-1	0
2007	2006	1911	1	-1	-1	-1	0
2003	2007	1915	2	-1	-1	-1	0
2038	1944	1943	2	0	-1	-1	0
2019	1980	1927	0	-1	-1	-1	0
2036	1942	1950	2	-1	-1	-1	0
2040	1946	1945	2	-1	-1	-1	0
2041	1948	1946	2	-1	-1	-1	0
2010	2009	1916	2	-1	-1	-1	0
2011	1917	2008	2	-1	-1	-1	0
2011	2010	1917	2	-1	-1	-1	0
1918	2009	2012	2	-1	-1	-1	0
1951	1948	2042	2	-1	-1	-1	0
1950	1949	2043	2	-1	-1	-1	0
1949	1951	2043	2	-1	-1	-1	0
2012	2013	1920	2	-1	-1	-1	0
2047	1952	1953	1	-1	-1	-1	0
1923	2014	2015	2	-1	-1	-1	0
1952	2046	1954	1	-1	-1	-1	0
2016	2014	1924	2	-1	-1	0	0
2015	2017	1925	2	-1	-1	-1	0
1953	1958	2048	1	-1	-1	-1	0
2049	1956	1954	1	-1	-1	-1	0
1925	2017	2018	2	-1	-1	-1	0
2050	1957	1956	1	-1	-1	-1	0
2018	2020	1926	2	-1	-1	-1	0
1926	2020	2019	2	-1	-1	-1	0
1930	2013	2023	2	-1	-1	-1	0
1962	2048	1958	1	-1	-1	-1	0
2021	2022	1929	2	-1	-1	-1	0
2023	2021	1930	2	-1	-1	-1	0
1961	2053	1960	1	-1	-1	-1	0
2054	1962	1960	1	-1	-1	-1	0
1965	2055	1961	1	-1	-1	-1	0
2025	2024	1932	2	-1	-1	-1	0
2022	2027	1933	2	-1	-1	-1	0
2025	1933	2026	2	-1	-1	-1	0
1964	1963	2058	1	-1	-1	-1	0
1933	2027	2026	2	-1	-1	-1	0
1966	2057	1963	2	-1	-1	-1	0
2059	1965	1964	1	-1	-1	-1	0
2029	1936	2024	2	-1	-1	-1	0
2029	2028	1936	2	-1	-1	-1	0
2060	1966	1968	2	-1	-1	-1	0
1969	2062	1968	2	-1	-1	-1	0
1938	2030	2032	2	-1	-1	-1	0
1938	2032	2031	2	-1	-1	-1	0
2051	1994	1957	1	-1	-1	-1	0
1940	2028	2034	2	-1	-1	-1	0
1970	2063	1969	2	-1	-1	-1	0
1939	2031	2033	2	-1	-1	-1	0
1940	2034	2030	2	-1	-1	-1	0
2008	1999	1998	2	-1	-1	-1	0
2064	1973	1971	2	-1	-1	-1	0
2002	2005	2001	2	-1	-1	-1	0
2033	2035	1941	2	-1	-1	-1	0
1973	2065	1972	2	-1	-1	-1	0
2002	2004	2005	2	-1	-1	-1	0
1976	2064	1971	2	-1	-1	-1	0
2006	2004	2002	2	-1	-1	-1	0
2006	2003	2004	2	-1	-1	-1	0
2036	2037	1942	2	-1	-1	-1	0
2066	1975	1974	2	-1	-1	-1	0
2007	2003	2006	2	-1	-1	-1	0
1977	2067	1974	2	-1	-1	-1	0
2020	1980	2019	0	-1	-1	-1	0
1976	1975	2068	2	-1	-1	-1	0
1943	2037	2039	2	-1	-1	-1	0
1943	2039	2038	2	-1	-1	-1	0
2065	1983	1972	2	-1	-1	-1	0
2035	2040	1945	2	-1	-1	-1	0
1991	2063	1970	2	-1	-1	-1	0
2070	1977	1978	2	-1	-1	-1	0
2041	1946	2040	2	-1	-1	-1	0
1979	2071	1978	0	-1	-1	-1	0
2036	1950	2044	2	-1	-1	-1	0
1979	1980	2072	0	-1	-1	-1	0
2041	2042	1948	2	-1	-1	-1	0
1981	1982	2074	2	-1	-1	-1	0
2043	2044	1950	2	-1	-1	-1	0
2045	1951	2042	2	-1	-1	-1	0
2045	2043	1951	2	-1	-1	-1	0
2051	1995	1994	1	-1	-1	-1	0
2076	1982	1983	2	-1	-1	-1	0
2074	1987	1981	2	-1	-1	-1	0
2047	2046	1952	1	-1	-1	-1	0
2078	1985	1984	2	-1	-1	-1	0
2047	1953	2048	1	-1	-1	-1	0
1986	2079	1984	2	-1	-1	-1	0
2046	2049	1954	1	-1	-1	-1	0
2080	1988	1985	2	-1	-1	-1	0
1986	1987	2081	2	-1	-1	-1	0
2049	2050	1956	1	-1	-1	-1	0
1957	2050	2052	1	-1	-1	-1	0
2051	1957	2052	1	-1	-1	-1	0
2083	1990	1988	2	-1	-1	-1	0
2084	1989	1990	2	-1	-1	-1	0
2048	1962	2056	1	-1	-1	-1	0
1960	2053	2054	1	-1	-1	-1	0
1993	1989	2085	2	-1	-1	-1	0
2053	1961	2055	1	-1	-1	-1	0
1992	2086	1991	2	-1	-1	-1	0
2027	2022	2021	2	-1	-1	-1	0
2021	2023	2027	2	-1	-1	-1	0
1962	2054	2056	1	-1	-1	-1	0
1992	1993	2087	2	-1	-1	-1	0
1980	2020	2073	0	-1	-1	-1	0
2058	1963	2057	1	-1	-1	-1	0
2059	2055	1965	1	-1	-1	-1	0
1964	2058	2059	1	-1	-1	-1	0
1995	2089	1997	2	-1	-1	-1	0
2060	2057	1966	2	-1	-1	-1	0
2090	1996	1997	2	-1	-1	-1	0
2090	1998	1996	2	-1	-1	-1	0
1968	2061	2060	2	-1	-1	-1	0
2061	1968	2062	2	-1	-1	-1	0
2062	1969	2063	2	-1	-1	-1	0
2030	2034	2032	2	-1	-1	-1	0
1998	2090	2008	2	-1	-1	-1	0
2065	1973	2064	2	-1	-1	-1	0
1974	2067	2066	2	-1	-1	-1	0
2068	1975	2066	2	-1	-1	-1	0
1976	2069	2064	2	-1	-1	-1	0
2008	2092	2011	2	-1	-1	-1	0
2010	2093	2009	2	-1	-1	-1	0
2069	1976	2068	2	-1	-1	-1	0
1977	2070	2067	2	-1	-1	-1	0
2009	2094	2012	2	-1	-1	-1	0
2095	2010	2011	2	-1	-1	-1	0
2071	2070	1978	2	-1	-1	-1	0
2012	2097	2013	2	-1	-1	-1	0
1979	2072	2071	0	-1	-1	-1	0
2072	1980	2073	0	-1	-1	-1	0
1983	2065	2077	2	-1	-1	-1	0
2014	2100	2015	2	-1	-1	-1	0
2014	2016	2100	2	-1	-1	-1	0
2075	2074	1982	2	-1	-1	-1	0
2015	2101	2017	2	-1	-1	-1	0
2075	1982	2076	2	-1	-1	-1	0
2051	2089	1995	2	-1	-1	-1	0
2023	2013	2099	2	-1	-1	-1	0
2076	1983	2077	2	-1	-1	-1	0
2103	2018	2017	2	-1	-1	-1	0
1991	2086	2063	2	-1	-1	-1	0
2078	1984	2079	2	-1	-1	-1	0
1987	2074	2081	2	-1	-1	-1	0
2018	2105	2020	2	-1	-1	-1	0
2078	2080	1985	2	-1	-1	-1	0
2081	2079	1986	2	-1	-1	-1	0
2082	1988	2080	2	-1	-1	-1	0
2047	2048	2056	1	-1	-1	-1	0
2083	1988	2082	2	-1	-1	-1	0
2024	2025	2107	2	-1	-1	-1	0
2023	2106	2027	2	-1	-1	-1	0
2083	2084	1990	2	-1	-1	-1	0
2085	1989	2084	2	-1	-1	-1	0
2025	2026	2109	2	-1	-1	-1	0
2029	2024	2108	2	-1	-1	-1	0
2110	2026	2027	2	-1	-1	-1	0
2086	1992	2087	2	-1	-1	-1	0
1993	2085	2088	2	-1	-1	-1	0
1993	2088	2087	2	-1	-1	-1	0
2029	2111	2028	2	-1	-1	-1	0
2028	2111	2034	2	-1	-1	-1	0
1997	2089	2091	2	-1	-1	-1	0
2091	2090	1997	2	-1	-1	-1	0
2033	2031	2115	2	-1	-1	-1	0
2116	2031	2032	2	-1	-1	-1	0
2034	2117	2032	2	-1	-1	-1	0
2119	2035	2033	2	-1	-1	-1	0
2092	2008	2090	2	-1	-1	-1	0
2037	2036	2121	2	-1	-1	-1	0
2035	2120	2040	2	-1	-1	-1	0
2009	2093	2094	2	-1	-1	-1	0
2039	2037	2121	2	-1	-1	-1	0
2073	2020	2105	0	-1	-1	-1	0
2093	2010	2095	2	-1	-1	-1	0
2039	2122	2038	2	-1	0	-1	0
2096	2011	2092	2	-1	-1	-1	0
2044	2121	2036	2	-1	-1	-1	0
2095	2011	2096	2	-1	-1	-1	0
2012	2094	2098	2	-1	-1	-1	0
2041	2040	2124	2	-1	-1	-1	0
2077	2065	2064	2	-1	-1	-1	0
2098	2097	2012	2	-1	-1	-1	0
2042	2041	2125	2	-1	-1	-1	0
2099	2013	2097	2	-1	-1	-1	0
2042	2125	2045	2	-1	-1	-1	0
2127	2044	2043	2	-1	-1	-1	0
2043	2045	2127	2	-1	-1	-1	0
2100	2101	2015	2	-1	-1	-1	0
2016	2102	2100	2	0	-1	-1	0
2104	2017	2101	2	-1	-1	-1	0
2104	2103	2017	2	-1	-1	-1	0
2046	2047	2131	1	-1	-1	-1	0
2103	2105	2018	2	-1	-1	-1	0
2132	2049	2046	1	-1	-1	-1	0
2099	2106	2023	2	-1	-1	-1	0
2081	2074	2075	2	-1	-1	-1	0
2134	2050	2049	1	-1	-1	-1	0
2056	2133	2047	1	-1	-1	-1	0
2052	2050	2134	1	-1	-1	-1	0
2051	2052	2135	2	-1	-1	-1	0
2024	2107	2108	2	-1	-1	-1	0
2107	2025	2109	2	-1	-1	-1	0
2027	2106	2110	2	-1	-1	-1	0
2053	2137	2054	1	-1	-1	-1	0
2026	2110	2109	2	-1	-1	-1	0
2053	2055	2138	1	-1	-1	-1	0
2029	2108	2112	2	-1	-1	-1	0
2056	2054	2140	1	-1	-1	-1	0
2029	2113	2111	2	-1	-1	-1	0
2141	2055	2059	1	-1	-1	-1	0
2029	2112	2114	2	-1	-1	-1	0
2113	2029	2114	2	-1	-1	-1	0
2057	2142	2058	1	-1	-1	-1	0
2059	2058	2141	1	-1	-1	-1	0
2143	2057	2060	2	-1	-1	-1	0
2031	2116	2115	2	-1	-1	-1	0
2111	2117	2034	2	-1	-1	-1	0
2060	2061	2143	2	-1	-1	-1	0
2118	2116	2032	2	-1	-1	-1	0
2115	2119	2033	2	-1	-1	-1	0
2117	2118	2032	2	-1	-1	-1	0
2062	2145	2061	2	-1	-1	-1	0
2146	2062	2063	2	-1	-1	-1	0
2120	2035	2119	2	-1	-1	-1	0
2135	2089	2051	2	-1	-1	-1	0
2064	2069	2148	2	-1	-1	-1	0
2039	2121	2123	2	-1	-1	-1	0
2067	2150	2066	2	-1	-1	-1	0
2066	2149	2068	2	-1	-1	-1	0
2040	2120	2124	2	-1	-1	-1	0
2122	2039	2123	2	-1	-1	-1	0
2148	2077	2064	2	-1	-1	-1	0
2070	2152	2067	2	-1	-1	-1	0
2153	2069	2068	2	-1	-1	-1	0
2124	2126	2041	2	-1	-1	-1	0
2126	2125	2041	2	-1	-1	-1	0
2071	2152	2070	2	-1	-1	-1	0
2121	2044	2129	2	-1	-1	-1	0
2086	2146	2063	2	-1	-1	-1	0
2072	2156	2071	0	-1	-1	-1	0
2127	2128	2044	2	-1	-1	-1	0
2125	2130	2045	2	-1	-1	-1	0
2156	2072	2073	0	-1	-1	-1	0
2077	2148	2076	2	-1	-1	-1	0
2044	2128	2129	2	-1	-1	-1	0
2127	2045	2130	2	-1	-1	-1	0
2132	2046	2131	1	-1	-1	-1	0
2133	2131	2047	1	-1	-1	-1	0
2160	2075	2076	2	-1	-1	-1	0
2081	2075	2159	2	-1	-1	-1	0
2132	2134	2049	1	-1	-1	-1	0
2078	2079	2163	2	-1	-1	-1	0
2164	2080	2078	2	-1	-1	-1	0
2134	2136	2052	2	-1	-1	-1	0
2135	2052	2136	2	-1	-1	-1	0
2081	2165	2079	2	-1	-1	-1	0
2082	2080	2164	2	-1	-1	-1	0
2137	2053	2138	1	-1	-1	-1	0
2056	2140	2133	1	-1	-1	-1	0
2054	2137	2139	1	-1	-1	-1	0
2083	2082	2166	2	-1	-1	-1	0
2140	2054	2139	1	-1	-1	-1	0
2141	2138	2055	1	-1	-1	-1	0
2168	2084	2083	2	-1	-1	-1	0
2158	2073	2105	0	-1	-1	-1	0
2084	2169	2085	2	-1	-1	-1	0
2113	2117	2111	2	-1	-1	-1	0
2143	2142	2057	1	-1	-1	-1	0
2058	2144	2141	1	-1	-1	-1	0
2058	2142	2144	1	-1	-1	-1	0
2171	2088	2085	2	-1	-1	-1	0
2087	2172	2086	2	-1	-1	-1	0
2172	2087	2088	2	-1	-1	-1	0
2143	2061	2145	2	-1	-1	-1	0
2147	2145	2062	2	-1	-1	-1	0
2146	2147	2062	2	-1	-1	-1	0
2175	2091	2089	2	-1	-1	-1	0
2090	2091	2176	2	-1	-1	-1	0
2176	2092	2090	2	-1	-1	-1	0
2150	2149	2066	2	-1	-1	-1	0
2096	2092	2178	2	-1	-1	-1	0
2179	2094	2093	2	-1	-1	-1	0
2179	2093	2095	2	-1	-1	-1	0
2150	2067	2151	2	-1	-1	-1	0
2148	2069	2153	2	-1	-1	-1	0
2151	2067	2152	2	-1	-1	-1	0
2149	2154	2068	2	-1	-1	-1	0
2095	2096	2180	2	-1	-1	-1	0
2094	2179	2098	2	-1	-1	-1	0
2123	2121	2129	2	-1	-1	-1	0
2153	2068	2154	2	-1	-1	-1	0
2182	2097	2098	2	-1	-1	-1	0
2099	2097	2183	2	-1	-1	-1	0
2071	2157	2152	2	-1	-1	-1	0
2155	2071	2156	0	-1	-1	-1	0
2157	2071	2155	2	-1	-1	-1	0
2076	2148	2162	2	-1	-1	-1	0
2156	2073	2158	0	-1	-1	-1	0
2187	2101	2100	2	-1	-1	-1	0
2102	2187	2100	2	-1	-1	-1	0
2106	2099	2186	2	-1	-1	-1	0
2104	2101	2188	2	-1	-1	-1	0
2075	2160	2159	2	-1	-1	-1	0
2076	2161	2160	2	-1	-1	-1	0
2103	2104	2191	2	-1	-1	-1	0
2135	2174	2089	2	-1	-1	-1	0
2161	2076	2162	2	-1	-1	-1	0
2103	2192	2105	2	-1	-1	-1	0
2186	2110	2106	2	-1	-1	-1	0
2172	2146	2086	2	-1	-1	-1	0
2163	2164	2078	2	-1	-1	-1	0
2081	2159	2165	2	-1	-1	-1	0
2165	2163	2079	2	-1	-1	-1	0
2107	2195	2108	2	-1	-1	-1	0
2195	2107	2109	2	-1	-1	-1	0
2166	2082	2164	2	-1	-1	-1	0
2195	2112	2108	2	-1	-1	-1	0
2083	2166	2167	2	-1	-1	-1	0
2110	2197	2109	2	-1	-1	-1	0
2083	2167	2168	2	-1	-1	-1	0
2084	2168	2169	2	-1	-1	-1	0
2085	2169	2170	2	-1	-1	-1	0
2114	2112	2199	2	-1	-1	-1	0
2085	2170	2171	2	-1	-1	-1	0
2113	2114	2201	2	-1	-1	-1	0
2113	2200	2117	2	-1	-1	-1	0
2171	2173	2088	2	-1	-1	-1	0
2173	2172	2088	2	-1	-1	-1	0
2204	2115	2116	2	-1	-1	-1	0
2117	2200	2118	2	-1	-1	-1	0
2115	2203	2119	2	-1	-1	-1	0
2116	2118	2205	2	-1	-1	-1	0
2175	2089	2174	2	-1	-1	-1	0
2177	2091	2175	2	-1	-1	-1	0
2176	2091	2177	2	-1	-1	-1	0
2092	2176	2178	2	-1	-1	-1	0
2120	2119	2207	2	-1	-1	-1	0
2207	2124	2120	2	-1	-1	-1	0
2123	2208	2122	2	-1	0	-1	0
2179	2095	2180	2	-1	-1	-1	0
2178	2181	2096	2	-1	-1	-1	0
2105	2192	2158	0	-1	-1	-1	0
2180	2096	2181	2	-1	-1	-1	0
2157	2151	2152	2	-1	-1	-1	0
2126	2124	2210	2	-1	-1	-1	0
2179	2184	2098	2	-1	-1	-1	0
2209	2123	2129	2	-1	-1	-1	0
2126	2211	2125	2	-1	-1	-1	0
2097	2182	2183	2	-1	-1	-1	0
2162	2148	2153	2	-1	-1	-1	0
2182	2098	2185	2	-1	-1	-1	0
2125	2211	2130	2	-1	-1	-1	0
2098	2184	2185	2	-1	-1	-1	0
2099	2183	2186	2	-1	-1	-1	0
2127	2215	2128	2	-1	-1	-1	0
2130	2214	2127	2	-1	-1	-1	0
2129	2128	2216	2	-1	-1	-1	0
2187	2188	2101	2	-1	-1	-1	0
2102	2189	2187	2	0	-1	-1	0
2219	2132	2131	1	-1	-1	-1	0
2219	2131	2133	1	-1	-1	-1	0
2191	2190	2103	2	-1	-1	-1	0
2192	2103	2190	2	-1	-1	-1	0
2188	2194	2104	2	-1	-1	-1	0
2134	2132	2220	1	-1	-1	-1	0
2193	2191	2104	2	-1	-1	-1	0
2104	2194	2193	2	-1	-1	-1	0
2134	2221	2136	2	-1	-1	-1	0
2219	2133	2140	1	-1	-1	-1	0
2186	2198	2110	2	-1	-1	-1	0
2135	2136	2223	2	-1	-1	-1	0
2109	2196	2195	2	-1	-1	-1	0
2137	2225	2139	1	-1	-1	-1	0
2137	2138	2226	1	-1	-1	-1	0
2196	2109	2197	2	-1	-1	-1	0
2198	2197	2110	2	-1	-1	-1	0
2199	2112	2195	2	-1	-1	-1	0
2138	2141	2227	1	-1	-1	-1	0
2139	2228	2140	1	-1	-1	-1	0
2201	2200	2113	2	-1	-1	-1	0
2202	2114	2199	2	-1	-1	-1	0
2231	2141	2144	1	-1	-1	-1	0
2201	2114	2202	2	-1	-1	-1	0
2143	2232	2142	1	-1	-1	-1	0
2142	2234	2144	1	-1	-1	-1	0
2115	2204	2203	2	-1	-1	-1	0
2143	2145	2236	2	-1	-1	-1	0
2206	2118	2200	2	-1	-1	-1	0
2116	2205	2204	2	-1	-1	-1	0
2205	2118	2206	2	-1	-1	-1	0
2203	2207	2119	2	-1	-1	-1	0
2145	2147	2237	2	-1	-1	-1	0
2178	2176	2177	2	-1	-1	-1	0
2147	2146	2238	2	-1	-1	-1	0
2135	2223	2174	2	-1	-1	-1	0
2149	2150	2240	2	-1	-1	-1	0
2208	2123	2209	2	-1	-1	-1	0
2207	2210	2124	2	-1	-1	-1	0
2241	2150	2151	2	-1	-1	-1	0
2154	2149	2240	2	-1	-1	-1	0
2212	2126	2210	2	-1	-1	-1	0
2151	2157	2241	2	-1	-1	-1	0
2242	2153	2154	2	-1	-1	-1	0
2211	2126	2213	2	-1	-1	-1	0
2213	2126	2212	2	-1	-1	-1	0
2216	2209	2129	2	-1	-1	-1	0
2215	2127	2214	2	-1	-1	-1	0
2146	2172	2238	2	-1	-1	-1	0
2245	2157	2155	2	-1	-1	-1	0
2242	2162	2153	2	-1	-1	-1	0
2246	2155	2156	0	-1	-1	-1	0
2130	2211	2217	2	-1	-1	-1	0
2216	2128	2215	2	-1	-1	-1	0
2158	2246	2156	0	-1	-1	-1	0
2218	2214	2130	2	-1	-1	-1	0
2218	2130	2217	2	-1	-1	-1	0
2160	2248	2159	2	-1	-1	-1	0
2132	2219	2220	1	-1	-1	-1	0
2160	2161	2250	2	-1	-1	-1	0
2223	2175	2174	2	-1	-1	-1	0
2249	2165	2159	2	-1	-1	-1	0
2161	2162	2252	2	-1	-1	-1	0
2220	2222	2134	2	-1	-1	-1	0
2221	2134	2222	2	-1	-1	-1	0
2253	2164	2163	2	-1	-1	-1	0
2224	2136	2221	2	-1	-1	-1	0
2165	2253	2163	2	-1	-1	-1	0
2136	2224	2223	2	-1	-1	-1	0
2166	2164	2253	2	-1	-1	-1	0
2167	2166	2254	2	-1	-1	-1	0
2137	2226	2225	1	-1	-1	-1	0
2140	2230	2219	1	-1	-1	-1	0
2255	2168	2167	2	-1	-1	-1	0
2227	2226	2138	1	-1	-1	-1	0
2229	2139	2225	1	-1	-1	-1	0
2169	2168	2257	2	-1	-1	-1	0
2229	2228	2139	1	-1	-1	-1	0
2170	2169	2257	2	-1	-1	-1	0
2158	2192	2247	0	-1	-1	-1	0
2230	2140	2228	1	-1	-1	-1	0
2170	2258	2171	2	-1	-1	-1	0
2231	2227	2141	1	-1	-1	-1	0
2173	2171	2260	2	-1	-1	-1	0
2172	2173	2261	2	-1	-1	-1	0
2232	2233	2142	1	-1	-1	-1	0
2200	2201	2206	2	-1	-1	-1	0
2233	2234	2142	1	-1	-1	-1	0
2231	2144	2234	1	-1	-1	-1	0
2143	2235	2232	1	-1	-1	-1	0
2143	2236	2235	1	-1	-1	-1	0
2175	2263	2177	2	-1	-1	-1	0
2145	2237	2236	2	-1	-1	-1	0
2265	2178	2177	2	-1	-1	-1	0
2239	2237	2147	2	-1	-1	-1	0
2147	2238	2239	2	-1	-1	-1	0
2181	2178	2266	2	-1	-1	-1	0
2179	2180	2267	2	-1	-1	-1	0
2180	2181	2268	2	-1	-1	-1	0
2179	2267	2184	2	-1	-1	-1	0
2240	2150	2241	2	-1	-1	-1	0
2270	2183	2182	2	-1	-1	-1	0
2243	2154	2240	2	-1	-1	-1	0
2182	2185	2270	2	-1	-1	-1	0
2243	2242	2154	2	-1	-1	-1	0
2183	2272	2186	2	-1	-1	-1	0
2273	2185	2184	2	-1	-1	-1	0
2245	2241	2157	2	-1	-1	-1	0
2245	2155	2244	2	-1	-1	-1	0
2155	2246	2244	0	-1	-1	-1	0
2187	2276	2188	2	-1	-1	-1	0
2158	2247	2246	0	-1	-1	-1	0
2276	2187	2189	2	-1	-1	-1	0
2252	2162	2242	2	-1	-1	-1	0
2248	2249	2159	2	-1	-1	-1	0
2186	2272	2198	2	-1	-1	-1	0
2250	2248	2160	2	-1	-1	-1	0
2194	2188	2276	2	-1	-1	-1	0
2278	2190	2191	2	-1	-1	-1	0
2190	2279	2192	2	-1	-1	-1	0
2223	2264	2175	2	-1	-1	-1	0
2161	2251	2250	2	-1	-1	-1	0
2191	2193	2278	2	-1	-1	-1	0
2161	2252	2251	2	-1	-1	-1	0
2280	2193	2194	2	-1	-1	-1	0
2253	2165	2249	2	-1	-1	-1	0
2230	2220	2219	1	-1	-1	-1	0
2261	2238	2172	2	-1	-1	-1	0
2254	2166	2253	2	-1	-1	-1	0
2195	2196	2284	2	-1	-1	-1	0
2167	2254	2256	2	-1	-1	-1	0
2199	2195	2283	2	-1	-1	-1	0
2256	2255	2167	2	-1	-1	-1	0
2197	2285	2196	2	-1	-1	-1	0
2255	2257	2168	2	-1	-1	-1	0
2197	2198	2286	2	-1	-1	-1	0
2258	2170	2257	2	-1	-1	-1	0
2229	2230	2228	1	-1	-1	-1	0
2287	2202	2199	2	-1	-1	-1	0
2259	2171	2258	2	-1	-1	-1	0
2260	2171	2259	2	-1	-1	-1	0
2201	2202	2289	2	-1	-1	-1	0
2262	2173	2260	2	-1	-1	-1	0
2262	2261	2173	2	-1	-1	-1	0
2289	2206	2201	2	-1	-1	-1	0
2204	2292	2203	2	-1	-1	-1	0
2203	2291	2207	2	-1	-1	-1	0
2263	2175	2264	2	-1	-1	-1	0
2204	2205	2294	2	-1	-1	-1	0
2265	2177	2263	2	-1	-1	-1	0
2206	2295	2205	2	-1	-1	-1	0
2265	2266	2178	2	-1	-1	-1	0
2210	2207	2291	2	-1	-1	-1	0
2291	2212	2210	2	-1	-1	-1	0
2208	2209	2298	2	-1	-1	-1	0
2268	2267	2180	2	-1	-1	-1	0
2266	2269	2181	2	-1	-1	-1	0
2192	2279	2247	0	-1	-1	-1	0
2268	2181	2269	2	-1	-1	-1	0
2216	2298	2209	2	-1	-1	-1	0
2211	2213	2299	2	-1	-1	-1	0
2273	2184	2267	2	-1	-1	-1	0
2183	2270	2271	2	-1	-1	-1	0
2213	2212	2301	2	-1	-1	-1	0
2183	2271	2272	2	-1	-1	-1	0
2217	2211	2299	2	-1	-1	-1	0
2274	2270	2185	2	-1	-1	-1	0
2215	2214	2303	2	-1	-1	-1	0
2185	2273	2275	2	-1	-1	-1	0
2185	2275	2274	2	-1	-1	-1	0
2216	2215	2304	2	-1	-1	-1	0
2218	2303	2214	2	-1	-1	-1	0
2217	2307	2218	2	-1	-1	-1	0
2189	2277	2276	2	0	-1	-1	0
2279	2190	2278	2	-1	-1	-1	0
2276	2282	2194	2	-1	-1	-1	0
2281	2278	2193	2	-1	-1	-1	0
2311	2222	2220	2	-1	-1	-1	0
2280	2281	2193	2	-1	-1	-1	0
2221	2222	2312	2	-1	-1	-1	0
2280	2194	2282	2	-1	-1	-1	0
2272	2286	2198	2	-1	-1	-1	0
2221	2312	2224	2	-1	-1	-1	0
2313	2223	2224	2	-1	-1	-1	0
2230	2310	2220	2	-1	-1	-1	0
2284	2283	2195	2	-1	-1	-1	0
2284	2196	2285	2	-1	-1	-1	0
2226	2316	2225	1	-1	-1	-1	0
2285	2197	2286	2	-1	-1	-1	0
2288	2199	2283	2	-1	-1	-1	0
2317	2226	2227	1	-1	-1	-1	0
2229	2225	2316	1	-1	-1	-1	0
2199	2288	2287	2	-1	-1	-1	0
2231	2318	2227	1	-1	-1	-1	0
2290	2202	2287	2	-1	-1	-1	0
2230	2229	2321	2	-1	-1	-1	0
2290	2289	2202	2	-1	-1	-1	0
2292	2291	2203	2	-1	-1	-1	0
2234	2322	2231	1	-1	-1	-1	0
2292	2204	2293	2	-1	-1	-1	0
2233	2232	2324	1	-1	-1	-1	0
2324	2232	2235	1	-1	-1	-1	0
2289	2296	2206	2	-1	-1	-1	0
2293	2204	2294	2	-1	-1	-1	0
2233	2325	2234	1	-1	-1	-1	0
2205	2295	2294	2	-1	-1	-1	0
2296	2295	2206	2	-1	-1	-1	0
2236	2327	2235	1	-1	-1	-1	0
2264	2223	2313	2	-1	-1	-1	0
2329	2236	2237	2	-1	-1	-1	0
2208	2298	2297	2	-1	-1	0	0
2300	2212	2291	2	-1	-1	-1	0
2237	2239	2332	2	-1	-1	-1	0
2267	2268	2273	2	-1	-1	-1	0
2238	2333	2239	2	-1	-1	-1	0
2300	2301	2212	2	-1	-1	-1	0
2302	2299	2213	2	-1	-1	-1	0
2213	2301	2302	2	-1	-1	-1	0
2241	2336	2240	2	-1	-1	-1	0
2216	2305	2298	2	-1	-1	-1	0
2336	2243	2240	2	-1	-1	-1	0
2215	2303	2304	2	-1	-1	-1	0
2299	2306	2217	2	-1	-1	-1	0
2241	2245	2337	2	-1	-1	-1	0
2243	2338	2242	2	-1	-1	-1	0
2305	2216	2304	2	-1	-1	-1	0
2245	2244	2341	2	-1	-1	-1	0
2306	2307	2217	2	-1	-1	-1	0
2303	2218	2309	2	-1	-1	-1	0
2333	2238	2261	2	-1	-1	-1	0
2246	2342	2244	0	-1	-1	-1	0
2242	2338	2252	2	-1	-1	-1	0
2307	2308	2218	2	-1	-1	-1	0
2309	2218	2308	2	-1	-1	-1	0
2276	2277	2282	2	-1	-1	-1	0
2345	2246	2247	0	-1	-1	-1	0
2311	2220	2310	2	-1	-1	-1	0
2347	2249	2248	2	-1	-1	-1	0
2248	2250	2346	2	-1	-1	-1	0
2311	2312	2222	2	-1	-1	-1	0
2314	2224	2312	2	-1	-1	-1	0
2249	2348	2253	2	-1	-1	-1	0
2350	2250	2251	2	-1	-1	-1	0
2315	2313	2224	2	-1	-1	-1	0
2314	2315	2224	2	-1	-1	-1	0
2252	2351	2251	2	-1	-1	-1	0
2254	2253	2348	2	-1	-1	-1	0
2333	2261	2262	2	-1	-1	-1	0
2317	2316	2226	1	-1	-1	-1	0
2321	2310	2230	2	-1	-1	-1	0
2227	2318	2317	1	-1	-1	-1	0
2256	2254	2352	2	-1	-1	-1	0
2353	2255	2256	2	-1	-1	-1	0
2229	2316	2320	2	-1	-1	-1	0
2257	2255	2353	2	-1	-1	-1	0
2229	2320	2319	2	-1	-1	-1	0
2319	2321	2229	2	-1	-1	-1	0
2356	2258	2257	2	-1	-1	-1	0
2345	2247	2279	0	-1	-1	-1	0
2231	2323	2318	1	-1	-1	-1	0
2358	2259	2258	2	-1	-1	-1	0
2323	2231	2322	1	-1	-1	-1	0
2260	2259	2359	2	-1	-1	-1	0
2360	2262	2260	2	-1	-1	-1	0
2234	2326	2322	1	-1	-1	-1	0
2324	2325	2233	1	-1	-1	-1	0
2300	2291	2292	2	-1	-1	-1	0
2325	2326	2234	1	-1	-1	-1	0
2328	2324	2235	1	-1	-1	-1	0
2327	2328	2235	1	-1	-1	-1	0
2264	2363	2263	2	-1	-1	-1	0
2363	2265	2263	2	-1	-1	-1	0
2236	2330	2327	1	-1	-1	-1	0
2330	2236	2329	1	-1	-1	-1	0
2331	2329	2237	2	-1	-1	-1	0
2265	2366	2266	2	-1	-1	-1	0
2237	2332	2331	2	-1	-1	-1	0
2266	2366	2269	2	-1	-1	-1	0
2367	2268	2269	2	-1	-1	-1	0
2332	2239	2334	2	-1	-1	-1	0
2239	2333	2335	2	-1	-1	-1	0
2299	2302	2306	2	-1	-1	-1	0
2334	2239	2335	2	-1	-1	-1	0
2273	2268	2367	2	-1	-1	-1	0
2271	2270	2371	2	-1	-1	-1	0
2336	2241	2337	2	-1	-1	-1	0
2274	2370	2270	2	-1	-1	-1	0
2273	2367	2275	2	-1	-1	-1	0
2271	2372	2272	2	-1	-1	-1	0
2309	2304	2303	2	-1	-1	-1	0
2243	2336	2339	2	-1	-1	-1	0
2340	2338	2243	2	-1	-1	-1	0
2243	2339	2340	2	-1	-1	-1	0
2275	2374	2274	2	-1	-1	-1	0
2245	2343	2337	2	-1	-1	-1	0
2341	2244	2342	2	-1	-1	-1	0
2341	2343	2245	2	-1	-1	-1	0
2272	2372	2286	2	-1	-1	-1	0
2342	2246	2344	0	-1	-1	-1	0
2278	2378	2279	2	-1	-1	-1	0
2246	2345	2344	0	-1	-1	-1	0
2282	2277	2377	2	-1	0	-1	0
2281	2378	2278	2	-1	-1	-1	0
2351	2252	2338	2	-1	-1	-1	0
2248	2346	2347	2	-1	-1	-1	0
2280	2380	2281	2	-1	-1	-1	0
2264	2313	2365	2	-1	-1	-1	0
2280	2282	2381	2	-1	-1	-1	0
2249	2347	2349	2	-1	-1	-1	0
2349	2348	2249	2	-1	-1	-1	0
2346	2250	2350	2	-1	-1	-1	0
2350	2251	2351	2	-1	-1	-1	0
2385	2283	2284	2	-1	-1	-1	0
2348	2352	2254	2	-1	-1	-1	0
2385	2288	2283	2	-1	-1	-1	0
2387	2284	2285	2	-1	-1	-1	0
2262	2362	2333	2	-1	-1	-1	0
2285	2286	2389	2	-1	-1	-1	0
2355	2256	2352	2	-1	-1	-1	0
2353	2256	2354	2	-1	-1	-1	0
2355	2354	2256	2	-1	-1	-1	0
2353	2356	2257	2	-1	-1	-1	0
2391	2287	2288	2	-1	-1	-1	0
2290	2287	2390	2	-1	-1	-1	0
2357	2258	2356	2	-1	-1	-1	0
2393	2289	2290	2	-1	-1	-1	0
2258	2357	2358	2	-1	-1	-1	0
2358	2359	2259	2	-1	-1	-1	0
2296	2289	2393	2	-1	-1	-1	0
2293	2394	2292	2	-1	-1	-1	0
2361	2260	2359	2	-1	-1	-1	0
2260	2361	2360	2	-1	-1	-1	0
2294	2395	2293	2	-1	-1	-1	0
2295	2395	2294	2	-1	-1	-1	0
2360	2362	2262	2	-1	-1	-1	0
2394	2300	2292	2	-1	-1	-1	0
2397	2295	2296	2	-1	-1	-1	0
2264	2364	2363	2	-1	-1	-1	0
2365	2364	2264	2	-1	-1	-1	0
2297	2298	2398	2	-1	-1	0	0
2365	2313	2315	2	-1	-1	-1	0
2363	2366	2265	2	-1	-1	-1	0
2301	2300	2399	2	-1	-1	-1	0
2398	2298	2305	2	-1	-1	-1	0
2379	2345	2279	0	-1	-1	-1	0
2269	2366	2368	2	-1	-1	-1	0
2401	2302	2301	2	-1	-1	-1	0
2269	2369	2367	2	-1	-1	-1	0
2368	2369	2269	2	-1	-1	-1	0
2302	2402	2306	2	-1	-1	-1	0
2371	2270	2370	2	-1	-1	-1	0
2304	2404	2305	2	-1	-1	-1	0
2271	2371	2373	2	-1	-1	-1	0
2304	2309	2403	2	-1	-1	-1	0
2372	2271	2373	2	-1	-1	-1	0
2275	2367	2375	2	-1	-1	-1	0
2274	2374	2370	2	-1	-1	-1	0
2406	2307	2306	2	-1	-1	-1	0
2308	2307	2408	2	-1	-1	-1	0
2376	2374	2275	2	-1	-1	-1	0
2275	2375	2376	2	-1	-1	-1	0
2409	2309	2308	2	-1	-1	-1	0
2362	2335	2333	2	-1	-1	-1	0
2411	2311	2310	2	-1	-1	-1	0
2412	2312	2311	2	-1	-1	-1	0
2379	2279	2378	2	-1	-1	-1	0
2312	2412	2314	2	-1	-1	-1	0
2280	2381	2380	2	-1	-1	-1	0
2382	2378	2281	2	-1	-1	-1	0
2321	2411	2310	2	-1	-1	-1	0
2314	2413	2315	2	-1	-1	-1	0
2377	2384	2282	2	0	-1	-1	0
2383	2281	2380	2	-1	-1	-1	0
2281	2383	2382	2	-1	-1	-1	0
2384	2381	2282	2	-1	-1	-1	0
2372	2389	2286	2	-1	-1	-1	0
2349	2352	2348	2	-1	-1	-1	0
2316	2317	2416	1	-1	-1	-1	0
2417	2320	2316	2	-1	-1	-1	0
2318	2418	2317	1	-1	-1	-1	0
2385	2284	2386	2	-1	-1	-1	0
2355	2352	2349	2	-1	-1	-1	0
2386	2284	2388	2	-1	-1	-1	0
2284	2387	2388	2	-1	-1	-1	0
2323	2418	2318	1	-1	-1	-1	0
2320	2420	2319	2	-1	-1	-1	0
2321	2319	2419	2	-1	-1	-1	0
2389	2387	2285	2	-1	-1	-1	0
2392	2288	2385	2	-1	-1	-1	0
2322	2422	2323	1	-1	-1	-1	0
2391	2390	2287	2	-1	-1	-1	0
2422	2322	2326	1	-1	-1	-1	0
2288	2392	2391	2	-1	-1	-1	0
2290	2390	2393	2	-1	-1	-1	0
2324	2425	2325	1	-1	-1	-1	0
2328	2426	2324	1	-1	-1	-1	0
2427	2326	2325	1	-1	-1	-1	0
2395	2394	2293	2	-1	-1	-1	0
2430	2328	2327	1	-1	-1	-1	0
2397	2296	2393	2	-1	-1	-1	0
2295	2396	2395	2	-1	-1	-1	0
2330	2430	2327	1	-1	-1	-1	0
2397	2396	2295	2	-1	-1	-1	0
2329	2331	2432	2	-1	-1	-1	0
2329	2433	2330	1	-1	-1	-1	0
2300	2394	2399	2	-1	-1	-1	0
2414	2365	2315	2	-1	-1	-1	0
2435	2331	2332	2	-1	-1	-1	0
2399	2400	2301	2	-1	-1	-1	0
2436	2332	2334	2	-1	-1	-1	0
2400	2401	2301	2	-1	-1	-1	0
2402	2302	2401	2	-1	-1	-1	0
2334	2335	2437	2	-1	-1	-1	0
2405	2398	2305	2	-1	-1	-1	0
2367	2369	2375	2	-1	-1	-1	0
2404	2304	2403	2	-1	-1	-1	0
2337	2440	2336	2	-1	-1	-1	0
2404	2405	2305	2	-1	-1	-1	0
2306	2402	2406	2	-1	-1	-1	0
2440	2339	2336	2	-1	-1	-1	0
2338	2340	2441	2	-1	-1	-1	0
2407	2307	2406	2	-1	-1	-1	0
2343	2440	2337	2	-1	-1	-1	0
2339	2442	2340	2	-1	-1	-1	0
2410	2403	2309	2	-1	-1	-1	0
2408	2307	2407	2	-1	-1	-1	0
2408	2409	2308	2	-1	-1	-1	0
2309	2409	2410	2	-1	-1	-1	0
2342	2445	2341	2	-1	-1	-1	0
2343	2341	2445	2	-1	-1	-1	0
2441	2351	2338	2	-1	-1	-1	0
2344	2446	2342	0	-1	-1	-1	0
2311	2411	2412	2	-1	-1	-1	0
2335	2362	2439	2	-1	-1	-1	0
2449	2344	2345	0	-1	-1	-1	0
2378	2382	2379	2	-1	-1	-1	0
2413	2314	2412	2	-1	-1	-1	0
2315	2413	2414	2	-1	-1	-1	0
2347	2346	2450	2	-1	-1	-1	0
2346	2350	2451	2	-1	-1	-1	0
2415	2316	2416	2	-1	-1	-1	0
2347	2452	2349	2	-1	-1	-1	0
2316	2415	2417	2	-1	-1	-1	0
2317	2418	2416	1	-1	-1	-1	0
2421	2411	2321	2	-1	-1	-1	0
2453	2350	2351	2	-1	-1	-1	0
2355	2349	2452	2	-1	-1	-1	0
2320	2417	2420	2	-1	-1	-1	0
2319	2420	2419	2	-1	-1	-1	0
2419	2421	2321	2	-1	-1	-1	0
2455	2353	2354	2	-1	-1	-1	0
2323	2423	2418	1	-1	-1	-1	0
2353	2456	2356	2	-1	-1	-1	0
2457	2354	2355	2	-1	-1	-1	0
2323	2422	2424	1	-1	-1	-1	0
2424	2423	2323	1	-1	-1	-1	0
2449	2345	2379	0	-1	-1	-1	0
2461	2357	2356	2	-1	-1	-1	0
2426	2425	2324	1	-1	-1	-1	0
2427	2325	2425	1	-1	-1	-1	0
2358	2357	2462	2	-1	-1	-1	0
2326	2429	2422	1	-1	-1	-1	0
2463	2359	2358	2	-1	-1	-1	0
2326	2427	2428	1	-1	-1	-1	0
2361	2359	2463	2	-1	-1	-1	0
2428	2429	2326	1	-1	-1	-1	0
2328	2431	2426	1	-1	-1	-1	0
2465	2360	2361	2	-1	-1	-1	0
2360	2465	2362	2	-1	-1	-1	0
2430	2431	2328	1	-1	-1	-1	0
2329	2432	2433	1	-1	-1	-1	0
2430	2330	2434	1	-1	-1	-1	0
2469	2363	2364	2	-1	-1	-1	0
2433	2434	2330	1	-1	-1	-1	0
2435	2432	2331	2	-1	-1	-1	0
2363	2469	2366	2	-1	-1	-1	0
2470	2364	2365	2	-1	-1	-1	0
2368	2366	2469	2	-1	-1	-1	0
2435	2332	2436	2	-1	-1	-1	0
2438	2436	2334	2	-1	-1	-1	0
2368	2472	2369	2	-1	-1	-1	0
2334	2437	2438	2	-1	-1	-1	0
2335	2439	2437	2	-1	-1	-1	0
2371	2370	2475	2	-1	-1	-1	0
2474	2375	2369	2	-1	-1	-1	0
2370	2374	2475	2	-1	-1	-1	0
2476	2373	2371	2	-1	-1	-1	0
2339	2440	2442	2	-1	-1	-1	0
2373	2477	2372	2	-1	-1	-1	0
2443	2340	2442	2	-1	-1	-1	0
2474	2376	2375	2	-1	-1	-1	0
2340	2444	2441	2	-1	-1	-1	0
2340	2443	2444	2	-1	-1	-1	0
2479	2374	2376	2	-1	-1	-1	0
2448	2440	2343	2	-1	-1	-1	0
2445	2342	2446	2	-1	-1	-1	0
2343	2445	2447	2	-1	-1	-1	0
2343	2447	2448	2	-1	-1	-1	0
2477	2389	2372	2	-1	-1	-1	0
2449	2446	2344	0	-1	-1	-1	0
2482	2379	2382	2	-1	-1	-1	0
2412	2411	2421	2	-1	-1	-1	0
2441	2454	2351	2	-1	-1	-1	0
2381	2485	2380	2	-1	-1	-1	0
2451	2450	2346	2	-1	-1	-1	0
2484	2383	2380	2	-1	-1	-1	0
2470	2365	2414	2	-1	-1	-1	0
2347	2450	2452	2	-1	-1	-1	0
2381	2384	2486	2	-1	-1	-1	0
2487	2382	2383	2	-1	-1	-1	0
2350	2453	2451	2	-1	-1	-1	0
2418	2423	2416	1	-1	-1	-1	0
2453	2351	2454	2	-1	-1	-1	0
2490	2385	2386	2	-1	-1	-1	0
2353	2455	2456	2	-1	-1	-1	0
2491	2386	2388	2	-1	-1	-1	0
2355	2452	2459	2	-1	-1	-1	0
2387	2492	2388	2	-1	-1	-1	0
2490	2392	2385	2	-1	-1	-1	0
2458	2455	2354	2	-1	-1	-1	0
2389	2492	2387	2	-1	-1	-1	0
2468	2439	2362	2	-1	-1	-1	0
2458	2354	2457	2	-1	-1	-1	0
2355	2460	2457	2	-1	-1	-1	0
2356	2456	2461	2	-1	-1	-1	0
2355	2459	2460	2	-1	-1	-1	0
2390	2391	2495	2	-1	-1	-1	0
2393	2390	2494	2	-1	-1	-1	0
2392	2497	2391	2	-1	-1	-1	0
2461	2462	2357	2	-1	-1	-1	0
2462	2464	2358	2	-1	-1	-1	0
2463	2358	2464	2	-1	-1	-1	0
2393	2498	2397	2	-1	-1	-1	0
2499	2394	2395	2	-1	-1	-1	0
2395	2396	2499	2	-1	-1	-1	0
2361	2463	2466	2	-1	-1	-1	0
2394	2500	2399	2	-1	-1	-1	0
2467	2465	2361	2	-1	-1	-1	0
2361	2466	2467	2	-1	-1	-1	0
2501	2396	2397	2	-1	-1	-1	0
2465	2468	2362	2	-1	-1	-1	0
2469	2364	2470	2	-1	-1	-1	0
2400	2399	2505	2	-1	-1	-1	0
2401	2400	2506	2	-1	-1	-1	0
2398	2405	2504	2	-1	-1	0	0
2471	2368	2469	2	-1	-1	-1	0
2401	2507	2402	2	-1	-1	-1	0
2472	2368	2471	2	-1	-1	-1	0
2449	2379	2483	0	-1	-1	-1	0
2472	2473	2369	2	-1	-1	-1	0
2507	2406	2402	2	-1	-1	-1	0
2474	2369	2473	2	-1	-1	-1	0
2510	2404	2403	2	-1	-1	-1	0
2510	2405	2404	2	-1	-1	-1	0
2476	2371	2475	2	-1	-1	-1	0
2410	2510	2403	2	-1	-1	-1	0
2514	2407	2406	2	-1	-1	-1	0
2373	2476	2478	2	-1	-1	-1	0
2478	2477	2373	2	-1	-1	-1	0
2407	2514	2408	2	-1	-1	-1	0
2475	2374	2480	2	-1	-1	-1	0
2440	2448	2442	2	-1	-1	-1	0
2376	2474	2481	2	-1	-1	-1	0
2515	2409	2408	2	-1	-1	-1	0
2374	2479	2480	2	-1	-1	-1	0
2409	2516	2410	2	-1	-1	-1	0
2376	2481	2479	2	-1	-1	-1	0
2412	2518	2413	2	-1	-1	-1	0
2482	2483	2379	0	-1	-1	-1	0
2414	2413	2520	2	-1	-1	-1	0
2484	2380	2485	2	-1	-1	-1	0
2382	2487	2482	2	-1	-1	-1	0
2412	2421	2519	2	-1	-1	-1	0
2381	2486	2485	2	-1	-1	-1	0
2416	2522	2415	2	-1	-1	-1	0
2417	2415	2523	2	-1	-1	-1	0
2383	2484	2488	2	-1	-1	-1	0
2488	2487	2383	2	-1	-1	-1	0
2389	2477	2492	2	-1	-1	-1	0
2486	2384	2489	2	-1	0	-1	0
2416	2423	2522	2	-1	-1	-1	0
2417	2525	2420	2	-1	-1	-1	0
2420	2526	2419	2	-1	-1	-1	0
2419	2526	2421	2	-1	-1	-1	0
2386	2491	2490	2	-1	-1	-1	0
2493	2491	2388	2	-1	-1	-1	0
2493	2388	2492	2	-1	-1	-1	0
2424	2422	2529	1	-1	-1	-1	0
2531	2423	2424	2	-1	-1	-1	0
2390	2495	2494	2	-1	-1	-1	0
2497	2392	2490	2	-1	-1	-1	0
2429	2530	2422	1	-1	-1	-1	0
2495	2391	2496	2	-1	-1	-1	0
2533	2425	2426	1	-1	-1	-1	0
2496	2391	2497	2	-1	-1	-1	0
2494	2498	2393	2	-1	-1	-1	0
2533	2427	2425	1	-1	-1	-1	0
2427	2535	2428	1	-1	-1	-1	0
2431	2534	2426	1	-1	-1	-1	0
2536	2429	2428	1	-1	-1	-1	0
2499	2500	2394	2	-1	-1	-1	0
2396	2502	2499	2	-1	-1	-1	0
2397	2498	2503	2	-1	-1	-1	0
2396	2501	2502	2	-1	-1	-1	0
2431	2430	2539	1	-1	-1	-1	0
2501	2397	2503	2	-1	-1	-1	0
2539	2430	2434	1	-1	-1	-1	0
2399	2500	2505	2	-1	-1	-1	0
2414	2521	2470	2	-1	-1	-1	0
2432	2542	2433	1	-1	-1	-1	0
2432	2435	2541	2	-1	-1	-1	0
2434	2433	2543	1	-1	-1	-1	0
2400	2505	2506	2	-1	-1	-1	0
2544	2435	2436	2	-1	-1	-1	0
2506	2508	2401	2	-1	-1	-1	0
2507	2401	2509	2	-1	-1	-1	0
2508	2509	2401	2	-1	-1	-1	0
2436	2438	2545	2	-1	-1	-1	0
2511	2504	2405	2	0	-1	-1	0
2438	2437	2546	2	-1	-1	-1	0
2547	2437	2439	2	-1	-1	-1	0
2507	2513	2406	2	-1	-1	-1	0
2512	2405	2510	2	-1	-1	-1	0
2511	2405	2512	2	-1	-1	-1	0
2406	2513	2514	2	-1	-1	-1	0
2549	2441	2444	2	-1	-1	-1	0
2442	2550	2443	2	-1	-1	-1	0
2517	2510	2410	2	-1	-1	-1	0
2515	2408	2514	2	-1	-1	-1	0
2443	2551	2444	2	-1	-1	-1	0
2409	2515	2516	2	-1	-1	-1	0
2448	2550	2442	2	-1	-1	-1	0
2410	2516	2517	2	-1	-1	-1	0
2445	2446	2553	2	-1	-1	-1	0
2549	2454	2441	2	-1	-1	-1	0
2445	2553	2447	2	-1	-1	-1	0
2449	2554	2446	0	-1	-1	-1	0
2519	2518	2412	2	-1	-1	-1	0
2448	2447	2555	2	-1	-1	-1	0
2413	2518	2520	2	-1	-1	-1	0
2468	2547	2439	2	-1	-1	-1	0
2520	2521	2414	2	-1	-1	-1	0
2559	2450	2451	2	-1	-1	-1	0
2559	2452	2450	2	-1	-1	-1	0
2415	2522	2524	2	-1	-1	-1	0
2523	2415	2524	2	-1	-1	-1	0
2560	2451	2453	2	-1	-1	-1	0
2523	2525	2417	2	-1	-1	-1	0
2421	2528	2519	2	-1	-1	-1	0
2454	2562	2453	2	-1	-1	-1	0
2525	2527	2420	2	-1	-1	-1	0
2452	2561	2459	2	-1	-1	-1	0
2420	2527	2526	2	-1	-1	-1	0
2456	2455	2563	2	-1	-1	-1	0
2421	2526	2528	2	-1	-1	-1	0
2458	2563	2455	2	-1	-1	-1	0
2531	2522	2423	2	-1	-1	-1	0
2457	2564	2458	2	-1	-1	-1	0
2461	2456	2563	2	-1	-1	-1	0
2530	2529	2422	1	-1	-1	-1	0
2457	2460	2565	2	-1	-1	-1	0
2424	2529	2532	2	-1	-1	-1	0
2459	2567	2460	2	-1	-1	-1	0
2532	2531	2424	2	-1	-1	-1	0
2449	2483	2558	0	-1	-1	-1	0
2462	2461	2569	2	-1	-1	-1	0
2534	2533	2426	1	-1	-1	-1	0
2533	2535	2427	1	-1	-1	-1	0
2464	2462	2570	2	-1	-1	-1	0
2538	2530	2429	1	-1	-1	-1	0
2464	2572	2463	2	-1	-1	-1	0
2535	2537	2428	1	-1	-1	-1	0
2466	2463	2572	2	-1	-1	-1	0
2502	2500	2499	2	-1	-1	-1	0
2536	2428	2537	1	-1	-1	-1	0
2538	2429	2536	1	-1	-1	-1	0
2431	2540	2534	1	-1	-1	-1	0
2574	2465	2467	2	-1	-1	-1	0
2468	2465	2574	2	-1	-1	-1	0
2467	2466	2575	2	-1	-1	-1	0
2431	2539	2540	1	-1	-1	-1	0
2432	2541	2542	1	-1	-1	-1	0
2543	2539	2434	1	-1	-1	-1	0
2579	2469	2470	2	-1	-1	-1	0
2433	2542	2543	1	-1	-1	-1	0
2579	2471	2469	2	-1	-1	-1	0
2541	2435	2544	2	-1	-1	-1	0
2580	2472	2471	2	-1	-1	-1	0
2544	2436	2545	2	-1	-1	-1	0
2472	2581	2473	2	-1	-1	-1	0
2513	2507	2509	2	-1	-1	-1	0
2582	2474	2473	2	-1	-1	-1	0
2546	2437	2547	2	-1	-1	-1	0
2548	2545	2438	2	-1	-1	-1	0
2546	2548	2438	2	-1	-1	-1	0
2585	2476	2475	2	-1	-1	-1	0
2583	2481	2474	2	-1	-1	-1	0
2585	2478	2476	2	-1	-1	-1	0
2480	2584	2475	2	-1	-1	-1	0
2517	2512	2510	2	-1	-1	-1	0
2477	2478	2586	2	-1	-1	-1	0
2551	2443	2550	2	-1	-1	-1	0
2444	2552	2549	2	-1	-1	-1	0
2551	2552	2444	2	-1	-1	-1	0
2479	2481	2588	2	-1	-1	-1	0
2589	2480	2479	2	-1	-1	-1	0
2446	2554	2553	2	-1	-1	-1	0
2557	2550	2448	2	-1	-1	-1	0
2477	2586	2492	2	-1	-1	-1	0
2591	2483	2482	0	-1	-1	-1	0
2556	2447	2553	2	-1	-1	-1	0
2556	2555	2447	2	-1	-1	-1	0
2448	2555	2557	2	-1	-1	-1	0
2487	2591	2482	2	-1	-1	-1	0
2554	2449	2558	0	-1	-1	-1	0
2485	2594	2484	2	-1	-1	-1	0
2549	2562	2454	2	-1	-1	-1	0
2594	2488	2484	2	-1	-1	-1	0
2595	2485	2486	2	-1	-1	-1	0
2521	2579	2470	2	-1	-1	-1	0
2451	2560	2559	2	-1	-1	-1	0
2486	2489	2595	2	-1	-1	-1	0
2596	2487	2488	2	-1	-1	-1	0
2586	2493	2492	2	-1	-1	-1	0
2559	2561	2452	2	-1	-1	-1	0
2562	2560	2453	2	-1	-1	-1	0
2531	2524	2522	2	-1	-1	-1	0
2526	2527	2528	2	-1	-1	-1	0
2491	2600	2490	2	-1	-1	-1	0
2565	2564	2457	2	-1	-1	-1	0
2493	2602	2491	2	-1	-1	-1	0
2459	2561	2567	2	-1	-1	-1	0
2563	2458	2566	2	-1	-1	-1	0
2601	2497	2490	2	-1	-1	-1	0
2564	2566	2458	2	-1	-1	-1	0
2563	2569	2461	2	-1	-1	-1	0
2565	2460	2568	2	-1	-1	-1	0
2547	2468	2578	2	-1	-1	-1	0
2495	2605	2494	2	-1	-1	-1	0
2460	2567	2568	2	-1	-1	-1	0
2496	2607	2495	2	-1	-1	-1	0
2498	2494	2606	2	-1	-1	-1	0
2497	2609	2496	2	-1	-1	-1	0
2462	2569	2571	2	-1	-1	-1	0
2462	2571	2570	2	-1	-1	-1	0
2464	2570	2573	2	-1	-1	-1	0
2606	2503	2498	2	-1	-1	-1	0
2464	2573	2572	2	-1	-1	-1	0
2500	2502	2610	2	-1	-1	-1	0
2572	2576	2466	2	-1	-1	-1	0
2612	2505	2500	2	-1	-1	-1	0
2502	2501	2614	2	-1	-1	-1	0
2576	2575	2466	2	-1	-1	-1	0
2577	2574	2467	2	-1	-1	-1	0
2614	2501	2503	2	-1	-1	-1	0
2467	2575	2577	2	-1	-1	-1	0
2468	2574	2578	2	-1	-1	-1	0
2612	2506	2505	2	-1	-1	-1	0
2580	2471	2579	2	-1	-1	-1	0
2508	2506	2617	2	-1	-1	-1	0
2472	2580	2581	2	-1	-1	-1	0
2593	2558	2483	0	-1	-1	-1	0
2473	2581	2582	2	-1	-1	-1	0
2619	2509	2508	2	-1	-1	-1	0
2582	2583	2474	2	-1	-1	-1	0
2620	2513	2509	2	-1	-1	-1	0
2585	2475	2584	2	-1	-1	-1	0
2511	2512	2622	2	-1	-1	-1	0
2585	2587	2478	2	-1	-1	-1	0
2514	2513	2623	2	-1	-1	-1	0
2586	2478	2587	2	-1	-1	-1	0
2517	2622	2512	2	-1	-1	-1	0
2588	2481	2583	2	-1	-1	-1	0
2590	2584	2480	2	-1	-1	-1	0
2514	2625	2515	2	-1	-1	-1	0
2479	2588	2589	2	-1	-1	-1	0
2516	2515	2627	2	-1	-1	-1	0
2589	2590	2480	2	-1	-1	-1	0
2516	2628	2517	2	-1	-1	-1	0
2483	2591	2592	0	-1	-1	-1	0
2592	2593	2483	0	-1	-1	-1	0
2519	2631	2518	2	-1	-1	-1	0
2520	2518	2631	2	-1	-1	-1	0
2595	2594	2485	2	-1	-1	-1	0
2520	2633	2521	2	-1	-1	-1	0
2487	2596	2591	2	-1	-1	-1	0
2632	2519	2528	2	-1	-1	-1	0
2594	2597	2488	2	-1	-1	-1	0
2596	2488	2598	2	-1	-1	-1	0
2488	2597	2598	2	-1	-1	-1	0
2523	2524	2636	2	-1	-1	-1	0
2599	2595	2489	2	-1	-1	0	0
2586	2604	2493	2	-1	-1	-1	0
2525	2523	2636	2	-1	-1	-1	0
2490	2600	2601	2	-1	-1	-1	0
2639	2527	2525	2	-1	-1	-1	0
2637	2524	2531	2	-1	-1	-1	0
2491	2603	2600	2	-1	-1	-1	0
2641	2528	2527	2	-1	-1	-1	0
2603	2491	2602	2	-1	-1	-1	0
2566	2569	2563	2	-1	-1	-1	0
2604	2602	2493	2	-1	-1	-1	0
2530	2643	2529	1	-1	-1	-1	0
2529	2644	2532	2	-1	-1	-1	0
2605	2606	2494	2	-1	-1	-1	0
2601	2609	2497	2	-1	-1	-1	0
2495	2607	2605	2	-1	-1	-1	0
2532	2646	2531	2	-1	-1	-1	0
2607	2496	2608	2	-1	-1	-1	0
2645	2530	2538	1	-1	-1	-1	0
2609	2608	2496	2	-1	-1	-1	0
2647	2533	2534	1	-1	-1	-1	0
2533	2647	2535	1	-1	-1	-1	0
2500	2610	2611	2	-1	-1	-1	0
2534	2540	2648	1	-1	-1	-1	0
2537	2535	2650	1	-1	-1	-1	0
2537	2651	2536	1	-1	-1	-1	0
2613	2500	2611	2	-1	-1	-1	0
2616	2503	2606	2	-1	-1	-1	0
2612	2500	2613	2	-1	-1	-1	0
2502	2614	2610	2	-1	-1	-1	0
2652	2538	2536	1	-1	-1	-1	0
2615	2614	2503	2	-1	-1	-1	0
2579	2521	2634	2	-1	-1	-1	0
2615	2503	2616	2	-1	-1	-1	0
2656	2540	2539	1	-1	-1	-1	0
2612	2617	2506	2	-1	-1	-1	0
2543	2656	2539	1	-1	-1	-1	0
2542	2541	2658	1	-1	-1	-1	0
2617	2618	2508	2	-1	-1	-1	0
2541	2544	2659	2	-1	-1	-1	0
2508	2618	2619	2	-1	-1	-1	0
2542	2660	2543	1	-1	-1	-1	0
2545	2659	2544	2	-1	-1	-1	0
2619	2620	2509	2	-1	-1	-1	0
2545	2548	2661	2	-1	-1	-1	0
2622	2621	2511	2	-1	0	-1	0
2662	2548	2546	2	-1	-1	-1	0
2663	2546	2547	2	-1	-1	-1	0
2620	2624	2513	2	-1	-1	-1	0
2624	2623	2513	2	-1	-1	-1	0
2623	2625	2514	2	-1	-1	-1	0
2665	2549	2552	2	-1	-1	-1	0
2625	2626	2515	2	-1	-1	-1	0
2551	2550	2666	2	-1	-1	-1	0
2627	2515	2626	2	-1	-1	-1	0
2622	2517	2629	2	-1	-1	-1	0
2551	2667	2552	2	-1	-1	-1	0
2627	2628	2516	2	-1	-1	-1	0
2557	2666	2550	2	-1	-1	-1	0
2517	2628	2630	2	-1	-1	-1	0
2630	2629	2517	2	-1	-1	-1	0
2665	2562	2549	2	-1	-1	-1	0
2554	2670	2553	2	-1	-1	-1	0
2604	2586	2587	2	-1	-1	-1	0
2556	2553	2670	2	-1	-1	-1	0
2631	2519	2632	2	-1	-1	-1	0
2555	2556	2672	2	-1	-1	-1	0
2671	2554	2558	0	-1	-1	-1	0
2631	2633	2520	2	-1	-1	-1	0
2555	2672	2557	2	-1	-1	-1	0
2594	2595	2599	2	-1	-1	-1	0
2664	2547	2578	2	-1	-1	-1	0
2521	2633	2635	2	-1	-1	-1	0
2635	2634	2521	2	-1	-1	-1	0
2580	2579	2634	2	-1	-1	-1	0
2676	2559	2560	2	-1	-1	-1	0
2559	2676	2561	2	-1	-1	-1	0
2524	2637	2636	2	-1	-1	-1	0
2562	2677	2560	2	-1	-1	-1	0
2636	2640	2525	2	-1	-1	-1	0
2632	2528	2642	2	-1	-1	-1	0
2525	2638	2639	2	-1	-1	-1	0
2525	2640	2638	2	-1	-1	-1	0
2567	2561	2678	2	-1	-1	-1	0
2527	2639	2641	2	-1	-1	-1	0
2564	2565	2679	2	-1	-1	-1	0
2564	2680	2566	2	-1	-1	-1	0
2641	2642	2528	2	-1	-1	-1	0
2531	2646	2637	2	-1	-1	-1	0
2568	2681	2565	2	-1	-1	-1	0
2680	2569	2566	2	-1	-1	-1	0
2643	2644	2529	2	-1	-1	-1	0
2683	2568	2567	2	-1	-1	-1	0
2530	2645	2643	1	-1	-1	-1	0
2680	2571	2569	2	-1	-1	-1	0
2671	2558	2593	0	-1	-1	-1	0
2646	2532	2644	2	-1	-1	-1	0
2570	2571	2686	2	-1	-1	-1	0
2570	2685	2573	2	-1	-1	-1	0
2649	2647	2534	1	-1	-1	-1	0
2534	2648	2649	1	-1	-1	-1	0
2647	2650	2535	1	-1	-1	-1	0
2689	2572	2573	2	-1	-1	-1	0
2689	2576	2572	2	-1	-1	-1	0
2655	2645	2538	1	-1	-1	-1	0
2536	2651	2652	1	-1	-1	-1	0
2537	2650	2653	1	-1	-1	-1	0
2651	2537	2654	1	-1	-1	-1	0
2574	2691	2578	2	-1	-1	-1	0
2574	2577	2692	2	-1	-1	-1	0
2654	2537	2653	1	-1	-1	-1	0
2694	2575	2576	2	-1	-1	-1	0
2648	2540	2657	1	-1	-1	-1	0
2655	2538	2652	1	-1	-1	-1	0
2577	2575	2694	2	-1	-1	-1	0
2540	2656	2657	1	-1	-1	-1	0
2541	2659	2658	1	-1	-1	-1	0
2543	2660	2656	1	-1	-1	-1	0
2658	2660	2542	1	-1	-1	-1	0
2581	2580	2701	2	-1	-1	-1	0
2581	2702	2582	2	-1	-1	-1	0
2661	2659	2545	2	-1	-1	-1	0
2703	2583	2582	2	-1	-1	-1	0
2662	2661	2548	2	-1	-1	-1	0
2546	2663	2662	2	-1	-1	-1	0
2623	2624	2625	2	-1	-1	-1	0
2547	2664	2663	2	-1	-1	-1	0
2629	2621	2622	2	-1	-1	-1	0
2583	2704	2588	2	-1	-1	-1	0
2707	2585	2584	2	-1	-1	-1	0
2706	2584	2590	2	-1	-1	-1	0
2708	2587	2585	2	-1	-1	-1	0
2704	2589	2588	2	-1	-1	-1	0
2551	2666	2667	2	-1	-1	-1	0
2665	2552	2668	2	-1	-1	-1	0
2589	2706	2590	2	-1	-1	-1	0
2667	2669	2552	2	-1	-1	-1	0
2669	2668	2552	2	-1	-1	-1	0
2592	2591	2711	0	-1	-1	-1	0
2554	2671	2670	2	-1	-1	-1	0
2591	2596	2711	2	-1	-1	-1	0
2592	2713	2593	0	-1	-1	-1	0
2666	2557	2675	2	-1	-1	-1	0
2604	2587	2708	2	-1	-1	-1	0
2556	2670	2673	2	-1	-1	-1	0
2556	2674	2672	2	-1	-1	-1	0
2556	2673	2674	2	-1	-1	-1	0
2672	2675	2557	2	-1	-1	-1	0
2562	2665	2677	2	-1	-1	-1	0
2594	2599	2715	2	-1	-1	-1	0
2594	2716	2597	2	-1	-1	-1	0
2719	2598	2597	2	-1	-1	-1	0
2717	2596	2598	2	-1	-1	-1	0
2634	2700	2580	2	-1	-1	-1	0
2676	2560	2677	2	-1	-1	-1	0
2676	2678	2561	2	-1	-1	-1	0
2680	2564	2679	2	-1	-1	-1	0
2601	2600	2723	2	-1	-1	-1	0
2603	2723	2600	2	-1	-1	-1	0
2682	2679	2565	2	-1	-1	-1	0
2683	2567	2678	2	-1	-1	-1	0
2565	2681	2682	2	-1	-1	-1	0
2725	2603	2602	2	-1	-1	-1	0
2602	2604	2725	2	-1	-1	-1	0
2568	2684	2681	2	-1	-1	-1	0
2601	2724	2609	2	-1	-1	-1	0
2568	2683	2684	2	-1	-1	-1	0
2728	2606	2605	2	-1	-1	-1	0
2688	2571	2680	2	-1	-1	-1	0
2664	2578	2698	2	-1	-1	-1	0
2605	2607	2729	2	-1	-1	-1	0
2686	2685	2570	2	-1	-1	-1	0
2687	2686	2571	2	-1	-1	-1	0
2608	2730	2607	2	-1	-1	-1	0
2571	2688	2687	2	-1	-1	-1	0
2573	2685	2690	2	-1	-1	-1	0
2609	2731	2608	2	-1	-1	-1	0
2728	2616	2606	2	-1	-1	-1	0
2573	2690	2689	2	-1	-1	-1	0
2611	2610	2733	2	-1	-1	-1	0
2614	2733	2610	2	-1	-1	-1	0
2613	2611	2734	2	-1	-1	-1	0
2574	2693	2691	2	-1	-1	-1	0
2574	2692	2693	2	-1	-1	-1	0
2735	2612	2613	2	-1	-1	-1	0
2576	2689	2696	2	-1	-1	-1	0
2733	2614	2615	2	-1	-1	-1	0
2612	2735	2617	2	-1	-1	-1	0
2576	2695	2694	2	-1	-1	-1	0
2697	2692	2577	2	-1	-1	-1	0
2695	2576	2696	2	-1	-1	-1	0
2691	2699	2578	2	-1	-1	-1	0
2737	2615	2616	2	-1	-1	-1	0
2694	2697	2577	2	-1	-1	-1	0
2634	2635	2700	2	-1	-1	-1	0
2618	2617	2735	2	-1	-1	-1	0
2698	2578	2699	2	-1	-1	-1	0
2618	2740	2619	2	-1	-1	-1	0
2593	2714	2671	0	-1	-1	-1	0
2619	2741	2620	2	-1	-1	-1	0
2701	2580	2700	2	-1	-1	-1	0
2581	2701	2702	2	-1	-1	-1	0
2620	2743	2624	2	-1	-1	-1	0
2582	2702	2703	2	-1	-1	-1	0
2704	2583	2703	2	-1	-1	-1	0
2624	2745	2625	2	-1	-1	-1	0
2621	2629	2744	2	-1	-1	0	0
2584	2706	2705	2	-1	-1	-1	0
2648	2699	2649	2	-1	-1	-1	0
2705	2707	2584	2	-1	-1	-1	0
2626	2625	2747	2	-1	-1	-1	0
2707	2708	2585	2	-1	-1	-1	0
2748	2627	2626	2	-1	-1	-1	0
2704	2709	2589	2	-1	-1	-1	0
2657	2698	2648	2	-1	-1	-1	0
2627	2749	2628	2	-1	-1	-1	0
2706	2589	2710	2	-1	-1	-1	0
2628	2749	2630	2	-1	-1	-1	0
2709	2710	2589	2	-1	-1	-1	0
2630	2750	2629	2	-1	-1	-1	0
2592	2711	2712	0	-1	-1	-1	0
2592	2712	2713	0	-1	-1	-1	0
2631	2753	2633	2	-1	-1	-1	0
2631	2632	2754	2	-1	-1	-1	0
2713	2714	2593	0	-1	-1	-1	0
2753	2635	2633	2	-1	-1	-1	0
2594	2715	2716	2	-1	-1	-1	0
2596	2718	2711	2	-1	-1	-1	0
2642	2754	2632	2	-1	-1	-1	0
2636	2637	2757	2	-1	-1	-1	0
2718	2596	2717	2	-1	-1	-1	0
2757	2640	2636	2	-1	-1	-1	0
2716	2720	2597	2	-1	-1	-1	0
2758	2638	2640	2	-1	-1	-1	0
2599	2722	2715	2	0	-1	-1	0
2717	2598	2721	2	-1	-1	-1	0
2597	2720	2719	2	-1	-1	-1	0
2638	2759	2639	2	-1	-1	-1	0
2721	2598	2719	2	-1	-1	-1	0
2708	2727	2604	2	-1	-1	-1	0
2757	2637	2646	2	-1	-1	-1	0
2760	2641	2639	2	-1	-1	-1	0
2648	2698	2699	2	-1	-1	-1	0
2641	2763	2642	2	-1	-1	-1	0
2724	2601	2723	2	-1	-1	-1	0
2603	2726	2723	2	-1	-1	-1	0
2643	2645	2765	1	-1	-1	-1	0
2643	2766	2644	2	-1	-1	-1	0
2725	2726	2603	2	-1	-1	-1	0
2727	2725	2604	2	-1	-1	-1	0
2767	2646	2644	2	-1	-1	-1	0
2729	2728	2605	2	-1	-1	-1	0
2731	2609	2724	2	-1	-1	-1	0
2729	2607	2730	2	-1	-1	-1	0
2647	2649	2771	1	-1	-1	-1	0
2771	2650	2647	1	-1	-1	-1	0
2655	2769	2645	1	-1	-1	-1	0
2730	2608	2732	2	-1	-1	-1	0
2732	2608	2731	2	-1	-1	-1	0
2653	2650	2771	1	-1	-1	-1	0
2696	2689	2690	2	-1	-1	-1	0
2773	2652	2651	1	-1	-1	-1	0
2734	2611	2733	2	-1	-1	-1	0
2654	2773	2651	1	-1	-1	-1	0
2655	2652	2774	1	-1	-1	-1	0
2613	2734	2736	2	-1	-1	-1	0
2653	2776	2654	2	-1	-1	-1	0
2728	2739	2616	2	-1	-1	-1	0
2736	2735	2613	2	-1	-1	-1	0
2733	2615	2738	2	-1	-1	-1	0
2736	2618	2735	2	-1	-1	-1	0
2615	2737	2738	2	-1	-1	-1	0
2635	2756	2700	2	-1	-1	-1	0
2616	2739	2737	2	-1	-1	-1	0
2780	2657	2656	1	-1	-1	-1	0
2740	2618	2736	2	-1	-1	-1	0
2660	2780	2656	1	-1	-1	-1	0
2782	2658	2659	1	-1	-1	-1	0
2660	2658	2783	1	-1	-1	-1	0
2740	2742	2619	2	-1	-1	-1	0
2659	2661	2782	1	-1	-1	-1	0
2741	2619	2742	2	-1	-1	-1	0
2743	2620	2741	2	-1	-1	-1	0
2782	2661	2662	2	-1	-1	-1	0
2662	2663	2784	2	-1	-1	-1	0
2663	2664	2785	2	-1	-1	-1	0
2624	2743	2746	2	-1	-1	-1	0
2745	2624	2746	2	-1	-1	-1	0
2745	2747	2625	2	-1	-1	-1	0
2786	2665	2668	2	-1	-1	-1	0
2649	2699	2772	2	-1	-1	-1	0
2667	2666	2788	2	-1	-1	-1	0
2748	2626	2747	2	-1	-1	-1	0
2750	2744	2629	2	-1	-1	-1	0
2788	2669	2667	2	-1	-1	-1	0
2749	2627	2748	2	-1	-1	-1	0
2669	2790	2668	2	-1	-1	-1	0
2677	2665	2786	2	-1	-1	-1	0
2666	2675	2787	2	-1	-1	-1	0
2630	2749	2751	2	-1	-1	-1	0
2630	2752	2750	2	-1	-1	-1	0
2752	2630	2751	2	-1	-1	-1	0
2793	2670	2671	2	-1	-1	-1	0
2657	2781	2698	2	-1	-1	-1	0
2793	2673	2670	2	-1	-1	-1	0
2754	2753	2631	2	-1	-1	-1	0
2795	2672	2674	2	-1	-1	-1	0
2672	2794	2675	2	-1	-1	-1	0
2711	2718	2712	0	-1	-1	-1	0
2727	2708	2707	2	-1	-1	-1	0
2755	2635	2753	2	-1	-1	-1	0
2698	2781	2664	2	-1	-1	-1	0
2673	2796	2674	2	-1	-1	-1	0
2755	2756	2635	2	-1	-1	-1	0
2798	2676	2677	2	-1	-1	-1	0
2676	2798	2678	2	-1	-1	-1	0
2638	2758	2759	2	-1	-1	-1	0
2680	2679	2799	2	-1	-1	-1	0
2760	2639	2759	2	-1	-1	-1	0
2683	2678	2798	2	-1	-1	-1	0
2640	2761	2758	2	-1	-1	-1	0
2757	2762	2640	2	-1	-1	-1	0
2754	2642	2764	2	-1	-1	-1	0
2682	2799	2679	2	-1	-1	-1	0
2640	2762	2761	2	-1	-1	-1	0
2800	2682	2681	2	-1	-1	-1	0
2641	2760	2763	2	-1	-1	-1	0
2681	2684	2801	2	-1	-1	-1	0
2688	2680	2799	2	-1	-1	-1	0
2642	2763	2764	2	-1	-1	-1	0
2683	2803	2684	2	-1	-1	-1	0
2770	2757	2646	2	-1	-1	-1	0
2643	2765	2766	2	-1	-1	-1	0
2686	2806	2685	2	-1	-1	-1	0
2714	2793	2671	2	-1	-1	-1	0
2768	2644	2766	2	-1	-1	-1	0
2769	2765	2645	1	-1	-1	-1	0
2768	2767	2644	2	-1	-1	-1	0
2686	2687	2807	2	-1	-1	-1	0
2685	2805	2690	2	-1	-1	-1	0
2767	2770	2646	2	-1	-1	-1	0
2808	2687	2688	2	-1	-1	-1	0
2649	2772	2771	2	-1	-1	-1	0
2693	2811	2691	2	-1	-1	-1	0
2690	2810	2696	2	-1	-1	-1	0
2693	2692	2812	2	-1	-1	-1	0
2774	2652	2773	1	-1	-1	-1	0
2771	2775	2653	2	-1	-1	-1	0
2692	2697	2812	2	-1	-1	-1	0
2811	2699	2691	2	-1	-1	-1	0
2769	2655	2779	1	-1	-1	-1	0
2694	2695	2815	2	-1	-1	-1	0
2776	2653	2775	2	-1	-1	-1	0
2654	2778	2773	1	-1	-1	-1	0
2734	2733	2738	2	-1	-1	-1	0
2694	2814	2697	2	-1	-1	-1	0
2695	2696	2816	2	-1	-1	-1	0
2776	2777	2654	2	-1	-1	-1	0
2774	2779	2655	1	-1	-1	-1	0
2654	2777	2778	2	-1	-1	-1	0
2657	2780	2781	2	-1	-1	-1	0
2700	2819	2701	2	-1	-1	-1	0
2701	2820	2702	2	-1	-1	-1	0
2658	2782	2783	1	-1	-1	-1	0
2783	2780	2660	1	-1	-1	-1	0
2703	2702	2820	2	-1	-1	-1	0
2662	2784	2782	2	-1	-1	-1	0
2664	2781	2785	2	-1	-1	-1	0
2704	2703	2823	2	-1	-1	-1	0
2785	2784	2663	2	-1	-1	-1	0
2706	2825	2705	2	-1	-1	-1	0
2824	2709	2704	2	-1	-1	-1	0
2826	2707	2705	2	-1	-1	-1	0
2825	2706	2710	2	-1	-1	-1	0
2666	2787	2788	2	-1	-1	-1	0
2789	2786	2668	2	-1	-1	-1	0
2709	2827	2710	2	-1	-1	-1	0
2668	2790	2789	2	-1	-1	-1	0
2669	2788	2792	2	-1	-1	-1	0
2790	2669	2791	2	-1	-1	-1	0
2792	2791	2669	2	-1	-1	-1	0
2713	2712	2830	0	-1	-1	-1	0
2831	2714	2713	0	-1	-1	-1	0
2829	2712	2718	0	-1	-1	-1	0
2797	2787	2675	2	-1	-1	-1	0
2826	2727	2707	2	-1	-1	-1	0
2795	2794	2672	2	-1	-1	-1	0
2677	2786	2798	2	-1	-1	-1	0
2673	2793	2796	2	-1	-1	-1	0
2716	2715	2832	2	-1	-1	-1	0
2674	2796	2795	2	-1	-1	-1	0
2794	2797	2675	2	-1	-1	-1	0
2722	2832	2715	2	-1	-1	-1	0
2720	2716	2833	2	-1	-1	-1	0
2717	2834	2718	2	-1	-1	-1	0
2717	2721	2834	2	-1	-1	-1	0
2720	2835	2719	2	-1	-1	-1	0
2756	2819	2700	2	-1	-1	-1	0
2721	2719	2835	2	-1	-1	-1	0
2800	2681	2801	2	-1	-1	-1	0
2682	2802	2799	2	-1	-1	-1	0
2800	2802	2682	2	-1	-1	-1	0
2804	2683	2798	2	-1	-1	-1	0
2684	2803	2801	2	-1	-1	-1	0
2724	2723	2842	2	-1	-1	-1	0
2699	2818	2772	2	-1	-1	-1	0
2803	2683	2804	2	-1	-1	-1	0
2726	2842	2723	2	-1	-1	-1	0
2845	2726	2725	2	-1	-1	-1	0
2685	2806	2805	2	-1	-1	-1	0
2688	2799	2809	2	-1	-1	-1	0
2727	2845	2725	2	-1	-1	-1	0
2844	2731	2724	2	-1	-1	-1	0
2807	2806	2686	2	-1	-1	-1	0
2808	2807	2687	2	-1	-1	-1	0
2810	2690	2805	2	-1	-1	-1	0
2809	2808	2688	2	-1	-1	-1	0
2729	2848	2728	2	-1	-1	-1	0
2844	2732	2731	2	-1	-1	-1	0
2849	2729	2730	2	-1	-1	-1	0
2730	2732	2850	2	-1	-1	-1	0
2728	2848	2739	2	-1	-1	-1	0
2813	2811	2693	2	-1	-1	-1	0
2812	2813	2693	2	-1	-1	-1	0
2775	2771	2772	2	-1	-1	-1	0
2810	2816	2696	2	-1	-1	-1	0
2734	2853	2736	2	-1	-1	-1	0
2814	2812	2697	2	-1	-1	-1	0
2814	2694	2815	2	-1	-1	-1	0
2738	2853	2734	2	-1	-1	-1	0
2695	2817	2815	2	-1	-1	-1	0
2818	2699	2811	2	-1	-1	-1	0
2695	2816	2817	2	-1	-1	-1	0
2740	2736	2854	2	-1	-1	-1	0
2855	2737	2739	2	-1	-1	-1	0
2737	2856	2738	2	-1	-1	-1	0
2793	2714	2831	2	-1	-1	-1	0
2740	2860	2742	2	-1	-1	-1	0
2821	2701	2819	2	-1	-1	-1	0
2820	2701	2822	2	-1	-1	-1	0
2822	2701	2821	2	-1	-1	-1	0
2861	2743	2741	2	-1	-1	-1	0
2862	2741	2742	2	-1	-1	-1	0
2780	2785	2781	2	-1	-1	-1	0
2823	2703	2820	2	-1	-1	-1	0
2785	2780	2783	2	-1	-1	-1	0
2784	2783	2782	2	-1	-1	-1	0
2746	2743	2861	2	-1	-1	-1	0
2704	2823	2824	2	-1	-1	-1	0
2785	2783	2784	2	-1	-1	-1	0
2705	2825	2826	2	-1	-1	-1	0
2745	2746	2866	2	-1	-1	-1	0
2865	2747	2745	2	-1	-1	-1	0
2744	2750	2864	2	-1	-1	0	0
2827	2709	2824	2	-1	-1	-1	0
2710	2828	2825	2	-1	-1	-1	0
2868	2748	2747	2	-1	-1	-1	0
2818	2775	2772	2	-1	-1	-1	0
2827	2828	2710	2	-1	-1	-1	0
2748	2869	2749	2	-1	-1	-1	0
2864	2750	2752	2	-1	-1	-1	0
2869	2751	2749	2	-1	-1	-1	0
2776	2775	2818	2	-1	-1	-1	0
2829	2830	2712	0	-1	-1	-1	0
2751	2870	2752	2	-1	-1	-1	0
2830	2831	2713	0	-1	-1	-1	0
2754	2872	2753	2	-1	-1	-1	0
2753	2872	2755	2	-1	-1	-1	0
2718	2834	2829	0	-1	-1	-1	0
2716	2832	2833	2	-1	-1	-1	0
2756	2755	2874	2	-1	-1	-1	0
2836	2720	2833	2	-1	-1	-1	0
2754	2764	2872	2	-1	-1	-1	0
2720	2836	2835	2	-1	-1	-1	0
2838	2834	2721	2	-1	-1	-1	0
2877	2759	2758	2	-1	-1	-1	0
2757	2876	2762	2	-1	-1	-1	0
2835	2839	2721	2	-1	-1	-1	0
2722	2841	2832	2	-1	-1	-1	0
2837	2838	2721	2	-1	-1	-1	0
2877	2758	2761	2	-1	-1	-1	0
2839	2837	2721	2	-1	-1	-1	0
2878	2760	2759	2	-1	-1	-1	0
2826	2847	2727	2	-1	-1	-1	0
2763	2760	2879	2	-1	-1	-1	0
2762	2880	2761	2	-1	-1	-1	0
2841	2722	2840	2	-1	0	-1	0
2876	2757	2770	2	-1	-1	-1	0
2843	2724	2842	2	-1	-1	-1	0
2764	2763	2883	2	-1	-1	-1	0
2802	2809	2799	2	-1	-1	-1	0
2843	2844	2724	2	-1	-1	-1	0
2726	2846	2842	2	-1	-1	-1	0
2765	2885	2766	2	-1	-1	-1	0
2846	2726	2845	2	-1	-1	-1	0
2845	2727	2847	2	-1	-1	-1	0
2765	2769	2886	1	-1	-1	-1	0
2887	2768	2766	2	-1	-1	-1	0
2768	2888	2767	2	-1	-1	-1	0
2770	2767	2888	2	-1	-1	-1	0
2849	2848	2729	2	-1	-1	-1	0
2852	2732	2844	2	-1	-1	-1	0
2849	2730	2850	2	-1	-1	-1	0
2851	2850	2732	2	-1	-1	-1	0
2732	2852	2851	2	-1	-1	-1	0
2893	2769	2779	1	-1	-1	-1	0
2774	2773	2895	1	-1	-1	-1	0
2854	2736	2853	2	-1	-1	-1	0
2739	2848	2859	2	-1	-1	-1	0
2778	2895	2773	1	-1	-1	-1	0
2779	2774	2895	1	-1	-1	-1	0
2737	2855	2857	2	-1	-1	-1	0
2853	2738	2858	2	-1	-1	-1	0
2857	2856	2737	2	-1	-1	-1	0
2875	2819	2756	2	-1	-1	-1	0
2777	2776	2898	2	-1	-1	-1	0
2858	2738	2856	2	-1	-1	-1	0
2855	2739	2859	2	-1	-1	-1	0
2860	2740	2854	2	-1	-1	-1	0
2777	2899	2778	2	-1	-1	-1	0
2861	2741	2862	2	-1	-1	-1	0
2863	2742	2860	2	-1	-1	-1	0
2862	2742	2863	2	-1	-1	-1	0
2746	2861	2867	2	-1	-1	-1	0
2866	2865	2745	2	-1	-1	-1	0
2786	2789	2903	2	-1	-1	-1	0
2787	2904	2788	2	-1	-1	-1	0
2866	2746	2867	2	-1	-1	-1	0
2868	2747	2865	2	-1	-1	-1	0
2788	2904	2792	2	-1	-1	-1	0
2790	2905	2789	2	-1	-1	-1	0
2869	2748	2868	2	-1	-1	-1	0
2871	2864	2752	2	-1	-1	-1	0
2903	2798	2786	2	-1	-1	-1	0
2907	2790	2791	2	-1	-1	-1	0
2787	2797	2904	2	-1	-1	-1	0
2751	2869	2870	2	-1	-1	-1	0
2776	2818	2897	2	-1	-1	-1	0
2792	2909	2791	2	-1	-1	-1	0
2871	2752	2870	2	-1	-1	-1	0
2911	2796	2793	2	-1	-1	-1	0
2755	2872	2873	2	-1	-1	-1	0
2794	2795	2912	2	-1	-1	-1	0
2874	2755	2873	2	-1	-1	-1	0
2797	2794	2912	2	-1	-1	-1	0
2795	2796	2913	2	-1	-1	-1	0
2903	2804	2798	2	-1	-1	-1	0
2875	2756	2874	2	-1	-1	-1	0
2841	2833	2832	2	-1	-1	-1	0
2872	2764	2873	2	-1	-1	-1	0
2878	2759	2877	2	-1	-1	-1	0
2819	2875	2821	2	-1	-1	-1	0
2760	2878	2879	2	-1	-1	-1	0
2881	2877	2761	2	-1	-1	-1	0
2802	2800	2917	2	-1	-1	-1	0
2918	2800	2801	2	-1	-1	-1	0
2882	2762	2876	2	-1	-1	-1	0
2897	2811	2813	2	-1	-1	-1	0
2884	2873	2764	2	-1	-1	-1	0
2881	2761	2880	2	-1	-1	-1	0
2919	2801	2803	2	-1	-1	-1	0
2762	2882	2880	2	-1	-1	-1	0
2879	2883	2763	2	-1	-1	-1	0
2818	2811	2897	2	-1	-1	-1	0
2803	2804	2922	2	-1	-1	-1	0
2764	2883	2884	2	-1	-1	-1	0
2802	2920	2809	2	-1	-1	-1	0
2924	2805	2806	2	-1	-1	-1	0
2831	2911	2793	2	-1	-1	-1	0
2886	2885	2765	2	-1	-1	-1	0
2766	2885	2887	2	-1	-1	-1	0
2925	2806	2807	2	-1	-1	-1	0
2924	2810	2805	2	-1	-1	-1	0
2894	2876	2770	2	-1	-1	-1	0
2807	2808	2926	2	-1	-1	-1	0
2927	2808	2809	2	-1	-1	-1	0
2888	2768	2889	2	-1	-1	-1	0
2768	2887	2892	2	-1	-1	-1	0
2769	2893	2886	1	-1	-1	-1	0
2891	2889	2768	2	-1	-1	-1	0
2891	2768	2890	2	-1	-1	-1	0
2768	2892	2890	2	-1	-1	-1	0
2888	2894	2770	2	-1	-1	-1	0
2810	2928	2816	2	-1	-1	-1	0
2929	2813	2812	2	-1	-1	-1	0
2814	2929	2812	2	-1	-1	-1	0
2859	2848	2849	2	-1	-1	-1	0
2933	2814	2815	2	-1	-1	-1	0
2815	2817	2934	2	-1	-1	-1	0
2935	2817	2816	2	-1	-1	-1	0
2897	2896	2776	2	-1	-1	-1	0
2776	2896	2898	2	-1	-1	-1	0
2778	2901	2895	1	-1	-1	-1	0
2902	2893	2779	1	-1	-1	-1	0
2898	2900	2777	2	-1	-1	-1	0
2895	2902	2779	1	-1	-1	-1	0
2777	2900	2899	2	-1	-1	-1	0
2901	2778	2899	2	-1	-1	-1	0
2820	2822	2937	2	-1	-1	-1	0
2823	2820	2937	2	-1	-1	-1	0
2822	2821	2939	2	-1	-1	-1	0
2824	2823	2937	2	-1	-1	-1	0
2827	2824	2942	2	-1	-1	-1	0
2943	2826	2825	2	-1	-1	-1	0
2825	2828	2944	2	-1	-1	-1	0
2903	2789	2906	2	-1	-1	-1	0
2906	2789	2905	2	-1	-1	-1	0
2947	2828	2827	2	-1	-1	-1	0
2908	2905	2790	2	-1	-1	-1	0
2790	2907	2908	2	-1	-1	-1	0
2792	2904	2910	2	-1	-1	-1	0
2907	2791	2909	2	-1	-1	-1	0
2829	2949	2830	0	-1	-1	-1	0
2792	2910	2909	2	-1	-1	-1	0
2831	2830	2951	0	-1	-1	-1	0
2950	2829	2834	0	-1	-1	-1	0
2797	2916	2904	2	-1	-1	-1	0
2826	2945	2847	2	-1	-1	-1	0
2913	2796	2911	2	-1	-1	-1	0
2795	2913	2912	2	-1	-1	-1	0
2836	2833	2952	2	-1	-1	-1	0
2834	2838	2950	0	-1	-1	-1	0
2835	2836	2953	2	-1	-1	-1	0
2915	2797	2912	2	-1	-1	-1	0
2914	2797	2915	2	-1	-1	-1	0
2833	2841	2952	2	-1	-1	-1	0
2916	2797	2914	2	-1	-1	-1	0
2953	2839	2835	2	-1	-1	-1	0
2804	2903	2923	2	-1	-1	-1	0
2839	2955	2837	2	-1	-1	-1	0
2838	2837	2956	2	-1	-1	-1	0
2840	2952	2841	2	-1	-1	-1	0
2938	2821	2875	2	-1	-1	-1	0
2917	2800	2918	2	-1	-1	-1	0
2918	2801	2919	2	-1	-1	-1	0
2921	2802	2917	2	-1	-1	-1	0
2931	2897	2813	2	-1	-1	-1	0
2921	2920	2802	2	-1	-1	-1	0
2922	2919	2803	2	-1	-1	-1	0
2843	2842	2962	2	-1	-1	-1	0
2923	2922	2804	2	-1	-1	-1	0
2846	2962	2842	2	-1	-1	-1	0
2843	2964	2844	2	-1	-1	-1	0
2924	2806	2925	2	-1	-1	-1	0
2965	2846	2845	2	-1	-1	-1	0
2809	2920	2927	2	-1	-1	-1	0
2965	2845	2847	2	-1	-1	-1	0
2926	2925	2807	2	-1	-1	-1	0
2964	2852	2844	2	-1	-1	-1	0
2927	2926	2808	2	-1	-1	-1	0
2924	2928	2810	2	-1	-1	-1	0
2849	2850	2968	2	-1	-1	-1	0
2970	2850	2851	2	-1	-1	-1	0
2852	2970	2851	2	-1	-1	-1	0
2932	2813	2929	2	-1	-1	-1	0
2930	2931	2813	2	-1	-1	-1	0
2930	2813	2932	2	-1	-1	-1	0
2859	2849	2968	2	-1	-1	-1	0
2814	2933	2929	2	-1	-1	-1	0
2816	2928	2935	2	-1	-1	-1	0
2854	2853	2973	2	-1	-1	-1	0
2934	2933	2815	2	-1	-1	-1	0
2974	2853	2858	2	-1	-1	-1	0
2936	2934	2817	2	-1	-1	-1	0
2975	2857	2855	2	-1	-1	-1	0
2860	2854	2973	2	-1	-1	-1	0
2817	2935	2936	2	-1	-1	-1	0
2855	2859	2975	2	-1	-1	-1	0
2856	2857	2976	2	-1	-1	-1	0
2976	2858	2856	2	-1	-1	-1	0
2951	2911	2831	2	-1	-1	-1	0
2902	2895	2901	1	-1	-1	-1	0
2821	2938	2939	2	-1	-1	-1	0
2822	2940	2937	2	-1	-1	-1	0
2822	2939	2941	2	-1	-1	-1	0
2979	2863	2860	2	-1	-1	-1	0
2824	2937	2942	2	-1	-1	-1	0
2822	2941	2940	2	-1	-1	-1	0
2862	2980	2861	2	-1	-1	-1	0
2981	2862	2863	2	-1	-1	-1	0
2861	2980	2867	2	-1	-1	-1	0
2825	2944	2943	2	-1	-1	-1	0
2826	2943	2945	2	-1	-1	-1	0
2942	2946	2827	2	-1	-1	-1	0
2865	2866	2986	2	-1	-1	-1	0
2864	2871	2985	2	-1	-1	0	0
2868	2865	2987	2	-1	-1	-1	0
2828	2948	2944	2	-1	-1	-1	0
2947	2827	2946	2	-1	-1	-1	0
2866	2867	2988	2	-1	-1	-1	0
2828	2947	2948	2	-1	-1	-1	0
2931	2896	2897	2	-1	-1	-1	0
2990	2869	2868	2	-1	-1	-1	0
2829	2950	2949	0	-1	-1	-1	0
2990	2870	2869	2	-1	-1	-1	0
2916	2910	2904	2	-1	-1	-1	0
2949	2951	2830	0	-1	-1	-1	0
2991	2871	2870	2	-1	-1	-1	0
2903	2906	2923	2	-1	-1	-1	0
2993	2874	2873	2	-1	-1	-1	0
2952	2954	2836	2	-1	-1	-1	0
2836	2954	2953	2	-1	-1	-1	0
2875	2874	2996	2	-1	-1	-1	0
2950	2838	2958	0	-1	-1	-1	0
2957	2837	2955	2	-1	-1	-1	0
2993	2873	2884	2	-1	-1	-1	0
2956	2837	2957	2	-1	-1	-1	0
2953	2960	2839	2	-1	-1	-1	0
2958	2838	2956	0	-1	-1	-1	0
2878	2877	2998	2	-1	-1	-1	0
2961	2952	2840	2	-1	-1	0	0
2959	2955	2839	2	-1	-1	-1	0
2876	2997	2882	2	-1	-1	-1	0
2998	2877	2881	2	-1	-1	-1	0
2879	2878	3000	2	-1	-1	-1	0
2960	2959	2839	2	-1	-1	-1	0
2847	2945	2967	2	-1	-1	-1	0
3000	2883	2879	2	-1	-1	-1	0
3001	2881	2880	2	-1	-1	-1	0
3001	2880	2882	2	-1	-1	-1	0
2894	2997	2876	2	-1	-1	-1	0
2962	2963	2843	2	-1	-1	-1	0
2843	2963	2964	2	-1	-1	-1	0
3005	2884	2883	2	-1	-1	-1	0
2962	2846	2966	2	-1	-1	-1	0
2846	2965	2966	2	-1	-1	-1	0
2886	3007	2885	2	-1	-1	-1	0
2887	2885	3007	2	-1	-1	-1	0
2847	2967	2965	2	-1	-1	-1	0
2889	3010	2888	2	-1	-1	-1	0
2968	2850	2969	2	-1	-1	-1	0
2886	2893	3008	1	-1	-1	-1	0
2887	3009	2892	2	-1	-1	-1	0
2964	2972	2852	2	-1	-1	-1	0
2850	2970	2969	2	-1	-1	-1	0
2891	3011	2889	2	-1	-1	-1	0
2894	2888	3010	2	-1	-1	-1	0
2971	2970	2852	2	-1	-1	-1	0
2933	2932	2929	2	-1	-1	-1	0
2891	2890	3013	2	-1	-1	-1	0
2892	3012	2890	2	-1	-1	-1	0
2972	2971	2852	2	-1	-1	-1	0
2973	2853	2974	2	-1	-1	-1	0
2859	2968	2978	2	-1	-1	-1	0
2976	2974	2858	2	-1	-1	-1	0
2875	2996	2938	2	-1	-1	-1	0
2977	2857	2975	2	-1	-1	-1	0
2976	2857	2977	2	-1	-1	-1	0
2902	3016	2893	1	-1	-1	-1	0
2973	2979	2860	2	-1	-1	-1	0
2978	2975	2859	2	-1	-1	-1	0
2898	2896	3019	2	-1	-1	-1	0
3020	2900	2898	2	-1	-1	-1	0
2942	2937	2940	2	-1	-1	-1	0
3022	2899	2900	2	-1	-1	-1	0
2899	3022	2901	2	-1	-1	-1	0
2862	2982	2980	2	-1	-1	-1	0
2982	2862	2981	2	-1	-1	-1	0
2979	2984	2863	2	-1	-1	-1	0
3024	2902	2901	1	-1	-1	-1	0
2863	2983	2981	2	-1	-1	-1	0
2863	2984	2983	2	-1	-1	-1	0
2988	2867	2980	2	-1	-1	-1	0
2906	2905	3025	2	-1	-1	-1	0
2905	2908	3025	2	-1	-1	-1	0
2987	2865	2986	2	-1	-1	-1	0
2989	2986	2866	2	-1	-1	-1	0
2907	3027	2908	2	-1	-1	-1	0
2866	2988	2989	2	-1	-1	-1	0
2907	2909	3027	2	-1	-1	-1	0
2990	2868	2987	2	-1	-1	-1	0
3019	2896	2931	2	-1	-1	-1	0
2910	3029	2909	2	-1	-1	-1	0
2992	2985	2871	2	-1	-1	-1	0
2991	2870	2990	2	-1	-1	-1	0
2991	2992	2871	2	-1	-1	-1	0
2906	3026	2923	2	-1	-1	-1	0
3032	2913	2911	2	-1	-1	-1	0
3030	2910	2916	2	-1	-1	-1	0
2913	3033	2912	2	-1	-1	-1	0
2915	2912	3033	2	-1	-1	-1	0
2874	2993	2994	2	-1	-1	-1	0
2874	2994	2995	2	-1	-1	-1	0
2915	3035	2914	2	-1	-1	-1	0
2874	2995	2996	2	-1	-1	-1	0
2914	3036	2916	2	-1	-1	-1	0
2922	2923	3026	2	-1	-1	-1	0
2917	2918	3039	2	-1	-1	-1	0
2878	2998	2999	2	-1	-1	-1	0
2921	2917	3038	2	-1	-1	-1	0
2878	2999	3000	2	-1	-1	-1	0
2918	2919	3040	2	-1	-1	-1	0
2922	3040	2919	2	-1	-1	-1	0
2998	2881	3002	2	-1	-1	-1	0
2920	2921	3041	2	-1	-1	-1	0
3003	2882	2997	2	-1	-1	-1	0
3006	2993	2884	2	-1	-1	-1	0
3002	2881	3001	2	-1	-1	-1	0
3001	2882	3003	2	-1	-1	-1	0
3004	2883	3000	2	-1	-1	-1	0
3041	2927	2920	2	-1	-1	-1	0
2883	3004	3005	2	-1	-1	-1	0
2911	2951	3032	2	-1	-1	-1	0
2924	2925	3045	2	-1	-1	-1	0
3006	2884	3005	2	-1	-1	-1	0
2928	2924	3045	2	-1	-1	-1	0
2925	2926	3046	2	-1	-1	-1	0
2965	2967	2966	2	-1	-1	-1	0
2972	2964	2963	2	-1	-1	-1	0
2927	3048	2926	2	-1	-1	-1	0
3007	2886	3008	2	-1	-1	-1	0
3009	2887	3007	2	-1	-1	-1	0
2997	2894	3017	2	-1	-1	-1	0
3010	2889	3011	2	-1	-1	-1	0
3051	2931	2930	2	-1	-1	-1	0
2935	2928	3050	2	-1	-1	-1	0
2932	3052	2930	2	-1	-1	-1	0
3012	3013	2890	2	-1	-1	-1	0
3009	3015	2892	2	-1	-1	-1	0
3014	3011	2891	2	-1	-1	-1	0
2893	3016	3008	1	-1	-1	-1	0
2933	3053	2932	2	-1	-1	-1	0
3013	3014	2891	2	-1	-1	-1	0
2892	3015	3012	2	-1	-1	-1	0
3050	2936	2935	2	-1	-1	-1	0
2933	2934	3055	2	-1	-1	-1	0
3010	3018	2894	2	-1	-1	-1	0
3056	2934	2936	2	-1	-1	-1	0
3018	3017	2894	2	-1	-1	-1	0
2938	3059	2939	2	-1	-1	-1	0
3021	2898	3019	2	-1	-1	-1	0
3020	2898	3021	2	-1	-1	-1	0
2939	3060	2941	2	-1	-1	-1	0
2902	3024	3016	1	-1	-1	-1	0
3061	2940	2941	2	-1	-1	-1	0
2942	2940	3061	2	-1	-1	-1	0
2900	3020	3023	2	-1	-1	-1	0
2900	3023	3022	2	-1	-1	-1	0
3024	2901	3022	2	-1	-1	-1	0
2980	2982	2988	2	-1	-1	-1	0
2942	3063	2946	2	-1	-1	-1	0
2944	3064	2943	2	-1	-1	-1	0
2943	3064	2945	2	-1	-1	-1	0
2906	3025	3026	2	-1	-1	-1	0
3065	2944	2948	2	-1	-1	-1	0
3067	2947	2946	2	-1	-1	-1	0
2908	3028	3025	2	-1	-1	-1	0
3027	3028	2908	2	-1	-1	-1	0
2947	3068	2948	2	-1	-1	-1	0
3027	2909	3029	2	-1	-1	-1	0
2949	2950	3070	0	-1	-1	-1	0
2910	3031	3029	2	-1	-1	-1	0
2910	3030	3031	2	-1	-1	-1	0
2951	2949	3071	0	-1	-1	-1	0
2967	2945	3066	2	-1	-1	-1	0
3034	2913	3032	2	-1	-1	-1	0
2913	3034	3033	2	-1	-1	-1	0
3074	2954	2952	2	-1	-1	-1	0
3072	2950	2958	0	-1	-1	-1	0
3036	3030	2916	2	-1	-1	-1	0
2954	3075	2953	2	-1	-1	-1	0
3036	2914	3035	2	-1	-1	-1	0
2915	3033	3037	2	-1	-1	-1	0
2961	3074	2952	2	-1	-1	-1	0
2915	3037	3035	2	-1	-1	-1	0
2953	3075	2960	2	-1	-1	-1	0
2957	2955	3076	2	-1	-1	-1	0
2959	3076	2955	2	-1	-1	-1	0
2956	3077	2958	0	-1	-1	-1	0
3078	2956	2957	2	-1	-1	-1	0
3043	2922	3026	2	-1	-1	-1	0
2996	3059	2938	2	-1	-1	-1	0
2994	2993	3006	2	-1	-1	-1	0
2917	3039	3038	2	-1	-1	-1	0
3040	3039	2918	2	-1	-1	-1	0
2960	3081	2959	2	-1	-1	-1	0
3019	2931	3051	2	-1	-1	-1	0
3042	2921	3038	2	-1	-1	-1	0
2921	3042	3041	2	-1	-1	-1	0
2922	3044	3040	2	-1	-1	-1	0
2922	3043	3044	2	-1	-1	-1	0
2963	2962	3085	2	-1	-1	-1	0
2962	2966	3086	2	-1	-1	-1	0
3048	2927	3041	2	-1	-1	-1	0
2997	3017	3003	2	-1	-1	-1	0
2925	3047	3045	2	-1	-1	-1	0
3047	2925	3046	2	-1	-1	-1	0
3048	3046	2926	2	-1	-1	-1	0
2966	2967	3087	2	-1	-1	-1	0
3085	2972	2963	2	-1	-1	-1	0
3049	2928	3045	2	-1	-1	-1	0
2968	2969	3089	2	-1	-1	-1	0
2928	3049	3050	2	-1	-1	-1	0
3090	2969	2970	2	-1	-1	-1	0
2971	3091	2970	2	-1	-1	-1	0
3051	2930	3052	2	-1	-1	-1	0
2978	2968	3089	2	-1	-1	-1	0
2971	2972	3093	2	-1	-1	-1	0
2932	3054	3052	2	-1	-1	-1	0
2932	3053	3054	2	-1	-1	-1	0
3010	3011	3018	2	-1	-1	-1	0
2933	3055	3053	2	-1	-1	-1	0
2936	3050	3057	2	-1	-1	-1	0
2974	3096	2973	2	-1	-1	-1	0
3056	3055	2934	2	-1	-1	-1	0
2974	2976	3097	2	-1	-1	-1	0
2973	3096	2979	2	-1	-1	-1	0
3056	2936	3058	2	-1	-1	-1	0
2977	3097	2976	2	-1	-1	-1	0
2977	2975	3098	2	-1	-1	-1	0
3058	2936	3057	2	-1	-1	-1	0
2975	2978	3099	2	-1	-1	-1	0
3071	3032	2951	2	-1	-1	-1	0
2939	3059	3060	2	-1	-1	-1	0
3060	3062	2941	2	-1	-1	-1	0
2941	3062	3061	2	-1	-1	-1	0
3061	3063	2942	2	-1	-1	-1	0
3103	2984	2979	2	-1	-1	-1	0
2981	2983	3104	2	-1	-1	-1	0
2981	3105	2982	2	-1	-1	-1	0
2944	3065	3064	2	-1	-1	-1	0
3066	2945	3064	2	-1	-1	-1	0
3108	2983	2984	2	-1	-1	-1	0
2946	3063	3067	2	-1	-1	-1	0
2982	3107	2988	2	-1	-1	-1	0
3068	3065	2948	2	-1	-1	-1	0
3067	3069	2947	2	-1	-1	-1	0
3069	3068	2947	2	-1	-1	-1	0
2989	2988	3107	2	-1	-1	-1	0
2987	2986	3111	2	-1	-1	-1	0
2986	2989	3111	2	-1	-1	-1	0
2985	2992	3110	2	-1	-1	0	0
3113	2990	2987	2	-1	-1	-1	0
3070	3071	2949	0	-1	-1	-1	0
3070	2950	3073	0	-1	-1	-1	0
2950	3072	3073	0	-1	-1	-1	0
2991	2990	3116	2	-1	-1	-1	0
2992	2991	3117	2	-1	-1	-1	0
2954	3074	3075	2	-1	-1	-1	0
2995	2994	3118	2	-1	-1	-1	0
2958	3080	3072	0	-1	-1	-1	0
3077	2956	3078	0	-1	-1	-1	0
3079	2957	3076	2	-1	-1	-1	0
2995	3121	2996	2	-1	-1	-1	0
3078	2957	3079	2	-1	-1	-1	0
3077	3080	2958	0	-1	-1	-1	0
3082	3076	2959	2	-1	-1	-1	0
3075	3083	2960	2	-1	-1	-1	0
2999	2998	3122	2	-1	-1	-1	0
3006	3119	2994	2	-1	-1	-1	0
2961	3084	3074	2	0	-1	-1	0
3088	2967	3066	2	-1	-1	-1	0
2998	3002	3122	2	-1	-1	-1	0
2999	3123	3000	2	-1	-1	-1	0
3082	2959	3081	2	-1	-1	-1	0
3083	3081	2960	2	-1	-1	-1	0
3123	3004	3000	2	-1	-1	-1	0
3001	3125	3002	2	-1	-1	-1	0
3001	3003	3126	2	-1	-1	-1	0
2962	3086	3085	2	-1	-1	-1	0
3004	3128	3005	2	-1	-1	-1	0
3032	3071	3034	2	-1	-1	-1	0
3086	2966	3087	2	-1	-1	-1	0
3005	3129	3006	2	-1	-1	-1	0
3087	2967	3088	2	-1	-1	-1	0
3008	3130	3007	2	-1	-1	-1	0
3009	3007	3130	2	-1	-1	-1	0
3003	3017	3127	2	-1	-1	-1	0
3089	2969	3090	2	-1	-1	-1	0
3090	2970	3091	2	-1	-1	-1	0
2972	3085	3095	2	-1	-1	-1	0
2971	3092	3091	2	-1	-1	-1	0
3016	3131	3008	1	-1	-1	-1	0
3009	3132	3015	2	-1	-1	-1	0
3093	3092	2971	2	-1	-1	-1	0
3014	3133	3011	2	-1	-1	-1	0
3094	3093	2972	2	-1	-1	-1	0
3013	3012	3134	2	-1	-1	-1	0
2972	3095	3094	2	-1	-1	-1	0
3133	3018	3011	2	-1	-1	-1	0
3015	3135	3012	2	-1	-1	-1	0
3013	3136	3014	2	-1	-1	-1	0
2974	3097	3096	2	-1	-1	-1	0
3102	2978	3089	2	-1	-1	-1	0
2975	3099	3098	2	-1	-1	-1	0
3097	2977	3100	2	-1	-1	-1	0
3020	3021	3134	2	-1	-1	-1	0
2977	3098	3101	2	-1	-1	-1	0
2996	3121	3059	2	-1	-1	-1	0
3018	3141	3017	2	-1	-1	-1	0
3103	2979	3096	2	-1	-1	-1	0
3135	3023	3020	2	-1	-1	-1	0
3100	2977	3101	2	-1	-1	-1	0
3102	3099	2978	2	-1	-1	-1	0
3016	3024	3140	1	-1	-1	-1	0
3021	3019	3144	2	-1	-1	-1	0
3105	2981	3104	2	-1	-1	-1	0
3022	3023	3147	2	-1	-1	-1	0
3147	3024	3022	2	-1	-1	-1	0
3105	3106	2982	2	-1	-1	-1	0
3104	2983	3108	2	-1	-1	-1	0
2982	3106	3107	2	-1	-1	-1	0
3103	3109	2984	2	-1	-1	-1	0
3025	3149	3026	2	-1	-1	-1	0
2984	3109	3108	2	-1	-1	-1	0
3149	3025	3028	2	-1	-1	-1	0
3028	3027	3150	2	-1	-1	-1	0
3029	3150	3027	2	-1	-1	-1	0
3031	3150	3029	2	-1	-1	-1	0
2987	3111	3112	2	-1	-1	-1	0
2989	3107	3115	2	-1	-1	-1	0
2987	3112	3113	2	-1	-1	-1	0
2989	3114	3111	2	-1	-1	-1	0
3153	3031	3030	2	-1	-1	-1	0
3019	3051	3146	2	-1	-1	-1	0
3114	2989	3115	2	-1	-1	-1	0
3149	3043	3026	2	-1	-1	-1	0
3030	3036	3153	2	-1	-1	-1	0
2990	3113	3116	2	-1	-1	-1	0
2992	3117	3110	2	-1	-1	-1	0
3033	3034	3155	2	-1	-1	-1	0
3116	3117	2991	2	-1	-1	-1	0
3037	3033	3155	2	-1	-1	-1	0
3159	3036	3035	2	-1	-1	-1	0
3119	3118	2994	2	-1	-1	-1	0
3035	3037	3159	2	-1	-1	-1	0
2995	3118	3120	2	-1	-1	-1	0
2995	3120	3121	2	-1	-1	-1	0
3164	3042	3038	2	-1	-1	-1	0
3038	3039	3163	2	-1	-1	-1	0
3165	3039	3040	2	-1	-1	-1	0
3124	2999	3122	2	-1	-1	-1	0
2999	3124	3123	2	-1	-1	-1	0
3041	3042	3166	2	-1	-1	-1	0
3044	3165	3040	2	-1	-1	-1	0
3125	3122	3002	2	-1	-1	-1	0
3126	3125	3001	2	-1	-1	-1	0
3129	3119	3006	2	-1	-1	-1	0
3043	3167	3044	2	-1	-1	-1	0
3123	3128	3004	2	-1	-1	-1	0
3041	3166	3048	2	-1	-1	-1	0
3126	3003	3127	2	-1	-1	-1	0
3034	3071	3156	2	-1	-1	-1	0
3128	3129	3005	2	-1	-1	-1	0
3171	3045	3047	2	-1	-1	-1	0
3171	3049	3045	2	-1	-1	-1	0
3047	3046	3172	2	-1	-1	-1	0
3048	3172	3046	2	-1	-1	-1	0
3008	3131	3130	2	-1	-1	-1	0
3130	3132	3009	2	-1	-1	-1	0
3050	3049	3176	2	-1	-1	-1	0
3090	3102	3089	2	-1	-1	-1	0
3012	3135	3134	2	-1	-1	-1	0
3179	3051	3052	2	-1	-1	-1	0
3013	3134	3136	2	-1	-1	-1	0
3177	3057	3050	2	-1	-1	-1	0
3137	3133	3014	2	-1	-1	-1	0
3141	3127	3017	2	-1	-1	-1	0
3015	3132	3139	2	-1	-1	-1	0
3052	3054	3180	2	-1	-1	-1	0
3131	3016	3140	1	-1	-1	-1	0
3014	3136	3138	2	-1	-1	-1	0
3181	3054	3053	2	-1	-1	-1	0
3181	3053	3055	2	-1	-1	-1	0
3135	3020	3134	2	-1	-1	-1	0
3015	3139	3135	2	-1	-1	-1	0
3138	3137	3014	2	-1	-1	-1	0
3136	3134	3021	2	-1	-1	-1	0
3096	3097	3100	2	-1	-1	-1	0
3133	3142	3018	2	-1	-1	-1	0
3055	3056	3183	2	-1	-1	-1	0
3071	3070	3156	0	-1	-1	-1	0
3184	3056	3058	2	-1	-1	-1	0
3058	3057	3185	2	-1	-1	-1	0
3136	3021	3144	2	-1	-1	-1	0
3018	3143	3141	2	-1	-1	-1	0
3142	3143	3018	2	-1	-1	-1	0
3060	3059	3187	2	-1	-1	-1	0
3148	3023	3135	2	-1	-1	-1	0
3019	3145	3144	2	-1	-1	-1	0
3019	3146	3145	2	-1	-1	-1	0
3062	3060	3188	2	-1	-1	-1	0
3024	3147	3140	2	-1	-1	-1	0
3062	3190	3061	2	-1	-1	-1	0
3190	3063	3061	2	-1	-1	-1	0
3148	3147	3023	2	-1	-1	-1	0
3064	3065	3193	2	-1	-1	-1	0
3067	3063	3192	2	-1	-1	-1	0
3064	3193	3066	2	-1	-1	-1	0
3065	3068	3195	2	-1	-1	-1	0
3151	3028	3150	2	-1	-1	-1	0
3149	3028	3152	2	-1	-1	-1	0
3151	3152	3028	2	-1	-1	-1	0
3069	3067	3196	2	-1	-1	-1	0
3069	3197	3068	2	-1	-1	-1	0
3154	3150	3031	2	-1	-1	-1	0
3153	3154	3031	2	-1	-1	-1	0
3073	3199	3070	0	-1	-1	-1	0
3201	3073	3072	0	-1	-1	-1	0
3193	3088	3066	2	-1	-1	-1	0
3034	3156	3157	2	-1	-1	-1	0
3158	3155	3034	2	-1	-1	-1	0
3157	3158	3034	2	-1	-1	-1	0
3153	3036	3161	2	-1	-1	-1	0
3200	3072	3080	0	-1	-1	-1	0
3074	3204	3075	2	-1	-1	-1	0
3155	3162	3037	2	-1	-1	-1	0
3036	3159	3160	2	-1	-1	-1	0
3161	3036	3160	2	-1	-1	-1	0
3162	3159	3037	2	-1	-1	-1	0
3167	3043	3149	2	-1	-1	-1	0
3076	3206	3079	2	-1	-1	-1	0
3084	3203	3074	2	-1	-1	-1	0
3078	3207	3077	0	-1	-1	-1	0
3075	3205	3083	2	-1	-1	-1	0
3082	3206	3076	2	-1	-1	-1	0
3207	3080	3077	0	-1	-1	-1	0
3164	3038	3163	2	-1	-1	-1	0
3078	3079	3208	2	-1	-1	-1	0
3163	3039	3165	2	-1	-1	-1	0
3187	3059	3121	2	-1	-1	-1	0
3164	3166	3042	2	-1	-1	-1	0
3082	3081	3211	2	-1	-1	-1	0
3051	3179	3146	2	-1	-1	-1	0
3083	3212	3081	2	-1	-1	-1	0
3165	3044	3170	2	-1	-1	-1	0
3169	3044	3167	2	-1	-1	-1	0
3169	3168	3044	2	-1	-1	-1	0
3044	3168	3170	2	-1	-1	-1	0
3215	3085	3086	2	-1	-1	-1	0
3166	3174	3048	2	-1	-1	-1	0
3217	3086	3087	2	-1	-1	-1	0
3171	3047	3173	2	-1	-1	-1	0
3173	3047	3172	2	-1	-1	-1	0
3132	3130	3131	2	-1	-1	-1	0
3087	3088	3218	2	-1	-1	-1	0
3048	3175	3172	2	-1	-1	-1	0
3095	3085	3215	2	-1	-1	-1	0
3171	3176	3049	2	-1	-1	-1	0
3174	3175	3048	2	-1	-1	-1	0
3091	3221	3090	2	-1	-1	-1	0
3050	3176	3178	2	-1	-1	-1	0
3178	3177	3050	2	-1	-1	-1	0
3223	3091	3092	2	-1	-1	-1	0
3093	3223	3092	2	-1	-1	-1	0
3180	3179	3052	2	-1	-1	-1	0
3094	3224	3093	2	-1	-1	-1	0
3220	3102	3090	2	-1	-1	-1	0
3094	3095	3225	2	-1	-1	-1	0
3180	3054	3182	2	-1	-1	-1	0
3182	3054	3181	2	-1	-1	-1	0
3144	3138	3136	2	-1	-1	-1	0
3185	3057	3177	2	-1	-1	-1	0
3183	3181	3055	2	-1	-1	-1	0
3135	3139	3148	2	-1	-1	-1	0
3226	3096	3100	2	-1	-1	-1	0
3183	3056	3184	2	-1	-1	-1	0
3099	3227	3098	2	-1	-1	-1	0
3199	3156	3070	0	-1	-1	-1	0
3103	3096	3226	2	-1	-1	-1	0
3098	3227	3101	2	-1	-1	-1	0
3144	3145	3138	2	-1	-1	-1	0
3184	3058	3186	2	-1	-1	-1	0
3185	3186	3058	2	-1	-1	-1	0
3228	3099	3102	2	-1	-1	-1	0
3229	3100	3101	2	-1	-1	-1	0
3147	3148	3140	2	-1	-1	-1	0
3189	3060	3187	2	-1	-1	-1	0
3189	3188	3060	2	-1	-1	-1	0
3109	3103	3226	2	-1	-1	-1	0
3062	3188	3191	2	-1	-1	-1	0
3233	3105	3104	2	-1	-1	-1	0
3062	3191	3190	2	-1	-1	-1	0
3104	3108	3232	2	-1	-1	-1	0
3192	3063	3190	2	-1	-1	-1	0
3234	3106	3105	2	-1	-1	-1	0
3234	3107	3106	2	-1	-1	-1	0
3065	3194	3193	2	-1	-1	-1	0
3108	3109	3237	2	-1	-1	-1	0
3194	3065	3195	2	-1	-1	-1	0
3196	3067	3192	2	-1	-1	-1	0
3115	3107	3236	2	-1	-1	-1	0
3197	3195	3068	2	-1	-1	-1	0
3069	3196	3198	2	-1	-1	-1	0
3240	3112	3111	2	-1	-1	-1	0
3069	3198	3197	2	-1	-1	-1	0
3111	3114	3240	2	-1	-1	-1	0
3112	3241	3113	2	-1	-1	-1	0
3239	3110	3117	2	0	-1	-1	0
3113	3243	3116	2	-1	-1	-1	0
3200	3201	3072	0	-1	-1	-1	0
3244	3114	3115	2	-1	-1	-1	0
3073	3202	3199	0	-1	-1	-1	0
3155	3158	3162	2	-1	-1	-1	0
3243	3117	3116	2	-1	-1	-1	0
3202	3073	3201	0	-1	-1	-1	0
3204	3074	3203	2	-1	-1	-1	0
3204	3205	3075	2	-1	-1	-1	0
3118	3119	3247	2	-1	-1	-1	0
3248	3120	3118	2	-1	-1	-1	0
3210	3200	3080	0	-1	-1	-1	0
3121	3120	3251	2	-1	-1	-1	0
3078	3208	3207	0	-1	-1	-1	0
3209	3079	3206	2	-1	-1	-1	0
3208	3079	3209	2	-1	-1	-1	0
3080	3207	3210	0	-1	-1	-1	0
3250	3119	3129	2	-1	-1	-1	0
3122	3252	3124	2	-1	-1	-1	0
3170	3163	3165	2	-1	-1	-1	0
3125	3252	3122	2	-1	-1	-1	0
3088	3193	3219	2	-1	-1	-1	0
3123	3124	3253	2	-1	-1	-1	0
3205	3212	3083	2	-1	-1	-1	0
3213	3206	3082	2	-1	-1	-1	0
3214	3203	3084	2	-1	-1	0	0
3128	3123	3253	2	-1	-1	-1	0
3081	3212	3211	2	-1	-1	-1	0
3082	3211	3213	2	-1	-1	-1	0
3129	3128	3250	2	-1	-1	-1	0
3126	3256	3125	2	-1	-1	-1	0
3126	3127	3257	2	-1	-1	-1	0
3215	3086	3216	2	-1	-1	-1	0
3216	3086	3217	2	-1	-1	-1	0
3175	3173	3172	2	-1	-1	-1	0
3218	3217	3087	2	-1	-1	-1	0
3132	3131	3260	2	-1	-1	-1	0
3218	3088	3219	2	-1	-1	-1	0
3141	3258	3127	2	-1	-1	-1	0
3133	3137	3261	2	-1	-1	-1	0
3090	3221	3220	2	-1	-1	-1	0
3139	3132	3260	2	-1	-1	-1	0
3140	3260	3131	1	-1	-1	-1	0
3221	3091	3222	2	-1	-1	-1	0
3225	3095	3215	2	-1	-1	-1	0
3142	3133	3261	2	-1	-1	-1	0
3222	3091	3223	2	-1	-1	-1	0
3138	3262	3137	2	-1	-1	-1	0
3093	3224	3223	2	-1	-1	-1	0
3094	3225	3224	2	-1	-1	-1	0
3138	3145	3262	2	-1	-1	-1	0
3139	3260	3148	2	-1	-1	-1	0
3141	3143	3263	2	-1	-1	-1	0
3260	3140	3148	2	-1	-1	-1	0
3142	3264	3143	2	-1	-1	-1	0
3220	3228	3102	2	-1	-1	-1	0
3228	3227	3099	2	-1	-1	-1	0
3229	3226	3100	2	-1	-1	-1	0
3266	3145	3146	2	-1	-1	-1	0
3251	3187	3121	2	-1	-1	-1	0
3227	3231	3101	2	-1	-1	-1	0
3230	3229	3101	2	-1	-1	-1	0
3231	3230	3101	2	-1	-1	-1	0
3149	3152	3268	2	-1	-1	-1	0
3232	3233	3104	2	-1	-1	-1	0
3150	3269	3151	2	-1	-1	-1	0
3152	3151	3270	2	-1	-1	-1	0
3269	3150	3154	2	-1	-1	-1	0
3105	3233	3235	2	-1	-1	-1	0
3109	3226	3238	2	-1	-1	-1	0
3234	3105	3235	2	-1	-1	-1	0
3108	3237	3232	2	-1	-1	-1	0
3236	3107	3234	2	-1	-1	-1	0
3272	3154	3153	2	-1	-1	-1	0
3237	3109	3238	2	-1	-1	-1	0
3149	3268	3167	2	-1	-1	-1	0
3161	3272	3153	2	-1	-1	-1	0
3156	3274	3157	2	-1	-1	-1	0
3157	3275	3158	2	-1	-1	-1	0
3267	3146	3179	2	-1	-1	-1	0
3241	3112	3240	2	-1	-1	-1	0
3241	3242	3113	2	-1	-1	-1	0
3115	3236	3245	2	-1	-1	-1	0
3160	3159	3279	2	-1	-1	-1	0
3114	3244	3240	2	-1	-1	-1	0
3242	3243	3113	2	-1	-1	-1	0
3162	3158	3278	2	-1	-1	-1	0
3159	3162	3279	2	-1	-1	-1	0
3161	3160	3280	2	-1	-1	-1	0
3117	3246	3239	2	-1	-1	-1	0
3115	3245	3244	2	-1	-1	-1	0
3268	3169	3167	2	-1	-1	-1	0
3194	3219	3193	2	-1	-1	-1	0
3246	3117	3243	2	-1	-1	-1	0
3284	3164	3163	2	-1	-1	-1	0
3118	3247	3248	2	-1	-1	-1	0
3164	3285	3166	2	-1	-1	-1	0
3119	3249	3247	2	-1	-1	-1	0
3163	3170	3284	2	-1	-1	-1	0
3250	3249	3119	2	-1	-1	-1	0
3120	3248	3251	2	-1	-1	-1	0
3289	3168	3169	2	-1	-1	-1	0
3189	3187	3251	2	-1	-1	-1	0
3288	3174	3166	2	-1	-1	-1	0
3199	3274	3156	0	-1	-1	-1	0
3168	3291	3170	2	-1	-1	-1	0
3253	3250	3128	2	-1	-1	-1	0
3255	3124	3252	2	-1	-1	-1	0
3253	3124	3254	2	-1	-1	-1	0
3254	3124	3255	2	-1	-1	-1	0
3125	3256	3252	2	-1	-1	-1	0
3171	3173	3293	2	-1	-1	-1	0
3256	3126	3257	2	-1	-1	-1	0
3176	3171	3293	2	-1	-1	-1	0
3173	3175	3294	2	-1	-1	-1	0
3259	3257	3127	2	-1	-1	-1	0
3258	3259	3127	2	-1	-1	-1	0
3174	3295	3175	2	-1	-1	-1	0
3296	3178	3176	2	-1	-1	-1	0
3178	3297	3177	2	-1	-1	-1	0
3185	3177	3297	2	-1	-1	-1	0
3180	3299	3179	2	-1	-1	-1	0
3137	3262	3261	2	-1	-1	-1	0
3180	3182	3299	2	-1	-1	-1	0
3263	3258	3141	2	-1	-1	-1	0
3300	3182	3181	2	-1	-1	-1	0
3181	3183	3301	2	-1	-1	-1	0
3264	3142	3261	2	-1	-1	-1	0
3184	3301	3183	2	-1	-1	-1	0
3263	3143	3265	2	-1	-1	-1	0
3143	3264	3265	2	-1	-1	-1	0
3145	3266	3262	2	-1	-1	-1	0
3184	3186	3303	2	-1	-1	-1	0
3185	3304	3186	2	-1	-1	-1	0
3146	3267	3266	2	-1	-1	-1	0
3308	3188	3189	2	-1	-1	-1	0
3191	3188	3308	2	-1	-1	-1	0
3151	3269	3270	2	-1	-1	-1	0
3190	3191	3310	2	-1	-1	-1	0
3271	3268	3152	2	-1	-1	-1	0
3310	3192	3190	2	-1	-1	-1	0
3270	3271	3152	2	-1	-1	-1	0
3238	3226	3229	2	-1	-1	-1	0
3154	3273	3269	2	-1	-1	-1	0
3238	3229	3230	2	-1	-1	-1	0
3310	3196	3192	2	-1	-1	-1	0
3272	3273	3154	2	-1	-1	-1	0
3194	3195	3314	2	-1	-1	-1	0
3274	3276	3157	2	-1	-1	-1	0
3315	3195	3197	2	-1	-1	-1	0
3157	3276	3275	2	-1	-1	-1	0
3158	3275	3277	2	-1	-1	-1	0
3317	3198	3196	2	-1	-1	-1	0
3318	3197	3198	2	-1	-1	-1	0
3158	3277	3278	2	-1	-1	-1	0
3161	3282	3272	2	-1	-1	-1	0
3319	3199	3202	0	-1	-1	-1	0
3281	3160	3279	2	-1	-1	-1	0
3280	3160	3281	2	-1	-1	-1	0
3201	3200	3321	0	-1	-1	-1	0
3278	3283	3162	2	-1	-1	-1	0
3280	3282	3161	2	-1	-1	-1	0
3162	3283	3279	2	-1	-1	-1	0
3323	3202	3201	0	-1	-1	-1	0
3219	3194	3314	2	-1	-1	-1	0
3268	3292	3169	2	-1	-1	-1	0
3210	3320	3200	0	-1	-1	-1	0
3204	3203	3325	2	-1	-1	-1	0
3164	3284	3286	2	-1	-1	-1	0
3326	3205	3204	2	-1	-1	-1	0
3164	3287	3285	2	-1	-1	-1	0
3164	3286	3287	2	-1	-1	-1	0
3288	3166	3285	2	-1	-1	-1	0
3325	3203	3214	2	-1	-1	-1	0
3206	3329	3209	2	-1	-1	-1	0
3212	3205	3327	2	-1	-1	-1	0
3170	3291	3284	2	-1	-1	-1	0
3179	3299	3267	2	-1	-1	-1	0
3331	3207	3208	0	-1	-1	-1	0
3207	3330	3210	0	-1	-1	-1	0
3168	3289	3290	2	-1	-1	-1	0
3213	3329	3206	2	-1	-1	-1	0
3168	3290	3291	2	-1	-1	-1	0
3332	3208	3209	2	-1	-1	-1	0
3251	3309	3189	2	-1	-1	-1	0
3169	3292	3289	2	-1	-1	-1	0
3288	3295	3174	2	-1	-1	-1	0
3212	3335	3211	2	-1	-1	-1	0
3334	3213	3211	2	-1	-1	-1	0
3173	3294	3293	2	-1	-1	-1	0
3295	3294	3175	2	-1	-1	-1	0
3176	3293	3296	2	-1	-1	-1	0
3340	3215	3216	2	-1	-1	-1	0
3178	3296	3298	2	-1	-1	-1	0
3297	3178	3298	2	-1	-1	-1	0
3342	3216	3217	2	-1	-1	-1	0
3343	3217	3218	2	-1	-1	-1	0
3215	3340	3225	2	-1	-1	-1	0
3219	3344	3218	2	-1	-1	-1	0
3181	3301	3300	2	-1	-1	-1	0
3302	3299	3182	2	-1	-1	-1	0
3302	3182	3300	2	-1	-1	-1	0
3220	3221	3345	2	-1	-1	-1	0
3297	3305	3185	2	-1	-1	-1	0
3184	3303	3301	2	-1	-1	-1	0
3346	3221	3222	2	-1	-1	-1	0
3319	3274	3199	0	-1	-1	-1	0
3223	3347	3222	2	-1	-1	-1	0
3228	3220	3345	2	-1	-1	-1	0
3305	3304	3185	2	-1	-1	-1	0
3306	3303	3186	2	-1	-1	-1	0
3349	3223	3224	2	-1	-1	-1	0
3186	3304	3307	2	-1	-1	-1	0
3307	3306	3186	2	-1	-1	-1	0
3224	3225	3351	2	-1	-1	-1	0
3308	3189	3309	2	-1	-1	-1	0
3228	3353	3227	2	-1	-1	-1	0
3352	3231	3227	2	-1	-1	-1	0
3312	3191	3308	2	-1	-1	-1	0
3191	3313	3310	2	-1	-1	-1	0
3311	3191	3312	2	-1	-1	-1	0
3191	3311	3313	2	-1	-1	-1	0
3231	3354	3230	2	-1	-1	-1	0
3233	3232	3357	2	-1	-1	-1	0
3354	3238	3230	2	-1	-1	-1	0
3310	3316	3196	2	-1	-1	-1	0
3195	3315	3314	2	-1	-1	-1	0
3232	3237	3357	2	-1	-1	-1	0
3282	3273	3272	2	-1	-1	-1	0
3360	3235	3233	2	-1	-1	-1	0
3317	3196	3316	2	-1	-1	-1	0
3361	3234	3235	2	-1	-1	-1	0
3318	3315	3197	2	-1	-1	-1	0
3234	3361	3236	2	-1	-1	-1	0
3317	3318	3198	2	-1	-1	-1	0
3238	3364	3237	2	-1	-1	-1	0
3200	3320	3321	0	-1	-1	-1	0
3281	3279	3283	2	-1	-1	-1	0
3201	3321	3322	0	-1	-1	-1	0
3236	3363	3245	2	-1	-1	-1	0
3202	3324	3319	0	-1	-1	-1	0
3201	3322	3323	0	-1	-1	-1	0
3240	3367	3241	2	-1	-1	-1	0
3202	3323	3324	0	-1	-1	-1	0
3367	3240	3244	2	-1	-1	-1	0
3246	3366	3239	2	-1	0	-1	0
3368	3242	3241	2	-1	-1	-1	0
3369	3243	3242	2	-1	-1	-1	0
3325	3326	3204	2	-1	-1	-1	0
3328	3205	3326	2	-1	-1	-1	0
3243	3370	3246	2	-1	-1	-1	0
3244	3245	3371	2	-1	-1	-1	0
3287	3288	3285	2	-1	-1	-1	0
3328	3327	3205	2	-1	-1	-1	0
3286	3284	3291	2	-1	-1	-1	0
3320	3210	3333	0	-1	-1	-1	0
3331	3330	3207	0	-1	-1	-1	0
3374	3248	3247	2	-1	-1	-1	0
3209	3329	3332	2	-1	-1	-1	0
3332	3331	3208	0	-1	-1	-1	0
3249	3375	3247	2	-1	-1	-1	0
3330	3333	3210	0	-1	-1	-1	0
3335	3212	3327	2	-1	-1	-1	0
3248	3376	3251	2	-1	-1	-1	0
3338	3325	3214	2	-1	-1	-1	0
3314	3344	3219	2	-1	-1	-1	0
3379	3249	3250	2	-1	-1	-1	0
3336	3329	3213	2	-1	-1	-1	0
3334	3211	3335	2	-1	-1	-1	0
3380	3250	3253	2	-1	-1	-1	0
3334	3337	3213	2	-1	-1	-1	0
3336	3213	3337	2	-1	-1	-1	0
3253	3254	3380	2	-1	-1	-1	0
3381	3255	3252	2	-1	-1	-1	0
3252	3256	3381	2	-1	-1	-1	0
3338	3214	3339	2	-1	0	-1	0
3382	3254	3255	2	-1	-1	-1	0
3256	3257	3381	2	-1	-1	-1	0
3340	3216	3341	2	-1	-1	-1	0
3342	3341	3216	2	-1	-1	-1	0
3259	3383	3257	2	-1	-1	-1	0
3258	3384	3259	2	-1	-1	-1	0
3343	3342	3217	2	-1	-1	-1	0
3343	3218	3344	2	-1	-1	-1	0
3258	3263	3385	2	-1	-1	-1	0
3262	3388	3261	2	-1	-1	-1	0
3261	3387	3264	2	-1	-1	-1	0
3346	3345	3221	2	-1	-1	-1	0
3385	3263	3265	2	-1	-1	-1	0
3340	3351	3225	2	-1	-1	-1	0
3222	3348	3346	2	-1	-1	-1	0
3262	3266	3389	2	-1	-1	-1	0
3222	3347	3348	2	-1	-1	-1	0
3347	3223	3349	2	-1	-1	-1	0
3264	3391	3265	2	-1	-1	-1	0
3350	3349	3224	2	-1	-1	-1	0
3224	3351	3350	2	-1	-1	-1	0
3228	3345	3353	2	-1	-1	-1	0
3266	3267	3393	2	-1	-1	-1	0
3353	3352	3227	2	-1	-1	-1	0
3268	3271	3394	2	-1	-1	-1	0
3270	3269	3395	2	-1	-1	-1	0
3251	3376	3309	2	-1	-1	-1	0
3269	3273	3395	2	-1	-1	-1	0
3270	3396	3271	2	-1	-1	-1	0
3356	3231	3352	2	-1	-1	-1	0
3310	3313	3316	2	-1	-1	-1	0
3355	3354	3231	2	-1	-1	-1	0
3356	3355	3231	2	-1	-1	-1	0
3233	3357	3358	2	-1	-1	-1	0
3274	3400	3276	2	-1	-1	-1	0
3233	3358	3359	2	-1	-1	-1	0
3233	3359	3360	2	-1	-1	-1	0
3276	3401	3275	2	-1	-1	-1	0
3401	3277	3275	2	-1	-1	-1	0
3268	3394	3292	2	-1	-1	-1	0
3282	3399	3273	2	-1	-1	-1	0
3360	3362	3235	2	-1	-1	-1	0
3354	3365	3238	2	-1	-1	-1	0
3364	3357	3237	2	-1	-1	-1	0
3362	3361	3235	2	-1	-1	-1	0
3278	3277	3403	2	-1	-1	-1	0
3393	3267	3299	2	-1	-1	-1	0
3361	3363	3236	2	-1	-1	-1	0
3278	3405	3283	2	-1	-1	-1	0
3238	3365	3364	2	-1	-1	-1	0
3406	3280	3281	2	-1	-1	-1	0
3280	3407	3282	2	-1	-1	-1	0
3283	3408	3281	2	-1	-1	-1	0
3241	3367	3368	2	-1	-1	-1	0
3368	3369	3242	2	-1	-1	-1	0
3373	3245	3363	2	-1	-1	-1	0
3369	3370	3243	2	-1	-1	-1	0
3370	3366	3246	2	-1	-1	-1	0
3244	3372	3367	2	-1	-1	-1	0
3287	3286	3411	2	-1	-1	-1	0
3288	3287	3412	2	-1	-1	-1	0
3286	3291	3410	2	-1	-1	-1	0
3371	3372	3244	2	-1	-1	-1	0
3245	3373	3371	2	-1	-1	-1	0
3291	3290	3410	2	-1	-1	-1	0
3290	3289	3414	2	-1	-1	-1	0
3274	3319	3400	0	-1	-1	-1	0
3302	3393	3299	2	-1	-1	-1	0
3292	3414	3289	2	-1	-1	-1	0
3288	3413	3295	2	-1	-1	-1	0
3374	3247	3375	2	-1	-1	-1	0
3248	3374	3377	2	-1	-1	-1	0
3376	3248	3377	2	-1	-1	-1	0
3249	3378	3375	2	-1	-1	-1	0
3418	3293	3294	2	-1	-1	-1	0
3378	3249	3379	2	-1	-1	-1	0
3418	3296	3293	2	-1	-1	-1	0
3250	3380	3379	2	-1	-1	-1	0
3295	3420	3294	2	-1	-1	-1	0
3382	3380	3254	2	-1	-1	-1	0
3296	3422	3298	2	-1	-1	-1	0
3381	3382	3255	2	-1	-1	-1	0
3297	3298	3423	2	-1	-1	-1	0
3383	3381	3257	2	-1	-1	-1	0
3305	3297	3423	2	-1	-1	-1	0
3426	3300	3301	2	-1	-1	-1	0
3385	3384	3258	2	-1	-1	-1	0
3386	3383	3259	2	-1	-1	-1	0
3386	3259	3384	2	-1	-1	-1	0
3427	3302	3300	2	-1	-1	-1	0
3303	3426	3301	2	-1	-1	-1	0
3388	3387	3261	2	-1	-1	-1	0
3389	3388	3262	2	-1	-1	-1	0
3303	3306	3430	2	-1	-1	-1	0
3304	3305	3431	2	-1	-1	-1	0
3387	3390	3264	2	-1	-1	-1	0
3385	3265	3392	2	-1	-1	-1	0
3304	3432	3307	2	-1	-1	-1	0
3324	3400	3319	0	-1	-1	-1	0
3391	3264	3390	2	-1	-1	-1	0
3307	3434	3306	2	-1	-1	-1	0
3265	3391	3392	2	-1	-1	-1	0
3393	3389	3266	2	-1	-1	-1	0
3308	3309	3437	2	-1	-1	-1	0
3308	3436	3312	2	-1	-1	-1	0
3396	3270	3395	2	-1	-1	-1	0
3353	3356	3352	2	-1	-1	-1	0
3311	3312	3439	2	-1	-1	-1	0
3271	3397	3394	2	-1	-1	-1	0
3438	3313	3311	2	-1	-1	-1	0
3271	3396	3397	2	-1	-1	-1	0
3273	3398	3395	2	-1	-1	-1	0
3316	3313	3441	2	-1	-1	-1	0
3273	3399	3398	2	-1	-1	-1	0
3442	3314	3315	2	-1	-1	-1	0
3443	3315	3318	2	-1	-1	-1	0
3444	3317	3316	2	-1	-1	-1	0
3400	3402	3276	2	-1	-1	-1	0
3401	3276	3402	2	-1	-1	-1	0
3318	3317	3445	2	-1	-1	-1	0
3401	3404	3277	2	-1	-1	-1	0
3277	3404	3403	2	-1	-1	-1	0
3405	3278	3403	2	-1	-1	-1	0
3399	3282	3407	2	-1	-1	-1	0
3447	3321	3320	2	-1	-1	-1	0
3321	3448	3322	2	-1	-1	-1	0
3280	3406	3407	2	-1	-1	-1	0
3323	3322	3450	0	-1	-1	-1	0
3405	3408	3283	2	-1	-1	-1	0
3409	3406	3281	2	-1	-1	-1	0
3451	3324	3323	0	-1	-1	-1	0
3281	3408	3409	2	-1	-1	-1	0
3320	3333	3446	2	-1	-1	-1	0
3442	3344	3314	2	-1	-1	-1	0
3292	3394	3417	2	-1	-1	-1	0
3454	3326	3325	2	-1	-1	-1	0
3372	3368	3367	2	-1	-1	-1	0
3411	3286	3410	2	-1	-1	-1	0
3454	3328	3326	2	-1	-1	-1	0
3411	3412	3287	2	-1	-1	-1	0
3328	3456	3327	2	-1	-1	-1	0
3413	3288	3412	2	-1	-1	-1	0
3415	3410	3290	2	-1	-1	-1	0
3454	3325	3338	2	-1	-1	-1	0
3455	3335	3327	2	-1	-1	-1	0
3415	3290	3414	2	-1	-1	-1	0
3460	3332	3329	2	-1	-1	-1	0
3292	3416	3414	2	-1	-1	-1	0
3330	3331	3461	0	-1	-1	-1	0
3376	3437	3309	2	-1	-1	-1	0
3428	3393	3302	2	-1	-1	-1	0
3333	3330	3461	0	-1	-1	-1	0
3329	3336	3460	2	-1	-1	-1	0
3331	3332	3462	0	-1	-1	-1	0
3416	3292	3417	2	-1	-1	-1	0
3343	3344	3442	2	-1	-1	-1	0
3295	3413	3421	2	-1	-1	-1	0
3419	3418	3294	2	-1	-1	-1	0
3420	3419	3294	2	-1	-1	-1	0
3465	3334	3335	2	-1	-1	-1	0
3464	3337	3334	2	-1	-1	-1	0
3420	3295	3421	2	-1	-1	-1	0
3296	3418	3422	2	-1	-1	-1	0
3466	3336	3337	2	-1	-1	-1	0
3380	3382	3379	2	-1	-1	-1	0
3422	3424	3298	2	-1	-1	-1	0
3339	3468	3338	2	-1	-1	-1	0
3425	3423	3298	2	-1	-1	-1	0
3425	3298	3424	2	-1	-1	-1	0
3341	3471	3340	2	-1	-1	-1	0
3427	3300	3426	2	-1	-1	-1	0
3342	3473	3341	2	-1	-1	-1	0
3302	3427	3429	2	-1	-1	-1	0
3303	3430	3426	2	-1	-1	-1	0
3474	3342	3343	2	-1	-1	-1	0
3428	3302	3429	2	-1	-1	-1	0
3305	3423	3433	2	-1	-1	-1	0
3351	3340	3472	2	-1	-1	-1	0
3304	3431	3432	2	-1	-1	-1	0
3345	3346	3476	2	-1	-1	-1	0
3433	3431	3305	2	-1	-1	-1	0
3348	3476	3346	2	-1	-1	-1	0
3478	3348	3347	2	-1	-1	-1	0
3430	3306	3434	2	-1	-1	-1	0
3432	3435	3307	2	-1	-1	-1	0
3478	3347	3349	2	-1	-1	-1	0
3353	3345	3477	2	-1	-1	-1	0
3434	3307	3435	2	-1	-1	-1	0
3324	3452	3400	0	-1	-1	-1	0
3350	3478	3349	2	-1	-1	-1	0
3437	3436	3308	2	-1	-1	-1	0
3351	3481	3350	2	-1	-1	-1	0
3353	3477	3356	2	-1	-1	-1	0
3436	3439	3312	2	-1	-1	-1	0
3311	3439	3438	2	-1	-1	-1	0
3437	3376	3377	2	-1	-1	-1	0
3438	3440	3313	2	-1	-1	-1	0
3482	3354	3355	2	-1	-1	-1	0
3356	3483	3355	2	-1	-1	-1	0
3440	3441	3313	2	-1	-1	-1	0
3442	3315	3443	2	-1	-1	-1	0
3485	3358	3357	2	-1	-1	-1	0
3444	3316	3441	2	-1	-1	-1	0
3354	3482	3365	2	-1	-1	-1	0
3486	3359	3358	2	-1	-1	-1	0
3485	3357	3364	2	-1	-1	-1	0
3487	3360	3359	2	-1	-1	-1	0
3317	3444	3445	2	-1	-1	-1	0
3443	3318	3445	2	-1	-1	-1	0
3397	3417	3394	2	-1	-1	-1	0
3488	3362	3360	2	-1	-1	-1	0
3361	3362	3489	2	-1	-1	-1	0
3363	3361	3489	2	-1	-1	-1	0
3320	3446	3447	2	-1	-1	-1	0
3448	3321	3447	2	-1	-1	-1	0
3448	3449	3322	2	-1	-1	-1	0
3322	3449	3450	2	-1	-1	-1	0
3365	3493	3364	2	-1	-1	-1	0
3323	3450	3451	0	-1	-1	-1	0
3491	3373	3363	2	-1	-1	-1	0
3451	3453	3324	0	-1	-1	-1	0
3324	3453	3452	0	-1	-1	-1	0
3496	3366	3370	2	0	-1	-1	0
3498	3369	3368	2	-1	-1	-1	0
3372	3497	3368	2	-1	-1	-1	0
3369	3499	3370	2	-1	-1	-1	0
3457	3455	3327	2	-1	-1	-1	0
3456	3457	3327	2	-1	-1	-1	0
3459	3328	3454	2	-1	-1	-1	0
3333	3463	3446	2	-1	-1	-1	0
3328	3458	3456	2	-1	-1	-1	0
3372	3371	3501	2	-1	-1	-1	0
3459	3458	3328	2	-1	-1	-1	0
3501	3371	3373	2	-1	-1	-1	0
3374	3375	3504	2	-1	-1	-1	0
3332	3460	3462	0	-1	-1	-1	0
3331	3462	3461	0	-1	-1	-1	0
3452	3402	3400	2	-1	-1	-1	0
3504	3377	3374	2	-1	-1	-1	0
3335	3455	3465	2	-1	-1	-1	0
3461	3463	3333	2	-1	-1	-1	0
3506	3375	3378	2	-1	-1	-1	0
3454	3338	3468	2	-1	-1	-1	0
3343	3442	3475	2	-1	-1	-1	0
3460	3336	3466	2	-1	-1	-1	0
3465	3464	3334	2	-1	-1	-1	0
3379	3506	3378	2	-1	-1	-1	0
3337	3464	3467	2	-1	-1	-1	0
3382	3509	3379	2	-1	-1	-1	0
3337	3467	3466	2	-1	-1	-1	0
3381	3383	3510	2	-1	-1	-1	0
3381	3511	3382	2	-1	-1	-1	0
3470	3468	3339	2	-1	-1	-1	0
3469	3470	3339	2	-1	-1	0	0
3386	3510	3383	2	-1	-1	-1	0
3425	3433	3423	2	-1	-1	-1	0
3386	3384	3513	2	-1	-1	-1	0
3384	3385	3514	2	-1	-1	-1	0
3427	3426	3430	2	-1	-1	-1	0
3471	3472	3340	2	-1	-1	-1	0
3341	3473	3471	2	-1	-1	-1	0
3473	3342	3474	2	-1	-1	-1	0
3387	3388	3517	2	-1	-1	-1	0
3475	3474	3343	2	-1	-1	-1	0
3392	3515	3385	2	-1	-1	-1	0
3387	3517	3390	2	-1	-1	-1	0
3389	3519	3388	2	-1	-1	-1	0
3476	3477	3345	2	-1	-1	-1	0
3519	3389	3393	2	-1	-1	-1	0
3390	3521	3391	2	-1	-1	-1	0
3480	3476	3348	2	-1	-1	-1	0
3472	3481	3351	2	-1	-1	-1	0
3348	3478	3479	2	-1	-1	-1	0
3392	3391	3522	2	-1	-1	-1	0
3479	3480	3348	2	-1	-1	-1	0
3478	3350	3481	2	-1	-1	-1	0
3524	3396	3395	2	-1	-1	-1	0
3398	3523	3395	2	-1	-1	-1	0
3483	3356	3477	2	-1	-1	-1	0
3397	3396	3524	2	-1	-1	-1	0
3484	3482	3355	2	-1	-1	-1	0
3437	3377	3508	2	-1	-1	-1	0
3355	3483	3484	2	-1	-1	-1	0
3526	3398	3399	2	-1	-1	-1	0
3358	3485	3486	2	-1	-1	-1	0
3401	3402	3528	2	-1	-1	-1	0
3359	3486	3487	2	-1	-1	-1	0
3401	3528	3404	2	-1	-1	-1	0
3527	3399	3407	2	-1	-1	-1	0
3487	3488	3360	2	-1	-1	-1	0
3404	3530	3403	2	-1	-1	-1	0
3405	3403	3531	2	-1	-1	-1	0
3525	3417	3397	2	-1	-1	-1	0
3393	3428	3519	2	-1	-1	-1	0
3488	3490	3362	2	-1	-1	-1	0
3490	3489	3362	2	-1	-1	-1	0
3365	3482	3495	2	-1	-1	-1	0
3364	3493	3485	2	-1	-1	-1	0
3363	3489	3492	2	-1	-1	-1	0
3492	3491	3363	2	-1	-1	-1	0
3405	3534	3408	2	-1	-1	-1	0
3407	3406	3535	2	-1	-1	-1	0
3409	3408	3534	2	-1	-1	-1	0
3409	3536	3406	2	-1	-1	-1	0
3494	3493	3365	2	-1	-1	-1	0
3365	3495	3494	2	-1	-1	-1	0
3539	3411	3410	2	-1	-1	-1	0
3498	3368	3497	2	-1	-1	-1	0
3539	3410	3415	2	-1	-1	-1	0
3541	3412	3411	2	-1	-1	-1	0
3498	3499	3369	2	-1	-1	-1	0
3500	3496	3370	2	-1	-1	-1	0
3491	3503	3373	2	-1	-1	-1	0
3412	3542	3413	2	-1	-1	-1	0
3499	3500	3370	2	-1	-1	-1	0
3497	3372	3502	2	-1	-1	-1	0
3414	3416	3544	2	-1	-1	-1	0
3545	3415	3414	2	-1	-1	-1	0
3502	3372	3501	2	-1	-1	-1	0
3413	3543	3421	2	-1	-1	-1	0
3373	3503	3501	2	-1	-1	-1	0
3547	3416	3417	2	-1	-1	-1	0
3468	3459	3454	2	-1	-1	-1	0
3452	3529	3402	2	-1	-1	-1	0
3504	3375	3505	2	-1	-1	-1	0
3419	3548	3418	2	-1	-1	-1	0
3505	3375	3507	2	-1	-1	-1	0
3462	3460	3466	2	-1	-1	-1	0
3507	3375	3506	2	-1	-1	-1	0
3420	3549	3419	2	-1	-1	-1	0
3418	3548	3422	2	-1	-1	-1	0
3377	3504	3508	2	-1	-1	-1	0
3420	3421	3551	2	-1	-1	-1	0
3506	3379	3509	2	-1	-1	-1	0
3552	3424	3422	2	-1	-1	-1	0
3381	3510	3511	2	-1	-1	-1	0
3382	3512	3509	2	-1	-1	-1	0
3425	3424	3554	2	-1	-1	-1	0
3511	3512	3382	2	-1	-1	-1	0
3514	3513	3384	2	-1	-1	-1	0
3510	3386	3516	2	-1	-1	-1	0
3427	3557	3429	2	-1	-1	-1	0
3385	3515	3514	2	-1	-1	-1	0
3433	3425	3556	2	-1	-1	-1	0
3430	3558	3427	2	-1	-1	-1	0
3386	3513	3516	2	-1	-1	-1	0
3559	3428	3429	2	-1	-1	-1	0
3517	3388	3518	2	-1	-1	-1	0
3388	3519	3518	2	-1	-1	-1	0
3562	3430	3434	2	-1	-1	-1	0
3431	3563	3432	2	-1	-1	-1	0
3390	3517	3520	2	-1	-1	-1	0
3563	3431	3433	2	-1	-1	-1	0
3522	3515	3392	2	-1	-1	-1	0
3521	3390	3520	2	-1	-1	-1	0
3564	3435	3432	2	-1	-1	-1	0
3434	3435	3565	2	-1	-1	-1	0
3521	3522	3391	2	-1	-1	-1	0
3437	3567	3436	2	-1	-1	-1	0
3436	3566	3439	2	-1	-1	-1	0
3524	3395	3523	2	-1	-1	-1	0
3397	3524	3525	2	-1	-1	-1	0
3569	3438	3439	2	-1	-1	-1	0
3440	3438	3568	2	-1	-1	-1	0
3523	3398	3526	2	-1	-1	-1	0
3527	3526	3399	2	-1	-1	-1	0
3440	3571	3441	2	-1	-1	-1	0
3441	3572	3444	2	-1	-1	-1	0
3528	3402	3529	2	-1	-1	-1	0
3442	3443	3574	2	-1	-1	-1	0
3495	3482	3484	2	-1	-1	-1	0
3445	3574	3443	2	-1	-1	-1	0
3404	3528	3532	2	-1	-1	-1	0
3444	3575	3445	2	-1	-1	-1	0
3531	3403	3530	2	-1	-1	-1	0
3404	3533	3530	2	-1	-1	-1	0
3533	3404	3532	2	-1	-1	-1	0
3527	3407	3535	2	-1	-1	-1	0
3405	3531	3534	2	-1	-1	-1	0
3446	3578	3447	2	-1	-1	-1	0
3489	3490	3492	2	-1	-1	-1	0
3448	3447	3579	2	-1	-1	-1	0
3536	3535	3406	2	-1	-1	-1	0
3448	3582	3449	2	-1	-1	-1	0
3409	3534	3537	2	-1	-1	-1	0
3450	3449	3583	2	-1	-1	-1	0
3538	3536	3409	2	-1	-1	-1	0
3409	3537	3538	2	-1	-1	-1	0
3450	3584	3451	0	-1	-1	-1	0
3446	3463	3578	2	-1	-1	-1	0
3451	3584	3453	0	-1	-1	-1	0
3417	3525	3547	2	-1	-1	-1	0
3585	3452	3453	0	-1	-1	-1	0
3442	3573	3475	2	-1	-1	-1	0
3540	3411	3539	2	-1	-1	-1	0
3541	3411	3540	2	-1	-1	-1	0
3541	3542	3412	2	-1	-1	-1	0
3413	3542	3543	2	-1	-1	-1	0
3457	3588	3455	2	-1	-1	-1	0
3415	3546	3539	2	-1	-1	-1	0
3458	3589	3456	2	-1	-1	-1	0
3456	3590	3457	2	-1	-1	-1	0
3414	3544	3545	2	-1	-1	-1	0
3519	3428	3559	2	-1	-1	-1	0
3415	3545	3546	2	-1	-1	-1	0
3547	3544	3416	2	-1	-1	-1	0
3465	3455	3587	2	-1	-1	-1	0
3463	3467	3578	2	-1	-1	-1	0
3580	3464	3465	2	-1	-1	-1	0
3578	3467	3464	2	-1	-1	-1	0
3458	3459	3593	2	-1	-1	-1	0
3567	3437	3508	2	-1	-1	-1	0
3421	3543	3551	2	-1	-1	-1	0
3549	3548	3419	2	-1	-1	-1	0
3461	3462	3595	2	-1	-1	-1	0
3463	3461	3595	2	-1	-1	-1	0
3420	3550	3549	2	-1	-1	-1	0
3420	3551	3550	2	-1	-1	-1	0
3459	3468	3594	2	-1	-1	-1	0
3552	3422	3548	2	-1	-1	-1	0
3466	3595	3462	2	-1	-1	-1	0
3595	3467	3463	2	-1	-1	-1	0
3466	3467	3595	2	-1	-1	-1	0
3552	3553	3424	2	-1	-1	-1	0
3424	3553	3554	2	-1	-1	-1	0
3470	3594	3468	2	-1	-1	-1	0
3425	3554	3555	2	-1	-1	-1	0
3556	3425	3555	2	-1	-1	-1	0
3597	3470	3469	2	-1	-1	-1	0
3599	3472	3471	2	-1	-1	-1	0
3557	3427	3558	2	-1	-1	-1	0
3471	3473	3600	2	-1	-1	-1	0
3429	3557	3560	2	-1	-1	-1	0
3600	3473	3474	2	-1	-1	-1	0
3559	3429	3560	2	-1	-1	-1	0
3430	3561	3558	2	-1	-1	-1	0
3474	3475	3602	2	-1	-1	-1	0
3433	3556	3563	2	-1	-1	-1	0
3561	3430	3562	2	-1	-1	-1	0
3601	3481	3472	2	-1	-1	-1	0
3605	3477	3476	2	-1	-1	-1	0
3563	3564	3432	2	-1	-1	-1	0
3476	3480	3605	2	-1	-1	-1	0
3434	3565	3562	2	-1	-1	-1	0
3607	3479	3478	2	-1	-1	-1	0
3565	3435	3564	2	-1	-1	-1	0
3585	3529	3452	2	-1	-1	-1	0
3477	3606	3483	2	-1	-1	-1	0
3481	3608	3478	2	-1	-1	-1	0
3609	3480	3479	2	-1	-1	-1	0
3567	3566	3436	2	-1	-1	-1	0
3438	3569	3568	2	-1	-1	-1	0
3439	3566	3570	2	-1	-1	-1	0
3439	3570	3569	2	-1	-1	-1	0
3571	3440	3568	2	-1	-1	-1	0
3483	3614	3484	2	-1	-1	-1	0
3441	3571	3572	2	-1	-1	-1	0
3616	3486	3485	2	-1	-1	-1	0
3573	3442	3574	2	-1	-1	-1	0
3487	3486	3618	2	-1	-1	-1	0
3577	3444	3572	2	-1	-1	-1	0
3574	3445	3575	2	-1	-1	-1	0
3615	3495	3484	2	-1	-1	-1	0
3617	3485	3493	2	-1	-1	-1	0
3488	3487	3620	2	-1	-1	-1	0
3576	3575	3444	2	-1	-1	-1	0
3519	3559	3518	2	-1	-1	-1	0
3577	3576	3444	2	-1	-1	-1	0
3620	3490	3488	2	-1	-1	-1	0
3494	3617	3493	2	-1	-1	-1	0
3622	3492	3490	2	-1	-1	-1	0
3580	3447	3578	2	-1	-1	-1	0
3492	3623	3491	2	-1	-1	-1	0
3580	3579	3447	2	-1	-1	-1	0
3581	3448	3579	2	-1	-1	-1	0
3448	3581	3582	2	-1	-1	-1	0
3449	3582	3583	2	-1	-1	-1	0
3494	3495	3626	2	-1	-1	-1	0
3623	3503	3491	2	-1	-1	-1	0
3584	3450	3583	2	-1	-1	-1	0
3578	3464	3580	2	-1	-1	-1	0
3628	3498	3497	2	-1	-1	-1	0
3500	3627	3496	2	-1	0	-1	0
3584	3586	3453	0	-1	-1	-1	0
3453	3586	3585	0	-1	-1	-1	0
3546	3540	3539	2	-1	-1	-1	0
3498	3629	3499	2	-1	-1	-1	0
3628	3497	3502	2	-1	-1	-1	0
3499	3630	3500	2	-1	-1	-1	0
3588	3587	3455	2	-1	-1	-1	0
3587	3580	3465	2	-1	-1	-1	0
3589	3590	3456	2	-1	-1	-1	0
3502	3501	3633	2	-1	-1	-1	0
3633	3501	3503	2	-1	-1	-1	0
3457	3592	3588	2	-1	-1	-1	0
3457	3590	3591	2	-1	-1	-1	0
3457	3591	3592	2	-1	-1	-1	0
3458	3593	3589	2	-1	-1	-1	0
3637	3504	3505	2	-1	-1	-1	0
3593	3459	3594	2	-1	-1	-1	0
3504	3637	3508	2	-1	-1	-1	0
3638	3505	3507	2	-1	-1	-1	0
3573	3604	3475	2	-1	-1	-1	0
3506	3639	3507	2	-1	-1	-1	0
3639	3506	3509	2	-1	-1	-1	0
3509	3512	3639	2	-1	-1	-1	0
3469	3596	3597	2	0	-1	-1	0
3594	3470	3598	2	-1	-1	-1	0
3510	3644	3511	2	-1	-1	-1	0
3470	3597	3598	2	-1	-1	-1	0
3645	3512	3511	2	-1	-1	-1	0
3510	3516	3644	2	-1	-1	-1	0
3599	3471	3600	2	-1	-1	-1	0
3472	3599	3601	2	-1	-1	-1	0
3647	3513	3514	2	-1	-1	-1	0
3516	3513	3647	2	-1	-1	-1	0
3603	3600	3474	2	-1	-1	-1	0
3648	3514	3515	2	-1	-1	-1	0
3603	3474	3602	2	-1	-1	-1	0
3602	3475	3604	2	-1	-1	-1	0
3649	3515	3522	2	-1	-1	-1	0
3517	3518	3652	2	-1	-1	-1	0
3605	3606	3477	2	-1	-1	-1	0
3653	3520	3517	2	-1	-1	-1	0
3478	3608	3607	2	-1	-1	-1	0
3481	3601	3613	2	-1	-1	-1	0
3520	3655	3521	2	-1	-1	-1	0
3610	3479	3607	2	-1	-1	-1	0
3612	3605	3480	2	-1	-1	-1	0
3609	3479	3610	2	-1	-1	-1	0
3521	3656	3522	2	-1	-1	-1	0
3611	3480	3609	2	-1	-1	-1	0
3613	3608	3481	2	-1	-1	-1	0
3611	3612	3480	2	-1	-1	-1	0
3483	3606	3614	2	-1	-1	-1	0
3524	3523	3657	2	-1	-1	-1	0
3525	3524	3657	2	-1	-1	-1	0
3658	3523	3526	2	-1	-1	-1	0
3615	3484	3614	2	-1	-1	-1	0
3527	3660	3526	2	-1	-1	-1	0
3616	3485	3617	2	-1	-1	-1	0
3643	3567	3508	2	-1	-1	-1	0
3529	3663	3528	2	-1	-1	-1	0
3486	3616	3619	2	-1	-1	-1	0
3618	3486	3619	2	-1	-1	-1	0
3663	3532	3528	2	-1	-1	-1	0
3527	3535	3661	2	-1	-1	-1	0
3530	3664	3531	2	-1	-1	-1	0
3618	3621	3487	2	-1	-1	-1	0
3664	3530	3533	2	-1	-1	-1	0
3620	3487	3621	2	-1	-1	-1	0
3518	3559	3652	2	-1	-1	-1	0
3534	3531	3665	2	-1	-1	-1	0
3659	3547	3525	2	-1	-1	-1	0
3661	3535	3536	2	-1	-1	-1	0
3622	3490	3620	2	-1	-1	-1	0
3668	3533	3532	2	-1	-1	-1	0
3495	3615	3626	2	-1	-1	-1	0
3617	3494	3625	2	-1	-1	-1	0
3492	3622	3624	2	-1	-1	-1	0
3624	3623	3492	2	-1	-1	-1	0
3670	3537	3534	2	-1	-1	-1	0
3494	3626	3625	2	-1	-1	-1	0
3536	3538	3672	2	-1	-1	-1	0
3673	3538	3537	2	-1	-1	-1	0
3540	3674	3541	2	-1	-1	-1	0
3629	3498	3628	2	-1	-1	-1	0
3499	3629	3630	2	-1	-1	-1	0
3627	3500	3632	2	-1	-1	-1	0
3541	3676	3542	2	-1	-1	-1	0
3546	3674	3540	2	-1	-1	-1	0
3543	3542	3676	2	-1	-1	-1	0
3503	3623	3635	2	-1	-1	-1	0
3630	3631	3500	2	-1	-1	-1	0
3631	3632	3500	2	-1	-1	-1	0
3502	3634	3628	2	-1	-1	-1	0
3678	3545	3544	2	-1	-1	-1	0
3633	3634	3502	2	-1	-1	-1	0
3547	3678	3544	2	-1	-1	-1	0
3679	3546	3545	2	-1	-1	-1	0
3551	3543	3677	2	-1	-1	-1	0
3503	3636	3633	2	-1	-1	-1	0
3636	3503	3635	2	-1	-1	0	0
3643	3566	3567	2	-1	-1	-1	0
3663	3529	3585	2	-1	-1	-1	0
3566	3643	3570	2	-1	-1	-1	0
3638	3637	3505	2	-1	-1	-1	0
3684	3548	3549	2	-1	-1	-1	0
3549	3550	3685	2	-1	-1	-1	0
3552	3548	3684	2	-1	-1	-1	0
3593	3594	3598	2	-1	-1	-1	0
3639	3640	3507	2	-1	-1	-1	0
3641	3638	3507	2	-1	-1	-1	0
3508	3637	3642	2	-1	-1	-1	0
3686	3550	3551	2	-1	-1	-1	0
3641	3507	3640	2	-1	-1	-1	0
3553	3552	3684	2	-1	-1	-1	0
3508	3642	3643	2	-1	-1	-1	0
3554	3553	3687	2	-1	-1	-1	0
3512	3645	3639	2	-1	-1	-1	0
3555	3554	3688	2	-1	-1	-1	0
3556	3555	3689	2	-1	-1	-1	0
3644	3646	3511	2	-1	-1	-1	0
3646	3645	3511	2	-1	-1	-1	0
3557	3558	3693	2	-1	-1	-1	0
3514	3648	3647	2	-1	-1	-1	0
3560	3557	3693	2	-1	-1	-1	0
3556	3692	3563	2	-1	-1	-1	0
3651	3644	3516	2	-1	-1	-1	0
3649	3648	3515	2	-1	-1	-1	0
3558	3561	3693	2	-1	-1	-1	0
3516	3647	3650	2	-1	-1	-1	0
3559	3560	3694	2	-1	-1	-1	0
3651	3516	3650	2	-1	-1	-1	0
3564	3563	3692	2	-1	-1	-1	0
3561	3562	3697	2	-1	-1	-1	0
3653	3517	3652	2	-1	-1	-1	0
3605	3612	3606	2	-1	-1	-1	0
3698	3562	3565	2	-1	-1	-1	0
3522	3656	3649	2	-1	-1	-1	0
3654	3520	3653	2	-1	-1	-1	0
3520	3654	3655	2	-1	-1	-1	0
3700	3565	3564	2	-1	-1	-1	0
3581	3669	3582	2	-1	-1	-1	0
3656	3521	3655	2	-1	-1	-1	0
3523	3658	3657	2	-1	-1	-1	0
3702	3568	3569	2	-1	-1	-1	0
3659	3525	3657	2	-1	-1	-1	0
3703	3571	3568	2	-1	-1	-1	0
3570	3704	3569	2	-1	-1	-1	0
3660	3658	3526	2	-1	-1	-1	0
3572	3571	3703	2	-1	-1	-1	0
3662	3660	3527	2	-1	-1	-1	0
3662	3527	3661	2	-1	-1	-1	0
3572	3706	3577	2	-1	-1	-1	0
3573	3574	3708	2	-1	-1	-1	0
3708	3574	3575	2	-1	-1	-1	0
3708	3575	3576	2	-1	-1	-1	0
3666	3531	3664	2	-1	-1	-1	0
3665	3531	3666	2	-1	-1	-1	0
3532	3663	3667	2	-1	-1	-1	0
3576	3577	3709	2	-1	-1	-1	0
3669	3664	3533	2	-1	-1	-1	0
3668	3532	3667	2	-1	-1	-1	0
3671	3661	3536	2	-1	-1	-1	0
3534	3665	3670	2	-1	-1	-1	0
3669	3533	3668	2	-1	-1	-1	0
3579	3580	3713	2	-1	-1	-1	0
3579	3714	3581	2	-1	-1	-1	0
3671	3536	3672	2	-1	-1	-1	0
3587	3713	3580	2	-1	-1	-1	0
3537	3670	3673	2	-1	-1	-1	0
3716	3583	3582	2	-1	-1	-1	0
3672	3538	3673	2	-1	-1	-1	0
3573	3707	3604	2	-1	-1	-1	0
3717	3584	3583	2	-1	-1	-1	0
3584	3717	3586	2	-1	-1	-1	0
3659	3682	3547	2	-1	-1	-1	0
3587	3588	3713	2	-1	-1	-1	0
3586	3718	3585	0	-1	-1	-1	0
3541	3674	3675	2	-1	-1	-1	0
3541	3675	3676	2	-1	-1	-1	0
3676	3677	3543	2	-1	-1	-1	0
3592	3720	3588	2	-1	-1	-1	0
3546	3680	3674	2	-1	-1	-1	0
3589	3722	3590	2	-1	-1	-1	0
3678	3679	3545	2	-1	-1	-1	0
3593	3721	3589	2	-1	-1	-1	0
3633	3636	3634	2	-1	-1	-1	0
3723	3591	3590	2	-1	-1	-1	0
3559	3694	3652	2	-1	-1	-1	0
3546	3679	3681	2	-1	-1	-1	0
3681	3680	3546	2	-1	-1	-1	0
3725	3592	3591	2	-1	-1	-1	0
3547	3683	3678	2	-1	-1	-1	0
3682	3683	3547	2	-1	-1	-1	0
3551	3677	3686	2	-1	-1	-1	0
3549	3685	3684	2	-1	-1	-1	0
3705	3570	3643	2	-1	-1	-1	0
3598	3728	3593	2	-1	-1	-1	0
3686	3685	3550	2	-1	-1	-1	0
3596	3730	3597	2	-1	-1	-1	0
3687	3553	3684	2	-1	-1	-1	0
3598	3597	3731	2	-1	-1	-1	0
3688	3554	3687	2	-1	-1	-1	0
3601	3599	3732	2	-1	-1	-1	0
3733	3599	3600	2	-1	-1	-1	0
3555	3688	3690	2	-1	-1	-1	0
3555	3690	3689	2	-1	-1	-1	0
3603	3733	3600	2	-1	-1	-1	0
3556	3689	3691	2	-1	-1	-1	0
3692	3556	3691	2	-1	-1	-1	0
3735	3603	3602	2	-1	-1	-1	0
3651	3646	3644	2	-1	-1	-1	0
3735	3602	3604	2	-1	-1	-1	0
3734	3613	3601	2	-1	-1	-1	0
3694	3560	3695	2	-1	-1	-1	0
3693	3696	3560	2	-1	-1	-1	0
3561	3697	3693	2	-1	-1	-1	0
3560	3696	3695	2	-1	-1	-1	0
3739	3607	3608	2	-1	-1	-1	0
3692	3699	3564	2	-1	-1	-1	0
3738	3606	3612	2	-1	-1	-1	0
3740	3610	3607	2	-1	-1	-1	0
3697	3562	3698	2	-1	-1	-1	0
3738	3614	3606	2	-1	-1	-1	0
3742	3609	3610	2	-1	-1	-1	0
3741	3608	3613	2	-1	-1	-1	0
3564	3699	3700	2	-1	-1	-1	0
3609	3743	3611	2	-1	-1	-1	0
3565	3701	3698	2	-1	-1	-1	0
3669	3581	3715	2	-1	-1	-1	0
3663	3585	3718	2	-1	-1	-1	0
3701	3565	3700	2	-1	-1	-1	0
3669	3716	3582	2	-1	-1	-1	0
3746	3612	3611	2	-1	-1	-1	0
3703	3568	3702	2	-1	-1	-1	0
3702	3569	3704	2	-1	-1	-1	0
3615	3614	3748	2	-1	-1	-1	0
3704	3570	3705	2	-1	-1	-1	0
3706	3572	3703	2	-1	-1	-1	0
3616	3617	3750	2	-1	-1	-1	0
3616	3750	3619	2	-1	-1	-1	0
3751	3618	3619	2	-1	-1	-1	0
3573	3708	3707	2	-1	-1	-1	0
3749	3626	3615	2	-1	-1	-1	0
3618	3752	3621	2	-1	-1	-1	0
3625	3750	3617	2	-1	-1	-1	0
3710	3708	3576	2	-1	-1	-1	0
3711	3577	3706	2	-1	-1	-1	0
3709	3710	3576	2	-1	-1	-1	0
3621	3755	3620	2	-1	-1	-1	0
3755	3622	3620	2	-1	-1	-1	0
3577	3712	3709	2	-1	-1	-1	0
3653	3652	3694	2	-1	-1	-1	0
3712	3577	3711	2	-1	-1	-1	0
3755	3624	3622	2	-1	-1	-1	0
3623	3624	3757	2	-1	-1	-1	0
3579	3713	3714	2	-1	-1	-1	0
3715	3581	3714	2	-1	-1	-1	0
3626	3759	3625	2	-1	-1	-1	0
3757	3635	3623	2	0	-1	-1	0
3717	3583	3716	2	-1	-1	-1	0
3763	3629	3628	2	-1	-1	-1	0
3761	3627	3632	2	0	-1	-1	0
3588	3720	3713	2	-1	-1	-1	0
3717	3719	3586	2	-1	-1	-1	0
3629	3763	3630	2	-1	-1	-1	0
3718	3586	3719	2	-1	-1	-1	0
3762	3628	3634	2	-1	-1	-1	0
3631	3630	3764	2	-1	-1	-1	0
3632	3631	3766	2	-1	-1	-1	0
3722	3589	3721	2	-1	-1	0	0
3590	3722	3723	2	-1	0	-1	0
3591	3723	3724	2	-1	0	-1	0
3636	3768	3634	2	0	-1	-1	0
3720	3592	3726	2	-1	-1	-1	0
3724	3725	3591	2	-1	-1	-1	0
3721	3593	3727	2	-1	-1	0	0
3592	3725	3726	2	-1	-1	-1	0
3769	3637	3638	2	-1	-1	-1	0
3666	3664	3715	2	-1	-1	-1	0
3663	3718	3667	2	-1	-1	-1	0
3727	3593	3728	2	-1	-1	-1	0
3642	3637	3769	2	-1	-1	-1	0
3715	3664	3669	2	-1	-1	-1	0
3737	3604	3707	2	-1	-1	-1	0
3641	3770	3638	2	-1	-1	-1	0
3639	3771	3640	2	-1	-1	-1	0
3668	3716	3669	2	-1	-1	-1	0
3640	3772	3641	2	-1	-1	-1	0
3667	3719	3668	2	-1	-1	-1	0
3645	3771	3639	2	-1	-1	-1	0
3596	3729	3730	2	0	-1	-1	0
3728	3598	3731	2	-1	-1	-1	0
3597	3730	3731	2	-1	-1	-1	0
3643	3642	3775	2	-1	-1	-1	0
3771	3645	3646	2	-1	-1	-1	0
3732	3599	3733	2	-1	-1	-1	0
3601	3732	3734	2	-1	-1	-1	0
3733	3603	3736	2	-1	-1	-1	0
3648	3777	3647	2	-1	-1	-1	0
3646	3651	3776	2	-1	-1	-1	0
3735	3736	3603	2	-1	-1	-1	0
3778	3650	3647	2	-1	-1	-1	0
3735	3604	3737	2	-1	-1	-1	0
3648	3649	3779	2	-1	-1	-1	0
3650	3781	3651	2	-1	-1	-1	0
3649	3656	3779	2	-1	-1	-1	0
3697	3696	3693	2	-1	-1	-1	0
3739	3740	3607	2	-1	-1	-1	0
3608	3741	3739	2	-1	-1	-1	0
3653	3784	3654	2	-1	-1	-1	0
3609	3742	3743	2	-1	-1	-1	0
3613	3734	3747	2	-1	-1	-1	0
3740	3744	3610	2	-1	-1	-1	0
3785	3655	3654	2	-1	-1	-1	0
3714	3666	3715	2	-1	-1	-1	0
3742	3610	3744	2	-1	-1	-1	0
3746	3738	3612	2	-1	-1	-1	0
3655	3786	3656	2	-1	-1	-1	0
3743	3745	3611	2	-1	-1	-1	0
3738	3748	3614	2	-1	-1	-1	0
3613	3747	3741	2	-1	-1	-1	0
3611	3745	3746	2	-1	-1	-1	0
3658	3788	3657	2	-1	-1	-1	0
3668	3719	3716	2	-1	-1	-1	0
3659	3657	3788	2	-1	-1	-1	0
3718	3719	3667	2	-1	-1	-1	0
3789	3658	3660	2	-1	-1	-1	0
3789	3660	3662	2	-1	-1	-1	0
3748	3749	3615	2	-1	-1	-1	0
3661	3792	3662	2	-1	-1	-1	0
3618	3751	3752	2	-1	0	-1	0
3705	3643	3775	2	-1	-1	-1	0
3754	3619	3750	2	-1	-1	-1	0
3751	3619	3753	2	-1	-1	0	0
3792	3661	3671	2	-1	-1	-1	0
3665	3666	3794	2	-1	-1	-1	0
3708	3710	3707	2	-1	-1	-1	0
3619	3754	3753	2	-1	-1	-1	0
3682	3659	3788	2	-1	-1	-1	0
3752	3756	3621	2	0	-1	-1	0
3653	3694	3783	2	-1	-1	-1	0
3755	3621	3756	2	-1	-1	-1	0
3795	3670	3665	2	-1	-1	-1	0
3759	3750	3625	2	-1	-1	-1	0
3749	3760	3626	2	-1	-1	-1	0
3758	3624	3755	2	-1	-1	-1	0
3624	3758	3757	2	-1	0	-1	0
3673	3670	3796	2	-1	-1	-1	0
3672	3798	3671	2	-1	-1	-1	0
3672	3673	3799	2	-1	-1	-1	0
3626	3760	3759	2	-1	-1	-1	0
3714	3713	3720	2	-1	-1	-1	0
3674	3801	3675	2	-1	-1	-1	0
3719	3717	3716	2	-1	-1	-1	0
3802	3676	3675	2	-1	-1	-1	0
3762	3763	3628	2	-1	-1	-1	0
3710	3737	3707	2	-1	-1	-1	0
3801	3674	3680	2	-1	-1	-1	0
3676	3802	3677	2	-1	-1	-1	0
3764	3630	3763	2	-1	-1	-1	0
3764	3765	3631	2	-1	-1	-1	0
3632	3767	3761	2	-1	-1	-1	0
3679	3678	3805	2	-1	-1	-1	0
3766	3631	3765	2	-1	-1	-1	0
3762	3634	3768	2	-1	-1	-1	0
3679	3805	3681	2	-1	-1	-1	0
3767	3632	3766	2	-1	-1	-1	0
3806	3678	3683	2	-1	-1	-1	0
3686	3677	3804	2	-1	-1	-1	0
3680	3681	3807	2	-1	-1	-1	0
3695	3783	3694	2	-1	-1	-1	0
3714	3794	3666	2	-1	-1	-1	0
3811	3683	3682	2	-1	-1	-1	0
3638	3770	3769	2	-1	-1	-1	0
3685	3813	3684	2	-1	-1	-1	0
3771	3772	3640	2	-1	-1	-1	0
3773	3770	3641	2	-1	-1	-1	0
3684	3813	3687	2	-1	-1	-1	0
3685	3686	3814	2	-1	-1	-1	0
3642	3769	3774	2	-1	-1	-1	0
3773	3641	3772	2	-1	-1	-1	0
3774	3775	3642	2	-1	-1	-1	0
3816	3688	3687	2	-1	-1	-1	0
3776	3771	3646	2	-1	-1	-1	0
3816	3690	3688	2	-1	-1	-1	0
3689	3690	3817	2	-1	-1	-1	0
3691	3689	3817	2	-1	-1	-1	0
3778	3647	3777	2	-1	-1	-1	0
3691	3819	3692	2	-1	-1	-1	0
3777	3648	3780	2	-1	-1	-1	0
3648	3779	3780	2	-1	-1	-1	0
3781	3650	3778	2	-1	-1	-1	0
3776	3651	3782	2	-1	-1	-1	0
3699	3692	3819	2	-1	-1	-1	0
3696	3821	3695	2	-1	-1	-1	0
3781	3782	3651	2	-1	-1	-1	0
3696	3697	3823	2	-1	-1	-1	0
3698	3823	3697	2	-1	-1	-1	0
3653	3783	3784	2	-1	-1	-1	0
3779	3656	3787	2	-1	-1	-1	0
3784	3785	3654	2	-1	-1	-1	0
3825	3698	3701	2	-1	-1	-1	0
3786	3655	3785	2	-1	-1	-1	0
3699	3827	3700	2	-1	-1	-1	0
3794	3714	3720	2	-1	-1	-1	0
3786	3787	3656	2	-1	-1	-1	0
3701	3700	3828	2	-1	-1	-1	0
3703	3702	3830	2	-1	-1	-1	0
3658	3789	3790	2	-1	-1	-1	0
3704	3831	3702	2	-1	-1	-1	0
3788	3658	3791	2	-1	-1	-1	0
3658	3790	3791	2	-1	-1	-1	0
3794	3720	3726	2	-1	-1	-1	0
3706	3703	3832	2	-1	-1	-1	0
3834	3704	3705	2	-1	-1	-1	0
3662	3793	3789	2	-1	-1	-1	0
3793	3662	3792	2	-1	-1	-1	0
3711	3706	3836	2	-1	-1	-1	0
3794	3795	3665	2	-1	-1	-1	0
3710	3709	3837	2	-1	-1	-1	0
3837	3709	3712	2	-1	-1	-1	0
3671	3797	3792	2	-1	-1	-1	0
3838	3712	3711	2	-1	-1	-1	0
3795	3796	3670	2	-1	-1	-1	0
3759	3754	3750	2	-1	-1	-1	0
3797	3671	3798	2	-1	-1	-1	0
3756	3758	3755	2	0	-1	-1	0
3798	3672	3799	2	-1	-1	-1	0
3796	3800	3673	2	-1	-1	-1	0
3673	3800	3799	2	-1	-1	-1	0
3675	3801	3802	2	-1	-1	-1	0
3811	3682	3788	2	-1	-1	-1	0
3803	3677	3802	2	-1	-1	-1	0
3803	3804	3677	2	-1	-1	-1	0
3737	3710	3837	2	-1	-1	-1	0
3806	3805	3678	2	-1	-1	-1	0
3801	3680	3808	2	-1	-1	-1	0
3725	3724	3841	2	-1	0	-1	0
3843	3726	3725	2	-1	-1	-1	0
3808	3680	3807	2	-1	-1	-1	0
3681	3805	3810	2	-1	-1	-1	0
3681	3809	3807	2	-1	-1	-1	0
3844	3727	3728	2	0	-1	-1	0
3822	3783	3695	2	-1	-1	-1	0
3810	3809	3681	2	-1	-1	-1	0
3806	3683	3812	2	-1	-1	-1	0
3845	3728	3731	2	-1	-1	-1	0
3686	3804	3814	2	-1	-1	-1	0
3683	3811	3812	2	-1	-1	-1	0
3729	3847	3730	2	-1	-1	-1	0
3847	3731	3730	2	-1	-1	-1	0
3814	3813	3685	2	-1	-1	-1	0
3732	3849	3734	2	-1	-1	-1	0
3850	3732	3733	2	-1	-1	-1	0
3835	3705	3775	2	-1	-1	-1	0
3815	3687	3813	2	-1	-1	-1	0
3815	3816	3687	2	-1	-1	-1	0
3851	3733	3736	2	-1	-1	-1	0
3852	3736	3735	2	-1	-1	-1	0
3818	3690	3816	2	-1	-1	-1	0
3737	3852	3735	2	-1	-1	-1	0
3690	3818	3817	2	-1	-1	-1	0
3691	3817	3820	2	-1	-1	-1	0
3819	3691	3820	2	-1	-1	-1	0
3747	3734	3849	2	-1	-1	-1	0
3739	3854	3740	2	-1	-1	-1	0
3741	3854	3739	2	-1	-1	-1	0
3746	3853	3738	2	-1	-1	-1	0
3854	3744	3740	2	-1	-1	-1	0
3821	3822	3695	2	-1	-1	-1	0
3738	3853	3748	2	-1	-1	-1	0
3824	3821	3696	2	-1	-1	-1	0
3856	3742	3744	2	-1	-1	-1	0
3743	3742	3857	2	-1	-1	-1	0
3747	3855	3741	2	-1	-1	-1	0
3696	3823	3824	2	-1	-1	-1	0
3819	3826	3699	2	-1	-1	-1	0
3787	3780	3779	2	-1	-1	-1	0
3745	3743	3858	2	-1	-1	-1	0
3823	3698	3825	2	-1	-1	-1	0
3746	3745	3861	2	-1	-1	-1	0
3699	3826	3827	2	-1	-1	-1	0
3828	3700	3827	2	-1	-1	-1	0
3701	3829	3825	2	-1	-1	-1	0
3701	3828	3829	2	-1	-1	-1	0
3748	3864	3749	2	-1	-1	-1	0
3831	3830	3702	2	-1	-1	-1	0
3843	3794	3726	2	-1	-1	-1	0
3830	3832	3703	2	-1	-1	-1	0
3831	3704	3833	2	-1	-1	-1	0
3834	3833	3704	2	-1	-1	-1	0
3866	3753	3754	2	0	-1	-1	0
3836	3706	3832	2	-1	-1	-1	0
3834	3705	3835	2	-1	-1	-1	0
3749	3865	3760	2	-1	-1	-1	0
3754	3759	3866	2	-1	-1	-1	0
3836	3838	3711	2	-1	-1	-1	0
3760	3868	3759	2	-1	-1	-1	0
3712	3839	3837	2	-1	-1	-1	0
3822	3784	3783	2	-1	-1	-1	0
3791	3811	3788	2	-1	-1	-1	0
3840	3712	3838	2	-1	-1	-1	0
3839	3712	3840	2	-1	-1	-1	0
3871	3763	3762	2	-1	-1	-1	0
3764	3763	3871	2	-1	-1	-1	0
3761	3767	3870	2	-1	-1	0	0
3871	3762	3768	2	-1	-1	0	0
3765	3764	3872	2	-1	-1	-1	0
3765	3874	3766	2	-1	-1	-1	0
3725	3841	3842	2	-1	-1	-1	0
3766	3876	3767	2	-1	-1	-1	0
3843	3725	3842	2	-1	-1	-1	0
3837	3839	3737	2	-1	-1	-1	0
3769	3770	3877	2	-1	-1	-1	0
3844	3728	3845	2	-1	-1	-1	0
3769	3877	3774	2	-1	-1	-1	0
3773	3878	3770	2	-1	-1	-1	0
3729	3846	3847	2	0	-1	-1	0
3771	3879	3772	2	-1	-1	-1	0
3731	3848	3845	2	-1	-1	-1	0
3773	3772	3880	2	-1	-1	-1	0
3771	3776	3879	2	-1	-1	-1	0
3731	3847	3848	2	-1	-1	-1	0
3852	3737	3839	2	-1	-1	-1	0
3732	3850	3849	2	-1	-1	-1	0
3795	3794	3843	2	-1	-1	-1	0
3883	3775	3774	2	-1	-1	-1	0
3733	3851	3850	2	-1	-1	-1	0
3851	3736	3852	2	-1	-1	-1	0
3778	3777	3885	2	-1	-1	-1	0
3884	3776	3782	2	-1	-1	-1	0
3885	3777	3780	2	-1	-1	-1	0
3886	3781	3778	2	-1	-1	-1	0
3854	3741	3855	2	-1	-1	-1	0
3781	3888	3782	2	-1	-1	-1	0
3787	3887	3780	2	-1	-1	-1	0
3856	3857	3742	2	-1	-1	-1	0
3854	3859	3744	2	-1	-1	-1	0
3849	3862	3747	2	-1	-1	-1	0
3743	3857	3858	2	-1	-1	-1	0
3856	3744	3859	2	-1	-1	-1	0
3785	3784	3891	2	-1	-1	-1	0
3746	3861	3853	2	-1	-1	-1	0
3860	3745	3858	2	-1	-1	-1	0
3786	3785	3892	2	-1	-1	-1	0
3748	3853	3864	2	-1	-1	-1	0
3863	3855	3747	2	-1	-1	-1	0
3786	3893	3787	2	-1	-1	-1	0
3745	3860	3861	2	-1	-1	-1	0
3825	3824	3823	2	-1	-1	-1	0
3747	3862	3863	2	-1	-1	-1	0
3895	3790	3789	2	-1	-1	-1	0
3789	3793	3895	2	-1	-1	-1	0
3897	3791	3790	2	-1	-1	-1	0
3864	3865	3749	2	-1	-1	-1	0
3792	3899	3793	2	-1	-1	-1	0
3900	3792	3797	2	-1	-1	-1	0
3867	3866	3759	2	0	-1	-1	0
3775	3883	3835	2	-1	-1	-1	0
3760	3865	3869	2	-1	-1	-1	0
3867	3759	3868	2	-1	-1	-1	0
3795	3903	3796	2	-1	-1	-1	0
3890	3784	3822	2	-1	-1	-1	0
3760	3869	3868	2	-1	-1	-1	0
3904	3797	3798	2	-1	-1	-1	0
3800	3796	3903	2	-1	-1	-1	0
3811	3791	3898	2	-1	-1	-1	0
3905	3798	3799	2	-1	-1	-1	0
3800	3906	3799	2	-1	-1	-1	0
3871	3872	3764	2	0	-1	-1	0
3872	3873	3765	2	0	-1	-1	0
3801	3908	3802	2	-1	-1	-1	0
3873	3874	3765	2	-1	-1	-1	0
3876	3870	3767	2	-1	-1	-1	0
3910	3803	3802	2	-1	-1	-1	0
3875	3766	3874	2	-1	-1	-1	0
3908	3801	3808	2	-1	-1	-1	0
3766	3875	3876	2	-1	-1	-1	0
3804	3803	3911	2	-1	-1	-1	0
3812	3811	3898	2	-1	-1	-1	0
3805	3806	3913	2	-1	-1	-1	0
3878	3877	3770	2	-1	-1	-1	0
3913	3810	3805	2	-1	-1	-1	0
3915	3808	3807	2	-1	-1	-1	0
3912	3814	3804	2	-1	-1	-1	0
3807	3809	3915	2	-1	-1	-1	0
3840	3852	3839	2	-1	-1	-1	0
3772	3879	3880	2	-1	-1	-1	0
3881	3878	3773	2	-1	-1	-1	0
3806	3812	3914	2	-1	-1	-1	0
3883	3774	3877	2	-1	-1	-1	0
3773	3880	3882	2	-1	-1	-1	0
3773	3882	3881	2	-1	-1	-1	0
3918	3809	3810	2	-1	-1	-1	0
3879	3776	3884	2	-1	-1	-1	0
3902	3795	3843	2	-1	-1	-1	0
3814	3921	3813	2	-1	-1	-1	0
3778	3885	3886	2	-1	-1	-1	0
3815	3813	3921	2	-1	-1	-1	0
3887	3885	3780	2	-1	-1	-1	0
3815	3922	3816	2	-1	-1	-1	0
3782	3889	3884	2	-1	-1	-1	0
3888	3781	3886	2	-1	-1	-1	0
3816	3924	3818	2	-1	-1	-1	0
3889	3782	3888	2	-1	-1	-1	0
3818	3925	3817	2	-1	-1	-1	0
3817	3925	3820	2	-1	-1	-1	0
3890	3891	3784	2	-1	-1	-1	0
3819	3820	3927	2	-1	-1	-1	0
3892	3785	3891	2	-1	-1	-1	0
3859	3854	3855	2	-1	-1	-1	0
3887	3787	3894	2	-1	-1	-1	0
3892	3893	3786	2	-1	-1	-1	0
3822	3821	3929	2	-1	-1	-1	0
3826	3819	3927	2	-1	-1	-1	0
3787	3893	3894	2	-1	-1	-1	0
3930	3821	3824	2	-1	-1	-1	0
3861	3864	3853	2	-1	-1	-1	0
3932	3824	3825	2	-1	-1	-1	0
3895	3896	3790	2	-1	-1	-1	0
3790	3896	3897	2	-1	-1	-1	0
3791	3897	3898	2	-1	-1	-1	0
3842	3902	3843	2	-1	-1	-1	0
3933	3825	3829	2	-1	-1	-1	0
3827	3826	3934	2	-1	-1	-1	0
3793	3901	3895	2	-1	-1	-1	0
3828	3827	3936	2	-1	-1	-1	0
3899	3792	3900	2	-1	-1	0	0
3936	3829	3828	2	-1	-1	-1	0
3901	3793	3899	2	-1	-1	0	0
3831	3938	3830	2	-1	-1	-1	0
3795	3902	3903	2	-1	-1	-1	0
3830	3938	3832	2	-1	-1	-1	0
3900	3797	3904	2	-1	-1	0	0
3831	3833	3939	2	-1	-1	-1	0
3798	3905	3904	2	-1	0	-1	0
3834	3941	3833	2	-1	-1	-1	0
3832	3940	3836	2	-1	-1	-1	0
3799	3906	3905	2	-1	0	-1	0
3903	3907	3800	2	-1	-1	-1	0
3834	3835	3942	2	-1	-1	-1	0
3800	3907	3906	2	-1	0	-1	0
3802	3908	3909	2	-1	-1	-1	0
3836	3946	3838	2	-1	-1	-1	0
3802	3909	3910	2	-1	-1	-1	0
3910	3911	3803	2	-1	-1	-1	0
3838	3947	3840	2	-1	-1	-1	0
3911	3912	3804	2	-1	-1	-1	0
3898	3920	3812	2	-1	-1	-1	0
3841	3950	3842	2	0	-1	-1	0
3808	3917	3908	2	-1	-1	-1	0
3806	3914	3913	2	-1	-1	-1	0
3808	3915	3916	2	-1	-1	-1	0
3852	3840	3948	2	-1	-1	-1	0
3844	3845	3951	2	-1	-1	0	0
3808	3916	3917	2	-1	-1	-1	0
3913	3919	3810	2	-1	-1	-1	0
3809	3918	3915	2	-1	-1	-1	0
3879	3884	3880	2	-1	-1	-1	0
3890	3822	3931	2	-1	-1	-1	0
3951	3845	3848	2	-1	-1	-1	0
3953	3847	3846	2	-1	-1	-1	0
3920	3914	3812	2	-1	-1	-1	0
3919	3918	3810	2	-1	-1	-1	0
3912	3921	3814	2	-1	-1	-1	0
3953	3848	3847	2	-1	-1	-1	0
3850	3955	3849	2	-1	-1	-1	0
3850	3851	3956	2	-1	-1	-1	0
3956	3851	3852	2	-1	-1	-1	0
3923	3815	3921	2	-1	-1	-1	0
3922	3815	3923	2	-1	-1	-1	0
3816	3922	3924	2	-1	-1	-1	0
3835	3883	3945	2	-1	-1	-1	0
3862	3849	3955	2	-1	-1	-1	0
3924	3926	3818	2	-1	-1	-1	0
3818	3926	3925	2	-1	-1	-1	0
3855	3958	3859	2	-1	-1	-1	0
3856	3959	3857	2	-1	-1	-1	0
3925	3928	3820	2	-1	-1	-1	0
3856	3859	3960	2	-1	-1	-1	0
3927	3820	3928	2	-1	-1	-1	0
3857	3961	3858	2	-1	-1	-1	0
3958	3855	3863	2	-1	-1	-1	0
3860	3858	3961	2	-1	-1	-1	0
3930	3929	3821	2	-1	-1	-1	0
3931	3822	3929	2	-1	-1	-1	0
3861	3860	3964	2	-1	-1	-1	0
3932	3930	3824	2	-1	-1	-1	0
3935	3826	3927	2	-1	-1	-1	0
3932	3825	3933	2	-1	-1	-1	0
3864	3861	3965	2	-1	-1	-1	0
3863	3862	3967	2	-1	-1	-1	0
3842	3950	3902	2	-1	-1	-1	0
3864	3965	3865	2	-1	-1	-1	0
3826	3935	3934	2	-1	-1	-1	0
3936	3827	3934	2	-1	-1	-1	0
3937	3933	3829	2	-1	-1	-1	0
3937	3829	3936	2	-1	-1	-1	0
3971	3869	3865	2	-1	-1	-1	0
3867	3868	3972	2	-1	-1	0	0
3939	3938	3831	2	-1	-1	-1	0
3972	3868	3869	2	-1	-1	-1	0
3832	3938	3940	2	-1	-1	-1	0
3941	3939	3833	2	-1	-1	-1	0
3941	3834	3943	2	-1	-1	-1	0
3876	3973	3870	2	-1	0	-1	0
3942	3944	3834	2	-1	-1	-1	0
3873	3974	3874	2	0	-1	-1	0
3944	3943	3834	2	-1	-1	-1	0
3835	3945	3942	2	-1	-1	-1	0
3836	3940	3946	2	-1	-1	-1	0
3974	3875	3874	2	-1	-1	-1	0
3875	3976	3876	2	-1	-1	-1	0
3946	3947	3838	2	-1	-1	-1	0
3877	3878	3977	2	-1	-1	-1	0
3908	3917	3909	2	-1	-1	-1	0
3840	3947	3949	2	-1	-1	-1	0
3977	3878	3881	2	-1	-1	-1	0
3840	3949	3948	2	-1	-1	-1	0
3883	3877	3977	2	-1	-1	-1	0
3882	3880	3978	2	-1	-1	-1	0
3978	3880	3884	2	-1	-1	-1	0
3882	3980	3881	2	-1	-1	-1	0
3846	3952	3953	2	0	-1	-1	0
3954	3951	3848	2	0	-1	-1	0
3848	3953	3954	2	-1	-1	-1	0
3852	3948	3956	2	-1	-1	-1	0
3923	3921	3912	2	-1	-1	-1	0
3886	3885	3986	2	-1	-1	-1	0
3984	3884	3889	2	-1	-1	-1	0
3887	3985	3885	2	-1	-1	-1	0
3888	3886	3988	2	-1	-1	-1	0
3955	3850	3957	2	-1	-1	-1	0
3850	3956	3957	2	-1	-1	-1	0
3988	3889	3888	2	-1	-1	-1	0
3887	3894	3989	2	-1	-1	-1	0
3891	3890	3991	2	-1	-1	-1	0
3891	3992	3892	2	-1	-1	-1	0
3960	3959	3856	2	-1	-1	-1	0
3857	3959	3961	2	-1	-1	-1	0
3994	3893	3892	2	-1	-1	-1	0
3958	3962	3859	2	-1	-1	-1	0
3894	3893	3994	2	-1	-1	-1	0
3960	3859	3962	2	-1	-1	-1	0
3862	3955	3966	2	-1	-1	-1	0
3860	3961	3963	2	-1	-1	-1	0
3895	3996	3896	2	-1	-1	-1	0
3860	3963	3964	2	-1	-1	-1	0
3928	3935	3927	2	-1	-1	-1	0
3964	3965	3861	2	-1	-1	-1	0
3969	3958	3863	2	-1	-1	-1	0
3896	3997	3897	2	-1	-1	-1	0
3895	3901	3996	2	-1	0	-1	0
3897	3998	3898	2	-1	-1	-1	0
3967	3862	3966	2	-1	-1	-1	0
3968	3863	3967	2	-1	-1	-1	0
3965	3971	3865	2	-1	-1	-1	0
3863	3968	3970	2	-1	-1	-1	0
3970	3969	3863	2	-1	-1	-1	0
3903	3902	3999	2	-1	-1	-1	0
3999	3907	3903	2	0	-1	-1	0
3883	3983	3945	2	-1	-1	-1	0
3890	3931	3991	2	-1	-1	-1	0
3971	3972	3869	2	0	-1	-1	0
3920	3898	3998	2	-1	-1	-1	0
4000	3910	3909	2	-1	-1	-1	0
3911	3910	4002	2	-1	-1	-1	0
3975	3875	3974	2	-1	-1	0	0
3973	3876	3976	2	-1	-1	-1	0
3912	3911	4003	2	-1	-1	-1	0
3875	3975	3976	2	-1	-1	-1	0
3917	4001	3909	2	-1	-1	-1	0
3944	3942	3945	2	-1	-1	-1	0
4005	3913	3914	2	-1	-1	-1	0
3913	4005	3919	2	-1	-1	-1	0
3977	3881	3979	2	-1	-1	-1	0
4007	3916	3915	2	-1	-1	-1	0
3912	4004	3923	2	-1	-1	-1	0
3881	3980	3979	2	-1	-1	-1	0
3918	4007	3915	2	-1	-1	-1	0
3920	4006	3914	2	-1	-1	-1	0
3916	4008	3917	2	-1	-1	-1	0
3978	3982	3882	2	-1	-1	-1	0
3977	3983	3883	2	-1	-1	-1	0
3882	3981	3980	2	-1	-1	-1	0
3982	3981	3882	2	-1	-1	-1	0
3984	3978	3884	2	-1	-1	-1	0
4010	3918	3919	2	-1	-1	-1	0
3950	3999	3902	2	0	-1	-1	0
3987	3885	3985	2	-1	-1	-1	0
3987	3986	3885	2	-1	-1	-1	0
4014	3922	3923	2	-1	-1	-1	0
3886	3986	3988	2	-1	-1	-1	0
3922	4014	3924	2	-1	-1	-1	0
3989	3985	3887	2	-1	-1	-1	0
3984	3889	3990	2	-1	-1	-1	0
4015	3926	3924	2	-1	-1	-1	0
3926	4016	3925	2	-1	-1	-1	0
3990	3889	3988	2	-1	-1	-1	0
3925	4017	3928	2	-1	-1	-1	0
3993	3891	3991	2	-1	-1	-1	0
3993	3992	3891	2	-1	-1	-1	0
3992	3994	3892	2	-1	-1	-1	0
3989	3894	3995	2	-1	-1	-1	0
4020	3929	3930	2	-1	-1	-1	0
3931	3929	4020	2	-1	-1	-1	0
3928	4019	3935	2	-1	-1	-1	0
3930	3932	4020	2	-1	-1	-1	0
3994	3995	3894	2	-1	-1	-1	0
3933	4022	3932	2	-1	-1	-1	0
3997	3896	3996	2	-1	-1	0	0
3958	3969	3962	2	-1	-1	-1	0
3997	3998	3897	2	-1	-1	-1	0
3933	3937	4022	2	-1	-1	-1	0
3934	3935	4024	2	-1	-1	-1	0
3936	3934	4023	2	-1	-1	-1	0
4028	3937	3936	2	-1	-1	-1	0
4031	3938	3939	2	-1	-1	-1	0
3938	4030	3940	2	-1	-1	-1	0
4001	4000	3909	2	-1	-1	-1	0
3939	3941	4031	2	-1	-1	-1	0
3910	4000	4002	2	-1	-1	-1	0
4002	4003	3911	2	-1	-1	-1	0
3943	4032	3941	2	-1	-1	-1	0
3946	3940	4030	2	-1	-1	-1	0
4003	4004	3912	2	-1	-1	-1	0
4035	3943	3944	2	-1	-1	-1	0
4036	3944	3945	2	-1	-1	-1	0
4006	4005	3914	2	-1	-1	-1	0
3917	4008	4001	2	-1	-1	-1	0
4037	3947	3946	2	-1	-1	-1	0
4008	3916	4007	2	-1	-1	-1	0
4013	3920	3998	2	-1	-1	-1	0
3918	4009	4007	2	-1	-1	-1	0
4038	3949	3947	2	-1	-1	-1	0
4005	4011	3919	2	-1	-1	-1	0
4009	3918	4010	2	-1	-1	0	0
3949	4039	3948	2	-1	-1	-1	0
4012	4006	3920	2	-1	-1	-1	0
3977	3979	3983	2	-1	-1	-1	0
4011	4010	3919	2	0	-1	-1	0
4014	3923	4004	2	-1	-1	-1	0
3991	3931	4021	2	-1	-1	-1	0
4040	3956	3948	2	-1	-1	-1	0
3982	3978	3984	2	-1	-1	-1	0
4013	4012	3920	2	0	-1	-1	0
3952	4043	3953	2	-1	-1	-1	0
3954	3953	4043	2	-1	-1	0	0
3957	3956	4040	2	-1	-1	-1	0
4014	4015	3924	2	-1	-1	-1	0
3955	3957	4044	2	-1	-1	-1	0
3925	4016	4017	2	-1	-1	-1	0
4015	4018	3926	2	-1	-1	-1	0
4016	3926	4018	2	-1	-1	-1	0
4017	4019	3928	2	-1	-1	-1	0
3983	4036	3945	2	-1	-1	-1	0
3966	3955	4044	2	-1	-1	-1	0
3959	3960	4046	2	-1	-1	-1	0
3961	3959	4047	2	-1	-1	-1	0
3963	3961	4047	2	-1	-1	-1	0
3960	3962	4050	2	-1	-1	-1	0
4021	3931	4020	2	-1	-1	-1	0
4020	3932	4022	2	-1	-1	-1	0
4051	3964	3963	2	-1	-1	-1	0
3935	4019	4026	2	-1	-1	-1	0
3934	4024	4023	2	-1	-1	-1	0
3962	3969	4050	2	-1	-1	-1	0
3964	4053	3965	2	-1	-1	-1	0
3935	4025	4024	2	-1	-1	-1	0
4026	4025	3935	2	-1	-1	-1	0
3936	4023	4027	2	-1	-1	-1	0
4022	3937	4028	2	-1	-1	-1	0
4055	3967	3966	2	-1	-1	-1	0
3965	4054	3971	2	-1	0	-1	0
4056	3968	3967	2	-1	-1	-1	0
4027	4029	3936	2	-1	-1	-1	0
4028	3936	4029	2	-1	-1	-1	0
3968	4057	3970	2	-1	-1	-1	0
3970	4058	3969	2	-1	-1	-1	0
3938	4031	4030	2	-1	-1	-1	0
3941	4033	4031	2	-1	-1	-1	0
3941	4032	4033	2	-1	-1	-1	0
3997	4013	3998	2	0	-1	-1	0
4032	3943	4034	2	-1	-1	-1	0
4060	3973	3976	2	0	-1	-1	0
4035	4034	3943	2	-1	-1	-1	0
4061	3976	3975	2	-1	-1	0	0
3946	4030	4037	2	-1	-1	-1	0
4035	3944	4036	2	-1	-1	-1	0
3979	3980	4062	2	-1	-1	-1	0
3947	4037	4038	2	-1	-1	-1	0
3979	4063	3983	2	-1	-1	-1	0
3980	3981	4065	2	-1	-1	-1	0
4039	4040	3948	2	-1	-1	-1	0
4038	4041	3949	2	-1	-1	-1	0
3982	4066	3981	2	-1	-1	-1	0
4039	3949	4041	2	-1	-1	-1	0
3984	4067	3982	2	-1	-1	-1	0
3952	4042	4043	2	0	0	-1	0
3985	4069	3987	2	-1	-1	-1	0
3984	3990	4067	2	-1	-1	-1	0
3957	4040	4045	2	-1	-1	-1	0
3985	3989	4069	2	-1	-1	-1	0
3986	4070	3988	2	-1	-1	-1	0
3987	4071	3986	2	-1	-1	-1	0
3957	4045	4044	2	-1	-1	-1	0
4070	3990	3988	2	-1	-1	-1	0
4046	4047	3959	2	-1	-1	-1	0
3960	4048	4046	2	-1	-1	-1	0
4048	3960	4049	2	-1	-1	-1	0
4074	3989	3995	2	-1	-1	-1	0
4049	3960	4050	2	-1	-1	-1	0
3991	4077	3993	2	-1	-1	-1	0
4047	4052	3963	2	-1	-1	-1	0
3992	3993	4078	2	-1	-1	-1	0
3992	4078	3994	2	-1	-1	-1	0
4055	3966	4044	2	-1	-1	-1	0
4051	3963	4052	2	-1	-1	0	0
4051	4053	3964	2	0	-1	-1	0
3995	3994	4080	2	-1	-1	-1	0
3965	4053	4054	2	-1	0	-1	0
4050	3969	4058	2	-1	-1	-1	0
3967	4055	4056	2	-1	-1	-1	0
4056	4057	3968	2	-1	-1	-1	0
4081	4000	4001	2	-1	-1	-1	0
4000	4082	4002	2	-1	-1	-1	0
4059	3970	4057	2	-1	-1	-1	0
3983	4068	4036	2	-1	-1	-1	0
3970	4059	4058	2	-1	-1	-1	0
4003	4002	4082	2	-1	-1	-1	0
4077	3991	4021	2	-1	-1	-1	0
4004	4003	4085	2	-1	-1	-1	0
4083	4001	4008	2	-1	-1	-1	0
3976	4061	4060	2	-1	-1	-1	0
4005	4006	4087	2	-1	-1	-1	0
4087	4011	4005	2	0	-1	-1	0
3979	4062	4063	2	-1	-1	-1	0
4009	4088	4007	2	0	-1	-1	0
4014	4004	4086	2	-1	-1	-1	0
4008	4007	4089	2	-1	-1	-1	0
4012	4087	4006	2	0	-1	-1	0
4064	4062	3980	2	-1	-1	-1	0
4064	3980	4065	2	-1	-1	-1	0
3981	4066	4065	2	-1	-1	-1	0
4063	4068	3983	2	-1	-1	-1	0
4090	4015	4014	2	-1	-1	-1	0
4066	3982	4067	2	-1	-1	-1	0
4018	4015	4091	2	-1	-1	-1	0
4017	4016	4092	2	-1	-1	-1	0
4018	4092	4016	2	-1	-1	-1	0
4070	3986	4071	2	-1	-1	-1	0
3987	4069	4072	2	-1	-1	-1	0
3987	4072	4071	2	-1	-1	-1	0
4019	4017	4094	2	-1	-1	-1	0
4073	4069	3989	2	-1	-1	-1	0
4067	3990	4075	2	-1	-1	-1	0
4073	3989	4074	2	-1	-1	-1	0
3990	4070	4076	2	-1	-1	-1	0
4021	4020	4096	2	-1	-1	-1	0
4026	4019	4094	2	-1	-1	-1	0
4035	4036	4068	2	-1	-1	-1	0
4020	4022	4097	2	-1	-1	-1	0
3990	4076	4075	2	-1	-1	-1	0
4100	4023	4024	2	-1	-1	-1	0
4080	4074	3995	2	-1	-1	-1	0
3993	4077	4079	2	-1	-1	-1	0
4099	4022	4028	2	-1	-1	-1	0
4023	4100	4027	2	-1	-1	-1	0
4025	4101	4024	2	-1	-1	-1	0
4079	4078	3993	2	-1	-1	-1	0
4078	4080	3994	2	-1	-1	-1	0
4026	4102	4025	2	-1	-1	-1	0
4027	4105	4029	2	-1	-1	-1	0
4082	4000	4081	2	-1	-1	-1	0
4106	4028	4029	2	-1	-1	-1	0
4081	4001	4084	2	-1	-1	-1	0
4001	4083	4084	2	-1	-1	-1	0
4031	4108	4030	2	-1	-1	-1	0
4085	4003	4082	2	-1	-1	-1	0
4108	4031	4033	2	-1	-1	-1	0
4032	4109	4033	2	-1	-1	-1	0
4085	4086	4004	2	-1	-1	-1	0
4032	4034	4109	2	-1	-1	-1	0
4037	4030	4108	2	-1	-1	-1	0
4089	4083	4008	2	-1	-1	-1	0
4035	4112	4034	2	-1	-1	-1	0
4007	4088	4089	2	-1	0	-1	0
4115	4038	4037	2	-1	-1	-1	0
4086	4090	4014	2	-1	-1	-1	0
4115	4041	4038	2	-1	-1	-1	0
4040	4039	4117	2	-1	-1	-1	0
4090	4091	4015	2	-1	-1	-1	0
4116	4039	4041	2	-1	-1	-1	0
4077	4021	4098	2	-1	-1	-1	0
4045	4040	4117	2	-1	-1	-1	0
4017	4092	4093	2	-1	-1	-1	0
4091	4095	4018	2	-1	-1	-1	0
4094	4017	4093	2	-1	-1	-1	0
4092	4018	4095	2	-1	-1	-1	0
4119	4044	4045	2	-1	-1	-1	0
4120	4047	4046	2	-1	-1	-1	0
4096	4020	4097	2	-1	-1	-1	0
4098	4021	4096	2	-1	-1	-1	0
4048	4121	4046	2	-1	-1	-1	0
4035	4068	4113	2	-1	-1	-1	0
4076	4070	4071	2	-1	-1	-1	0
4097	4022	4099	2	-1	-1	-1	0
4044	4119	4055	2	-1	-1	-1	0
4052	4047	4120	2	-1	-1	0	0
4122	4048	4049	2	-1	-1	-1	0
4124	4049	4050	2	-1	-1	-1	0
4026	4094	4103	2	-1	-1	-1	0
4101	4100	4024	2	-1	-1	-1	0
4102	4101	4025	2	-1	-1	-1	0
4058	4124	4050	2	-1	-1	-1	0
4100	4105	4027	2	-1	-1	-1	0
4026	4104	4102	2	-1	-1	-1	0
4099	4028	4106	2	-1	-1	-1	0
4103	4104	4026	2	-1	-1	-1	0
4056	4055	4126	2	-1	-1	-1	0
4056	4127	4057	2	-1	-1	-1	0
4124	4058	4059	2	-1	-1	-1	0
4107	4029	4105	2	-1	-1	-1	0
4106	4029	4107	2	-1	-1	-1	0
4059	4057	4128	2	-1	-1	-1	0
4108	4033	4110	2	-1	-1	-1	0
4061	4130	4060	2	0	0	-1	0
4033	4109	4110	2	-1	-1	-1	0
4034	4111	4109	2	-1	-1	-1	0
4063	4062	4131	2	-1	-1	-1	0
4034	4112	4111	2	-1	-1	-1	0
4064	4131	4062	2	-1	-1	-1	0
4114	4037	4108	2	-1	-1	-1	0
4035	4113	4112	2	-1	-1	-1	0
4133	4064	4065	2	-1	-1	-1	0
4132	4068	4063	2	-1	-1	-1	0
4065	4066	4134	2	-1	-1	-1	0
4114	4115	4037	2	-1	-1	-1	0
4135	4066	4067	2	-1	-1	-1	0
4116	4117	4039	2	-1	-1	-1	0
4118	4041	4115	2	-1	-1	-1	0
4116	4041	4118	2	-1	-1	-1	0
4075	4135	4067	2	-1	-1	-1	0
4069	4138	4072	2	-1	-1	-1	0
4073	4138	4069	2	-1	-1	-1	0
4117	4119	4045	2	-1	-1	-1	0
4072	4139	4071	2	-1	-1	-1	0
4139	4076	4071	2	-1	-1	-1	0
4121	4120	4046	2	0	-1	-1	0
4073	4074	4142	2	-1	-1	-1	0
4121	4048	4122	2	-1	-1	0	0
4123	4122	4049	2	-1	-1	-1	0
4075	4076	4144	2	-1	-1	-1	0
4124	4123	4049	2	-1	-1	-1	0
4143	4074	4080	2	-1	-1	-1	0
4125	4055	4119	2	-1	-1	-1	0
4079	4077	4147	2	-1	-1	-1	0
4078	4079	4148	2	-1	-1	-1	0
4055	4125	4126	2	-1	-1	-1	0
4078	4149	4080	2	-1	-1	-1	0
4126	4127	4056	2	-1	-1	-1	0
4057	4127	4128	2	-1	-1	-1	0
4124	4059	4129	2	-1	-1	-1	0
4150	4082	4081	2	-1	-1	-1	0
4150	4081	4084	2	-1	-1	-1	0
4059	4128	4129	2	-1	-1	-1	0
4082	4150	4085	2	-1	-1	-1	0
4113	4068	4137	2	-1	-1	-1	0
4084	4083	4151	2	-1	-1	-1	0
4147	4077	4098	2	-1	-1	-1	0
4083	4089	4151	2	-1	0	-1	0
4086	4085	4154	2	-1	-1	-1	0
4063	4131	4132	2	-1	-1	-1	0
4131	4064	4133	2	-1	-1	-1	0
4133	4065	4134	2	-1	-1	-1	0
4156	4090	4086	2	-1	-1	-1	0
4136	4134	4066	2	-1	-1	-1	0
4068	4132	4137	2	-1	-1	-1	0
4091	4090	4156	2	-1	-1	-1	0
4066	4135	4136	2	-1	-1	-1	0
4157	4095	4091	2	-1	-1	-1	0
4159	4093	4092	2	-1	-1	-1	0
4095	4159	4092	2	-1	-1	-1	0
4093	4161	4094	2	-1	-1	-1	0
4072	4138	4141	2	-1	-1	-1	0
4072	4140	4139	2	-1	-1	-1	0
4072	4141	4140	2	-1	-1	-1	0
4138	4073	4142	2	-1	-1	-1	0
4145	4135	4075	2	-1	-1	-1	0
4096	4097	4163	2	-1	-1	-1	0
4163	4098	4096	2	-1	-1	-1	0
4094	4161	4103	2	-1	-1	-1	0
4074	4143	4142	2	-1	-1	-1	0
4099	4164	4097	2	-1	-1	-1	0
4146	4076	4139	2	-1	-1	-1	0
4145	4075	4144	2	-1	-1	-1	0
4076	4146	4144	2	-1	-1	-1	0
4100	4101	4167	2	-1	-1	-1	0
4102	4167	4101	2	-1	-1	-1	0
4099	4106	4166	2	-1	-1	-1	0
4149	4143	4080	2	-1	-1	-1	0
4168	4105	4100	2	-1	-1	-1	0
4147	4148	4079	2	-1	-1	-1	0
4148	4149	4078	2	-1	-1	-1	0
4104	4169	4102	2	-1	-1	-1	0
4129	4123	4124	2	-1	-1	-1	0
4104	4103	4170	2	-1	-1	-1	0
4105	4172	4107	2	-1	-1	-1	0
4107	4173	4106	2	-1	-1	-1	0
4084	4151	4152	2	-1	0	-1	0
4084	4153	4150	2	-1	-1	-1	0
4084	4152	4153	2	-1	0	-1	0
4150	4155	4085	2	-1	-1	-1	0
4110	4175	4108	2	-1	-1	-1	0
4154	4085	4155	2	-1	-1	-1	0
4109	4176	4110	2	-1	-1	-1	0
4176	4109	4111	2	-1	-1	-1	0
4156	4086	4154	2	-1	-1	-1	0
4108	4175	4114	2	-1	-1	-1	0
4111	4112	4178	2	-1	-1	-1	0
4113	4179	4112	2	-1	-1	-1	0
4158	4091	4156	2	-1	-1	-1	0
4091	4158	4157	2	-1	-1	-1	0
4165	4147	4098	2	-1	-1	-1	0
4115	4114	4181	2	-1	-1	-1	0
4159	4160	4093	2	-1	-1	-1	0
4160	4161	4093	2	-1	-1	-1	0
4157	4162	4095	2	-1	-1	-1	0
4162	4159	4095	2	-1	-1	-1	0
4115	4183	4118	2	-1	-1	-1	0
4145	4136	4135	2	-1	-1	-1	0
4117	4116	4184	2	-1	-1	-1	0
4116	4118	4185	2	-1	-1	-1	0
4184	4119	4117	2	-1	-1	-1	0
4164	4163	4097	2	-1	-1	-1	0
4098	4163	4165	2	-1	-1	-1	0
4184	4125	4119	2	-1	-1	-1	0
4099	4166	4164	2	-1	-1	-1	0
4180	4113	4137	2	-1	-1	-1	0
4122	4123	4186	2	-1	-1	0	0
4170	4103	4161	2	-1	-1	-1	0
4100	4167	4168	2	-1	-1	-1	0
4102	4169	4167	2	-1	-1	-1	0
4188	4126	4125	2	-1	-1	-1	0
4187	4123	4129	2	-1	-1	-1	0
4126	4190	4127	2	-1	-1	-1	0
4171	4169	4104	2	-1	-1	-1	0
4168	4172	4105	2	-1	-1	-1	0
4104	4170	4171	2	-1	-1	-1	0
4166	4106	4173	2	-1	-1	-1	0
4191	4128	4127	2	-1	-1	-1	0
4128	4192	4129	2	-1	-1	-1	0
4107	4172	4174	2	-1	-1	-1	0
4174	4173	4107	2	-1	-1	-1	0
4194	4132	4131	2	-1	-1	-1	0
4133	4193	4131	2	-1	-1	-1	0
4134	4195	4133	2	-1	-1	-1	0
4175	4110	4177	2	-1	-1	-1	0
4176	4177	4110	2	-1	-1	-1	0
4137	4132	4194	2	-1	-1	-1	0
4178	4176	4111	2	-1	-1	-1	0
4134	4136	4197	2	-1	-1	-1	0
4112	4179	4178	2	-1	-1	-1	0
4182	4114	4175	2	-1	-1	-1	0
4180	4179	4113	2	-1	-1	-1	0
4182	4181	4114	2	-1	-1	-1	0
4198	4136	4145	2	-1	-1	-1	0
4115	4181	4183	2	-1	-1	-1	0
4141	4138	4200	2	-1	-1	-1	0
4138	4142	4200	2	-1	-1	-1	0
4201	4139	4140	2	-1	-1	-1	0
4202	4140	4141	2	-1	-1	-1	0
4185	4184	4116	2	-1	-1	-1	0
4201	4146	4139	2	-1	-1	-1	0
4118	4183	4185	2	-1	-1	-1	0
4205	4142	4143	2	-1	-1	-1	0
4187	4186	4123	2	-1	-1	-1	0
4184	4188	4125	2	-1	-1	-1	0
4143	4149	4206	2	-1	-1	-1	0
4209	4145	4144	2	-1	-1	-1	0
4144	4146	4208	2	-1	-1	-1	0
4126	4188	4189	2	-1	-1	-1	0
4189	4190	4126	2	-1	-1	-1	0
4148	4147	4210	2	-1	-1	-1	0
4210	4149	4148	2	-1	-1	-1	0
4192	4187	4129	2	-1	-1	-1	0
4190	4191	4127	2	-1	-1	-1	0
4128	4191	4192	2	-1	-1	-1	0
4153	4212	4150	2	0	-1	-1	0
4137	4199	4180	2	-1	-1	-1	0
4155	4150	4212	2	-1	-1	-1	0
4194	4131	4193	2	-1	-1	-1	0
4155	4213	4154	2	-1	-1	-1	0
4133	4196	4193	2	-1	-1	-1	0
4154	4213	4156	2	-1	-1	-1	0
4147	4165	4211	2	-1	-1	-1	0
4196	4133	4195	2	-1	-1	-1	0
4134	4197	4195	2	-1	-1	-1	0
4156	4213	4158	2	-1	-1	-1	0
4215	4157	4158	2	-1	-1	-1	0
4199	4137	4194	2	-1	-1	-1	0
4136	4198	4197	2	-1	-1	-1	0
4215	4162	4157	2	-1	-1	-1	0
4217	4160	4159	2	-1	-1	-1	0
4162	4217	4159	2	-1	-1	-1	0
4160	4219	4161	2	-1	-1	-1	0
4140	4202	4201	2	-1	-1	-1	0
4203	4141	4200	2	-1	-1	-1	0
4142	4205	4200	2	-1	-1	-1	0
4202	4141	4204	2	-1	-1	-1	0
4203	4204	4141	2	-1	-1	-1	0
4164	4222	4163	2	-1	-1	-1	0
4222	4165	4163	2	-1	-1	-1	0
4219	4170	4161	2	-1	-1	-1	0
4145	4209	4198	2	-1	-1	-1	0
4164	4166	4223	2	-1	-1	-1	0
4207	4205	4143	2	-1	-1	-1	0
4208	4146	4201	2	-1	-1	-1	0
4143	4206	4207	2	-1	-1	-1	0
4144	4208	4209	2	-1	-1	-1	0
4168	4167	4226	2	-1	-1	-1	0
4173	4223	4166	2	-1	-1	-1	0
4167	4169	4226	2	-1	-1	-1	0
4210	4206	4149	2	-1	-1	-1	0
4211	4210	4147	2	-1	-1	-1	0
4229	4172	4168	2	-1	-1	-1	0
4169	4171	4230	2	-1	-1	-1	0
4232	4171	4170	2	-1	-1	-1	0
4174	4172	4229	2	-1	-1	-1	0
4212	4214	4155	2	0	-1	-1	0
4174	4234	4173	2	-1	-1	-1	0
4155	4214	4213	2	-1	-1	-1	0
4158	4213	4216	2	-1	-1	-1	0
4175	4177	4236	2	-1	-1	-1	0
4158	4216	4215	2	-1	-1	-1	0
4177	4176	4237	2	-1	-1	-1	0
4238	4176	4178	2	-1	-1	-1	0
4175	4236	4182	2	-1	-1	-1	0
4217	4218	4160	2	-1	-1	-1	0
4178	4179	4240	2	-1	-1	-1	0
4215	4220	4162	2	-1	-1	-1	0
4160	4218	4219	2	-1	-1	-1	0
4180	4240	4179	2	-1	-1	-1	0
4162	4221	4217	2	-1	-1	-1	0
4165	4225	4211	2	-1	-1	-1	0
4162	4220	4221	2	-1	-1	-1	0
4243	4181	4182	2	-1	-1	-1	0
4243	4183	4181	2	-1	-1	-1	0
4164	4224	4222	2	-1	-1	-1	0
4164	4223	4224	2	-1	-1	-1	0
4165	4222	4225	2	-1	-1	-1	0
4185	4183	4244	2	-1	-1	-1	0
4184	4185	4245	2	-1	-1	-1	0
4245	4188	4184	2	-1	-1	-1	0
4219	4231	4170	2	-1	-1	-1	0
4248	4186	4187	2	0	-1	-1	0
4180	4199	4242	2	-1	-1	-1	0
4168	4226	4228	2	-1	-1	-1	0
4227	4168	4228	2	-1	-1	-1	0
4227	4229	4168	2	-1	-1	-1	0
4226	4169	4230	2	-1	-1	-1	0
4248	4187	4192	2	-1	-1	-1	0
4188	4250	4189	2	-1	-1	-1	0
4251	4190	4189	2	-1	-1	-1	0
4173	4234	4223	2	-1	-1	-1	0
4252	4191	4190	2	-1	-1	-1	0
4232	4170	4231	2	-1	-1	-1	0
4233	4230	4171	2	-1	-1	-1	0
4233	4171	4232	2	-1	-1	-1	0
4192	4191	4254	2	-1	-1	-1	0
4229	4235	4174	2	-1	-1	-1	0
4193	4256	4194	2	-1	-1	-1	0
4235	4234	4174	2	-1	-1	-1	0
4196	4255	4193	2	-1	-1	-1	0
4195	4257	4196	2	-1	-1	-1	0
4194	4256	4199	2	-1	-1	-1	0
4197	4257	4195	2	-1	-1	-1	0
4238	4237	4176	2	-1	-1	-1	0
4198	4257	4197	2	-1	-1	-1	0
4239	4236	4177	2	-1	-1	-1	0
4177	4237	4239	2	-1	-1	-1	0
4218	4217	4221	2	-1	-1	-1	0
4178	4241	4238	2	-1	-1	-1	0
4178	4240	4241	2	-1	-1	-1	0
4243	4182	4236	2	-1	-1	-1	0
4180	4242	4240	2	-1	-1	-1	0
4200	4261	4203	2	-1	-1	-1	0
4202	4262	4201	2	-1	-1	-1	0
4200	4205	4261	2	-1	-1	-1	0
4198	4209	4259	2	-1	-1	-1	0
4264	4202	4204	2	-1	-1	-1	0
4183	4243	4244	2	-1	-1	-1	0
4208	4201	4262	2	-1	-1	-1	0
4204	4203	4265	2	-1	-1	-1	0
4205	4207	4261	2	-1	-1	-1	0
4247	4185	4244	2	-1	-1	-1	0
4185	4246	4245	2	-1	-1	-1	0
4185	4247	4246	2	-1	-1	-1	0
4249	4188	4245	2	-1	-1	-1	0
4206	4269	4207	2	-1	-1	-1	0
4206	4210	4268	2	-1	-1	-1	0
4249	4250	4188	2	-1	-1	-1	0
4209	4208	4271	2	-1	-1	-1	0
4211	4268	4210	2	-1	-1	-1	0
4189	4250	4251	2	-1	-1	-1	0
4190	4251	4252	2	-1	-1	-1	0
4192	4254	4248	2	-1	0	-1	0
4253	4191	4252	2	-1	-1	-1	0
4256	4242	4199	2	-1	-1	-1	0
4191	4253	4254	2	-1	0	-1	0
4214	4275	4213	2	0	-1	-1	0
4193	4255	4256	2	-1	-1	-1	0
4216	4213	4275	2	-1	-1	0	0
4276	4215	4216	2	-1	-1	0	0
4255	4196	4258	2	-1	-1	-1	0
4225	4274	4211	2	-1	-1	-1	0
4276	4220	4215	2	-1	-1	-1	0
4258	4196	4257	2	-1	-1	-1	0
4277	4219	4218	2	-1	-1	-1	0
4260	4257	4198	2	-1	-1	-1	0
4221	4278	4218	2	-1	-1	-1	0
4198	4259	4260	2	-1	-1	-1	0
4221	4220	4279	2	-1	-1	-1	0
4262	4202	4263	2	-1	-1	-1	0
4277	4231	4219	2	-1	-1	-1	0
4281	4222	4224	2	-1	-1	-1	0
4281	4225	4222	2	-1	-1	-1	0
4263	4202	4264	2	-1	-1	-1	0
4223	4282	4224	2	-1	-1	-1	0
4266	4203	4261	2	-1	-1	-1	0
4261	4207	4266	2	-1	-1	-1	0
4266	4265	4203	2	-1	-1	-1	0
4267	4264	4204	2	-1	-1	-1	0
4267	4204	4265	2	-1	-1	-1	0
4284	4228	4226	2	-1	-1	-1	0
4234	4282	4223	2	-1	-1	-1	0
4272	4259	4209	2	-1	-1	-1	0
4285	4226	4230	2	-1	-1	-1	0
4228	4286	4227	2	-1	-1	-1	0
4271	4208	4262	2	-1	-1	-1	0
4207	4270	4266	2	-1	-1	-1	0
4287	4229	4227	2	-1	-1	-1	0
4206	4268	4269	2	-1	-1	-1	0
4270	4207	4269	2	-1	-1	-1	0
4233	4285	4230	2	-1	-1	-1	0
4234	4235	4282	2	-1	-1	-1	0
4268	4211	4273	2	-1	-1	-1	0
4272	4209	4271	2	-1	-1	-1	0
4229	4289	4235	2	-1	-1	-1	0
4232	4231	4291	2	-1	-1	-1	0
4292	4233	4232	2	-1	-1	-1	0
4211	4274	4273	2	-1	-1	-1	0
4278	4277	4218	2	-1	-1	-1	0
4236	4239	4299	2	-1	-1	-1	0
4237	4238	4300	2	-1	-1	-1	0
4279	4220	4276	2	-1	-1	0	0
4257	4260	4258	2	-1	-1	-1	0
4300	4239	4237	2	-1	-1	-1	0
4298	4243	4236	2	-1	-1	-1	0
4280	4278	4221	2	-1	-1	-1	0
4274	4225	4281	2	-1	-1	-1	0
4301	4238	4241	2	-1	-1	-1	0
4280	4221	4279	2	-1	-1	0	0
4303	4241	4240	2	-1	-1	-1	0
4303	4240	4242	2	-1	-1	-1	0
4224	4282	4283	2	-1	-1	-1	0
4224	4283	4281	2	-1	-1	-1	0
4226	4285	4284	2	-1	-1	-1	0
4243	4309	4244	2	-1	-1	-1	0
4231	4277	4290	2	-1	-1	-1	0
4228	4284	4288	2	-1	-1	-1	0
4286	4287	4227	2	-1	-1	-1	0
4247	4244	4309	2	-1	-1	-1	0
4245	4246	4310	2	-1	-1	-1	0
4228	4288	4286	2	-1	-1	-1	0
4311	4246	4247	2	-1	-1	-1	0
4245	4310	4249	2	-1	-1	-1	0
4242	4256	4307	2	-1	-1	-1	0
4287	4289	4229	2	-1	-1	-1	0
4233	4294	4285	2	-1	-1	-1	0
4291	4231	4290	2	-1	-1	-1	0
4313	4250	4249	2	-1	-1	-1	0
4296	4282	4235	2	-1	-1	-1	0
4292	4232	4291	2	-1	-1	-1	0
4314	4251	4250	2	-1	-1	-1	0
4251	4314	4252	2	-1	-1	-1	0
4293	4233	4292	2	-1	-1	-1	0
4255	4307	4256	2	-1	-1	-1	0
4295	4235	4289	2	-1	-1	-1	0
4253	4252	4315	2	-1	-1	0	0
4294	4233	4293	2	-1	-1	-1	0
4235	4295	4297	2	-1	-1	-1	0
4297	4296	4235	2	-1	-1	-1	0
4316	4255	4258	2	-1	-1	-1	0
4236	4299	4298	2	-1	-1	-1	0
4317	4258	4260	2	-1	-1	-1	0
4260	4259	4319	2	-1	-1	-1	0
4301	4300	4238	2	-1	-1	-1	0
4239	4302	4299	2	-1	-1	-1	0
4239	4300	4302	2	-1	-1	-1	0
4290	4277	4278	2	-1	-1	-1	0
4263	4321	4262	2	-1	-1	-1	0
4241	4304	4301	2	-1	-1	-1	0
4303	4305	4241	2	-1	-1	-1	0
4304	4241	4305	2	-1	-1	-1	0
4298	4309	4243	2	-1	-1	-1	0
4272	4319	4259	2	-1	-1	-1	0
4263	4264	4323	2	-1	-1	-1	0
4242	4308	4303	2	-1	-1	-1	0
4271	4262	4321	2	-1	-1	-1	0
4267	4324	4264	2	-1	-1	-1	0
4242	4307	4306	2	-1	-1	-1	0
4308	4242	4306	2	-1	-1	-1	0
4265	4266	4325	2	-1	-1	-1	0
4265	4326	4267	2	-1	-1	-1	0
4266	4270	4325	2	-1	-1	-1	0
4282	4296	4283	2	-1	-1	-1	0
4268	4328	4269	2	-1	-1	-1	0
4246	4311	4310	2	-1	-1	-1	0
4247	4309	4312	2	-1	-1	-1	0
4268	4273	4328	2	-1	-1	-1	0
4330	4270	4269	2	-1	-1	-1	0
4312	4311	4247	2	-1	-1	-1	0
4289	4287	4295	2	-1	-1	-1	0
4310	4313	4249	2	-1	-1	-1	0
4331	4272	4271	2	-1	-1	-1	0
4313	4314	4250	2	-1	-1	-1	0
4307	4255	4316	2	-1	-1	-1	0
4273	4274	4334	2	-1	-1	-1	0
4252	4314	4315	2	-1	-1	-1	0
4274	4281	4335	2	-1	-1	-1	0
4318	4316	4258	2	-1	-1	-1	0
4317	4318	4258	2	-1	-1	-1	0
4280	4337	4278	2	0	-1	-1	0
4260	4320	4317	2	-1	-1	-1	0
4283	4335	4281	2	-1	-1	-1	0
4320	4260	4319	2	-1	-1	-1	0
4290	4278	4337	2	-1	-1	-1	0
4263	4322	4321	2	-1	-1	-1	0
4285	4339	4284	2	-1	-1	-1	0
4322	4263	4323	2	-1	-1	-1	0
4339	4288	4284	2	-1	-1	-1	0
4323	4264	4324	2	-1	-1	-1	0
4340	4287	4286	2	-1	-1	-1	0
4286	4288	4340	2	-1	-1	-1	0
4265	4325	4326	2	-1	-1	-1	0
4305	4303	4308	2	-1	-1	-1	0
4338	4283	4296	2	-1	-1	-1	0
4294	4339	4285	2	-1	-1	-1	0
4327	4324	4267	2	-1	-1	-1	0
4267	4326	4327	2	-1	-1	-1	0
4287	4341	4295	2	-1	-1	-1	0
4272	4332	4319	2	-1	-1	-1	0
4331	4271	4321	2	-1	-1	-1	0
4330	4325	4270	2	-1	-1	-1	0
4344	4291	4290	2	-1	-1	-1	0
4328	4329	4269	2	-1	-1	-1	0
4329	4330	4269	2	-1	-1	-1	0
4292	4291	4346	2	-1	-1	-1	0
4297	4338	4296	2	-1	-1	-1	0
4292	4348	4293	2	-1	-1	-1	0
4297	4295	4341	2	-1	-1	-1	0
4333	4328	4273	2	-1	-1	-1	0
4272	4331	4332	2	-1	-1	-1	0
4293	4349	4294	2	-1	-1	-1	0
4333	4273	4334	2	-1	-1	-1	0
4334	4274	4336	2	-1	-1	-1	0
4274	4335	4336	2	-1	-1	-1	0
4354	4298	4299	2	-1	-1	-1	0
4283	4336	4335	2	-1	-1	-1	0
4355	4299	4302	2	-1	-1	-1	0
4301	4356	4300	2	-1	-1	-1	0
4338	4336	4283	2	-1	-1	-1	0
4300	4356	4302	2	-1	-1	-1	0
4298	4354	4309	2	-1	-1	-1	0
4301	4304	4357	2	-1	-1	-1	0
4358	4304	4305	2	-1	-1	-1	0
4341	4287	4340	2	-1	-1	-1	0
4339	4342	4288	2	-1	-1	-1	0
4288	4343	4340	2	-1	-1	-1	0
4290	4337	4344	2	-1	0	-1	0
4305	4308	4359	2	-1	-1	-1	0
4360	4306	4307	2	-1	-1	-1	0
4288	4342	4343	2	-1	-1	-1	0
4322	4331	4321	2	-1	-1	-1	0
4308	4306	4361	2	-1	-1	-1	0
4345	4291	4344	2	-1	-1	0	0
4291	4345	4346	2	-1	0	-1	0
4294	4350	4339	2	-1	-1	-1	0
4312	4309	4362	2	-1	-1	-1	0
4360	4307	4316	2	-1	-1	-1	0
4363	4310	4311	2	-1	-1	-1	0
4292	4346	4347	2	-1	0	-1	0
4338	4297	4351	2	-1	-1	-1	0
4348	4292	4347	2	-1	-1	-1	0
4313	4310	4364	2	-1	-1	-1	0
4311	4312	4365	2	-1	-1	-1	0
4333	4329	4328	2	-1	-1	-1	0
4349	4293	4348	2	-1	-1	-1	0
4297	4341	4352	2	-1	-1	-1	0
4314	4313	4366	2	-1	-1	-1	0
4350	4294	4349	2	-1	-1	-1	0
4314	4367	4315	2	-1	0	-1	0
4297	4353	4351	2	-1	-1	-1	0
4297	4352	4353	2	-1	-1	-1	0
4368	4316	4318	2	-1	-1	-1	0
4318	4317	4369	2	-1	-1	-1	0
4317	4320	4369	2	-1	-1	-1	0
4299	4355	4354	2	-1	-1	-1	0
4320	4319	4372	2	-1	-1	-1	0
4355	4302	4356	2	-1	-1	-1	0
4356	4301	4357	2	-1	-1	-1	0
4323	4373	4322	2	-1	-1	-1	0
4304	4358	4357	2	-1	-1	-1	0
4319	4332	4371	2	-1	-1	-1	0
4359	4358	4305	2	-1	-1	-1	0
4324	4376	4323	2	-1	-1	-1	0
4354	4362	4309	2	-1	-1	-1	0
4322	4374	4331	2	-1	-1	-1	0
4361	4306	4360	2	-1	-1	-1	0
4308	4361	4359	2	-1	-1	-1	0
4324	4327	4377	2	-1	-1	-1	0
4325	4378	4326	2	-1	-1	-1	0
4342	4339	4350	2	-1	-1	-1	0
4326	4379	4327	2	-1	-1	-1	0
4325	4330	4378	2	-1	-1	-1	0
4310	4363	4364	2	-1	-1	-1	0
4362	4365	4312	2	-1	-1	-1	0
4330	4329	4380	2	-1	-1	-1	0
4365	4363	4311	2	-1	-1	-1	0
4380	4329	4333	2	-1	-1	-1	0
4364	4366	4313	2	-1	-1	-1	0
4368	4360	4316	2	-1	-1	-1	0
4331	4384	4332	2	-1	-1	-1	0
4366	4367	4314	2	-1	-1	-1	0
4334	4387	4333	2	-1	-1	-1	0
4370	4368	4318	2	-1	-1	-1	0
4369	4370	4318	2	-1	-1	-1	0
4336	4388	4334	2	-1	-1	-1	0
4320	4372	4369	2	-1	-1	-1	0
4319	4371	4372	2	-1	-1	-1	0
4336	4338	4389	2	-1	-1	-1	0
4374	4322	4373	2	-1	-1	-1	0
4323	4375	4373	2	-1	-1	-1	0
4391	4341	4340	2	-1	-1	-1	0
4375	4323	4376	2	-1	-1	-1	0
4340	4343	4391	2	-1	-1	-1	0
4392	4343	4342	2	-1	-1	-1	0
4324	4377	4376	2	-1	-1	-1	0
4351	4390	4338	2	-1	-1	-1	0
4379	4326	4378	2	-1	-1	-1	0
4377	4327	4379	2	-1	-1	-1	0
4391	4352	4341	2	-1	-1	-1	0
4350	4392	4342	2	-1	-1	-1	0
4371	4332	4386	2	-1	-1	-1	0
4330	4381	4378	2	-1	-1	-1	0
4374	4384	4331	2	-1	-1	-1	0
4394	4348	4347	2	-1	-1	0	0
4395	4349	4348	2	-1	-1	-1	0
4380	4382	4330	2	-1	-1	-1	0
4330	4383	4381	2	-1	-1	-1	0
4349	4396	4350	2	-1	-1	-1	0
4383	4330	4382	2	-1	-1	-1	0
4387	4380	4333	2	-1	-1	-1	0
4397	4351	4353	2	-1	-1	-1	0
4385	4332	4384	2	-1	-1	-1	0
4353	4352	4398	2	-1	-1	-1	0
4386	4332	4385	2	-1	-1	-1	0
4354	4355	4400	2	-1	-1	-1	0
4387	4334	4388	2	-1	-1	-1	0
4355	4356	4401	2	-1	-1	-1	0
4388	4336	4389	2	-1	-1	-1	0
4399	4362	4354	2	-1	-1	-1	0
4402	4356	4357	2	-1	-1	-1	0
4389	4338	4390	2	-1	-1	-1	0
4358	4403	4357	2	-1	-1	-1	0
4404	4358	4359	2	-1	-1	-1	0
4359	4361	4406	2	-1	-1	-1	0
4391	4343	4393	2	-1	-1	-1	0
4343	4392	4393	2	-1	-1	-1	0
4361	4360	4407	2	-1	-1	-1	0
4408	4365	4362	2	-1	-1	-1	0
4407	4360	4368	2	-1	-1	-1	0
4364	4363	4409	2	-1	-1	-1	0
4394	4395	4348	2	-1	-1	-1	0
4365	4409	4363	2	-1	-1	-1	0
4381	4379	4378	2	-1	-1	-1	0
4390	4351	4397	2	-1	-1	-1	0
4392	4350	4396	2	-1	-1	-1	0
4395	4396	4349	2	-1	-1	-1	0
4364	4410	4366	2	-1	-1	-1	0
4398	4352	4391	2	-1	-1	-1	0
4366	4412	4367	2	-1	0	-1	0
4353	4398	4397	2	-1	-1	-1	0
4414	4368	4370	2	-1	-1	-1	0
4399	4354	4400	2	-1	-1	-1	0
4369	4415	4370	2	-1	-1	-1	0
4369	4372	4415	2	-1	-1	-1	0
4400	4355	4401	2	-1	-1	-1	0
4371	4416	4372	2	-1	-1	-1	0
4401	4356	4402	2	-1	-1	-1	0
4357	4403	4402	2	-1	-1	-1	0
4374	4373	4417	2	-1	-1	-1	0
4375	4417	4373	2	-1	-1	-1	0
4403	4358	4405	2	-1	-1	-1	0
4404	4405	4358	2	-1	-1	-1	0
4362	4399	4408	2	-1	-1	-1	0
4359	4406	4404	2	-1	-1	-1	0
4420	4375	4376	2	-1	-1	-1	0
4416	4371	4386	2	-1	-1	-1	0
4361	4407	4406	2	-1	-1	-1	0
4422	4376	4377	2	-1	-1	-1	0
4374	4418	4384	2	-1	-1	-1	0
4379	4423	4377	2	-1	-1	-1	0
4364	4409	4410	2	-1	-1	-1	0
4408	4411	4365	2	-1	-1	-1	0
4379	4381	4424	2	-1	-1	-1	0
4411	4409	4365	2	-1	-1	-1	0
4425	4382	4380	2	-1	-1	-1	0
4418	4385	4384	2	-1	-1	-1	0
4383	4424	4381	2	-1	-1	-1	0
4368	4413	4407	2	-1	-1	-1	0
4412	4366	4410	2	-1	-1	-1	0
4383	4382	4426	2	-1	-1	-1	0
4380	4387	4425	2	-1	-1	-1	0
4414	4413	4368	2	-1	-1	-1	0
4370	4415	4414	2	-1	-1	-1	0
4429	4386	4385	2	-1	-1	-1	0
4415	4372	4416	2	-1	-1	-1	0
4431	4387	4388	2	-1	-1	-1	0
4432	4388	4389	2	-1	-1	-1	0
4374	4417	4419	2	-1	-1	-1	0
4432	4389	4390	2	-1	-1	-1	0
4418	4374	4419	2	-1	-1	-1	0
4375	4420	4417	2	-1	-1	-1	0
4420	4376	4421	2	-1	-1	-1	0
4393	4434	4391	2	-1	-1	-1	0
4376	4422	4421	2	-1	-1	-1	0
4397	4433	4390	2	-1	-1	-1	0
4434	4393	4392	2	-1	-1	-1	0
4423	4422	4377	2	-1	-1	-1	0
4392	4396	4436	2	-1	-1	-1	0
4398	4391	4435	2	-1	-1	-1	0
4394	4437	4395	2	0	-1	-1	0
4424	4423	4379	2	-1	-1	-1	0
4437	4396	4395	2	-1	-1	-1	0
4418	4429	4385	2	-1	-1	-1	0
4416	4386	4430	2	-1	-1	-1	0
4425	4426	4382	2	-1	-1	-1	0
4424	4383	4428	2	-1	-1	-1	0
4397	4398	4440	2	-1	-1	-1	0
4383	4426	4427	2	-1	-1	-1	0
4383	4427	4428	2	-1	-1	-1	0
4441	4399	4400	2	-1	-1	-1	0
4425	4387	4431	2	-1	-1	-1	0
4400	4401	4442	2	-1	-1	-1	0
4430	4386	4429	2	-1	-1	-1	0
4401	4402	4444	2	-1	-1	-1	0
4408	4399	4441	2	-1	-1	-1	0
4403	4444	4402	2	-1	-1	-1	0
4431	4388	4432	2	-1	-1	-1	0
4445	4403	4405	2	-1	-1	-1	0
4390	4433	4432	2	-1	-1	-1	0
4419	4417	4420	2	-1	-1	-1	0
4405	4404	4447	2	-1	-1	-1	0
4404	4406	4447	2	-1	-1	-1	0
4391	4434	4435	2	-1	-1	-1	0
4449	4406	4407	2	-1	-1	-1	0
4434	4392	4436	2	-1	-1	-1	0
4433	4397	4439	2	-1	-1	-1	0
4411	4408	4451	2	-1	-1	-1	0
4450	4407	4413	2	-1	-1	-1	0
4438	4436	4396	2	-1	-1	-1	0
4410	4409	4452	2	-1	-1	-1	0
4438	4396	4437	2	-1	-1	0	0
4411	4452	4409	2	-1	-1	-1	0
4398	4435	4440	2	-1	-1	-1	0
4452	4412	4410	2	-1	-1	-1	0
4423	4424	4428	2	-1	-1	-1	0
4439	4397	4440	2	-1	-1	-1	0
4414	4455	4413	2	-1	-1	-1	0
4441	4400	4442	2	-1	-1	-1	0
4415	4456	4414	2	-1	-1	-1	0
4401	4443	4442	2	-1	-1	-1	0
4444	4443	4401	2	-1	-1	-1	0
4416	4457	4415	2	-1	-1	-1	0
4444	4403	4446	2	-1	-1	-1	0
4446	4403	4445	2	-1	-1	-1	0
4418	4419	4458	2	-1	-1	-1	0
4405	4448	4445	2	-1	-1	-1	0
4419	4420	4459	2	-1	-1	-1	0
4441	4451	4408	2	-1	-1	-1	0
4405	4447	4448	2	-1	-1	-1	0
4420	4421	4460	2	-1	-1	-1	0
4406	4449	4447	2	-1	-1	-1	0
4430	4457	4416	2	-1	-1	-1	0
4429	4418	4458	2	-1	-1	-1	0
4449	4407	4450	2	-1	-1	-1	0
4463	4421	4422	2	-1	-1	-1	0
4423	4464	4422	2	-1	-1	-1	0
4451	4453	4411	2	-1	-1	-1	0
4428	4464	4423	2	-1	-1	-1	0
4425	4465	4426	2	-1	-1	-1	0
4411	4453	4452	2	-1	-1	-1	0
4427	4426	4465	2	-1	-1	-1	0
4452	4454	4412	2	-1	0	-1	0
4455	4450	4413	2	-1	-1	-1	0
4425	4431	4466	2	-1	-1	-1	0
4427	4468	4428	2	-1	-1	-1	0
4414	4456	4455	2	-1	-1	-1	0
4456	4415	4457	2	-1	-1	-1	0
4431	4432	4466	2	-1	-1	-1	0
4430	4429	4471	2	-1	-1	-1	0
4419	4459	4458	2	-1	-1	-1	0
4433	4473	4432	2	-1	-1	-1	0
4461	4459	4420	2	-1	-1	-1	0
4420	4460	4461	2	-1	-1	-1	0
4421	4462	4460	2	-1	-1	-1	0
4435	4434	4475	2	-1	-1	-1	0
4434	4436	4475	2	-1	-1	-1	0
4433	4439	4474	2	-1	-1	-1	0
4463	4462	4421	2	-1	-1	-1	0
4422	4464	4463	2	-1	-1	-1	0
4440	4435	4477	2	-1	-1	-1	0
4436	4438	4478	2	-1	-1	-1	0
4465	4425	4466	2	-1	-1	-1	0
4470	4429	4458	2	-1	-1	-1	0
4452	4453	4454	2	-1	-1	-1	0
4472	4457	4430	2	-1	-1	-1	0
4439	4440	4480	2	-1	-1	-1	0
4427	4465	4467	2	-1	-1	-1	0
4428	4469	4464	2	-1	-1	-1	0
4468	4427	4467	2	-1	-1	-1	0
4428	4468	4469	2	-1	-1	-1	0
4442	4483	4441	2	-1	-1	-1	0
4470	4471	4429	2	-1	-1	-1	0
4485	4442	4443	2	-1	-1	-1	0
4432	4473	4466	2	-1	-1	-1	0
4486	4443	4444	2	-1	-1	-1	0
4430	4471	4472	2	-1	-1	-1	0
4486	4444	4446	2	-1	-1	-1	0
4451	4441	4484	2	-1	-1	-1	0
4445	4487	4446	2	-1	-1	-1	0
4433	4474	4473	2	-1	-1	-1	0
4448	4487	4445	2	-1	-1	-1	0
4447	4489	4448	2	-1	-1	-1	0
4472	4456	4457	2	-1	-1	-1	0
4447	4449	4490	2	-1	-1	-1	0
4435	4475	4476	2	-1	-1	-1	0
4476	4477	4435	2	-1	-1	-1	0
4451	4484	4453	2	-1	-1	-1	0
4490	4449	4450	2	-1	-1	-1	0
4478	4475	4436	2	-1	-1	-1	0
4474	4439	4481	2	-1	-1	-1	0
4438	4479	4478	2	0	-1	-1	0
4493	4450	4455	2	-1	-1	-1	0
4477	4482	4440	2	-1	-1	-1	0
4439	4480	4481	2	-1	-1	-1	0
4454	4453	4494	2	-1	-1	0	0
4440	4482	4480	2	-1	-1	-1	0
4495	4455	4456	2	-1	-1	-1	0
4441	4483	4484	2	-1	-1	-1	0
4483	4442	4485	2	-1	-1	-1	0
4458	4459	4497	2	-1	-1	-1	0
4443	4486	4485	2	-1	-1	-1	0
4459	4461	4497	2	-1	-1	-1	0
4461	4460	4499	2	-1	-1	-1	0
4462	4498	4460	2	-1	-1	-1	0
4446	4488	4486	2	-1	-1	-1	0
4487	4488	4446	2	-1	-1	-1	0
4472	4496	4456	2	-1	-1	-1	0
4497	4470	4458	2	-1	-1	-1	0
4447	4490	4489	2	-1	-1	-1	0
4487	4448	4491	2	-1	-1	-1	0
4463	4501	4462	2	-1	-1	-1	0
4489	4492	4448	2	-1	-1	-1	0
4464	4503	4463	2	-1	-1	-1	0
4453	4484	4494	2	-1	-1	-1	0
4492	4491	4448	2	-1	-1	-1	0
4493	4490	4450	2	-1	-1	-1	0
4466	4504	4465	2	-1	-1	-1	0
4504	4467	4465	2	-1	-1	-1	0
4503	4464	4469	2	-1	-1	-1	0
4468	4467	4505	2	-1	-1	-1	0
4455	4495	4493	2	-1	-1	-1	0
4473	4504	4466	2	-1	-1	-1	0
4507	4469	4468	2	-1	-1	-1	0
4495	4456	4496	2	-1	-1	-1	0
4470	4509	4471	2	-1	-1	-1	0
4510	4472	4471	2	-1	-1	-1	0
4460	4498	4499	2	-1	-1	-1	0
4500	4497	4461	2	-1	-1	-1	0
4474	4512	4473	2	-1	-1	-1	0
4500	4461	4499	2	-1	-1	-1	0
4501	4498	4462	2	-1	-1	-1	0
4476	4475	4513	2	-1	-1	-1	0
4463	4502	4501	2	-1	-1	-1	0
4478	4513	4475	2	-1	-1	-1	0
4481	4512	4474	2	-1	-1	-1	0
4503	4502	4463	2	-1	-1	-1	0
4477	4476	4515	2	-1	-1	-1	0
4479	4513	4478	2	-1	-1	-1	0
4516	4482	4477	2	-1	-1	-1	0
4497	4509	4470	2	-1	-1	-1	0
4504	4506	4467	2	-1	-1	-1	0
4505	4467	4506	2	-1	-1	-1	0
4480	4518	4481	2	-1	-1	-1	0
4511	4496	4472	2	-1	-1	-1	0
4469	4507	4503	2	-1	-1	-1	0
4468	4505	4508	2	-1	-1	-1	0
4518	4480	4482	2	-1	-1	-1	0
4508	4507	4468	2	-1	-1	-1	0
4506	4504	4473	2	-1	-1	-1	0
4523	4484	4483	2	-1	-1	-1	0
4509	4510	4471	2	-1	-1	-1	0
4485	4522	4483	2	-1	-1	-1	0
4506	4473	4512	2	-1	-1	-1	0
4510	4511	4472	2	-1	-1	-1	0
4486	4525	4485	2	-1	-1	-1	0
4525	4486	4488	2	-1	-1	-1	0
4484	4524	4494	2	-1	0	-1	0
4487	4527	4488	2	-1	-1	-1	0
4476	4513	4514	2	-1	-1	-1	0
4491	4526	4487	2	-1	-1	-1	0
4514	4515	4476	2	-1	-1	-1	0
4477	4515	4516	2	-1	-1	-1	0
4513	4479	4517	2	-1	0	-1	0
4530	4489	4490	2	-1	-1	-1	0
4489	4529	4492	2	-1	-1	-1	0
4481	4519	4512	2	-1	-1	-1	0
4493	4530	4490	2	-1	-1	-1	0
4491	4492	4531	2	-1	-1	-1	0
4518	4519	4481	2	-1	-1	-1	0
4482	4516	4521	2	-1	-1	-1	0
4518	4482	4520	2	-1	-1	-1	0
4533	4493	4495	2	-1	-1	-1	0
4521	4520	4482	2	-1	-1	-1	0
4496	4535	4495	2	-1	-1	-1	0
4523	4483	4522	2	-1	-1	-1	0
4524	4484	4523	2	-1	-1	-1	0
4485	4525	4522	2	-1	-1	-1	0
4497	4500	4537	2	-1	-1	-1	0
4538	4499	4498	2	-1	-1	-1	0
4501	4538	4498	2	-1	-1	-1	0
4540	4500	4499	2	-1	-1	-1	0
4527	4487	4526	2	-1	-1	-1	0
4525	4488	4528	2	-1	-1	-1	0
4536	4509	4497	2	-1	-1	-1	0
4511	4535	4496	2	-1	-1	-1	0
4527	4528	4488	2	-1	-1	-1	0
4513	4517	4514	2	-1	-1	-1	0
4542	4501	4502	2	-1	-1	-1	0
4530	4529	4489	2	-1	-1	-1	0
4503	4542	4502	2	-1	-1	-1	0
4526	4491	4531	2	-1	-1	-1	0
4529	4532	4492	2	-1	-1	-1	0
4543	4503	4507	2	-1	-1	-1	0
4531	4492	4532	2	-1	-1	-1	0
4505	4506	4545	2	-1	-1	-1	0
4508	4505	4544	2	-1	-1	-1	0
4493	4534	4530	2	-1	-1	-1	0
4507	4508	4543	2	-1	-1	-1	0
4533	4534	4493	2	-1	-1	-1	0
4533	4495	4535	2	-1	-1	-1	0
4506	4512	4546	2	-1	-1	-1	0
4548	4510	4509	2	-1	-1	-1	0
4497	4537	4536	2	-1	-1	-1	0
4510	4549	4511	2	-1	-1	-1	0
4538	4539	4499	2	-1	-1	-1	0
4546	4512	4519	2	-1	-1	-1	0
4540	4537	4500	2	-1	-1	-1	0
4540	4499	4539	2	-1	-1	-1	0
4538	4501	4541	2	-1	-1	-1	0
4552	4515	4514	2	-1	-1	-1	0
4552	4514	4517	2	-1	-1	-1	0
4553	4516	4515	2	-1	-1	-1	0
4542	4541	4501	2	-1	-1	-1	0
4503	4543	4542	2	-1	-1	-1	0
4521	4516	4553	2	-1	-1	-1	0
4555	4519	4518	2	-1	-1	-1	0
4548	4509	4536	2	-1	-1	-1	0
4555	4518	4520	2	-1	-1	-1	0
4544	4505	4545	2	-1	-1	-1	0
4551	4535	4511	2	-1	-1	-1	0
4545	4506	4546	2	-1	-1	-1	0
4521	4557	4520	2	-1	-1	-1	0
4508	4547	4543	2	-1	-1	-1	0
4508	4544	4547	2	-1	-1	-1	0
4523	4522	4560	2	-1	-1	-1	0
4560	4522	4525	2	-1	-1	-1	0
4523	4561	4524	2	-1	0	-1	0
4548	4550	4510	2	-1	-1	-1	0
4510	4550	4549	2	-1	-1	-1	0
4511	4549	4551	2	-1	-1	-1	0
4528	4560	4525	2	-1	-1	-1	0
4526	4562	4527	2	-1	-1	-1	0
4528	4527	4564	2	-1	-1	-1	0
4531	4563	4526	2	-1	-1	-1	0
4515	4552	4553	2	-1	-1	-1	0
4519	4556	4546	2	-1	-1	-1	0
4552	4517	4554	2	-1	0	-1	0
4530	4566	4529	2	-1	-1	-1	0
4566	4532	4529	2	-1	-1	-1	0
4530	4534	4566	2	-1	-1	-1	0
4556	4519	4555	2	-1	-1	-1	0
4532	4568	4531	2	-1	-1	-1	0
4555	4520	4557	2	-1	-1	-1	0
4559	4521	4553	2	-1	-1	-1	0
4558	4557	4521	2	-1	-1	-1	0
4569	4534	4533	2	-1	-1	-1	0
4533	4535	4569	2	-1	-1	-1	0
4521	4559	4558	2	-1	-1	-1	0
4561	4523	4560	2	-1	-1	-1	0
4536	4537	4574	2	-1	-1	-1	0
4556	4545	4546	2	-1	-1	-1	0
4562	4526	4563	2	-1	-1	-1	0
4537	4540	4575	2	-1	-1	-1	0
4562	4564	4527	2	-1	-1	-1	0
4565	4560	4528	2	-1	-1	-1	0
4539	4538	4577	2	-1	-1	-1	0
4538	4541	4576	2	-1	-1	-1	0
4564	4565	4528	2	0	-1	-1	0
4536	4573	4548	2	-1	-1	-1	0
4540	4539	4579	2	-1	-1	-1	0
4572	4535	4551	2	-1	-1	-1	0
4542	4580	4541	2	-1	-1	-1	0
4531	4567	4563	2	-1	-1	-1	0
4568	4567	4531	2	-1	-1	-1	0
4532	4566	4568	2	-1	-1	-1	0
4581	4542	4543	2	-1	-1	-1	0
4570	4566	4534	2	-1	-1	-1	0
4547	4581	4543	2	-1	-1	-1	0
4545	4584	4544	2	-1	-1	-1	0
4534	4569	4570	2	-1	-1	-1	0
4583	4547	4544	2	-1	-1	-1	0
4535	4571	4569	2	-1	-1	-1	0
4535	4572	4571	2	-1	-1	-1	0
4574	4573	4536	2	-1	-1	-1	0
4545	4556	4585	2	-1	-1	-1	0
4565	4561	4560	2	0	-1	-1	0
4574	4537	4575	2	-1	-1	-1	0
4550	4548	4589	2	-1	-1	-1	0
4550	4590	4549	2	-1	-1	-1	0
4551	4549	4590	2	-1	-1	-1	0
4538	4576	4577	2	-1	-1	-1	0
4540	4579	4575	2	-1	-1	-1	0
4539	4577	4578	2	-1	-1	-1	0
4539	4578	4579	2	-1	-1	-1	0
4555	4585	4556	2	-1	-1	-1	0
4576	4541	4580	2	-1	-1	-1	0
4592	4552	4554	2	-1	-1	0	0
4593	4553	4552	2	-1	-1	-1	0
4582	4580	4542	2	-1	-1	-1	0
4568	4566	4570	2	-1	-1	-1	0
4553	4593	4559	2	-1	-1	-1	0
4542	4581	4582	2	-1	-1	-1	0
4557	4594	4555	2	-1	-1	-1	0
4595	4557	4558	2	-1	-1	-1	0
4589	4548	4573	2	-1	-1	-1	0
4584	4583	4544	2	-1	-1	-1	0
4572	4551	4590	2	-1	-1	-1	0
4559	4596	4558	2	-1	-1	-1	0
4585	4584	4545	2	-1	-1	-1	0
4581	4547	4588	2	-1	-1	-1	0
4583	4586	4547	2	-1	-1	-1	0
4586	4587	4547	2	-1	-1	-1	0
4562	4563	4597	2	-1	-1	-1	0
4587	4588	4547	2	-1	-1	-1	0
4564	4562	4597	2	-1	-1	0	0
4563	4567	4598	2	-1	-1	-1	0
4591	4550	4589	2	-1	-1	-1	0
4550	4591	4590	2	-1	-1	-1	0
4585	4555	4594	2	-1	-1	-1	0
4567	4568	4600	2	-1	-1	-1	0
4592	4593	4552	2	-1	-1	-1	0
4601	4568	4570	2	-1	-1	-1	0
4602	4570	4569	2	-1	-1	-1	0
4602	4569	4571	2	-1	-1	-1	0
4557	4595	4594	2	-1	-1	-1	0
4603	4571	4572	2	-1	-1	-1	0
4593	4596	4559	2	-1	-1	-1	0
4596	4595	4558	2	-1	-1	-1	0
4582	4581	4588	2	-1	-1	-1	0
4605	4573	4574	2	-1	-1	-1	0
4606	4574	4575	2	-1	-1	-1	0
4598	4597	4563	2	0	-1	-1	0
4606	4575	4579	2	-1	-1	-1	0
4609	4577	4576	2	-1	-1	-1	0
4599	4598	4567	2	0	-1	-1	0
4610	4578	4577	2	-1	-1	-1	0
4609	4576	4580	2	-1	-1	-1	0
4600	4599	4567	2	-1	-1	-1	0
4590	4604	4572	2	-1	-1	-1	0
4589	4573	4605	2	-1	-1	-1	0
4578	4611	4579	2	-1	-1	-1	0
4601	4600	4568	2	-1	-1	-1	0
4609	4580	4582	2	-1	-1	-1	0
4602	4601	4570	2	-1	-1	-1	0
4571	4603	4602	2	-1	-1	-1	0
4603	4572	4604	2	-1	-1	-1	0
4583	4584	4614	2	-1	-1	-1	0
4613	4582	4588	2	-1	-1	-1	0
4614	4586	4583	2	-1	-1	-1	0
4585	4615	4584	2	-1	-1	-1	0
4590	4591	4604	2	-1	-1	-1	0
4605	4574	4607	2	-1	-1	-1	0
4606	4608	4574	2	-1	-1	-1	0
4608	4607	4574	2	-1	-1	-1	0
4587	4586	4618	2	-1	-1	-1	0
4608	4606	4579	2	-1	-1	-1	0
4594	4615	4585	2	-1	-1	-1	0
4587	4620	4588	2	-1	-1	-1	0
4609	4610	4577	2	-1	-1	-1	0
4608	4579	4611	2	-1	-1	-1	0
4578	4610	4612	2	-1	-1	-1	0
4611	4578	4612	2	-1	-1	-1	0
4622	4591	4589	2	-1	-1	-1	0
4609	4582	4613	2	-1	-1	-1	0
4593	4592	4624	2	-1	0	-1	0
4596	4593	4624	2	-1	-1	-1	0
4625	4594	4595	2	-1	-1	-1	0
4617	4614	4584	2	-1	-1	-1	0
4584	4615	4616	2	-1	-1	-1	0
4621	4589	4605	2	-1	-1	-1	0
4616	4617	4584	2	-1	-1	-1	0
4618	4586	4614	2	-1	-1	-1	0
4591	4623	4604	2	-1	-1	-1	0
4595	4596	4628	2	-1	-1	-1	0
4613	4588	4620	2	-1	-1	-1	0
4618	4619	4587	2	-1	-1	-1	0
4620	4587	4619	2	-1	-1	-1	0
4631	4599	4600	2	0	-1	-1	0
4589	4621	4622	2	-1	-1	-1	0
4632	4600	4601	2	-1	-1	-1	0
4615	4594	4626	2	-1	-1	-1	0
4602	4632	4601	2	-1	-1	-1	0
4622	4623	4591	2	-1	-1	-1	0
4633	4602	4603	2	-1	-1	-1	0
4603	4604	4634	2	-1	-1	-1	0
4626	4594	4625	2	-1	-1	-1	0
4627	4625	4595	2	-1	-1	-1	0
4635	4605	4607	2	-1	-1	-1	0
4618	4614	4617	2	-1	-1	-1	0
4596	4624	4629	2	-1	0	-1	0
4628	4627	4595	2	-1	-1	-1	0
4607	4608	4637	2	-1	-1	-1	0
4596	4630	4628	2	-1	-1	-1	0
4629	4630	4596	2	-1	-1	-1	0
4611	4638	4608	2	-1	-1	-1	0
4615	4626	4616	2	-1	-1	-1	0
4639	4610	4609	2	-1	-1	-1	0
4635	4621	4605	2	-1	-1	-1	0
4611	4612	4638	2	-1	-1	-1	0
4623	4634	4604	2	-1	-1	-1	0
4613	4639	4609	2	-1	-1	-1	0
4610	4640	4612	2	-1	-1	-1	0
4631	4600	4632	2	-1	-1	-1	0
4602	4633	4632	2	-1	-1	-1	0
4634	4633	4603	2	-1	-1	-1	0
4620	4643	4613	2	-1	-1	-1	0
4616	4644	4617	2	-1	-1	-1	0
4635	4607	4636	2	-1	-1	-1	0
4637	4636	4607	2	-1	-1	-1	0
4646	4618	4617	2	-1	-1	-1	0
4638	4637	4608	2	-1	-1	-1	0
4619	4618	4646	2	-1	-1	-1	0
4626	4644	4616	2	-1	-1	-1	0
4619	4647	4620	2	-1	-1	-1	0
4640	4610	4639	2	-1	-1	-1	0
4642	4638	4612	2	-1	-1	-1	0
4621	4650	4622	2	-1	-1	-1	0
4640	4641	4612	2	-1	-1	-1	0
4612	4641	4642	2	-1	-1	-1	0
4639	4613	4643	2	-1	-1	-1	0
4651	4623	4622	2	-1	-1	-1	0
4626	4625	4652	2	-1	-1	-1	0
4627	4652	4625	2	-1	-1	-1	0
4644	4645	4617	2	-1	-1	-1	0
4621	4635	4650	2	-1	-1	-1	0
4617	4645	4646	2	-1	-1	-1	0
4634	4623	4651	2	-1	-1	-1	0
4653	4627	4628	2	-1	-1	-1	0
4628	4630	4654	2	-1	-1	-1	0
4620	4649	4643	2	-1	-1	-1	0
4619	4646	4648	2	-1	-1	-1	0
4648	4647	4619	2	-1	-1	-1	0
4629	4655	4630	2	0	-1	-1	0
4649	4620	4647	2	-1	-1	-1	0
4656	4631	4632	2	0	-1	-1	0
4626	4652	4644	2	-1	-1	-1	0
4651	4622	4650	2	-1	-1	-1	0
4658	4632	4633	2	-1	-1	-1	0
4633	4634	4658	2	-1	-1	-1	0
4660	4635	4636	2	-1	-1	-1	0
4627	4653	4652	2	-1	-1	-1	0
4628	4654	4653	2	-1	-1	-1	0
4636	4637	4663	2	-1	-1	-1	0
4638	4664	4637	2	-1	-1	-1	0
4654	4630	4655	2	-1	-1	-1	0
4638	4642	4664	2	-1	-1	-1	0
4659	4634	4651	2	-1	-1	-1	0
4639	4665	4640	2	-1	-1	-1	0
4632	4657	4656	2	-1	0	-1	0
4661	4650	4635	2	-1	-1	-1	0
4632	4658	4657	2	-1	-1	-1	0
4666	4639	4643	2	-1	-1	-1	0
4668	4641	4640	2	-1	-1	-1	0
4634	4659	4658	2	-1	-1	-1	0
4669	4642	4641	2	-1	-1	-1	0
4660	4661	4635	2	-1	-1	-1	0
4666	4643	4649	2	-1	-1	-1	0
4662	4660	4636	2	-1	-1	-1	0
4645	4644	4671	2	-1	-1	-1	0
4663	4662	4636	2	-1	-1	-1	0
4645	4672	4646	2	-1	-1	-1	0
4637	4664	4663	2	-1	-1	-1	0
4670	4644	4652	2	-1	-1	-1	0
4648	4646	4672	2	-1	-1	-1	0
4673	4647	4648	2	-1	-1	-1	0
4649	4647	4673	2	-1	-1	-1	0
4666	4665	4639	2	-1	-1	-1	0
4667	4640	4665	2	-1	-1	-1	0
4667	4668	4640	2	-1	-1	-1	0
4642	4669	4664	2	-1	-1	-1	0
4668	4669	4641	2	-1	-1	-1	0
4651	4650	4677	2	-1	-1	-1	0
4678	4652	4653	2	-1	-1	-1	0
4653	4654	4678	2	-1	-1	-1	0
4671	4644	4670	2	-1	-1	-1	0
4677	4659	4651	2	-1	-1	-1	0
4676	4650	4661	2	-1	-1	-1	0
4671	4672	4645	2	-1	-1	-1	0
4679	4654	4655	2	-1	-1	0	0
4649	4675	4666	2	-1	-1	-1	0
4648	4672	4674	2	-1	-1	-1	0
4674	4673	4648	2	-1	-1	-1	0
4657	4658	4680	2	-1	-1	0	0
4649	4673	4675	2	-1	-1	-1	0
4658	4659	4680	2	-1	-1	-1	0
4678	4670	4652	2	-1	-1	-1	0
4650	4676	4677	2	-1	-1	-1	0
4682	4661	4660	2	-1	-1	-1	0
4683	4660	4662	2	-1	-1	-1	0
4662	4663	4686	2	-1	-1	-1	0
4679	4678	4654	2	-1	-1	-1	0
4663	4664	4686	2	-1	-1	-1	0
4681	4659	4677	2	-1	-1	-1	0
4688	4665	4666	2	-1	-1	-1	0
4659	4681	4680	2	-1	0	-1	0
4687	4664	4669	2	-1	-1	-1	0
4689	4667	4665	2	-1	-1	-1	0
4661	4685	4676	2	-1	-1	-1	0
4690	4668	4667	2	-1	-1	-1	0
4682	4660	4683	2	-1	-1	-1	0
4661	4682	4684	2	-1	-1	-1	0
4675	4688	4666	2	-1	-1	-1	0
4669	4668	4692	2	-1	-1	-1	0
4684	4685	4661	2	0	-1	-1	0
4662	4686	4683	2	-1	-1	-1	0
4670	4694	4671	2	-1	-1	-1	0
4687	4686	4664	2	-1	-1	-1	0
4676	4685	4677	2	-1	-1	-1	0
4695	4672	4671	2	-1	-1	-1	0
4674	4672	4695	2	-1	-1	-1	0
4670	4678	4693	2	-1	-1	-1	0
4665	4688	4689	2	-1	-1	-1	0
4685	4681	4677	2	0	-1	-1	0
4674	4696	4673	2	-1	-1	-1	0
4675	4673	4696	2	-1	-1	-1	0
4691	4667	4689	2	-1	-1	-1	0
4669	4692	4687	2	-1	-1	-1	0
4667	4691	4690	2	-1	-1	-1	0
4690	4692	4668	2	-1	-1	-1	0
4670	4693	4694	2	-1	-1	-1	0
4679	4700	4678	2	-1	-1	-1	0
4695	4671	4694	2	-1	-1	-1	0
4688	4675	4698	2	-1	-1	-1	0
4697	4674	4695	2	-1	-1	-1	0
4682	4683	4702	2	-1	-1	-1	0
4697	4696	4674	2	-1	-1	-1	0
4702	4684	4682	2	0	-1	-1	0
4699	4675	4696	2	-1	-1	-1	0
4700	4693	4678	2	-1	-1	-1	0
4675	4699	4698	2	-1	-1	-1	0
4686	4705	4683	2	-1	-1	-1	0
4686	4687	4705	2	-1	-1	-1	0
4701	4700	4679	2	-1	-1	0	0
4689	4688	4707	2	-1	-1	-1	0
4706	4687	4692	2	-1	-1	-1	0
4683	4703	4702	2	-1	0	-1	0
4708	4691	4689	2	-1	-1	-1	0
4703	4683	4704	2	-1	-1	-1	0
4690	4709	4692	2	-1	-1	-1	0
4690	4691	4710	2	-1	-1	-1	0
4705	4704	4683	2	-1	-1	-1	0
4707	4688	4698	2	-1	-1	-1	0
4705	4687	4706	2	-1	-1	-1	0
4693	4713	4694	2	-1	-1	-1	0
4714	4695	4694	2	-1	-1	-1	0
4699	4707	4698	2	-1	-1	-1	0
4689	4707	4708	2	-1	-1	-1	0
4700	4713	4693	2	-1	-1	-1	0
4706	4692	4709	2	-1	-1	-1	0
4695	4715	4697	2	-1	-1	-1	0
4690	4710	4709	2	-1	-1	-1	0
4697	4716	4696	2	-1	-1	-1	0
4691	4708	4711	2	-1	-1	-1	0
4696	4716	4699	2	-1	-1	-1	0
4710	4691	4712	2	-1	-1	-1	0
4712	4691	4711	2	-1	-1	-1	0
4713	4700	4701	2	-1	-1	-1	0
4713	4714	4694	2	-1	-1	-1	0
4699	4718	4707	2	-1	-1	-1	0
4714	4715	4695	2	-1	-1	-1	0
4704	4720	4703	2	-1	0	-1	0
4697	4715	4717	2	-1	-1	-1	0
4721	4704	4705	2	-1	-1	-1	0
4716	4697	4717	2	-1	-1	-1	0
4706	4721	4705	2	-1	-1	-1	0
4718	4699	4716	2	-1	-1	-1	0
4719	4713	4701	2	-1	-1	0	0
4723	4706	4709	2	-1	-1	-1	0
4707	4724	4708	2	-1	-1	-1	0
4710	4723	4709	2	-1	-1	-1	0
4711	4708	4726	2	-1	-1	-1	0
4721	4720	4704	2	-1	-1	-1	0
4724	4707	4718	2	-1	-1	-1	0
4712	4727	4710	2	-1	-1	-1	0
4706	4722	4721	2	-1	-1	-1	0
4711	4728	4712	2	-1	-1	-1	0
4723	4722	4706	2	-1	-1	-1	0
4713	4730	4714	2	-1	-1	-1	0
4708	4724	4725	2	-1	-1	-1	0
4730	4715	4714	2	-1	-1	-1	0
4725	4726	4708	2	-1	-1	-1	0
4727	4723	4710	2	-1	-1	-1	0
4731	4713	4719	2	-1	-1	-1	0
4715	4732	4717	2	-1	-1	-1	0
4726	4728	4711	2	-1	-1	-1	0
4716	4734	4718	2	-1	-1	-1	0
4717	4735	4716	2	-1	-1	-1	0
4712	4729	4727	2	-1	-1	-1	0
4729	4712	4728	2	-1	-1	-1	0
4730	4713	4731	2	-1	-1	-1	0
4715	4730	4733	2	-1	-1	-1	0
4718	4737	4724	2	-1	-1	-1	0
4733	4732	4715	2	-1	-1	-1	0
4720	4721	4739	2	-1	-1	0	0
4722	4739	4721	2	-1	-1	-1	0
4716	4735	4734	2	-1	-1	-1	0
4717	4732	4736	2	-1	-1	-1	0
4740	4722	4723	2	-1	-1	-1	0
4737	4725	4724	2	-1	-1	-1	0
4736	4735	4717	2	-1	-1	-1	0
4731	4719	4738	2	-1	0	-1	0
4718	4734	4737	2	-1	-1	-1	0
4727	4740	4723	2	-1	-1	-1	0
4741	4726	4725	2	-1	-1	-1	0
4733	4730	4731	2	-1	-1	-1	0
4742	4728	4726	2	-1	-1	-1	0
4729	4744	4727	2	-1	-1	-1	0
4739	4722	4740	2	-1	-1	0	0
4733	4731	4738	2	-1	-1	-1	0
4729	4728	4746	2	-1	-1	-1	0
4737	4741	4725	2	-1	-1	-1	0
4734	4735	4737	2	-1	-1	-1	0
4741	4743	4726	2	-1	-1	-1	0
4740	4727	4744	2	-1	-1	0	0
4726	4743	4742	2	-1	-1	-1	0
4733	4747	4732	2	-1	-1	-1	0
4736	4732	4747	2	-1	-1	-1	0
4728	4742	4745	2	-1	-1	-1	0
4733	4738	4747	2	-1	-1	-1	0
4744	4729	4746	2	-1	-1	0	0
4745	4746	4728	2	0	-1	-1	0
4735	4736	4749	2	-1	-1	-1	0
4737	4735	4748	2	-1	-1	-1	0
4751	4741	4737	2	-1	-1	-1	0
4748	4735	4749	2	-1	-1	-1	0
4736	4747	4750	2	-1	-1	-1	0
4736	4750	4749	2	-1	-1	-1	0
4748	4751	4737	2	-1	-1	-1	0
4738	4752	4747	2	0	-1	-1	0
4741	4753	4743	2	-1	-1	-1	0
4743	4754	4742	2	-1	-1	-1	0
4742	4754	4745	2	-1	0	-1	0
4751	4753	4741	2	-1	-1	-1	0
4750	4747	4752	2	-1	-1	-1	0
4755	4754	4743	2	0	-1	-1	0
4753	4756	4743	2	-1	-1	-1	0
4757	4748	4749	2	-1	-1	-1	0
4756	4755	4743	2	-1	-1	-1	0
4751	4748	4757	2	-1	-1	-1	0
4758	4749	4750	2	-1	-1	-1	0
4759	4750	4752	2	-1	-1	0	0
4751	4760	4753	2	-1	-1	-1	0
4757	4749	4758	2	-1	-1	-1	0
4750	4759	4758	2	-1	-1	-1	0
4760	4751	4757	2	-1	-1	-1	0
4753	4761	4756	2	-1	-1	-1	0
4756	4762	4755	2	-1	0	-1	0
4753	4760	4761	2	-1	-1	-1	0
4765	4757	4758	2	-1	-1	-1	0
4756	4761	4764	2	-1	-1	-1	0
4763	4762	4756	2	-1	-1	-1	0
4765	4758	4759	2	-1	-1	-1	0
4764	4763	4756	2	-1	-1	-1	0
4766	4760	4757	2	-1	-1	-1	0
4760	4766	4761	2	-1	-1	-1	0
4765	4766	4757	2	-1	-1	-1	0
4767	4765	4759	2	-1	-1	0	0
4764	4761	4768	2	-1	-1	-1	0
4769	4762	4763	2	0	-1	-1	0
4768	4761	4766	2	-1	-1	-1	0
4767	4766	4765	2	-1	-1	-1	0
4763	4764	4771	2	-1	-1	-1	0
4768	4766	4767	2	-1	-1	-1	0
4769	4763	4770	2	-1	-1	-1	0
4768	4772	4764	2	-1	-1	-1	0
4770	4763	4771	2	-1	-1	-1	0
4764	4772	4771	2	-1	-1	-1	0
4767	4773	4768	2	0	-1	-1	0
4772	4768	4773	2	-1	-1	-1	0
4769	4770	4774	2	-1	-1	0	0
4771	4775	4770	2	-1	-1	-1	0
4774	4770	4775	2	-1	-1	-1	0
4772	4776	4771	2	-1	-1	-1	0
4773	4778	4772	2	0	-1	-1	0
4771	4777	4775	2	-1	-1	-1	0
4777	4771	4776	2	-1	-1	-1	0
4776	4772	4778	2	-1	-1	-1	0
4775	4779	4774	2	-1	0	-1	0
4777	4780	4775	2	-1	-1	-1	0
4779	4775	4780	2	-1	-1	-1	0
4781	4777	4776	2	-1	-1	-1	0
4778	4781	4776	2	0	-1	-1	0
4777	4782	4780	2	-1	-1	-1	0
4777	4781	4782	2	-1	0	-1	0
4783	4779	4780	2	0	-1	-1	0
4784	4780	4782	2	-1	-1	0	0
4780	4784	4783	2	-1	-1	-1	0
4783	4784	4785	2	-1	0	0	0
3
1	0
1	0
1	0
0
0
