[Format]      =  4.0
[Frequency]   =  0
[Precision]   =  9.9999999999999998e-013
[MinAngle]    =  30
[DoSmartMesh] =  1
[Depth]       =  1
[LengthUnits] =  meters
[ProblemType] =  axisymmetric
[Coordinates] =  cartesian
[ACSolver]    =  0
[PrevType]    =  0
[PrevSoln]    =  ""
[Comment]     =  "Add comments here."
[PointProps]   = 0
[BdryProps]   = 1
  <BeginBdry>
    <BdryName> = "A=0"
    <BdryType> = 0
    <A_0> = 0
    <A_1> = 0
    <A_2> = 0
    <Phi> = 0
    <c0> = 0
    <c0i> = 0
    <c1> = 0
    <c1i> = 0
    <Mu_ssd> = 0
    <Sigma_ssd> = 0
    <innerangle> = 0
    <outerangle> = 0
  <EndBdry>
[BlockProps]  = 3
  <BeginBlock>
    <BlockName> = "copper_0.200 m(m)"
    <Mu_x> = 0.999
    <Mu_y> = 0.999
    <H_c> = 0
    <H_cAngle> = 0
    <J_re> = 0
    <J_im> = 0
    <Sigma> = 60.078249999999997
    <d_lam> = 0
    <Phi_h> = 0
    <Phi_hx> = 0
    <Phi_hy> = 0
    <LamType> = 3
    <LamFill> = 1
    <NStrands> = 1
    <WireD> = 0.20000000000000001
    <BHPoints> = 0
  <EndBlock>
  <BeginBlock>
    <BlockName> = "NdFeB"
    <Mu_x> = 1.05
    <Mu_y> = 1.05
    <H_c> = 956000
    <H_cAngle> = 0
    <J_re> = 0
    <J_im> = 0
    <Sigma> = 0.66698000000000002
    <d_lam> = 0
    <Phi_h> = 0
    <Phi_hx> = 0
    <Phi_hy> = 0
    <LamType> = 0
    <LamFill> = 1
    <NStrands> = 0
    <WireD> = 0
    <BHPoints> = 0
  <EndBlock>
  <BeginBlock>
    <BlockName> = "air"
    <Mu_x> = 1
    <Mu_y> = 1
    <H_c> = 0
    <H_cAngle> = 0
    <J_re> = 0
    <J_im> = 0
    <Sigma> = 0
    <d_lam> = 0
    <Phi_h> = 0
    <Phi_hx> = 0
    <Phi_hy> = 0
    <LamType> = 0
    <LamFill> = 1
    <NStrands> = 0
    <WireD> = 0
    <BHPoints> = 0
  <EndBlock>
[CircuitProps]  = 1
  <BeginCircuit>
    <CircuitName> = "phase"
    <TotalAmps_re> = 0.10000000000000001
    <TotalAmps_im> = 0
    <CircuitType> = 1
  <EndCircuit>
[NumPoints] = 46
0	-0.081600000000000006	0	0
0	0.081600000000000006	0	0
0.0218	0.081600000000000006	0	0
0.0218	-0.081600000000000006	0	0
0.0074999999999999997	-0.017299999999999999	0	0
0.0074999999999999997	-0.012699999999999999	0	0
0.0109	-0.012699999999999999	0	0
0.0109	-0.017299999999999999	0	0
0.0074999999999999997	-0.0073000000000000001	0	0
0.0074999999999999997	-0.0027000000000000001	0	0
0.0109	-0.0027000000000000001	0	0
0.0109	-0.0073000000000000001	0	0
0.0074999999999999997	0.0027000000000000001	0	0
0.0074999999999999997	0.0073000000000000001	0	0
0.0109	0.0073000000000000001	0	0
0.0109	0.0027000000000000001	0	0
0.0074999999999999997	0.012699999999999999	0	0
0.0074999999999999997	0.017299999999999999	0	0
0.0109	0.017299999999999999	0	0
0.0109	0.012699999999999999	0	0
0	-0.040000000000000001	0	0
0	-0.029999999999999999	0	0
0.0050000000000000001	-0.029999999999999999	0	0
0.0050000000000000001	-0.040000000000000001	0	0
0	-0.019999999999999997	0	0
0.0050000000000000001	-0.019999999999999997	0	0
0	-0.01	0	0
0.0050000000000000001	-0.01	0	0
0	-1.7347234759768071e-018	0	0
0.0050000000000000001	-1.7347234759768071e-018	0	0
0	0.01	0	0
0.0050000000000000001	0.01	0	0
0	0.020000000000000004	0	0
0.0050000000000000001	0.020000000000000004	0	0
0	0.029999999999999999	0	0
0.0050000000000000001	0.029999999999999999	0	0
0	0.040000000000000008	0	0
0.0050000000000000001	0.040000000000000008	0	0
0	-0.068000000000000005	0	0
0	-0.065000000000000002	0	0
0.0060000000000000001	-0.065000000000000002	0	0
0.0060000000000000001	-0.068000000000000005	0	0
0	0.065000000000000002	0	0
0	0.068000000000000005	0	0
0.0060000000000000001	0.068000000000000005	0	0
0.0060000000000000001	0.065000000000000002	0	0
[NumSegments] = 56
0	38	-1	0	0	0
1	2	-1	1	0	0
2	3	-1	1	0	0
3	0	-1	1	0	0
4	5	-1	0	0	1
5	6	-1	0	0	1
6	7	-1	0	0	1
7	4	-1	0	0	1
8	9	-1	0	0	1
9	10	-1	0	0	1
10	11	-1	0	0	1
11	8	-1	0	0	1
12	13	-1	0	0	1
13	14	-1	0	0	1
14	15	-1	0	0	1
15	12	-1	0	0	1
16	17	-1	0	0	1
17	18	-1	0	0	1
18	19	-1	0	0	1
19	16	-1	0	0	1
20	21	-1	0	0	0
21	24	-1	0	0	0
21	22	-1	0	0	2
22	23	-1	0	0	2
23	20	-1	0	0	2
24	26	-1	0	0	0
24	25	-1	0	0	2
25	22	-1	0	0	2
26	28	-1	0	0	0
26	27	-1	0	0	2
27	25	-1	0	0	2
28	30	-1	0	0	0
28	29	-1	0	0	2
29	27	-1	0	0	2
30	32	-1	0	0	0
30	31	-1	0	0	2
31	29	-1	0	0	2
32	34	-1	0	0	0
32	33	-1	0	0	2
33	31	-1	0	0	2
34	36	-1	0	0	0
34	35	-1	0	0	2
35	33	-1	0	0	2
36	42	-1	0	0	0
36	37	-1	0	0	2
37	35	-1	0	0	2
38	39	-1	0	0	0
39	20	-1	0	0	0
39	40	-1	0	0	1
40	41	-1	0	0	1
41	38	-1	0	0	1
42	43	-1	0	0	0
43	1	-1	0	0	0
43	44	-1	0	0	1
44	45	-1	0	0	1
45	42	-1	0	0	1
[NumArcSegments] = 0
[NumHoles] = 0
[NumBlockLabels] = 15
0.0091999999999999998	-0.014999999999999999	1	-1	1	0	1	184	0
0.0091999999999999998	-0.0050000000000000001	1	-1	1	0	1	-184	0
0.0091999999999999998	0.0050000000000000001	1	-1	1	0	1	184	0
0.0091999999999999998	0.014999999999999999	1	-1	1	0	1	-184	0
0.0025000000000000001	-0.035000000000000003	2	-1	0	90	2	1	0
0.0025000000000000001	-0.024999999999999998	2	-1	0	-90	2	1	0
0.0025000000000000001	-0.014999999999999999	2	-1	0	90	2	1	0
0.0025000000000000001	-0.0050000000000000018	2	-1	0	-90	2	1	0
0.0025000000000000001	0.0050000000000000001	2	-1	0	90	2	1	0
0.0025000000000000001	0.015000000000000003	2	-1	0	-90	2	1	0
0.0025000000000000001	0.024999999999999998	2	-1	0	90	2	1	0
0.0025000000000000001	0.035000000000000003	2	-1	0	-90	2	1	0
0.0030000000000000001	-0.066500000000000004	2	-1	0	-90	1	1	0
0.0030000000000000001	0.066500000000000004	2	-1	0	90	1	1	0
0.010899688720703125	0.05168014526367188	3	-1	0	0	0	1	0
[Solution]
6048
0	-0.081600000000000006	0	-1	
0	-0.081578964285714275	0	-1	
2.1035714285714294e-005	-0.081600000000000006	0	-1	
0	-0.081526003627232141	0	-1	
4.4250163251984459e-005	-0.081555749836748029	-1.6745766219709589e-012	-1	
0.00010602762276785715	-0.081600000000000006	0	-1	
0	-0.081473042968750006	0	-1	
4.9924027924362453e-005	-0.081499523297991067	-4.5159650338649929e-012	-1	
0.00010680717519635526	-0.081533662968023252	-1.2831642490823656e-011	-1	
0.00019101953125	-0.081600000000000006	0	-1	
0	-0.081367121651785723	0	-1	
6.0075759079940191e-005	-0.081420082310267872	-1.1845062318069464e-011	-1	
0.0001083572809185708	-0.081466621322727237	-2.6727376290294798e-011	-1	
0.0001997678523832233	-0.081502273618478907	-6.3380223762965998e-011	-1	
0.00027601143973214289	-0.081600000000000006	0	-1	
0	-0.081261200334821412	0	-1	
7.9207116548543591e-005	-0.081337827009164088	-3.1781346721079035e-011	-1	
0.00015884522967714616	-0.081365928865607728	-1.1000498239718209e-010	-1	
0.00031850739397321434	-0.081488240933945605	-2.0261031786549079e-010	-1	
0.00036100334821428573	-0.081600000000000006	0	-1	
0	-0.081155279017857143	0	-1	
0.00016408955488901339	-0.081224172399388977	-1.9698998554973914e-010	-1	
0.00033490806424199158	-0.08130146712490241	-5.9062692547676458e-010	-1	
0.00051896920597536544	-0.081475975096799533	-6.079299233702242e-010	-1	
0.00070097098214285715	-0.081600000000000006	0	-1	
0	-0.080731593749999997	0	-1	
0.00018544992364574991	-0.080943436383928577	-4.3912447070819636e-010	-1	
0.00032531929918188447	-0.081095259260071939	-9.7483902658822815e-010	-1	
0.00062020586327927161	-0.081184873766285554	-2.767972674576876e-009	-1	
0.00071657858656609642	-0.081381543685190738	-2.0272052029473903e-009	-1	
0.0010409386160714286	-0.081600000000000006	0	-1	
0	-0.080307908482142865	0	-1	
0.00025843909904671041	-0.080692446656865369	-1.2452430389267131e-009	-1	
0.00049884369546849704	-0.080795057050277758	-3.8986580566395935e-009	-1	
0.00098376682151867976	-0.081128668016621899	-8.2760196662137289e-009	-1	
0.00138090625	-0.081600000000000006	0	-1	
0	-0.079884223214285718	0	-1	
0.00054318466655437967	-0.080358245503447417	-7.5526538016246691e-009	-1	
0.00097463852988111934	-0.080622698924373376	-1.6938679939120682e-008	-1	
0.0017794092099756539	-0.080861246781128548	-4.0624644065220717e-008	-1	
0.0027407767857142856	-0.081600000000000006	0	-1	
0	-0.078189482142857147	0	-1	
0.0011829819970222029	-0.079798604393686884	-5.1966581758054148e-008	-1	
0.0023194633272202265	-0.079859432702805586	-1.624349506409751e-007	-1	
0.0054605178571428574	-0.081600000000000006	0	-1	
0.0034447378061743931	-0.079689000182160796	-3.6734876693123214e-007	-1	
0	-0.076494741071428576	0	-1	
0.0012543105300616255	-0.077484910295829587	-1.2594584703299025e-007	-1	
0.0018055628044437381	-0.078813758414854426	-1.6827894635148697e-007	-1	
0.0081802589285714291	-0.081600000000000006	0	-1	
0.0068203883928571428	-0.080545772270028279	-5.3383347612339806e-007	-1	
0.0052878549533106785	-0.079763477416908868	-6.528663190241031e-007	-1	
0.0042712185169329611	-0.07822429645523063	-9.9009547489594248e-007	-1	
0.002608799556840759	-0.077969756528961515	-4.4412350650345176e-007	-1	
0	-0.074800000000000005	0	-1	
0.0025729653784355797	-0.075935459616064155	-8.0645795880391779e-007	-1	
0.0109	-0.081600000000000006	0	-1	
0.0095401294642857137	-0.080565061866896853	-7.6963487197038464e-007	-1	
0.0067042981553363168	-0.07888091430237873	-1.4688063654855402e-006	-1	
0.0091908549168972006	-0.078892234289469509	-1.9845054922160195e-006	-1	
0.0057837016003612594	-0.077488890244159253	-1.9722462425321677e-006	-1	
0.0043243125268622755	-0.076410455513260894	-1.7765588624060349e-006	-1	
0	-0.073105258928571434	0	-1	
0.0021613058811658461	-0.073942927439040837	-9.5339513448940513e-007	-1	
0.0046697983873673077	-0.074845927008024074	-3.0912284047379599e-006	-1	
0.013619741071428573	-0.081600000000000006	0	-1	
0.012184768602928647	-0.080313654275269417	-1.0094315538633216e-006	-1	
0.011030189981637607	-0.07890928114327718	-2.1376763189870951e-006	-1	
0.0079559250050795349	-0.0770527434106415	-3.2285272679314614e-006	-1	
0.0098426631170365746	-0.07734166854220377	-3.470815390739137e-006	-1	
0.0061428388551123059	-0.075476214009233086	-3.8504597379932128e-006	-1	
0	-0.071410517857142863	0	-1	
0.0013774322543037498	-0.071779300778465102	-6.9953619868950923e-007	-1	
0.0042456721551539407	-0.073300861681684787	-3.8817483570138537e-006	-1	
0.0027460458401056178	-0.071717210168212586	-2.7912272463632196e-006	-1	
0.0059906365065279885	-0.073795464222277063	-5.7864423974749125e-006	-1	
0.016339482142857145	-0.081600000000000006	0	-1	
0.014979611607142861	-0.080073605394170549	-1.031485839500171e-006	-1	
0.012846780464756151	-0.078620415963216533	-2.3331672750293814e-006	-1	
0.01151179342627269	-0.077134034062523643	-3.7778239780839084e-006	-1	
0.007660947214772517	-0.074106837434759709	-6.7535277210699157e-006	-1	
0.0095205599720169683	-0.075690802820731803	-5.2554225010062044e-006	-1	
0	-0.070563147321428571	0	-1	
0.00069735856410272181	-0.070766341601145061	-2.3921935763784762e-007	-1	
0.0013935939070843601	-0.070559331385406432	-1.0257746413591731e-006	-1	
0.0045064356860439955	-0.071135490216585565	-7.7673052120883557e-006	-1	
0.0062910264308511073	-0.072134786259927822	-9.5207037579608193e-006	-1	
0.0024602971891546704	-0.070377319837027719	-3.1856955575205713e-006	-1	
0.0033208698860600215	-0.070473612280101003	-5.6081862188163353e-006	-1	
0.01769935267857143	-0.081600000000000006	0	-1	
0.017019417410714287	-0.080208959191034393	-7.1897216075572728e-007	-1	
0.015234450190093934	-0.078554594112607734	-2.0380490416532993e-006	-1	
0.012988306310199337	-0.076627555711543616	-4.0920098769543272e-006	-1	
0.014421326018037329	-0.077246478269995589	-3.2081116270487139e-006	-1	
0.011586719702679448	-0.075506551043004591	-5.5689006298042262e-006	-1	
0.0076546136159740775	-0.071705665080283268	-1.2056697332504524e-005	-1	
0.0087078184617043128	-0.072903481560587333	-9.5790687578798906e-006	-1	
0.010816370361127491	-0.074070975612144374	-7.6116243804290468e-006	-1	
0	-0.069715776785714292	0	-1	
0.0004569793835504034	-0.070080911275149843	-1.2199267088986777e-007	-1	
0.0009271362531967155	-0.069732908587962161	-5.3798218789012664e-007	-1	
0.0018734105683516676	-0.069740592504824672	-2.1806364082471857e-006	-1	
0.0039071480286411581	-0.069917088405777109	-8.9412219531516515e-006	-1	
0.0057633384582357929	-0.070747062667171484	-1.267195248289646e-005	-1	
0.0066455667789838387	-0.070693074600863728	-1.4672389411162874e-005	-1	
0.0026907886954805919	-0.069542615538031011	-4.7276640458234359e-006	-1	
0.0033315812032528019	-0.06934949373290461	-7.5775420965791292e-006	-1	
0.019059223214285714	-0.081600000000000006	0	-1	
0.018596979261888733	-0.08085770609421955	-2.7299723965052862e-007	-1	
0.016760699383772972	-0.078347467639964308	-1.7827654503950756e-006	-1	
0.018329047700344207	-0.079383020328183451	-8.8350323739234765e-007	-1	
0.016940891152766702	-0.07675099456550083	-2.6411793168827898e-006	-1	
0.013739688618316264	-0.075259332322084968	-5.1936517655309857e-006	-1	
0.016153283523281894	-0.075350684038125809	-3.9237050029060088e-006	-1	
0.012487772283917047	-0.074149193620818343	-6.9392890181680881e-006	-1	
0.0074338678765610358	-0.07029329603616552	-1.7047954583528025e-005	-1	
0.0088763811864810884	-0.071048723193418192	-1.4172490447077227e-005	-1	
0.0099616595032324569	-0.071917638058738645	-1.1600950074448549e-005	-1	
0.012231300890156276	-0.072382526480054526	-9.4690946450300015e-006	-1	
0	-0.069292091517857146	0	-1	
0.00036079855656330592	-0.069503934151785712	-8.527156122067926e-008	-1	
0.0011548028048778234	-0.069252348520790444	-9.2058604804523465e-007	-1	
0.00064097698846835775	-0.069193204452105778	-2.8527335683047865e-007	-1	
0.0021170627109087219	-0.068927684341297063	-3.2975774767560515e-006	-1	
0.0015596443300325237	-0.068930450509022981	-1.7831960234270846e-006	-1	
0.0039566187452464464	-0.069110246704227524	-1.1355730240968011e-005	-1	
0.0046548891947883085	-0.069009005853155198	-1.5844265969219958e-005	-1	
0.0066868621629240302	-0.069810161121241401	-1.9189784151413994e-005	-1	
0.005879445838821884	-0.069436643033595771	-1.9585960632872626e-005	-1	
0.0026276294642857147	-0.068703978075473751	-5.3483498824471805e-006	-1	
0.0033949301504786157	-0.068683237040242054	-9.1125487290808337e-006	-1	
0.019739158482142857	-0.081600000000000006	0	-1	
0.019399190848214284	-0.081205738111211415	-1.1064846836521794e-007	-1	
0.019486212311233736	-0.080335624912219267	-3.4335792029708172e-007	-1	
0.018398758382145494	-0.077426137878141468	-1.6617659303665927e-006	-1	
0.019733305197410879	-0.078859048657047306	-6.7924327788508523e-007	-1	
0.017683175030049576	-0.075411844367111056	-2.9472520754826691e-006	-1	
0.015336991986311976	-0.073894780925623238	-5.5272627964725552e-006	-1	
0.013837894253183245	-0.073160824705640254	-7.2903578972715238e-006	-1	
0.016987573563783817	-0.073646655549182261	-4.3801744998160679e-006	-1	
0.0088797210865903305	-0.069661539901950287	-1.8693364700430004e-005	-1	
0.0075994811243051659	-0.068739263936179365	-2.5096407553139367e-005	-1	
0.010127914436400619	-0.070450431321998963	-1.4871120709988555e-005	-1	
0.011230772739278168	-0.071318423375959478	-1.1931976055604311e-005	-1	
0.013398013912237066	-0.071031352514134768	-1.0012171076912414e-005	-1	
0	-0.068868406250000014	0	-1	
0.00026589787373415373	-0.068929743476751307	-5.1176901325561594e-008	-1	
0.00095672518856290559	-0.068774561697631381	-6.8237870303335844e-007	-1	
0.00048210556678879491	-0.068763255735142886	-1.7298858020348765e-007	-1	
0.0018828883928571427	-0.068421833284376538	-2.8224422979695549e-006	-1	
0.0013243325892857143	-0.068353873369921672	-1.3945634271570864e-006	-1	
0.0041171116071428574	-0.068423170746338191	-1.4475634253429197e-005	-1	
0.004675667410714286	-0.068347350493626696	-1.9256293554420416e-005	-1	
0.0050480379464285718	-0.068476414444912856	-2.1740643314942714e-005	-1	
0.0056039542196594846	-0.068705715483886376	-2.3945017385749577e-005	-1	
0.00668689586354236	-0.068920533737957063	-2.5181007667800522e-005	-1	
0.0060681988757275065	-0.068678670074835496	-2.6614766796144761e-005	-1	
0.0030000000000000001	-0.068000000000000005	-7.8934235525729962e-006	-1	
0.0022552589285714285	-0.068000000000000005	-4.3346174746407097e-006	-1	
0.0037447410714285716	-0.068000000000000005	-1.2786705416258995e-005	-1	
0.020079126116071423	-0.081600000000000006	0	-1	
0.01990914229910714	-0.081101000597385578	-1.1177745830441333e-007	-1	
0.020437136139193835	-0.079939845063215456	-2.71277542000605e-007	-1	
0.020495942040735717	-0.080705438034678958	-1.3885343955417296e-007	-1	
0.019197448365880398	-0.075638306003405736	-1.8453139566040479e-006	-1	
0.02086025477984391	-0.077810233349106972	-4.2821475344710934e-007	-1	
0.020926679523575537	-0.07934828948102679	-2.4050981708381142e-007	-1	
0.01880345949193617	-0.073096827158909292	-3.0356876150143776e-006	-1	
0.015427418463374552	-0.071812162155832762	-7.0771694883394832e-006	-1	
0.017497531141370922	-0.072057338395375356	-4.7775299365639424e-006	-1	
0.0082445690141495706	-0.067788486161000527	-2.7178681750193841e-005	-1	
0.0095072791287512393	-0.068213859612041711	-2.1475983099265749e-005	-1	
0.0074519708077904149	-0.06782061748311935	-3.1047505618062361e-005	-1	
0.006798601147021955	-0.068265700992966027	-3.0982718825402531e-005	-1	
0.011514961315218411	-0.069944034968241489	-1.379731537542957e-005	-1	
0.012771064078129678	-0.068926243388864314	-1.3134531625962917e-005	-1	
0.01438737009185471	-0.068890906155799222	-1.0491316128886967e-005	-1	
0	-0.068656563616071448	0	-1	
0.00021861576820635575	-0.06866099017511812	-3.6003167003947675e-008	-1	
0.00095196205357142853	-0.068208163040711242	-7.3096831531143614e-007	-1	
0.00057264058990156945	-0.068495508600117758	-2.5411983426936948e-007	-1	
0.0003704247937299753	-0.068503616516893448	-1.0586160295492284e-007	-1	
0.001510517857142857	-0.068000000000000005	-1.9019174657360616e-006	-1	
0.0011381473214285714	-0.068000000000000005	-1.0724340749025128e-006	-1	
0.0044894821428571432	-0.068000000000000005	-1.9174825438436525e-005	-1	
0.0048618526785714289	-0.068000000000000005	-2.309016177815761e-005	-1	
0.0052342232142857147	-0.068000000000000005	-2.7427743514557197e-005	-1	
0.0055071322102535954	-0.068250874793827701	-2.8072551005959015e-005	-1	
0.0058463315433327154	-0.068308842975632847	-3.0383247968188352e-005	-1	
0.00633670035077226	-0.068356045388116751	-3.1033259012713457e-005	-1	
0.0061057539363757619	-0.068260615834334001	-3.2341417295289816e-005	-1	
0.0033965928132429993	-0.06731411927445384	-1.1226061842155095e-005	-1	
0.0026276294642857147	-0.067295817708570682	-6.4215047036696686e-006	-1	
0.001882888392857143	-0.067578471652392849	-3.1229294829558722e-006	-1	
0.0041171116071428574	-0.067583363117448392	-1.7032949172140261e-005	-1	
0.020419093749999999	-0.081600000000000006	0	-1	
0.020417268660916258	-0.08124136619956053	-5.8100215486067464e-008	-1	
0.021137952498216098	-0.080253607972013252	-1.0941421763686549e-007	-1	
0.020737727166060441	-0.081080344833746626	-6.5730565675365169e-008	-1	
0.020907958236927024	-0.080876487176423387	-7.7631086964279906e-008	-1	
0.0218	-0.076480279017857145	0	-1	
0.020170660672665951	-0.073984747907080178	-1.5025854034321258e-006	-1	
0.0218	-0.079029621651785717	0	-1	
0.0218	-0.07966695731026785	0	-1	
0.020375100269520566	-0.072367389945817678	-1.5888710429362053e-006	-1	
0.019514350802203848	-0.070863646704395475	-2.8777832030900972e-006	-1	
0.01701382649745441	-0.070459835480267852	-6.0533118277237252e-006	-1	
0.016155451920565517	-0.068913925926442451	-7.9085252655800679e-006	-1	
0.0076715519535940383	-0.067239946475200901	-3.2162098698961027e-005	-1	
0.0087101005655358197	-0.06714620529311735	-2.6457776379592845e-005	-1	
0.010088467310525463	-0.066547332198834699	-2.1525549064195177e-005	-1	
0.011471678937986642	-0.067964322338247452	-1.6774850416413337e-005	-1	
0.0070683928708949635	-0.067386894833432881	-3.6316556302208931e-005	-1	
0.006661423607864844	-0.067815482403765129	-3.6239276374777322e-005	-1	
0.0063851400864253097	-0.068040835685100304	-3.5376239334025134e-005	-1	
0.013541873243256819	-0.067200487558448874	-1.2678380160766326e-005	-1	
0.015188206900142231	-0.067433696101947563	-9.7851900166699524e-006	-1	
0	-0.068444720982142868	0	-1	
0.00017628351439641181	-0.068446466449575194	-2.4100483855736849e-008	-1	
0.00067268415178571431	-0.06820735121600649	-3.649699045391327e-007	-1	
0.00076577678571428586	-0.068000000000000005	-4.8339546896758e-007	-1	
0.00044607223591291387	-0.068189806847805068	-1.6041182134572013e-007	-1	
0.0002947559175941484	-0.068315916789349437	-6.8900260239581249e-008	-1	
0.0013243325892857143	-0.067644512382258895	-1.510067244580753e-006	-1	
0.00095196205357142875	-0.067794100431467857	-7.6445281963888508e-007	-1	
0.004675667410714286	-0.067567191473526078	-2.3097039730091286e-005	-1	
0.0051970905177890579	-0.067723422222048135	-2.9234960352007666e-005	-1	
0.0054577389868673901	-0.067823104115955837	-3.2313175711361091e-005	-1	
0.0056065937500000005	-0.068000000000000005	-3.2339543783400046e-005	-1	
0.005731552799816261	-0.068100987639450952	-3.2522229349798875e-005	-1	
0.0059792761573613084	-0.068182289968910417	-3.3358036388826537e-005	-1	
0.0058837899300538069	-0.068129157686379796	-3.3711127597651137e-005	-1	
0.0062009184023302409	-0.068146268581641245	-3.4381371108103898e-005	-1	
0.0061119793165446794	-0.068111979316544682	-3.5198377626693761e-005	-1	
0.0030313385707502068	-0.066497103711739863	-8.923310799603636e-006	-1	
0.0045307831325711615	-0.066994873227125717	-2.2812007977634237e-005	-1	
0.0015337610925393883	-0.066913687089743934	-2.1127006501975028e-006	-1	
0.0021534117175501001	-0.066000052614174562	-4.2746261112360046e-006	-1	
0.021099029017857145	-0.081600000000000006	0	-1	
0.020760624671784727	-0.081344943144718768	-3.1548443208816185e-008	-1	
0.0218	-0.080304292968749996	0	-1	
0.021319238519597654	-0.08089236554884828	-4.2428151824882658e-008	-1	
0.020979046645387564	-0.081191256829648742	-4.107008473931178e-008	-1	
0.021237329381658555	-0.081123303388700302	-3.3095740420770198e-008	-1	
0.0218	-0.073930936383928572	0	-1	
0.0218	-0.07138159375	0	-1	
0.020152917866976414	-0.069280577476042465	-2.2978679548628581e-006	-1	
0.018602453950400107	-0.06856647823828535	-4.5356413018106216e-006	-1	
0.016675331501502407	-0.066689880832822346	-7.5070489395033418e-006	-1	
0.018138112210444791	-0.067115519189390113	-5.3473799216723249e-006	-1	
0.0070991775506444085	-0.066711675072964563	-3.8287056528818621e-005	-1	
0.0078023194270715572	-0.066633073698657272	-3.2331339273197534e-005	-1	
0.0086139961732272612	-0.066256679946093452	-2.7328987911980154e-005	-1	
0.010762246095637038	-0.065025919070837754	-1.8123536589433682e-005	-1	
0.012191322727894386	-0.065878219332743071	-1.5411754921579275e-005	-1	
0.0064964763343082141	-0.067296568504477045	-4.2776062463830927e-005	-1	
0.0067310234285748892	-0.066916332159697847	-4.1836275989919351e-005	-1	
0.0063060215620453809	-0.067843873801316207	-3.9015865974177835e-005	-1	
0.0062490623620778552	-0.06751043576200734	-4.3956364494414479e-005	-1	
0.0061821453915172327	-0.067978812476516631	-3.7704069073839127e-005	-1	
0.014488382464674871	-0.064882880256969533	-1.0624160627108059e-005	-1	
0.016265788646660499	-0.065158417930451129	-7.9255649977634739e-006	-1	
0	-0.068232878348214288	0	-1	
0.00010897600230894353	-0.068283528967941584	-9.4108140279159967e-009	-1	
0.00057959151785714287	-0.068000000000000005	-2.7639663330547939e-007	-1	
0.00067919470286584445	-0.06774254891667135	-3.8940832936253727e-007	-1	
0.0002700102302166687	-0.068101474997965455	-5.9250268098995272e-008	-1	
0.00039340624999999998	-0.068000000000000005	-1.2715657555876656e-007	-1	
0.00016030647546029888	-0.068183680276204153	-2.0687646386186173e-008	-1	
0.00089824500193703245	-0.067330922280901331	-7.0419449284948998e-007	-1	
0.0050483370500931275	-0.067278911202885136	-2.9613811822983538e-005	-1	
0.0054233677587632737	-0.067560104388903683	-3.4256894850660556e-005	-1	
0.0056383043645309959	-0.067841361616752846	-3.5060550777932207e-005	-1	
0.0056166823187533636	-0.067735501552094166	-3.6066462070463275e-005	-1	
0.0057927790178571434	-0.068000000000000005	-3.5064152520286001e-005	-1	
0.0057299897697833313	-0.067898525002034554	-3.5813389240207405e-005	-1	
0.0058393253348214295	-0.068052694432930536	-3.4720221792306905e-005	-1	
0.0060191577169156204	-0.068090298326633311	-3.5575127840130061e-005	-1	
0.0059598065687986859	-0.06808393379898435	-3.5389178723562265e-005	-1	
0.0059091448102678579	-0.068044417734724416	-3.5813488010689182e-005	-1	
0.0060902983266333099	-0.068019157716915621	-3.7364912841121387e-005	-1	
0.0033135489272336283	-0.065647820245475913	-1.054154256285966e-005	-1	
0.0026276294642857147	-0.065429878761203014	-6.2596937951765022e-006	-1	
0.0044662389074606118	-0.066086312910256073	-2.2041501279463855e-005	-1	
0.0049997824601370122	-0.06663629372414398	-3.0410833496868301e-005	-1	
0.0015214177351375281	-0.066072608597076171	-2.0851850364459831e-006	-1	
0.00090047001100948586	-0.066322829717204476	-7.2414951482095896e-007	-1	
0.0015921786543467093	-0.065700556014481243	-2.2490946408775823e-006	-1	
0.0020690736607142861	-0.065322776102513982	-3.748682524488264e-006	-1	
0.021269012834821431	-0.081600000000000006	0	-1	
0.021184020926339288	-0.081362467770130606	-1.8432826155088723e-008	-1	
0.0218	-0.080941628627232143	0	-1	
0.021626805951815761	-0.081154389972752164	-9.6209351966022926e-009	-1	
0.021423378743208633	-0.081282761934474035	-1.5158426285036251e-008	-1	
0.0218	-0.068832251116071427	0	-1	
0.020568484734300591	-0.067557579799107148	-1.8340973965789833e-006	-1	
0.017761018182726275	-0.065685098674135439	-5.8566741152423509e-006	-1	
0.019200950179867043	-0.066024065633900883	-3.8307906831231891e-006	-1	
0.0071791109696128482	-0.066298114159338825	-3.7410993616286331e-005	-1	
0.0067540728655757776	-0.06647016992376352	-4.231090802332992e-005	-1	
0.0077886820393216864	-0.065911212179732129	-3.16527489805793e-005	-1	
0.008427699904421904	-0.064682847521691483	-2.4579632857429276e-005	-1	
0.0098931977883281296	-0.063606964950060269	-1.7526822426387004e-005	-1	
0.012296187525898545	-0.063673969730709143	-1.3363447695532985e-005	-1	
0.006171355845371939	-0.067331917410714287	-4.6946704547507149e-005	-1	
0.0062103348715819321	-0.06705461160714285	-4.8264866037660121e-005	-1	
0.0063489010215599766	-0.066684870535714286	-4.7563316802449249e-005	-1	
0.0061002833325526336	-0.067733271623809224	-4.3205470581192242e-005	-1	
0.0061274054086208687	-0.067884494257066927	-4.0148549293979729e-005	-1	
0.0060000000000000001	-0.067424352678571442	-4.889403060610738e-005	-1	
0.0060000000000000001	-0.067609223214285724	-4.6716319656614327e-005	-1	
0.0060836446441979372	-0.067959806568798672	-3.8905855459488438e-005	-1	
0.014386019948694338	-0.06247642171235239	-9.0749401118778188e-006	-1	
0.016507049166984096	-0.063591606731670455	-7.0050715598125298e-006	-1	
0	-0.068126957031250004	0	-1	
4.8099427291922122e-005	-0.068179917689732139	-1.8614160858950909e-009	-1	
0.00042437085520213619	-0.067836582549161722	-1.5027929342706554e-007	-1	
0.00041795177144864396	-0.067668187312586864	-1.4776363192020551e-007	-1	
0.00042863556384048929	-0.067388363532439391	-1.5897852698508768e-007	-1	
0.00020722098214285713	-0.068000000000000005	-3.5243813329189559e-008	-1	
0.0001606746651785714	-0.068053669149959556	-2.1074222880347135e-008	-1	
0.0002700102302166687	-0.067898525002034554	-6.0452988761268666e-008	-1	
7.3154292478550342e-005	-0.068112905452169498	-4.3417448779904137e-009	-1	
0.00036859895726036048	-0.066869741071428582	-1.1967282471257802e-007	-1	
0.0054049650166065177	-0.067137434291372658	-3.6785028673758329e-005	-1	
0.0056821114805642118	-0.067594548116751141	-3.9052313928736622e-005	-1	
0.0057318453103195298	-0.067338303643372108	-4.2617879314214881e-005	-1	
0.0057422519859668978	-0.067811886913175565	-3.7418033524500308e-005	-1	
0.0057634130013957952	-0.067726982662322688	-3.9118064763484296e-005	-1	
0.0058858716517857148	-0.068000000000000005	-3.6508863434402871e-005	-1	
0.0058393253348214295	-0.067946330850040454	-3.6894462772307341e-005	-1	
0.0058074964165632072	-0.067870193728069142	-3.7754159533871964e-005	-1	
0.0060268904464657221	-0.068026890446465718	-3.7334619059745224e-005	-1	
0.0059894821428571436	-0.068033732306109124	-3.7002093573927811e-005	-1	
0.0059556911272321432	-0.068025762562764783	-3.6886261096664253e-005	-1	
0.005932417968750001	-0.068000000000000005	-3.7248470997101062e-005	-1	
0.0060337323061091276	-0.067989482142857147	-3.8510840495789634e-005	-1	
0.0041171116071428574	-0.065421528347607158	-1.6986476479498018e-005	-1	
0.0037447410714285716	-0.065000000000000002	-1.2757292732833845e-005	-1	
0.0030000000000000005	-0.065000000000000002	-7.8627987600877171e-006	-1	
0.002255258928571429	-0.065000000000000002	-4.3149288881428484e-006	-1	
0.004675667410714286	-0.065355487617741112	-2.2789792209416521e-005	-1	
0.0051017549980629682	-0.065669077719098676	-3.0283339895283791e-005	-1	
0.0055900969369892077	-0.066150188167009072	-4.1644662952259444e-005	-1	
0.005657205834774001	-0.066684870535714286	-4.3825298082530455e-005	-1	
0.00095166294990687271	-0.065721088797114871	-7.9331668962993689e-007	-1	
0.00060059056809148533	-0.065798630163963132	-3.1572741312895782e-007	-1	
0.0002885449471482625	-0.066130258928571439	-7.3620103651452401e-008	-1	
0.0016967031250000003	-0.065336543834825761	-2.4898347544717194e-006	-1	
0.0013243325892857143	-0.065432808526473929	-1.5170704695344657e-006	-1	
0.0018828883928571432	-0.065000000000000002	-2.9821649369948731e-006	-1	
0.021438996651785714	-0.081600000000000006	0	-1	
0.021448919540866473	-0.081481263845370466	-5.2407014020117243e-009	-1	
0.0218	-0.081260296456473216	0	-1	
0.021709115487134542	-0.081339963413783495	-2.8253619424063869e-009	-1	
0.021557212184976072	-0.081431570371194584	-5.2233728787542337e-009	-1	
0.0218	-0.066282908482142855	0	-1	
0.019024542488487211	-0.06354554590052329	-3.6958615672251101e-006	-1	
0.02034060800488606	-0.064697413183749233	-2.0994075045462048e-006	-1	
0.0070743597173344511	-0.06580626623574036	-3.6986319056792564e-005	-1	
0.0063790144783667938	-0.06620636737991796	-4.6659402048687591e-005	-1	
0.0065729472228639773	-0.065767890264209872	-4.219072731316289e-005	-1	
0.0074714774489600981	-0.065119584891932938	-3.0603079905146212e-005	-1	
0.0073927132189956137	-0.064498718556329881	-2.7169624118437419e-005	-1	
0.0080759273857755574	-0.063659268292972915	-2.1078712062558365e-005	-1	
0.010357123582870227	-0.062253096638435937	-1.3738713911502575e-005	-1	
0.0089527783678711882	-0.062528779545362248	-1.5685335776085569e-005	-1	
0.012441346021302663	-0.061055237653983546	-9.5285361730814627e-006	-1	
0.0060000000000000001	-0.067239482142857146	-5.0563923777753718e-005	-1	
0.0060000000000000001	-0.066869741071428568	-5.2604837748164317e-005	-1	
0.0060000000000000001	-0.066500000000000004	-5.3303448164141568e-005	-1	
0.006052339953699846	-0.06784031138392857	-4.2037289792145959e-005	-1	
0.0060000000000000001	-0.067794093750000006	-4.3841983757256472e-005	-1	
0.0060440102690804687	-0.067909637834821429	-4.0626353582007051e-005	-1	
0.005836561910289079	-0.067577404286721821	-4.2816878009689033e-005	-1	
0.0058992180361493842	-0.067731672440311114	-4.2194741981645392e-005	-1	
0.0060257113204749092	-0.067955855468750007	-3.9637283603430914e-005	-1	
0.014203221970694341	-0.060685465833671792	-7.4539889461984747e-006	-1	
0.015900004159840359	-0.062171536463801573	-6.9947448469362767e-006	-1	
0.017749924362372126	-0.062701108077682075	-5.0677169415682356e-006	-1	
0	-0.06807399637276787	0	-1	
0.00027668817637542401	-0.067760071789210105	-6.4261888307849361e-008	-1	
0.00025929534149929552	-0.067611386805783963	-5.709084156802765e-008	-1	
0.00015904962619213788	-0.067464119149908658	-2.171642084675776e-008	-1	
0	-0.067239482142857146	0	-1	
0.00011412834821428571	-0.068000000000000005	-1.0689159311116518e-008	-1	
0.0001606746651785714	-0.067946330850040454	-2.1299652899374151e-008	-1	
9.0855189732142849e-005	-0.068040547483575076	-6.7488229012526413e-009	-1	
0.00019250358343678411	-0.067870193728069114	-3.0797003732548893e-008	-1	
4.4250163251984459e-005	-0.068044250163251982	-1.5997334235666638e-009	-1	
0	-0.066500000000000004	0	-1	
0.0057795843246614513	-0.06705461160714285	-4.570058013527688e-005	-1	
0.0058724860346322091	-0.067808026322794146	-4.0263253377283758e-005	-1	
0.0059091448102678579	-0.067959452516424934	-3.7898272802043835e-005	-1	
0.0058882089215220763	-0.06788738189035684	-3.9100602466852185e-005	-1	
0.0060000000000000001	-0.068000000000000005	-3.8367524726581854e-005	-1	
0.0059789642857142862	-0.068000000000000005	-3.8037293213163258e-005	-1	
0.005955749836748017	-0.067955749836748028	-3.8955367594271634e-005	-1	
0.0060000000000000001	-0.067978964285714288	-3.9263201026987259e-005	-1	
0.0044894821428571432	-0.065000000000000002	-1.9182778585361026e-005	-1	
0.0035033408426544087	-0.064411827879543679	-9.8810925592188216e-006	-1	
0.0041171116071428574	-0.064577677095380148	-1.4493332096652026e-005	-1	
0.0024265322422040167	-0.064576548258794844	-4.7333298806101187e-006	-1	
0.0028865449778783898	-0.064257609284914141	-6.4240453036898342e-006	-1	
0.0020057176404574399	-0.064398894111505109	-3.113796397665508e-006	-1	
0.0050480379464285718	-0.06520589956853215	-2.6718447003731251e-005	-1	
0.0048618526785714289	-0.065000000000000002	-2.3076046363946686e-005	-1	
0.0053208052971341572	-0.065257451083328658	-3.1098881381333443e-005	-1	
0.0055713644361594901	-0.065611636467560672	-3.8647449779979576e-005	-1	
0.0060000000000000001	-0.065760517857142861	-5.0630413906413695e-005	-1	
0.00080290948221094314	-0.065276577777951872	-5.4503884859321642e-007	-1	
0.00057663224123672687	-0.065439895611096324	-2.8424085604528534e-007	-1	
0.00026815468968046968	-0.065661696356627899	-6.2397712651498212e-008	-1	
0	-0.065760517857142861	0	-1	
0.0015105178571428574	-0.065000000000000002	-1.898887054240411e-006	-1	
0.0011381473214285716	-0.065000000000000002	-1.0686747755211395e-006	-1	
0.0016494080803189221	-0.06470600418959066	-2.188720195726252e-006	-1	
0.021523988560267861	-0.081600000000000006	0	-1	
0.021560636828539596	-0.081522688304073998	-2.418329586409249e-009	-1	
0.0218	-0.08141963037109376	0	-1	
0.021691047156554569	-0.081459463849748892	-1.8248132178389207e-009	-1	
0.021651476422991076	-0.081530586022456025	-1.2461156360296874e-009	-1	
0.0218	-0.063733565848214283	0	-1	
0.020590428167218285	-0.062458894531250003	-1.5415353195618923e-006	-1	
0.019032899485376446	-0.061645288121374577	-3.1824643833148308e-006	-1	
0.0068857674146755761	-0.065340090144354462	-3.5908514102967123e-005	-1	
0.0064646462861792982	-0.06535480711636972	-4.0030833191852847e-005	-1	
0.0062490623620778552	-0.065489564237992667	-4.4277615914718725e-005	-1	
0.0068787275099958557	-0.064918770747847049	-3.2370247978691323e-005	-1	
0.0069938716158974065	-0.063684040317764798	-2.2197380224486236e-005	-1	
0.0067310757606469044	-0.064552207119258964	-2.9380704722380688e-005	-1	
0.0075235050487624175	-0.062592420982808344	-1.6480380684201581e-005	-1	
0.01004567228556222	-0.060856248530205409	-1.0891548970611129e-005	-1	
0.0081958692345687461	-0.06161123580461661	-1.3020863462721048e-005	-1	
0.011322959336331428	-0.059999224902270727	-8.6298163262841746e-006	-1	
0.012979481909245659	-0.059365087735494197	-6.8168452682375309e-006	-1	
0.0060000000000000001	-0.067886529017857147	-4.1905339960422361e-005	-1	
0.0059466627837042344	-0.067840311383928584	-4.1479556338900167e-005	-1	
0.0060000000000000001	-0.067932746651785725	-4.0724081674987945e-005	-1	
0.015858643132299694	-0.060131818649171581	-5.4995943930251384e-006	-1	
0.015235825804801933	-0.058501161418554319	-4.5516277223455201e-006	-1	
0.017166549676116222	-0.061287813848053367	-5.0467086810806392e-006	-1	
0	-0.068021035714285721	0	-1	
0.00018910060827894418	-0.067743607963053079	-3.0054114319431678e-008	-1	
0.00015783061921831405	-0.067642263697752392	-2.1125137133843196e-008	-1	
0	-0.067609223214285724	0	-1	
9.0855189732142849e-005	-0.067959452516424934	-6.80220821136025e-009	-1	
6.7582031250000002e-005	-0.068000000000000005	-3.7481900514835386e-009	-1	
0.00011179107847790601	-0.067887381890356854	-1.0368564031100573e-008	-1	
0.00012751396536786662	-0.067808026322794132	-1.3593668864611463e-008	-1	
2.1035714285714294e-005	-0.068000000000000005	-3.6309732629867299e-010	-1	
0.0059598829022641285	-0.067909637834821429	-4.0262894657865791e-005	-1	
0.004675667410714286	-0.064648612741788528	-1.9247909251970774e-005	-1	
0.0039476967743199802	-0.063986004804891125	-1.145439459045207e-005	-1	
0.0035097615786888353	-0.063553581112963345	-8.0918176577397818e-006	-1	
0.00487232974250434	-0.064112905791824534	-1.7863536951939029e-005	-1	
0.0023420789692535447	-0.06412764563039941	-4.0734386330614248e-006	-1	
0.0025968523405020877	-0.063778639597050019	-4.6873252425340067e-006	-1	
0.0019573155464236761	-0.063930994186306392	-2.7416887876327023e-006	-1	
0.001609222760021068	-0.064063867086874532	-1.8853238615026857e-006	-1	
0.0015353282267995272	-0.064401521320362962	-1.8134035986680369e-006	-1	
0.0052342232142857147	-0.065000000000000002	-2.7509821941661387e-005	-1	
0.0050480379464285718	-0.064788176860860261	-2.3677632304586911e-005	-1	
0.0055820482285513558	-0.065331812687413143	-3.634894526115277e-005	-1	
0.0054204084821428576	-0.065000000000000002	-2.9997780565959397e-005	-1	
0.0055756291447978642	-0.065163417450838285	-3.4245663501530236e-005	-1	
0.005840950373807878	-0.065535880850091321	-4.4340710006632025e-005	-1	
0.0057407046585007046	-0.065388613194216044	-4.030957229668397e-005	-1	
0.0060000000000000001	-0.065390776785714283	-4.7014558369147848e-005	-1	
0.00054226101313261028	-0.06517689588404417	-2.4579780688432206e-007	-1	
0.00076577678571428586	-0.065000000000000002	-4.8247550866478484e-007	-1	
0.0003178885194357879	-0.065405451883248866	-8.5968117768991573e-008	-1	
0.00038331768124663722	-0.065264498447905842	-1.2360205273503637e-007	-1	
0	-0.065575647321428565	0	-1	
0.0001634380897109207	-0.065422595713278187	-2.2761242868311565e-008	-1	
0.0013243325892857143	-0.064713072128587262	-1.4035765322357517e-006	-1	
0.000710449258652852	-0.064629754933309441	-3.9612415604300335e-007	-1	
0.021608980468750004	-0.081600000000000006	0	-1	
0.0218	-0.081499297328404025	0	-1	
0.021755749836748016	-0.081555749836748029	-2.3130102550031832e-010	-1	
0.021693972377232151	-0.081600000000000006	0	-1	
0.0218	-0.061184223214285717	0	-1	
0.020111245224061703	-0.059726403315561984	-1.5850895650240964e-006	-1	
0.018116569907482706	-0.059980539019771191	-3.4452178937019202e-006	-1	
0.0065328296143829243	-0.065109884794164991	-3.6559371204996334e-005	-1	
0.0063060215620453809	-0.0651561261986838	-3.9141942216791056e-005	-1	
0.0061002833325526336	-0.065266728376190783	-4.3441970426461498e-005	-1	
0.0064879654397333808	-0.064859822148765692	-3.3651383098249128e-005	-1	
0.0064673067596480475	-0.063189572152723486	-1.8525881478055146e-005	-1	
0.0062648484471799241	-0.064223762909682694	-2.6195105083898881e-005	-1	
0.006356214581294083	-0.064667136361522687	-3.1424816481613001e-005	-1	
0.0062721774903375504	-0.0624533323159231	-1.4452615713113087e-005	-1	
0.0070153119659319852	-0.06146603770639536	-1.1793243093028724e-005	-1	
0.0077562201493121897	-0.060313918173135542	-9.4178471320982932e-006	-1	
0.009998092548312746	-0.059117447980663339	-7.497208575591181e-006	-1	
0.011450283722872972	-0.058466338667257561	-6.2194189959123592e-006	-1	
0.013007858963807567	-0.057566484890794599	-4.6441720256625593e-006	-1	
0.017102101477157804	-0.058722620214545697	-3.5257069125601463e-006	-1	
0.014480765901468056	-0.057178265460709893	-3.672822175877817e-006	-1	
0.016200313509974675	-0.057073739580359877	-2.8611554633776172e-006	-1	
0	-0.068000000000000005	0	-1	
0.00010078196385060581	-0.067731672440311072	-8.5529165727769488e-009	-1	
0	-0.067794093750000006	0	-1	
4.0117097735871719e-005	-0.067909637834821443	-1.3327447975648477e-009	-1	
4.4250163251984459e-005	-0.067955749836748028	-1.6133934454402107e-009	-1	
5.3337216295790558e-005	-0.06784031138392857	-2.371501654754968e-009	-1	
0	-0.067978964285714288	0	-1	
0.0052917170383359902	-0.064499910061929969	-2.3809178521750095e-005	-1	
0.004178427463209974	-0.063314362993271506	-1.0549732471920946e-005	-1	
0.0035709971540265357	-0.062670606415727109	-6.6117555596400183e-006	-1	
0.0025648505429081707	-0.062953451174998842	-3.7623288435466561e-006	-1	
0.005416770860924707	-0.063941903225884722	-2.0236906552010605e-005	-1	
0.0048703351825424238	-0.063154353362812887	-1.3138615489397186e-005	-1	
0.0053483835807110261	-0.063406008117968218	-1.6515494935890815e-005	-1	
0.0019840595108818575	-0.063540513202432369	-2.598595619796221e-006	-1	
0.0016513419337197883	-0.063746643385204249	-1.8771529100416843e-006	-1	
0.0013117818831081289	-0.064181908716970548	-1.275786545512379e-006	-1	
0.0013312777318497671	-0.063905274959045577	-1.2536419750149089e-006	-1	
0.0011592439674276689	-0.064413508605618439	-1.0306409624278218e-006	-1	
0.0053273158482142861	-0.064827392289153477	-2.706926752061814e-005	-1	
0.0057233118236245765	-0.065239928210789902	-3.7996954724941804e-005	-1	
0.0056065937500000005	-0.065000000000000002	-3.2535107997566733e-005	-1	
0.0055071322102535954	-0.064749125206172306	-2.8232512342120301e-005	-1	
0.0057299897697833321	-0.065101474997965453	-3.6018605352782705e-005	-1	
0.005842169380781673	-0.065357736302247602	-4.2301546678952155e-005	-1	
0.0058108993917210562	-0.065256392036946928	-4.0119213955576787e-005	-1	
0.0060000000000000001	-0.065205906250000001	-4.4060016417966733e-005	-1	
0.0058992180361493955	-0.065268327559688949	-4.2412961915979446e-005	-1	
0.00036169563546900488	-0.065158638383247161	-1.0905622083452849e-007	-1	
0.00039340625000000009	-0.065000000000000002	-1.2688915514929146e-007	-1	
0.00046167261038612987	-0.064791222724447026	-1.7037270378109219e-007	-1	
0.00023658699860420448	-0.065273017337677319	-4.7110495793937341e-008	-1	
0.00025774801403310337	-0.065188113086824442	-5.5493657867531383e-008	-1	
0	-0.065390776785714283	0	-1	
0.00010078196385061608	-0.065268327559688893	-8.5474535424621382e-009	-1	
0.00041881702913603179	-0.064575789101482983	-1.3653971154818049e-007	-1	
0.00066707808945135993	-0.064336359960653525	-3.3518464994185743e-007	-1	
0.0218	-0.081578964285714275	0	-1	
0.021778964285714287	-0.081600000000000006	0	-1	
0.0218	-0.058634880580357152	0	-1	
0.018573706974954758	-0.058430528820382535	-2.3780443076159385e-006	-1	
0.02025330777949574	-0.057483528422906958	-9.6280335992211006e-007	-1	
0.0063199337694312407	-0.065019024905879075	-3.6849774083882665e-005	-1	
0.0061274054086208687	-0.06511550574293308	-4.0346048208376632e-005	-1	
0.0061821453915172327	-0.065021187523483376	-3.7905841484033662e-005	-1	
0.006052339953699846	-0.065159688616071437	-4.2248276346629573e-005	-1	
0.0062592282372391384	-0.064895310911665199	-3.5099388306150076e-005	-1	
0.005764818035795133	-0.063021408818623156	-1.5985460614149724e-005	-1	
0.0058597486484011996	-0.063580266989564718	-1.9683028914951262e-005	-1	
0.0060425639516665354	-0.064618119843581207	-3.0452914301178759e-005	-1	
0.0058273272872121249	-0.064339965417572628	-2.5999987301065552e-005	-1	
0.006146732262485877	-0.06479975285511462	-3.3623254794757212e-005	-1	
0.0055129061839561885	-0.062513595176288711	-1.2812948303736245e-005	-1	
0.0057959059337849058	-0.061265916684054206	-9.4450813501383992e-006	-1	
0.0067265176431785013	-0.059410570452719649	-6.6205858151334234e-006	-1	
0.0086899530238944891	-0.058211041046593914	-5.7855375759821419e-006	-1	
0.010147219186120186	-0.057505059916468808	-5.0188784325334292e-006	-1	
0.01234023222559754	-0.055896140019633514	-2.8530185010606337e-006	-1	
0.018403346290345658	-0.056939919092509436	-1.7643613223215783e-006	-1	
0.015070029122837862	-0.055773652336449479	-2.1692092067210911e-006	-1	
0.017013379435974085	-0.055225493970754033	-1.2563290778269048e-006	-1	
0	-0.067886529017857147	0	-1	
0	-0.067932746651785725	0	-1	
0.0042677941796146349	-0.062124833553834954	-7.7917842676295279e-006	-1	
0.0033071698137226977	-0.061616081352277821	-4.3035342023846492e-006	-1	
0.0017407540494677842	-0.062900300291320252	-1.7334993368104908e-006	-1	
0.0022286097528811276	-0.061751492467375331	-2.0920577508039403e-006	-1	
0.0016096372894528438	-0.063426501630641036	-1.6748384628960582e-006	-1	
0.0013307337444321546	-0.063589114154584112	-1.1807159714353156e-006	-1	
0.0010728638103786252	-0.064041109289894052	-8.3379234346351425e-007	-1	
0.001058293698239253	-0.063749533515729956	-7.6938156628711234e-007	-1	
0.0058074964165632167	-0.065129806271930893	-3.7952118387708327e-005	-1	
0.005731552799816261	-0.064899012360549055	-3.270382098317897e-005	-1	
0.0057927790178571434	-0.065000000000000002	-3.5257711009263819e-005	-1	
0.0058463315433327154	-0.06469115702436716	-3.0525093299465162e-005	-1	
0.0058393253348214295	-0.065053669149959553	-3.7090753273355725e-005	-1	
0.0058724860346321276	-0.065191973677205875	-4.0454511812281774e-005	-1	
0.0060000000000000001	-0.06511347098214286	-4.2109289572966259e-005	-1	
0.0059466627837042093	-0.065159688616071437	-4.1684137211242947e-005	-1	
0.00027001023021666875	-0.065101474997965453	-6.0402338937806393e-008	-1	
0.00027001023021666875	-0.064898525002034552	-5.9050495703241857e-008	-1	
0.00020722098214285723	-0.065000000000000002	-3.5171167979200277e-008	-1	
0.00022944021171653251	-0.064682244634478525	-4.1466215297608733e-008	-1	
0.00012751396536778983	-0.065191973677205861	-1.3582831371656141e-008	-1	
0.00019250358343679325	-0.065129806271930865	-3.0785928581747289e-008	-1	
0	-0.065205906250000001	0	-1	
5.3337216295766584e-005	-0.065159688616071423	-2.3695024025474285e-009	-1	
0.00020249629630857033	-0.064555746645787782	-3.1740973428870093e-008	-1	
0.0003267324970457026	-0.064392259381735178	-8.0782432621540568e-008	-1	
0.00046892412443680397	-0.064193945340202105	-1.6199991254457802e-007	-1	
0.00079637336501113673	-0.06394739827737346	-4.4978465081990733e-007	-1	
0.0218	-0.081600000000000006	0	-1	
0.0218	-0.056085537946428579	0	-1	
0.020263553268812337	-0.055940262916935921	-6.0079320245309787e-007	-1	
0.0060836446441979372	-0.065040193431201335	-3.9103625435432639e-005	-1	
0.0060440102690804687	-0.065090362165178578	-4.0828353578758824e-005	-1	
0.0060902983266333099	-0.064980842283084386	-3.7558104346277389e-005	-1	
0.0061117963073697946	-0.064888203692630209	-3.537967673363981e-005	-1	
0.0059792761573613084	-0.06481771003108959	-3.3573963081475557e-005	-1	
0.0044389008404099031	-0.060640450365551525	-5.3243143168389555e-006	-1	
0.0051869283521227801	-0.059289345029100791	-4.7060006168102192e-006	-1	
0.006563708749043543	-0.056937401080552792	-3.1181600137416025e-006	-1	
0.0085414080796597392	-0.056047404559082289	-2.9060382867949777e-006	-1	
0.010425428628743745	-0.055585232966990715	-2.6079563522984261e-006	-1	
0.011607876033576657	-0.054354683400299433	-1.2335790855139686e-006	-1	
0.013637826813818999	-0.054334942349927771	-1.0624563503881171e-006	-1	
0.018732989330351453	-0.055153066668721162	-8.2317399186296511e-007	-1	
0.015395317536712241	-0.054017618263735426	-6.0374408378641077e-007	-1	
0.016661004638435235	-0.052757656209836315	4.1246881589723863e-007	-1	
0.018580344949835435	-0.053032749479806268	1.6867105554987958e-007	-1	
0.0025507481582063003	-0.059954236981774406	-1.7150220997615359e-006	-1	
0.0013338057710823683	-0.063258730972176325	-1.1105181420007394e-006	-1	
0.0012000747576741998	-0.062956607651960136	-8.4318957081017113e-007	-1	
0.001120730799734901	-0.062326267926912024	-6.316341097016412e-007	-1	
0.00085389357318872618	-0.061321207483852523	-2.842445561940154e-007	-1	
0.0012722759785238201	-0.060103896786357455	-4.3273525238890631e-007	-1	
0.0010545273777375858	-0.063435270099783753	-7.1907186021962497e-007	-1	
0.00080091813565780949	-0.063569163064829085	-4.2554555403561944e-007	-1	
0.0058882089215220946	-0.065112618109643153	-3.9298561094455683e-005	-1	
0.0058393253348214295	-0.064947305567069472	-3.4911476911923342e-005	-1	
0.0058837899300538069	-0.064870842313620211	-3.3900754993534058e-005	-1	
0.0058858716517857148	-0.065000000000000002	-3.6703966852698961e-005	-1	
0.0059091448102678579	-0.065040547483575073	-3.8095329541791886e-005	-1	
0.0060000000000000001	-0.065067253348214282	-4.0924418838682937e-005	-1	
0.0059598829022641285	-0.065090362165178564	-4.0463670441746704e-005	-1	
0.00016067466517857149	-0.065053669149959553	-2.1270298512642171e-008	-1	
0.00016067466517857149	-0.064946330850040451	-2.1020720053266028e-008	-1	
0.00015123432661977781	-0.064818881738163012	-1.8356851492956512e-008	-1	
0.00011412834821428575	-0.065000000000000002	-1.0668346793730733e-008	-1	
8.7435623472367611e-005	-0.064750219302441361	-6.0740856093303354e-009	-1	
0.00010247440758015583	-0.064637742606026782	-8.2111247274414057e-009	-1	
0.00011179107847792372	-0.065112618109643167	-1.0359315688760602e-008	-1	
0	-0.06511347098214286	0	-1	
4.0117097735871712e-005	-0.065090362165178578	-1.3312395210546923e-009	-1	
9.3419394555097925e-005	-0.06452469365412275	-6.7096373290489449e-009	-1	
0.00018420485658598805	-0.064412898708041802	-2.5646209588241999e-008	-1	
0.00022491326928059346	-0.064191574573396276	-3.7210772588078347e-008	-1	
0.00055105313298862567	-0.063709919784732755	-2.0626590062856974e-007	-1	
0.00027192356743754121	-0.063906553292410725	-5.178445244506177e-008	-1	
0.0218	-0.0548108666294643	0	-1	
0.020148197343251059	-0.054173530970982153	-2.0748691245079838e-007	-1	
0.0060257113204749092	-0.065044144531250001	-3.983626483978912e-005	-1	
0.0060337323061091276	-0.06501051785714286	-3.8707888976557258e-005	-1	
0.0060268904464657221	-0.064973109553534289	-3.7530429893240738e-005	-1	
0.0060191577169156204	-0.064909701673366696	-3.5770549360668973e-005	-1	
0.0059598065687986868	-0.064916066201015657	-3.5586117870922611e-005	-1	
0.0043274875954339787	-0.058006226806095906	-2.4549518914379223e-006	-1	
0.005043415316730364	-0.056630357953247043	-1.9498902991093107e-006	-1	
0.0068049770013081101	-0.05483117019194788	-1.337565155917933e-006	-1	
0.0088733219749045512	-0.053329289843072274	-1.9917066418378662e-007	-1	
0.010443403757617703	-0.053301140077881698	-1.477751801551335e-007	-1	
0.01188139262138882	-0.052670158904344608	5.4669611578037895e-007	-1	
0.013626516115531263	-0.052938569685673356	3.1051306683957694e-007	-1	
0.014483880626137081	-0.051836339834269246	1.3206014750689981e-006	-1	
0.01599173950497108	-0.051306175201561832	1.5867159416045822e-006	-1	
0.018416057420076119	-0.050504884277809831	1.4694969199572483e-006	-1	
0.020359320719923447	-0.052261523995535721	2.4947465236032656e-007	-1	
0.0017218944219986928	-0.058409253960137131	-5.0032626469953908e-007	-1	
0.00080827196184504865	-0.063267722338118421	-4.0874664779772755e-007	-1	
0.00082775944998583631	-0.062889997845278447	-3.9314831220388672e-007	-1	
0.00045710391103206537	-0.062249190848214286	-1.0414562942463599e-007	-1	
0	-0.061859223214285726	0	-1	
0	-0.060299352678571436	0	-1	
0	-0.058739482142857152	0	-1	
0.00055413949434245601	-0.063423062839136388	-1.9823336145544545e-007	-1	
0.0059091448102678579	-0.064955582265275591	-3.6007974734985268e-005	-1	
0.005932417968750001	-0.065000000000000002	-3.7444794832630719e-005	-1	
0.005955749836748017	-0.065044250163251979	-3.9153792346120426e-005	-1	
0.0060000000000000001	-0.065021035714285719	-3.9461090704736427e-005	-1	
9.0855189732142876e-005	-0.065040547483575073	-6.7918203149327495e-009	-1	
9.0855189732142876e-005	-0.064959452516424931	-6.7337143636595511e-009	-1	
7.0022865751524915e-005	-0.064891806329694837	-3.9694092717374483e-009	-1	
4.2967886166369462e-005	-0.06483272642299108	-1.4828790673173753e-009	-1	
6.7582031250000015e-005	-0.065000000000000002	-3.7410593715834443e-009	-1	
0	-0.064783980468750002	0	-1	
0	-0.06468648856026786	0	-1	
0	-0.064588996651785718	0	-1	
0	-0.065067253348214282	0	-1	
4.4250163251984459e-005	-0.065044250163251979	-1.6109008639148744e-009	-1	
0	-0.064394012834821435	0	-1	
0	-0.064199029017857151	0	-1	
0	-0.064004045200892867	0	-1	
0.00022334545837648248	-0.063614077566964286	-3.3260287229509093e-008	-1	
0	-0.063809061383928584	0	-1	
0.0218	-0.053536195312500007	0	-1	
0.0060000000000000001	-0.065000000000000002	-3.8564567533532389e-005	-1	
0.0059894821428571436	-0.064966267693890883	-3.7198423180274662e-005	-1	
0.005955691127232144	-0.064974237437235224	-3.708249138883916e-005	-1	
0.0034488957408373767	-0.056532953782923896	-9.994386025743603e-007	-1	
0.0043745744110131836	-0.05523099401016443	-8.9863834522429394e-007	-1	
0.0057973108605234493	-0.052965954956544631	5.1197263178980788e-008	-1	
0.0070767501632627043	-0.051804656676178604	9.9779511435297098e-007	-1	
0.010559431496254816	-0.0516115048629055	1.6472023237428347e-006	-1	
0.0091938088491509001	-0.050609804118402518	2.5469654507202242e-006	-1	
0.013002036454416215	-0.051689566202000742	1.5900222592369727e-006	-1	
0.014615859834584449	-0.049323074508217338	3.7886507693074195e-006	-1	
0.012758197050220833	-0.050220570969416907	3.1971715987079613e-006	-1	
0.016614648674445547	-0.049834204718557179	2.5987914000642582e-006	-1	
0.018004593137477654	-0.048627231039275264	2.7197008245410152e-006	-1	
0.019771908472232095	-0.049142330622205327	1.3477457488766418e-006	-1	
0.0218	-0.050986852678571434	0	-1	
0	-0.057179611607142855	0	-1	
0.0018569732008500925	-0.056399676339285713	-2.9962936479172377e-007	-1	
0.00054088930040651349	-0.063136495455744734	-1.7793908603579872e-007	-1	
0.00031980663833153483	-0.062834142299107137	-5.8879161184998119e-008	-1	
0	-0.062639158482142854	0	-1	
0.00028905089589021516	-0.063313406704634451	-5.2522575414371767e-008	-1	
0.0059789642857142862	-0.065000000000000002	-3.8234322482982369e-005	-1	
4.2840097860185799e-005	-0.064957159902139822	-1.4961243323210062e-009	-1	
0	-0.064881472377232144	0	-1	
0	-0.064930218331473222	0	-1	
2.1035714285714294e-005	-0.065000000000000002	-3.623933493255083e-010	-1	
0	-0.065021035714285719	0	-1	
0	-0.063419093750000002	0	-1	
0.003339365254538651	-0.05402098306859094	-2.7430999363034265e-007	-1	
0.0041727589729473194	-0.052242517731708557	2.8164140867920433e-007	-1	
0.0059077011318560465	-0.050532295490216789	1.5781276479352264e-006	-1	
0.0075607816055369174	-0.050145954717337009	2.615187096928585e-006	-1	
0.010808489569558204	-0.049840233200191507	3.7196254681713776e-006	-1	
0.008760457889438961	-0.047856770129380471	6.0064124860632653e-006	-1	
0.01040194439516787	-0.048098350813751162	6.0415938732443978e-006	-1	
0.015900862705803147	-0.048461759856612184	4.116172430410815e-006	-1	
0.014813082494416492	-0.047469113742741514	5.7131164816144008e-006	-1	
0.013356912234000658	-0.047688613784535157	6.1289633437145771e-006	-1	
0.011983980256437073	-0.048647496712372312	5.190200133914922e-006	-1	
0.019057853835878533	-0.047117471795555567	2.7297975634894981e-006	-1	
0.016188010178305973	-0.046941680372787321	5.3222508408778161e-006	-1	
0.0218	-0.048437510044642862	0	-1	
0.020703197086337749	-0.047207743118679944	1.1319849679111816e-006	-1	
0	-0.055619741071428572	0	-1	
0.0017474254814074462	-0.054059870535714288	-6.7620591603985293e-008	-1	
0	-0.063029126116071421	0	-1	
0	-0.064978964285714286	0	-1	
0	-0.065000000000000002	0	-1	
0.0024536308267873678	-0.05269763164139088	3.6122856988100057e-008	-1	
0.0042706750246679324	-0.050606728270555366	9.6923195029197039e-007	-1	
0.0027392910395650045	-0.0511900444837491	3.2057776437328484e-007	-1	
0.0072236583780279969	-0.048482139170250044	4.2874645644566624e-006	-1	
0.005029593330662204	-0.049258823804133038	2.0725180955884835e-006	-1	
0.0089095539935919559	-0.046204314524143968	8.9416484030636507e-006	-1	
0.0072093340151753484	-0.045648321258383626	8.9908770263957093e-006	-1	
0.010692731603914311	-0.046346279648814992	8.9651608577077349e-006	-1	
0.013434101932814954	-0.045947188307835764	8.5516731116805547e-006	-1	
0.015107923712480901	-0.045622360120692089	7.6410706630986823e-006	-1	
0.018317205232587442	-0.045732915093351825	4.2870816436907668e-006	-1	
0.019795216974730565	-0.045832652052409738	2.4683341525750913e-006	-1	
0.016796498081955279	-0.04534175351907517	6.1942760505235666e-006	-1	
0.0218	-0.04588816741071429	0	-1	
0	-0.054059870535714288	0	-1	
0	-0.052500000000000012	0	-1	
0.0012709289484622015	-0.051720064732142863	4.6746023273913651e-008	-1	
0.0029851368775303954	-0.049186175751264612	9.0121614285577142e-007	-1	
0.0014029387385729828	-0.050234759097129808	1.3964543441287064e-007	-1	
0.0058541542268635604	-0.046751706104758102	5.458326362221752e-006	-1	
0.0044689353733443357	-0.047817135175936699	2.7572774641212831e-006	-1	
0.0099361951946124374	-0.044739430798060219	1.2499147326253048e-005	-1	
0.0081853373016661946	-0.043734363853868821	1.5128787331919036e-005	-1	
0.0060996716905522717	-0.044249935691884436	1.1088618830962284e-005	-1	
0.0048378216343361626	-0.045330073789697653	6.2423295777355325e-006	-1	
0.011927779274642104	-0.045069969412704199	1.0887224767093974e-005	-1	
0.014023399390083471	-0.044306685504620351	1.0428752586875859e-005	-1	
0.015767423258139651	-0.043973898090637779	8.7348960076628266e-006	-1	
0.01790805227734589	-0.044216949567889102	5.663527187301551e-006	-1	
0.020637479397366373	-0.044457010942322676	1.7387799995396089e-006	-1	
0.019451031400590773	-0.043364245824242371	3.8412451014412845e-006	-1	
0.0218	-0.043338824776785717	0	-1	
0	-0.050940129464285722	0	-1	
0.0012385354343353873	-0.04860032366071429	1.9478037239143515e-007	-1	
0.0030805979809266069	-0.047169540620455794	1.747786900180365e-006	-1	
0	-0.049380258928571431	0	-1	
0.010082394174332123	-0.042725904343819468	1.7790677109458747e-005	-1	
0.012146968053538997	-0.043561707704267795	1.3691293665810341e-005	-1	
0.007497339567561833	-0.042320586094558139	2.0391353437458156e-005	-1	
0.0089149952599664965	-0.04176366314004723	2.2201231472389426e-005	-1	
0.0059814314640996447	-0.042468685592619994	1.798407729345244e-005	-1	
0.0043918827701203552	-0.043730041788735768	8.567918188905336e-006	-1	
0.0032065091878152874	-0.045642777445810315	2.9102714432745748e-006	-1	
0.013202448803958844	-0.042462227150814054	1.4280444400862296e-005	-1	
0.014708297234105357	-0.042407501093606408	1.201686444173013e-005	-1	
0.017221558849443451	-0.042792357194141067	7.6266212852055681e-006	-1	
0.0206416816822323	-0.042064153459821431	2.1571184355309737e-006	-1	
0.018965130387473432	-0.041669610626139185	5.2952413220491291e-006	-1	
0.0218	-0.040789482142857138	0	-1	
0	-0.047820388392857141	0	-1	
0.0014128075492246463	-0.047147086490076345	4.0576091646897725e-007	-1	
0.0014820452607503544	-0.045480582589285709	7.4204174024335421e-007	-1	
0.011741674919969863	-0.042092478458094315	1.7302345439356849e-005	-1	
0.010272100108133765	-0.041095086449921138	2.2337134189467402e-005	-1	
0.0077355659099942586	-0.040816206139480379	2.8400416616904369e-005	-1	
0.0062465051755663682	-0.040986687983209903	2.8190026729563434e-005	-1	
0.009236836427160465	-0.03982080843659902	2.908986513585708e-005	-1	
0.00543078724094633	-0.041404967078822213	2.3281115191251434e-005	-1	
0.0049238032616909753	-0.041906432337797846	1.77181663250458e-005	-1	
0.0030947119969757979	-0.043395296720288613	5.3905144007262283e-006	-1	
0.003793088556189486	-0.041927283810452007	1.2296778012592011e-005	-1	
0.0021103072362425208	-0.04419390978786384	2.1533444189925106e-006	-1	
0.013859886816491231	-0.041106369600925542	1.5135012071626132e-005	-1	
0.012446445610957445	-0.040462221049377606	1.9063175304767092e-005	-1	
0.015372415986219225	-0.041047287328308334	1.2233890306939676e-005	-1	
0.016874818194001676	-0.041307530640799041	9.241488954235492e-006	-1	
0.019739146593511166	-0.039766104307458264	4.2485670252473628e-006	-1	
0.017700770535890052	-0.040025835784534565	8.2374567773729644e-006	-1	
0.0218	-0.038240139508928572	0	-1	
0	-0.046260517857142858	0	-1	
0	-0.044700647321428574	0	-1	
0.00087248715132155481	-0.043920712053571433	4.1289271432600682e-007	-1	
0.010949914182707505	-0.039599719128929969	2.44095133193953e-005	-1	
0.0074358764895549479	-0.039786558535082325	3.5193594338413838e-005	-1	
0.0064134940655452026	-0.040110166503219483	3.5573975331356931e-005	-1	
0.0057343158041726783	-0.040274667052500331	3.5173701193929956e-005	-1	
0.0054204048868020573	-0.0406919506919814	3.0033459858700353e-005	-1	
0.010282413856301855	-0.038006621770711076	2.9376730499927534e-005	-1	
0.0081935723544455004	-0.038152383902755126	3.9004211738303921e-005	-1	
0.0048051538086778022	-0.041062793190851481	2.3393421391097757e-005	-1	
0.0043466966967791541	-0.0412797324768625	1.8823100131412923e-005	-1	
0.001828412690361802	-0.042958041255349591	2.3497669560495662e-006	-1	
0.0024905526599070388	-0.042199597020956568	5.3955839767015796e-006	-1	
0.0038805528727819507	-0.041079843726266871	1.6892542815163098e-005	-1	
0.0030936950748006956	-0.041422893766670542	1.0109993544088943e-005	-1	
0.015204489738200972	-0.039542948277614572	1.368449213987684e-005	-1	
0.013679157663579088	-0.039563618690619619	1.7115791392571116e-005	-1	
0.012711543384951977	-0.038047258364380561	2.0982136124003704e-005	-1	
0.016609701663350782	-0.038972412782573275	1.084901362215162e-005	-1	
0.019634956391716286	-0.038236840830456975	4.5662548628141001e-006	-1	
0.018124144913982714	-0.038495589857486322	7.6975554846487295e-006	-1	
0.0218	-0.035690796875	0	-1	
0.020491177154330856	-0.036965468191964286	2.7532279333530659e-006	-1	
0	-0.043140776785714291	0	-1	
0.00084316051390854367	-0.042750809151785724	5.5487949828728947e-007	-1	
0.0066413654553983932	-0.039066322355368069	4.3320646511331997e-005	-1	
0.0057611816205010817	-0.039859503351808538	4.0282441282330953e-005	-1	
0.0053244907140424826	-0.040346263602409352	3.4151839690468611e-005	-1	
0.0054375819551600669	-0.039983065109246763	3.9611674511118187e-005	-1	
0.0051450163231618338	-0.040462037161607213	3.1899815589580952e-005	-1	
0.0049278100012544188	-0.040636906563025474	2.8481018042926013e-005	-1	
0.010881732411450176	-0.036449098985295539	2.7607141901840669e-005	-1	
0.0092323348057344167	-0.036195036993071639	3.5534016114511847e-005	-1	
0.0062450063616976146	-0.037755039988576315	5.2805600528382813e-005	-1	
0.0070662837735350368	-0.036662431131848812	4.942220492031838e-005	-1	
0.0046640203542880586	-0.040642667841234943	2.6512031380987493e-005	-1	
0.0042436647194923653	-0.040783113922112688	2.1797015867826216e-005	-1	
0.001432208634267752	-0.04203246611421408	1.9336272236132084e-006	-1	
0.0021457240604541719	-0.041687886489764923	4.7099291047382791e-006	-1	
0.0025453694110400961	-0.041217739678132539	7.4391153474166279e-006	-1	
0.0040106694101386068	-0.040629323497418997	2.086033955559914e-005	-1	
0.0035461376590198608	-0.040693425307825368	1.6280041485222396e-005	-1	
0.003007886791800524	-0.040546591871661881	1.2485422188483898e-005	-1	
0.014325854626986451	-0.038182007948998162	1.6327088341242041e-005	-1	
0.014138320714539819	-0.036572974304727182	1.6791069390145189e-005	-1	
0.012325560983226116	-0.035612188588086194	2.1497036330881508e-005	-1	
0.016900448990462429	-0.037483924523478609	1.0285597618673111e-005	-1	
0.018715923615942535	-0.036533867587149257	6.2652772773206304e-006	-1	
0.0218	-0.033141454241071427	0	-1	
0.019815998022603469	-0.034495563846858535	3.570663117746255e-006	-1	
0	-0.042360841517857149	0	-1	
0.00058258238302070337	-0.041542715398852216	3.6931193081279813e-007	-1	
0.0057132138719330084	-0.039132075765792321	4.8205388397478997e-005	-1	
0.0058403243294896327	-0.038592907117469516	5.160214454790179e-005	-1	
0.0054247018677816708	-0.039777249918324431	4.27631740809119e-005	-1	
0.0054312416154480118	-0.039506582409067424	4.6254625807731998e-005	-1	
0.0051962666136601008	-0.040143689825017759	3.7253605751835089e-005	-1	
0.005103856642285084	-0.040252465086507871	3.5046222469724991e-005	-1	
0.0052267022426539193	-0.039834886173533632	4.29111272870972e-005	-1	
0.005179855389372252	-0.039980999335064819	4.0380058310769072e-005	-1	
0.0049575827574713013	-0.040359649503933774	3.2417559727650837e-005	-1	
0.0047753248395355496	-0.040403440999645129	3.0370287128375748e-005	-1	
0.010845734969378337	-0.03472310284639267	2.5452445046734752e-005	-1	
0.0093565683965137238	-0.0338497521690551	2.9542981869387661e-005	-1	
0.0077371163679316726	-0.034559629955569972	4.1961124483222951e-005	-1	
0.0055860135908770573	-0.037806125268700336	5.8179918733521484e-005	-1	
0.0057148413574376411	-0.036867111607142858	5.9782170978131634e-005	-1	
0.0061389954334848717	-0.035658226453807139	5.6591037321016138e-005	-1	
0.0042699198079103173	-0.04052574965823396	2.4251584555912158e-005	-1	
0.0045097047092069508	-0.04042864716032666	2.7514166107102378e-005	-1	
0.0010114985774138854	-0.041146619864536632	1.2390780952826898e-006	-1	
0.0019728135808852521	-0.041095555166274188	4.6455222262222553e-006	-1	
0.002399957551571488	-0.040650637725474767	7.8034528711566263e-006	-1	
0.0038919155071226569	-0.040376665983327696	2.1476626240458347e-005	-1	
0.0035134595802289591	-0.040310646518584854	1.8010360943473544e-005	-1	
0.0025000000000000001	-0.040000000000000001	9.9316350867699152e-006	-1	
0.0031197410714285719	-0.040000000000000001	1.5478756046790643e-005	-1	
0.015743211985440878	-0.036349774289946318	1.2604139413888659e-005	-1	
0.015206042864153496	-0.034821067786673716	1.2545786578767463e-005	-1	
0.012386388246020225	-0.033834865057404434	1.8168349047421049e-005	-1	
0.017529190372581306	-0.034863472272521318	7.9707019963540994e-006	-1	
0.0218	-0.030592111607142859	0	-1	
0.020084809427532293	-0.032758912717272409	2.5517292269993329e-006	-1	
0.020207769557068135	-0.031093991648358334	1.8532460936581792e-006	-1	
0.018478135757238598	-0.033470823129120392	5.3525283043420448e-006	-1	
0	-0.041580906250000008	0	-1	
0.00048511539729545488	-0.040967075788669677	2.9282328633658072e-007	-1	
0.0053726651529924481	-0.038889815848214285	5.3262496838050511e-005	-1	
0.0052683596978168731	-0.039279955254078819	5.033275550304783e-005	-1	
0.0053487375366758601	-0.038423037946428568	5.6982319737883581e-005	-1	
0.0052418237550453861	-0.039681953615419832	4.5319331915622399e-005	-1	
0.0051757187959356717	-0.039543219474526763	4.7910850986111236e-005	-1	
0.0051098621620859139	-0.040109862162085917	3.7793505849308197e-005	-1	
0.004980993974556972	-0.040179826080453923	3.572696167541516e-005	-1	
0.0051019334255418079	-0.039745575334821433	4.5500043887727235e-005	-1	
0.0050776932892062417	-0.039871492394691524	4.3273000453318464e-005	-1	
0.0050844817276937751	-0.039961495636699249	4.1208300091996807e-005	-1	
0.0050902983266333211	-0.040019157716915617	3.9786748880822421e-005	-1	
0.0048352130558877333	-0.040225820490443445	3.357853213773158e-005	-1	
0.0046833140964088905	-0.040240132497428645	3.1724695544223322e-005	-1	
0.011062060917459329	-0.032647963201545727	1.8072686648811875e-005	-1	
0.007950477599411249	-0.032777623438459046	3.1076526979823601e-005	-1	
0.0090465064510009564	-0.03210894404217534	2.1298987375097829e-005	-1	
0.0065562251681019479	-0.03352271189127929	4.5842281490282234e-005	-1	
0.0061761618781851248	-0.034377629464285714	5.3385096293633072e-005	-1	
0.0050000000000000001	-0.038111852678571423	6.2201740516570884e-005	-1	
0.0050000000000000001	-0.03748948214285714	6.4815384315516702e-005	-1	
0.0050000000000000001	-0.036244741071428568	6.7040934386524529e-005	-1	
0.0050000000000000001	-0.034999999999999996	6.6126115988836669e-005	-1	
0.0042832888794807509	-0.040267395324198284	2.6760553967732771e-005	-1	
0.004545405508152852	-0.040174868811354944	3.0962171875373023e-005	-1	
0.0013343662956552356	-0.040693771364474933	2.4012647527628589e-006	-1	
0.00089456376374903366	-0.040602890541395355	1.1022982172247627e-006	-1	
0.0017842629411793281	-0.040687019692919525	4.2280569380523006e-006	-1	
0.0018802589285714286	-0.040000000000000001	5.6197318793526798e-006	-1	
0.0037394821428571434	-0.040000000000000001	2.2324327186060033e-005	-1	
0.0040493526785714291	-0.040000000000000001	2.618835972433546e-005	-1	
0.0021699347388873711	-0.03942925512746704	8.5178935243741836e-006	-1	
0.0028098705357142862	-0.0394172567715644	1.4410328330438085e-005	-1	
0.0034296116071428576	-0.039644259907172637	2.0562541975206305e-005	-1	
0.014170408308318687	-0.033258111012590061	1.2623633059032039e-005	-1	
0.0158195494080027	-0.033289960194852683	9.5854235123682843e-006	-1	
0.013069376766014386	-0.031740513452713212	1.0720433244664008e-005	-1	
0.017194541065835612	-0.032378873657816991	6.3369910842279805e-006	-1	
0.0218	-0.02804276897321429	0	-1	
0.020523003456123498	-0.029317440290178576	9.2341962679059563e-007	-1	
0.018731184182069451	-0.031872950562235998	3.9171250811180213e-006	-1	
0.018290172373438947	-0.03000768457332241	2.8348587005289719e-006	-1	
0	-0.040800970982142859	0	-1	
0.00026112725534179474	-0.040516272514497229	9.5679134140086665e-008	-1	
0.00055703575712069209	-0.040468857220586282	4.405657609025368e-007	-1	
0.0050000000000000001	-0.039045408482142857	5.5500151320894157e-005	-1	
0.0050000000000000001	-0.038734223214285712	5.82362672216136e-005	-1	
0.0050000000000000001	-0.039356593750000002	5.2211061796103599e-005	-1	
0.0050000000000000001	-0.039667779017857147	4.7906567107287385e-005	-1	
0.0050191577169156213	-0.040090298326633321	3.7881128511119734e-005	-1	
0.004961511344505733	-0.040084473487089788	3.7568237092975315e-005	-1	
0.004871821077727244	-0.040077404134419826	3.6708678602841076e-005	-1	
0.0050000000000000001	-0.039823371651785719	4.5097249572914091e-005	-1	
0.0050306344952477048	-0.039940066127232145	4.2082136698785498e-005	-1	
0.0050000000000000001	-0.039901167968749998	4.3391549688797483e-005	-1	
0.0050337323061091267	-0.039989482142857143	4.068595007207696e-005	-1	
0.0050268904464657229	-0.040026890446465721	3.9567358112784458e-005	-1	
0.0047465613839285719	-0.04010128759094625	3.4638155933089001e-005	-1	
0.011261319959555892	-0.031157386208771905	1.0870741281318151e-005	-1	
0.0077757894207538154	-0.031925396752434311	2.4921329270269004e-005	-1	
0.0065558669144210446	-0.0325871200825123	3.8887997024533472e-005	-1	
0.0081421036471951772	-0.03119764444983502	1.6687417604432657e-005	-1	
0.0090286966200752144	-0.030155120519942614	6.4800651561003542e-006	-1	
0.0057057136743198225	-0.033132888392857135	5.1183070661710039e-005	-1	
0.0050000000000000001	-0.033755258928571424	6.2056722819961061e-005	-1	
0.0046520355083856857	-0.038423037946428568	5.0929572830733429e-005	-1	
0.0044085774408921859	-0.037800667410714285	4.7827237319210197e-005	-1	
0.0040586854922333776	-0.036777304247667425	4.1878966193004342e-005	-1	
0.0040265741244334208	-0.035622370535714279	4.1468798824405194e-005	-1	
0.0038238027818315217	-0.034377629464285707	3.5499299748640534e-005	-1	
0.0043592232142857148	-0.040000000000000001	3.0517884665976312e-005	-1	
0.0046690937500000005	-0.040000000000000001	3.5112265554874292e-005	-1	
0.0015194472318245341	-0.0403232543608694	3.392954969874204e-006	-1	
0.0011055825892857143	-0.040307321358944395	1.805332467280192e-006	-1	
0.0007641594591930829	-0.040263943932474587	8.7035382606443058e-007	-1	
0.0015703883928571429	-0.039653322000446217	4.2096403606192101e-006	-1	
0.0012605178571428572	-0.040000000000000001	2.5127222790566099e-006	-1	
0.0038944174107142858	-0.039725045595973313	2.6313114201556832e-005	-1	
0.0041718058623672963	-0.039574511518737684	3.1859032581055395e-005	-1	
0.0025895082500077991	-0.038550478572590738	1.4051196616557785e-005	-1	
0.0013773581350983233	-0.039082524271214829	3.5818058739008629e-006	-1	
0.0032634538167439255	-0.03913840829309697	2.0716075327320719e-005	-1	
0.0030820134932787093	-0.038666156116895896	1.9866718696111134e-005	-1	
0.0037917192357790467	-0.039204965890896643	2.8142207198300657e-005	-1	
0.015246556066988812	-0.031319152286166406	7.1000696179690017e-006	-1	
0.013799638010125065	-0.030049343882454803	5.1927221489441789e-006	-1	
0.011970491427215679	-0.029831264130416688	4.5154234433133027e-006	-1	
0.016811306794486763	-0.030763078313108566	4.7572556719156773e-006	-1	
0.0218	-0.025493426339285717	0	-1	
0.02008168960416444	-0.027598322738669457	5.3893737433235507e-007	-1	
0.018523988933549295	-0.027758661638538417	1.0419356899242335e-006	-1	
0.016974146903302862	-0.027982558095249254	1.3768944832553191e-006	-1	
0.015985532295499823	-0.029285400417746067	3.0721752919105403e-006	-1	
0	-0.040411003348214292	0	-1	
0.00029340885506906779	-0.040326340877536254	1.2625778191447751e-007	-1	
0.00010610529212157772	-0.040281246490892195	1.6670931923722938e-008	-1	
0.0004858415178571429	-0.040177753404367106	3.5837454456085838e-007	-1	
0.0047514902413636163	-0.039327854128560782	4.6064194777820966e-005	-1	
0.0046462089519194024	-0.038889815848214285	4.760456703411797e-005	-1	
0.004831079339456288	-0.039565022088966013	4.5056123640698296e-005	-1	
0.0049116628452421113	-0.039745575334821433	4.426965393135078e-005	-1	
0.0049894821428571427	-0.040033732306109127	3.9166355932275621e-005	-1	
0.0049402304687500009	-0.040030583252957837	3.8644783863722207e-005	-1	
0.0048240290178571434	-0.040000000000000001	3.7538820851005154e-005	-1	
0.0049014966517857148	-0.040000000000000001	3.8786685319591926e-005	-1	
0.0048962317323784687	-0.039862269810267859	4.1753472524979639e-005	-1	
0.0050000000000000001	-0.039978964285714284	4.1272196151556437e-005	-1	
0.0049557498367480161	-0.039955749836748017	4.0928496033202609e-005	-1	
0.0050000000000000001	-0.040000000000000001	4.0442419341936436e-005	-1	
0.010485908199867828	-0.029868875230867037	4.4206233754801883e-006	-1	
0.0069112843602752603	-0.031828251065230358	2.8786067173837871e-005	-1	
0.0073275536703795762	-0.031179815773450938	1.9228675536353703e-005	-1	
0.0055880258012598301	-0.032199332589285715	4.4011235518371281e-005	-1	
0.0060917357390811748	-0.031653483208612318	3.2483227712776553e-005	-1	
0.0077067004761278649	-0.030508998238013278	1.0199075456541023e-005	-1	
0.0094542708928220497	-0.028273164688580189	-7.1535990894159296e-006	-1	
0.0076275786048213105	-0.028894507184939223	-9.1036251239191215e-006	-1	
0.0050000000000000001	-0.032510517857142852	5.3812592719774004e-005	-1	
0.0042943393317948549	-0.033132888392857135	4.0835156939717249e-005	-1	
0.0041214861145701014	-0.038622224055110385	3.7636045318015959e-005	-1	
0.0037226088888854172	-0.037805287251369155	3.2924217132736296e-005	-1	
0.002973192390821488	-0.036229571650806626	2.1910308858706187e-005	-1	
0.0028946825252865096	-0.037442890434923298	1.9703763900883709e-005	-1	
0.0030199695094297648	-0.032987925830507706	1.8341938032975588e-005	-1	
0.0017043251121068694	-0.034328022631876794	6.5771714072732821e-006	-1	
0.00454634679972599	-0.039762076467745884	3.6421377473410807e-005	-1	
0.0047825654307766972	-0.039888073211141802	3.8906638917210415e-005	-1	
0.00095064732142857147	-0.040000000000000001	1.4283247837575966e-006	-1	
0.00064077678571428575	-0.040000000000000001	6.4790434966804353e-007	-1	
0.0011055825892857143	-0.039640635423098938	2.0822060036734077e-006	-1	
0.0045865756794991599	-0.039515966470694511	4.019382714578022e-005	-1	
0.0043673810639674555	-0.039157457740180125	3.9103015813967481e-005	-1	
0.0033699199818196836	-0.038211618524705428	2.5452543057007867e-005	-1	
0.0016285072985811782	-0.038102498663030872	5.7976283547951805e-006	-1	
0.00086486640154252064	-0.038766108997025504	1.5081835087812432e-006	-1	
0.00082568126658977346	-0.039367133894930802	1.2282916225488609e-006	-1	
0.0035864923188252619	-0.038704153794206247	2.7300386222930831e-005	-1	
0.014095843839676596	-0.028231213494787903	7.3559140350408608e-007	-1	
0.012785474781866098	-0.02740416518495797	-2.5556012469351276e-006	-1	
0.011055849707555994	-0.02849753696785029	-1.9792808879745911e-006	-1	
0.0218	-0.024218755022321431	0	-1	
0.020325243028921205	-0.025335512821752521	1.1995631760550619e-007	-1	
0.019076379578834849	-0.02613562836703557	2.7025413018235039e-007	-1	
0.017557449936355891	-0.026526613624477915	2.864271224712374e-007	-1	
0.015558163308832675	-0.027164177120249391	7.8096756354304713e-008	-1	
0	-0.040216019531250008	0	-1	
0.00025343861607142861	-0.04013787733094408	9.8300296099853818e-008	-1	
5.5875179824982056e-005	-0.04016727357700893	4.7547154166466604e-009	-1	
0.00033090625000000004	-0.040000000000000001	1.7287064132799994e-007	-1	
0.0047356727701368213	-0.039715862821286051	4.074644400068666e-005	-1	
0.0049789642857142862	-0.040000000000000001	4.0096425339076985e-005	-1	
0.0048907538652169539	-0.039931444933148805	4.0151740683276054e-005	-1	
0.0065656216567515566	-0.031064889393674421	2.0513772736005478e-005	-1	
0.0064518953544081496	-0.030317843966605397	8.3201073450777983e-006	-1	
0.0050000000000000001	-0.03188814732142857	4.7248676220515746e-005	-1	
0.0053529395827073625	-0.031576962053571425	3.8656105109874455e-005	-1	
0.0058168031252406882	-0.030963492407450201	2.3611677789691781e-005	-1	
0.010268425120606346	-0.027084964796463419	-9.8915173531896708e-006	-1	
0.00802150559944248	-0.02698085867725392	-2.2404645447336201e-005	-1	
0.0091787840081140829	-0.026303004780869534	-1.8006989222683046e-005	-1	
0.0061077788028305151	-0.028344007236852074	-2.5459435424220827e-005	-1	
0.0065311569901518188	-0.027413218852806568	-3.1193712664548398e-005	-1	
0.0060825598511258482	-0.029369647881685505	-9.540213779307106e-006	-1	
0.0044117089360164426	-0.032199332589285715	3.6861877782619958e-005	-1	
0.0033381257787435687	-0.031955825603519936	1.7393025509603193e-005	-1	
0.0017332758031532352	-0.036758540178507423	7.1241288592031675e-006	-1	
0.0020259638592275524	-0.032314021213835857	6.4829337024864128e-006	-1	
0.0026951484448156536	-0.031957903711213737	1.0772003458928617e-005	-1	
0.0015383087248948767	-0.032967931683437542	4.3129323955126554e-006	-1	
0	-0.034999999999999996	0	-1	
0.00092799146005489302	-0.033671937028073272	1.7670543928587099e-006	-1	
0.00066860553187778071	-0.039753347937364195	7.4521716505727148e-007	-1	
0.00043312138891458312	-0.039831826581136993	3.0797355008344724e-007	-1	
0	-0.03748948214285714	0	-1	
0	-0.038734223214285712	0	-1	
0.00044073145829122624	-0.039193748977168333	3.6495883148794106e-007	-1	
0.00047693627988150135	-0.039595631175557734	3.9282970194900182e-007	-1	
0.014611316157008917	-0.02562131441555255	-2.4192476433673567e-006	-1	
0.012892993810535696	-0.025858359365026607	-5.0535300110624472e-006	-1	
0.011562546518984539	-0.026452575757575959	-7.5359539608258997e-006	-1	
0.0218	-0.022944083705357145	0	-1	
0.019783407835502448	-0.023954839281070995	-1.6724977208289212e-008	-1	
0.017936333415242148	-0.024852609283943713	-2.2515569601358928e-007	-1	
0.016343674962157075	-0.025533252138236796	-8.2948465602750156e-007	-1	
0	-0.040118527622767866	0	-1	
0.0001105328650736251	-0.040070132670442259	1.9025003509722574e-008	-1	
0.00017597098214285721	-0.040000000000000001	4.8978358993531595e-008	-1	
4.3553424597627153e-005	-0.040094154645647334	2.9443984210863494e-009	-1	
0.00025343861607142861	-0.03991210319403761	1.0368044935273904e-007	-1	
0.0057814949513458206	-0.030421263893070528	1.2651736026230391e-005	-1	
0.0058415204632971396	-0.030021913444493505	3.0822838318320506e-006	-1	
0.0046474578769874243	-0.031576962053571425	3.4948233493529915e-005	-1	
0.0050000000000000001	-0.03126577678571428	3.8410293355596359e-005	-1	
0.0052936014804669225	-0.031110184151785712	3.1708845447739604e-005	-1	
0.0054171193462673782	-0.030595373804584512	1.9427848968691773e-005	-1	
0.010348485946486442	-0.025646821425862026	-1.3565293942947664e-005	-1	
0.0065495352020153719	-0.026489556888414496	-3.704009150612881e-005	-1	
0.0076756773094818938	-0.025421906078266634	-3.0343316282299356e-005	-1	
0.009081551627563	-0.024759042249235291	-2.0435190291284571e-005	-1	
0.0055894511330699011	-0.02889173953820515	-2.262180295561945e-005	-1	
0.0053578265415972813	-0.028423037946428573	-3.294964041475058e-005	-1	
0.00558484852017559	-0.027800667410714283	-3.7773326882210006e-005	-1	
0.0057063616626405441	-0.026867111607142856	-4.4058504928681004e-005	-1	
0.0056492645370759776	-0.029681435338099128	-5.4352351897968333e-006	-1	
0.0055488457263877687	-0.02937991823754681	-1.3412049733509082e-005	-1	
0.0039670340077058597	-0.031654432018279693	2.379299490610505e-005	-1	
0.0036842851794645485	-0.03135040234416088	1.6927056141142373e-005	-1	
0.0030436490580125638	-0.031321433082036644	1.0467825000209895e-005	-1	
0.0021808689046305808	-0.031571975317565809	5.7433413105440271e-006	-1	
0.0012773098806980864	-0.032195088856192794	2.4396720604106894e-006	-1	
0.0025771615856761275	-0.031325840999493586	7.1782872080611428e-006	-1	
0.00093772620360230608	-0.032740263306320051	1.5535521026744705e-006	-1	
0	-0.033755258928571424	0	-1	
0.00028340451871565334	-0.039737945868078356	1.3480764999491677e-007	-1	
0	-0.039356593750000002	0	-1	
0.00024210998048479569	-0.03954498906463369	1.0259698127096334e-007	-1	
0.01531312948892357	-0.024035035738394203	-1.8839147943364421e-006	-1	
0.013606657921780341	-0.02340683899875675	-3.8950270137399642e-006	-1	
0.01168326744517169	-0.025000470535923379	-8.6352024461623098e-006	-1	
0.0218	-0.020394741071428569	0	-1	
0.020120375664450806	-0.021669412388392859	1.1180435969751628e-007	-1	
0.018649122973122694	-0.022005052461255635	5.40934143931273e-008	-1	
0.01767369489469011	-0.02315647714574736	-3.7593004647104779e-007	-1	
0	-0.040069781668526788	0	-1	
9.8503348214285736e-005	-0.040000000000000001	1.5337973248667376e-008	-1	
4.4250163251984459e-005	-0.040044250163251985	3.0664378706289115e-009	-1	
0.00013723716517857146	-0.03989712635808082	3.039724351537171e-008	-1	
0.00011269312707613702	-0.039783622451477964	2.1130930687737221e-008	-1	
0.005466932999908739	-0.030168015750783598	7.4488385686684927e-006	-1	
0.0054502777148306139	-0.029929227073308758	4.1106920247236826e-007	-1	
0.0043282519324140591	-0.03113133054452695	2.2967527917692016e-005	-1	
0.0047043842314645938	-0.031110184151785708	2.9218264074576388e-005	-1	
0.0050000000000000001	-0.030954591517857136	3.2682846781910531e-005	-1	
0.005177091282913748	-0.030798998883928574	2.6774069477946167e-005	-1	
0.0051439252186612737	-0.030565609933035712	2.1641615870642443e-005	-1	
0.0052092553926431683	-0.03041561425353994	1.6590163716770723e-005	-1	
0.0098790808365969429	-0.023200747574273383	-1.3979096718369077e-005	-1	
0.0061423026057891182	-0.025660309762578808	-4.4143140710862674e-005	-1	
0.0079437601621444379	-0.023710850942202679	-2.6409217629607671e-005	-1	
0.0061761618781851161	-0.024377629464285712	-4.4151255655840517e-005	-1	
0.005274193442842536	-0.028889815848214283	-2.6756951174998265e-005	-1	
0.0052785845441806331	-0.029270327976294707	-1.8984783406970087e-005	-1	
0.0050000000000000001	-0.028111852678571428	-4.2037258232535965e-005	-1	
0.0050000000000000001	-0.028734223214285714	-3.3523933941582156e-005	-1	
0.0050000000000000001	-0.027489482142857138	-4.8298689037819305e-005	-1	
0.0050000000000000001	-0.02624474107142857	-5.5547257892751196e-005	-1	
0.0053346546103847257	-0.029726347402100162	-6.4157779705597905e-006	-1	
0.0051757187959356847	-0.029543219474526716	-1.3429924358544214e-005	-1	
0.0039350998329310801	-0.031019535373577392	1.6194916058207887e-005	-1	
0.0035623208647831352	-0.030953532531047153	1.183433163186597e-005	-1	
0.0027483562736747643	-0.030875470406722318	5.8309705413029518e-006	-1	
0.0032613081541927502	-0.030723941846613857	7.5408837581293612e-006	-1	
0.0014137070472503711	-0.031295959024754891	1.9731681829515221e-006	-1	
0.0021856119530601812	-0.031072229334183289	4.2999761070945121e-006	-1	
0.0005914225591078146	-0.032199332589285715	5.4373172668774266e-007	-1	
0.00087851388542969336	-0.03137777594488958	7.84787624559324e-007	-1	
0	-0.032510517857142852	0	-1	
0	-0.039667779017857147	0	-1	
0.01533680135125977	-0.022216762932654389	-1.1355565746344093e-006	-1	
0.011851755020644094	-0.023527031341701796	-7.5792702885684339e-006	-1	
0.012873092530389839	-0.021808085669355014	-2.8140221850442278e-006	-1	
0.0218	-0.0178453984375	0	-1	
0.020285748208421776	-0.019120069754464286	4.4644084426269044e-007	-1	
0.01834864446852055	-0.020526217984877838	5.0261423805094378e-007	-1	
0.016572997633341545	-0.020890952973624026	2.6068464050037791e-007	-1	
0	-0.040021035714285717	0	-1	
4.4250163251984459e-005	-0.039955749836748017	3.1266888317746218e-009	-1	
2.1035714285714294e-005	-0.040000000000000001	6.9957233681236219e-010	-1	
6.8377516490289407e-005	-0.039890961509042706	7.5784854367123809e-009	-1	
0	-0.039823371651785719	0	-1	
0.0052308158517043535	-0.030207336525636671	9.9068514428989787e-006	-1	
0.0052527320429007528	-0.030061172964278939	4.6073389562725339e-006	-1	
0.0052127482834825982	-0.029925514946475856	-4.9759872214240607e-007	-1	
0.0043159655172276537	-0.030871184222247789	1.8719587537424523e-005	-1	
0.00462570972339815	-0.03090015628363731	2.3959580306046409e-005	-1	
0.0048258810602639065	-0.030798998883928574	2.5671815298298866e-005	-1	
0.0050000000000000001	-0.030643406249999998	2.5774479933780611e-005	-1	
0.0050000000000000001	-0.030487813616071426	2.1659330740619046e-005	-1	
0.0050000000000000001	-0.030332220982142853	1.6960998978751284e-005	-1	
0.0050844796746732117	-0.030228068852984138	1.2125189149934581e-005	-1	
0.011150086943343596	-0.021654715544996872	-5.1426215682658176e-006	-1	
0.0094703450167335813	-0.021241511348470899	-6.8595556631790104e-006	-1	
0.0077662362358494504	-0.021988044118982114	-1.8688266276305951e-005	-1	
0.0050000000000000001	-0.025000000000000001	-5.7830417592740667e-005	-1	
0.0066393197065992126	-0.022571547122986976	-3.1725246332728377e-005	-1	
0.0057057136743198277	-0.02313288839285714	-4.4606033488557304e-005	-1	
0.0050000000000000001	-0.023755258928571426	-5.5839565616681061e-005	-1	
0.0050000000000000001	-0.029045408482142855	-2.7956418649347612e-005	-1	
0.0050000000000000001	-0.029356593750000003	-2.1184115104732792e-005	-1	
0.0046498786448758052	-0.028423037946428573	-3.0442071461806715e-005	-1	
0.0044100705797259446	-0.027800667410714283	-3.2441204292578713e-005	-1	
0.0046891166959213493	-0.028889815848214283	-2.4635574037313523e-005	-1	
0.0042946630164885776	-0.026867111607142856	-3.6132032590480247e-005	-1	
0.0038803709355668919	-0.025686724431802078	-3.1677185862161011e-005	-1	
0.0051019334255418347	-0.029745575334821431	-8.2584938059294671e-006	-1	
0.0050000000000000001	-0.029667779017857145	-1.2598446284046895e-005	-1	
0.0038780428655324343	-0.030744630275055557	1.206938216499239e-005	-1	
0.0041490522594035189	-0.030671266665850051	1.3529092324519136e-005	-1	
0.0036847318084035708	-0.030553726186961588	8.3011245528052464e-006	-1	
0.0029940725324638044	-0.030400387196724114	3.8437504467162743e-006	-1	
0.0021783849882386734	-0.030572513099311104	2.520100008878179e-006	-1	
0.0034070712401704129	-0.030474781796116842	5.9135007854893013e-006	-1	
0.0017335549495106997	-0.030859126049466157	2.1647220095365389e-006	-1	
0.0012082807642209328	-0.030795034109103208	9.7398111341723859e-007	-1	
0	-0.03188814732142857	0	-1	
0.00034796449161431396	-0.031576962053571425	1.3520642910799333e-007	-1	
0.00063261893603252118	-0.03084254225981993	2.6813284937862412e-007	-1	
0.00035379104808056031	-0.031110184151785708	1.0448210748299841e-007	-1	
0.014914278560503043	-0.020159786554333127	9.2809652743936897e-007	-1	
0.012702036705656328	-0.019418890416887918	2.595557860548435e-006	-1	
0.011374447815085433	-0.019939509187945501	1.2611562545689982e-006	-1	
0.0218	-0.015296055803571429	0	-1	
0.020527693906963931	-0.016570727120535714	6.0480334821994458e-007	-1	
0.018758037775813054	-0.017861560203969014	1.2354777729324038e-006	-1	
0.01715383936838398	-0.019214100250547136	1.3331256738918256e-006	-1	
0	-0.040000000000000001	0	-1	
0	-0.039901167968749998	0	-1	
0	-0.039978964285714284	0	-1	
0.0051338043093143992	-0.030095833759982833	6.4390112237439408e-006	-1	
0.0051351804636788354	-0.030022098640263707	3.2383288214591853e-006	-1	
0.0050776932892062261	-0.029871492394691536	-3.7621939962016967e-006	-1	
0.0050940330966285667	-0.029960896876680788	3.8600645659293625e-007	-1	
0.0043911760605024764	-0.030621844215081236	1.5220650893669554e-005	-1	
0.0046322913221336429	-0.030675973175048502	1.9607451562586803e-005	-1	
0.0048333690846217277	-0.030565609933035712	2.0383083325445645e-005	-1	
0.0048343201343448465	-0.030381715331708123	1.5431193428662883e-005	-1	
0.0049152572579496678	-0.030228912548536557	1.1810803046137504e-005	-1	
0.0050000000000000001	-0.030176628348214281	1.1451793386457825e-005	-1	
0.0050442072661816542	-0.030137730189732138	9.0986632057622044e-006	-1	
0.0079634824787906868	-0.020706256561611264	-6.6619470308182951e-006	-1	
0.0085347324764811147	-0.019944683846590181	8.9785399683272053e-007	-1	
0.01026530475721894	-0.019222089464858965	4.7746910955119024e-006	-1	
0.0070205640615189861	-0.020837498393721798	-1.1065214185937329e-005	-1	
0.006498793410494772	-0.021465195056687404	-2.1770932775399794e-005	-1	
0.0038238027818315299	-0.024377629464285712	-3.0709567930236917e-005	-1	
0.0055880258012598327	-0.022199332589285713	-3.9107591869133609e-005	-1	
0.0050000000000000001	-0.022510517857142854	-4.9198517909782218e-005	-1	
0.0042943393317948515	-0.02313288839285714	-3.6600947012983828e-005	-1	
0.0046427886729360993	-0.029234360781095273	-1.7550639230415158e-005	-1	
0.0048672258602973899	-0.029537953896628829	-1.393945883239182e-005	-1	
0.004280745645580359	-0.029010292804557955	-1.6616803366660252e-005	-1	
0.003689033581359173	-0.02856340370502921	-1.482807168559358e-005	-1	
0.0035124133139679535	-0.027674262521706947	-1.9104534881625623e-005	-1	
0.003000181744709801	-0.026575666949809708	-1.6516602197136482e-005	-1	
0.0027470459784632488	-0.025079927587950211	-1.5189802310312633e-005	-1	
0.0050000000000000001	-0.029745575334821431	-9.9416719385115678e-006	-1	
0.0050000000000000001	-0.029823371651785714	-6.9949528502284946e-006	-1	
0.0048963500882726017	-0.029706677176339288	-9.4987786302879694e-006	-1	
0.0039437266371433509	-0.030471657835294697	8.7151386035635583e-006	-1	
0.004228729915963657	-0.030443811337240622	1.0233508451723101e-005	-1	
0.0036068954415446929	-0.030266460178077478	4.3959087073921831e-006	-1	
0.0031197410714285719	-0.029999999999999999	9.2360390778770456e-007	-1	
0.0025000000000000001	-0.029999999999999999	6.0119542629409893e-007	-1	
0.0015703883928571429	-0.030355740092827387	8.903074727724001e-007	-1	
0.0018802589285714286	-0.029999999999999999	3.4208364947425163e-007	-1	
0.0034296116071428576	-0.029999999999999999	1.1933418272195508e-006	-1	
0.0011055825892857143	-0.030274954404026628	3.572429308202111e-007	-1	
0.00082819413763275109	-0.030425488481262232	2.6728826357916688e-007	-1	
0	-0.03126577678571428	0	-1	
0.00041342432050086317	-0.03048403352930552	7.3477320646594842e-008	-1	
0.00024850975863638153	-0.030672145871439228	3.5032438586989385e-008	-1	
0	-0.030954591517857136	0	-1	
0.013515166369180346	-0.018292856939454979	4.3297397050344613e-006	-1	
0.015063112634653581	-0.018590522185880812	2.7167335964557936e-006	-1	
0.012370957942113781	-0.018323207553698817	5.5021237384610398e-006	-1	
0.011806896897571272	-0.018705547015476946	5.1755026793534278e-006	-1	
0.011028936759227271	-0.018678439418937483	6.2127724704190225e-006	-1	
0.0218	-0.012746713169642859	0	-1	
0.020320608803205197	-0.014018670208241062	6.8158557731580464e-007	-1	
0.019121403396886595	-0.015445606343936776	1.3716927230506143e-006	-1	
0.0163245096486665	-0.017645207522521793	2.6389424376572996e-006	-1	
0.017312768639450696	-0.015891772207289871	2.5126582058763763e-006	-1	
0.0050362732276999986	-0.030079382952008925	6.5259419558520265e-006	-1	
0.0050614911656044932	-0.030019157716915611	3.2754871025357854e-006	-1	
0.0050306344952476979	-0.029940066127232143	-1.1703110360966109e-006	-1	
0.0050000000000000001	-0.029901167968750003	-3.652993853027261e-006	-1	
0.0050337323061091207	-0.029989482142857141	1.5861420712879175e-006	-1	
0.0045729279788375831	-0.030454414367443158	1.369780480779032e-005	-1	
0.0047024812805784326	-0.030269831350906773	1.0389799656900845e-005	-1	
0.0047861443822044677	-0.030177561257496047	8.3692105929396329e-006	-1	
0.0049552665990641037	-0.030137730189732138	8.9799796752620327e-006	-1	
0.0048884839173265046	-0.030129674126303126	7.7130195714464266e-006	-1	
0.0050000000000000001	-0.030098832031249995	8.0550247303276879e-006	-1	
0.0072204612062087038	-0.020111076800012683	-1.0070562564788171e-006	-1	
0.0082990980931912286	-0.018641045850740216	1.2421585782872428e-005	-1	
0.0092033618554464014	-0.018640110676847382	9.8751809020076439e-006	-1	
0.0075910075060962355	-0.019014964121573993	1.1249707212875947e-005	-1	
0.0099059913445853388	-0.018545800613485045	8.8300896998854048e-006	-1	
0.010584626195594365	-0.018340770552140347	8.3141961683828449e-006	-1	
0.0062228047696480816	-0.020664791053976159	-1.2104065040914196e-005	-1	
0.0064763484197304464	-0.020229158810757587	-3.6715374616779692e-006	-1	
0.0053529395827073608	-0.021576962053571423	-3.4513956874806427e-005	-1	
0.0058168031252406856	-0.020963492407450192	-2.0208440178042203e-005	-1	
0.0030199695094297683	-0.022987925830507551	-1.6066513569201965e-005	-1	
0.0050000000000000001	-0.021888147321428568	-4.3272170616665126e-005	-1	
0.0044117089360164357	-0.022199332589285713	-3.3329100282378375e-005	-1	
0.003338125778743485	-0.021955825603519819	-1.5356133486982711e-005	-1	
0.0046292380213264926	-0.029651605436673376	-7.9047972207878158e-006	-1	
0.0043310730160210443	-0.029433079710162856	-9.9227299845875523e-006	-1	
0.0047952947594632964	-0.029693329835899361	-8.5276577484530018e-006	-1	
0.0039218959259194729	-0.02926739813874896	-9.34385878482583e-006	-1	
0.0030811498621441218	-0.028471619780314442	-9.8570779569646605e-006	-1	
0.0033034933944506373	-0.029044777924777408	-7.5299416387619749e-006	-1	
0.002699619322877322	-0.027749956369722481	-1.0107979138901939e-005	-1	
0.0018265877823147748	-0.026900892107685509	-5.3371860091644361e-006	-1	
0.0015621718417383177	-0.025624117447336978	-4.4673622626718372e-006	-1	
0.0017043251121069084	-0.024328022631876878	-5.4146834857773358e-006	-1	
0.0049103152348022334	-0.029816501334049717	-5.8267965106590925e-006	-1	
0.0049180835995510071	-0.029906112777981293	-2.2482094844145545e-006	-1	
0.0048280761927036956	-0.029789847754506642	-5.7728337806285842e-006	-1	
0.0038944174107142858	-0.030189574697583193	4.2725188016538401e-006	-1	
0.0041369953518301979	-0.030222732587650111	5.6836317543046243e-006	-1	
0.0043745629472047689	-0.030251933296634691	7.3463744260114619e-006	-1	
0.0037394821428571434	-0.029999999999999999	1.2904469248443154e-006	-1	
0.0028098705357142862	-0.029414505998491866	-2.9601946175395247e-006	-1	
0.0034296116071428576	-0.029648480311377769	-2.4748242090557679e-006	-1	
0.0021699600586286396	-0.029429232495970944	-1.6351087300159709e-006	-1	
0.0012605178571428572	-0.029999999999999999	1.552387880488504e-007	-1	
0.0015703883928571429	-0.029653322000446219	-3.7477016613442035e-007	-1	
0.00095064732142857147	-0.029999999999999999	9.3639526406620785e-008	-1	
0.00045365320027396987	-0.030237923532254116	5.227583441481465e-008	-1	
0.00064077678571428575	-0.029999999999999999	3.710399713315331e-008	-1	
0.0002643272298632122	-0.030284137178713942	2.029837629319944e-008	-1	
0.00016892066054371454	-0.03043497791103399	1.1727634023595853e-008	-1	
0	-0.030643406249999998	0	-1	
0.012556477934845354	-0.017667516575950875	6.6300401914726527e-006	-1	
0.013743201886190447	-0.016361186625250729	6.3131809104633037e-006	-1	
0.015348780891046221	-0.016370093151729759	4.2067737239292762e-006	-1	
0.011724267424319416	-0.018108406016930492	6.9993293180607923e-006	-1	
0.011399524625412695	-0.018261190363820536	7.092657356508112e-006	-1	
0.011068809410613079	-0.01812180460846358	8.1432556307529291e-006	-1	
0.0218	-0.010197370535714284	0	-1	
0.01981027147135845	-0.012225963832500318	5.8975023032595176e-007	-1	
0.018485026539418303	-0.013694821331804901	1.5793977482163669e-006	-1	
0.016931846943003485	-0.013915389172869663	2.6320631364456205e-006	-1	
0.015628920888086623	-0.014789117235054943	4.066533557346442e-006	-1	
0.0050228215736084214	-0.030040484793526782	4.6620700476493169e-006	-1	
0.0050000000000000001	-0.030059933872767855	6.0937998921178579e-006	-1	
0.0050217854128816108	-0.030010517857142857	2.883550575057327e-006	-1	
0.0050000000000000001	-0.029978964285714286	5.4817850408147795e-007	-1	
0.0049557498367480213	-0.029955749836748022	-2.5465560096576701e-007	-1	
0.0050000000000000001	-0.029999999999999999	2.1515664761921984e-006	-1	
0.0045746146060956913	-0.030228910258225342	8.1221002736168223e-006	-1	
0.0046577152060488965	-0.030201064202965835	7.9626412358994732e-006	-1	
0.004718876271757602	-0.030146362776054921	6.7638268864695432e-006	-1	
0.004783982544151741	-0.030110873098368809	6.0091772076451808e-006	-1	
0.0049657424638333931	-0.030079382952008925	6.50407218647965e-006	-1	
0.0049034643000496437	-0.03006409657777083	5.0759882370309639e-006	-1	
0.0048431311977251328	-0.030079995584025833	5.3033477014825901e-006	-1	
0.0067221208580177001	-0.019546006806448284	7.2246341009414982e-006	-1	
0.008803135191643021	-0.018282048717780258	1.3383829173980169e-005	-1	
0.0077999361121768914	-0.018275300509281143	1.7555901956030023e-005	-1	
0.0083326498534907686	-0.018023140827722946	1.7043864645542433e-005	-1	
0.0094098705357142862	-0.017696175832135168	1.4501371219072358e-005	-1	
0.0069792801423942926	-0.018748028197191201	1.6918279932708815e-005	-1	
0.0073425222039242219	-0.018287634432647852	1.9787624691063992e-005	-1	
0.010104316046574208	-0.017865175974171952	1.1461089351640755e-005	-1	
0.010849905778131701	-0.017891948661789121	9.4043582945506669e-006	-1	
0.010547805975268271	-0.017820714192170805	1.0418489638534641e-005	-1	
0.0057814949513458206	-0.020421263893070529	-9.453694200436587e-006	-1	
0.0060718090815331952	-0.019697834898291612	6.2585882756446069e-006	-1	
0.0058415204632971396	-0.020021913444493507	-3.4426795048749131e-007	-1	
0.0052936014804669295	-0.021110184151785713	-2.8276671710626992e-005	-1	
0.0050000000000000001	-0.021265776785714282	-3.504093509884012e-005	-1	
0.0054171193462673782	-0.02059537380458451	-1.6361121204116843e-005	-1	
0.0020259638592275576	-0.022314021213835765	-5.6102111465745328e-006	-1	
0.0026951484448156115	-0.021957903711213665	-9.3873763526566249e-006	-1	
0.0015383087248949353	-0.022967931683437547	-3.6988307211068354e-006	-1	
0.0046474578769874321	-0.021576962053571423	-3.1678277674725522e-005	-1	
0.0039670340077058216	-0.021654432018279723	-2.1227455420929913e-005	-1	
0.0036842851794645858	-0.021350402344160857	-1.4834550920355319e-005	-1	
0.0030436490580125529	-0.021321433082036646	-8.9932727468664638e-006	-1	
0.004742153053593893	-0.029780314260222721	-5.2980267992038489e-006	-1	
0.0046471113350102901	-0.02987069819365237	-1.9833873072636951e-006	-1	
0.0044366908482142862	-0.029787340542119411	-3.352955398281204e-006	-1	
0.0042042879464285719	-0.029823120454391533	-1.8795363072984282e-006	-1	
0.0038944174107142858	-0.029707990019487002	-2.9545654108042435e-006	-1	
0.0024694628618208369	-0.028533149598762665	-5.8133857614035879e-006	-1	
0.0016285072985817931	-0.028102498663031109	-3.1788009167311803e-006	-1	
0	-0.02624474107142857	0	-1	
0	-0.027489482142857138	0	-1	
0	-0.025000000000000001	0	-1	
0.00092799146005491482	-0.023671937028073277	-1.4771684017340956e-006	-1	
0.0048421179336356392	-0.029875150174515364	-2.8584665021748162e-006	-1	
0.0049208635602678583	-0.02996836111005538	5.8510427147396666e-007	-1	
0.0048627628348214286	-0.029954543204854196	1.7870804406988526e-007	-1	
0.0040493526785714291	-0.029999999999999999	1.4553222789135678e-006	-1	
0.0043592232142857148	-0.029999999999999999	1.722690930413016e-006	-1	
0.0045260774667143892	-0.030119290630420622	4.9772574698772478e-006	-1	
0.0013773581350982776	-0.029082524271215118	-1.0457777377216435e-006	-1	
0.0011055825892857143	-0.029640635423098992	-1.8925314943846893e-007	-1	
0.00066860553187778537	-0.029753347937364193	-3.831549214678005e-008	-1	
0.00033090625000000004	-0.029999999999999999	9.0044794930504733e-009	-1	
0.00021743456922330046	-0.03011192678885817	7.8536003796795658e-009	-1	
0.00043312138891458865	-0.029831826581136988	-7.3111148125622558e-009	-1	
8.8337154757893652e-005	-0.030254424665178567	2.1666278606434749e-009	-1	
0	-0.030332220982142853	0	-1	
0.011795489172990042	-0.017529179380567302	8.2902080161419671e-006	-1	
0.012008971205056286	-0.017121185672438768	8.6589078748803177e-006	-1	
0.012455420260499939	-0.016492999180557941	8.5743845775564217e-006	-1	
0.012608717407972689	-0.015737727698066521	8.8644298058683576e-006	-1	
0.013621656318611621	-0.014750472379269474	6.872858394229448e-006	-1	
0.011465815245790758	-0.017703619062250566	8.5627052170491338e-006	-1	
0.011281555383611341	-0.017922244645326851	8.3387192077608874e-006	-1	
0.011019337518001377	-0.01780826818573638	9.2700820290121951e-006	-1	
0.0218	-0.0076480279017857146	0	-1	
0.020022832589910101	-0.010259079429751539	1.2214708760981109e-007	-1	
0.019870230857059128	-0.0079321371009443819	-3.8740939014565977e-007	-1	
0.018357629852888815	-0.010882963902795823	5.6338049680664573e-007	-1	
0.016782083324338028	-0.011453670617768853	1.390191203562108e-006	-1	
0.015810107713179426	-0.012818704108001455	2.9642381586461799e-006	-1	
0.013999335652638773	-0.013616489230460681	5.6276868513617832e-006	-1	
0.0050000000000000001	-0.030021035714285712	3.7859124657697766e-006	-1	
0.0049620282503647431	-0.030037971749635253	4.32480076094249e-006	-1	
0.0049789642857142862	-0.029999999999999999	2.1495932547103807e-006	-1	
0.0049402304687500009	-0.029999999999999999	2.1512410060039443e-006	-1	
0.0046459607304848239	-0.030119856109964413	5.4958678523797215e-006	-1	
0.0047078275669642858	-0.030073039723406289	4.3250978286007027e-006	-1	
0.0047852952008928581	-0.030044162821470675	3.630437520451913e-006	-1	
0.0049208635602678583	-0.030031483961658202	3.6737409369266175e-006	-1	
0.0048837362049039164	-0.030032623703885739	3.5610605649968191e-006	-1	
0.004843395926339286	-0.030035504352814355	3.511914497282495e-006	-1	
0.0061007617597522001	-0.019301323241185102	1.3694162731586532e-005	-1	
0.0064011159035265008	-0.018846177708597703	1.8931373676552262e-005	-1	
0.0088367876383169414	-0.017746084855394903	1.6478701042629221e-005	-1	
0.0075500942218682835	-0.017891948661789028	2.2103623400877173e-005	-1	
0.0078521940247316818	-0.017820714192170725	2.0890719176525781e-005	-1	
0.008052387001319378	-0.017583519308842978	2.1382392832235924e-005	-1	
0.0083605178571428563	-0.017299999999999999	2.1386547474899611e-005	-1	
0.0098296116071428571	-0.017538637377512215	1.3726002135680257e-005	-1	
0.0096197410714285708	-0.017299999999999999	1.5459835336460894e-005	-1	
0.0091999999999999998	-0.017299999999999999	1.7205783654670475e-005	-1	
0.0065702768405085429	-0.01832776219482905	2.4475019380773437e-005	-1	
0.007288420996160447	-0.017844095898569907	2.4189009557822119e-005	-1	
0.0068549831644025986	-0.01795265472084874	2.6331166252802848e-005	-1	
0.010144417410714283	-0.017495154671241141	1.2797989098048021e-005	-1	
0.010347612998680622	-0.017583519308842974	1.1832219670982374e-005	-1	
0.010950810249042342	-0.01763216154203236	9.9833201793230933e-006	-1	
0.010785278195010328	-0.017620850274960353	1.0448223146571786e-005	-1	
0.010600582902792316	-0.017413677422584213	1.1635801693258094e-005	-1	
0.005466932999908739	-0.020168015750783596	-4.6108511985566137e-006	-1	
0.0056748083731329455	-0.019676617232842638	8.3491408362120053e-006	-1	
0.0054502777148306139	-0.019929227073308756	2.340640517041522e-006	-1	
0.0051770912829137497	-0.020798998883928568	-2.3688291616272323e-005	-1	
0.0050000000000000001	-0.020954591517857141	-2.9599932469883388e-005	-1	
0.0047043842314645878	-0.021110184151785713	-2.6271256352383548e-005	-1	
0.0051439252186612737	-0.02056560993303571	-1.8749021855073926e-005	-1	
0.0052092553926431683	-0.020415614253539934	-1.3750321442092155e-005	-1	
0.0021808689046305717	-0.021571975317565766	-4.8992959672014906e-006	-1	
0.0012773098806981354	-0.022195088856192754	-2.0883628668959376e-006	-1	
0.0025771615856761197	-0.021325840999493549	-6.0933106152728418e-006	-1	
0.00093772620360236311	-0.022740263306320032	-1.3223848462394792e-006	-1	
0.0043282519324140496	-0.021131330544526952	-2.0369575449385165e-005	-1	
0.0039350998329310983	-0.02101953537357738	-1.4040458584900306e-005	-1	
0.0035623208647831413	-0.020953532531047158	-1.0044750251986358e-005	-1	
0.0027483562736747786	-0.020875470406722312	-4.7362259574885539e-006	-1	
0.0032613081541927559	-0.020723941846613855	-6.0942035180286122e-006	-1	
0.0047705026312616248	-0.029915159094486193	-1.0043681450286857e-006	-1	
0.0045141584821428576	-0.029999999999999999	1.8162233772835715e-006	-1	
0.0046690937500000005	-0.029999999999999999	1.941360876018213e-006	-1	
0.00086486640154256065	-0.028766108997025409	-6.2112364228373769e-007	-1	
0	-0.028734223214285714	0	-1	
0	-0.023755258928571426	0	-1	
0.0049014966517857148	-0.029999999999999999	2.1097532967236343e-006	-1	
0.0048627628348214286	-0.029999999999999999	2.0888741749836485e-006	-1	
0.0048240290178571434	-0.029999999999999999	2.044865363770016e-006	-1	
0.00082568126658985695	-0.029367133894930838	-2.506511271514867e-007	-1	
0.00047693627988154162	-0.029595631175557698	-4.8468575471805778e-008	-1	
0.00025343861607142861	-0.029912103194037604	8.2661049490009647e-010	-1	
0.00017597098214285721	-0.029999999999999999	2.3888264014888705e-009	-1	
0.00010924613478303761	-0.030068555066851192	1.5578308920142938e-009	-1	
0.00010376826762153543	-0.030137730189732138	1.8371402552600934e-009	-1	
0.00028340451871564261	-0.029737945868078309	-9.2571997113467514e-009	-1	
0	-0.030176628348214281	0	-1	
0.01161253864849596	-0.017204151371915589	9.4233663614671875e-006	-1	
0.011451925234969159	-0.017383997007972215	9.4044666782420455e-006	-1	
0.011635638397512913	-0.016964135699492521	9.8529264013751167e-006	-1	
0.011685915131487068	-0.016535388850419275	1.0458830896994384e-005	-1	
0.011571726278901833	-0.015879673497213236	1.1541461092512464e-005	-1	
0.011674820584578948	-0.015265143382920399	1.1552681734421291e-005	-1	
0.01232482684702909	-0.014682303886935559	9.6650343804254168e-006	-1	
0.012593386901499311	-0.013957329499616877	8.5568673039256646e-006	-1	
0.011230373238015082	-0.017487012850529168	9.6878431479151849e-006	-1	
0.011147706199556781	-0.017669592239215704	9.3826512615482515e-006	-1	
0.020948393016474255	-0.0063733565848214293	-2.9023659910976698e-007	-1	
0.0218	-0.0050986852678571422	0	-1	
0.018507810320741305	-0.0093280372636755041	-2.0462123567023371e-007	-1	
0.017941067996818751	-0.0076439398754850011	-1.1183158130348105e-006	-1	
0.019483514369161018	-0.005921524791642787	-8.7133341118164843e-007	-1	
0.016951285422572373	-0.0094606316351646368	-3.0418951508943356e-007	-1	
0.015161383831037503	-0.01102777606443533	1.5523709562114572e-006	-1	
0.013870287025425185	-0.012428252758647179	4.5123934878545546e-006	-1	
0.013011317170527477	-0.012943898017211505	6.4985190331240721e-006	-1	
0.0047465613839285719	-0.029999999999999999	1.9763695524524862e-006	-1	
0.0055369944437138781	-0.019368018676663136	1.6495565880992812e-005	-1	
0.0055477686611224994	-0.018895395787959204	2.569779077079662e-005	-1	
0.006103397867805044	-0.018389303504113781	2.7766544034923774e-005	-1	
0.0087802589285714272	-0.017299999999999999	1.9165330652813357e-005	-1	
0.0076147218049896423	-0.017620850274960305	2.3768042828917072e-005	-1	
0.0074491897509576556	-0.017632161542032312	2.477318612793956e-005	-1	
0.0077994170972076841	-0.017413677422584213	2.4014266472349375e-005	-1	
0.0079407767857142854	-0.017299999999999999	2.3820366538358803e-005	-1	
0.00815064732142857	-0.017114131513387341	2.3583645478963446e-005	-1	
0.0085536362993380351	-0.016870523005739504	2.2352472295599445e-005	-1	
0.010039482142857142	-0.017299999999999999	1.3857974807662582e-005	-1	
0.0099609052704690317	-0.017040567115485586	1.5022294490906475e-005	-1	
0.0094098705357142862	-0.016942915835980309	1.7684774057884347e-005	-1	
0.009018049090524418	-0.016952845132006952	1.9507315851128829e-005	-1	
0.0064806741898908718	-0.017865447720792769	3.0213329219546891e-005	-1	
0.0071499101689984183	-0.017616989063008008	2.7022916196909602e-005	-1	
0.0068427099655032032	-0.017495696957472447	3.0389003655993748e-005	-1	
0.010249352678571428	-0.017299999999999999	1.3121154237121346e-005	-1	
0.010459223214285713	-0.017299999999999999	1.2432225280773962e-005	-1	
0.011046486560751833	-0.017496607681694486	1.0131448434747381e-005	-1	
0.010881301109438957	-0.017481505359993824	1.0617770816423419e-005	-1	
0.010785087627409085	-0.017451624481694711	1.0976916712128634e-005	-1	
0.010564158482142857	-0.017299999999999999	1.2098314552994159e-005	-1	
0.010721561383928572	-0.017359083469691342	1.1439928657752688e-005	-1	
0.010669093750000001	-0.017299999999999999	1.1772108989759687e-005	-1	
0.0052308158517043535	-0.020207336525636669	-7.1689965869944527e-006	-1	
0.0052527320429007528	-0.020061172964278937	-1.9209725564656219e-006	-1	
0.0053393175283054269	-0.01971750294006306	9.2658409740035263e-006	-1	
0.0052127482834825982	-0.019925514946475854	3.1131850057418342e-006	-1	
0.0050000000000000001	-0.020643406249999999	-2.2926113101218024e-005	-1	
0.0048258810602639056	-0.020798998883928568	-2.2851100326496827e-005	-1	
0.0046257097233981474	-0.020900156283637311	-2.1238961357480035e-005	-1	
0.0050000000000000001	-0.020487813616071424	-1.8910192315431863e-005	-1	
0.0050000000000000001	-0.020332220982142851	-1.4300989793619406e-005	-1	
0.0050844796746732117	-0.020228068852984137	-9.4655791853107974e-006	-1	
0.0014137070472503711	-0.021295959024754875	-1.6348361803644033e-006	-1	
0.0021856119530601682	-0.021072229334183269	-3.5473965262025264e-006	-1	
0.00059142255910781991	-0.022199332589285713	-4.6300006268232021e-007	-1	
0.00087851388542971374	-0.021377775944889588	-6.4968690543985048e-007	-1	
0	-0.022510517857142854	0	-1	
0.0043159655172276537	-0.020871184222247784	-1.6294881870713759e-005	-1	
0.0038780428655324391	-0.020744630275055548	-1.0099728167778986e-005	-1	
0.0041490522594035189	-0.020671266665850049	-1.1362461075165714e-005	-1	
0.0036847318084035712	-0.020553726186961586	-6.574801874756696e-006	-1	
0.002994072532463807	-0.020400387196724112	-2.6929131870922552e-006	-1	
0.0021783849882386777	-0.020572513099311105	-1.859694190331115e-006	-1	
0.003407071240170415	-0.020474781796116837	-4.4387819493087725e-006	-1	
0.00044073145829109331	-0.029193748977168248	-1.0393498909008417e-007	-1	
0	-0.029356593750000003	0	-1	
0.0002421099804847788	-0.029544989064633743	-1.5463638656941617e-008	-1	
0.00013723716517857146	-0.029897126358080804	2.4844658580311079e-010	-1	
0.00011269312707610315	-0.029783622451477962	-1.0994877924749113e-009	-1	
9.8503348214285736e-005	-0.029999999999999999	7.7508888907364682e-010	-1	
4.4250163251978896e-005	-0.030044250163251979	2.1942514682390892e-010	-1	
0	-0.030098832031249995	0	-1	
0.011381949591753104	-0.017133654504440619	1.0167863888842648e-005	-1	
0.011211086169140067	-0.01734283761605945	1.0114296549834205e-005	-1	
0.011330560567297693	-0.016959429011692864	1.0683775036693756e-005	-1	
0.011277809643174493	-0.016676106727671957	1.1382491927278787e-005	-1	
0.011344077434121618	-0.016271762980616566	1.1818706861082587e-005	-1	
0.011161575413657723	-0.016072894684624875	1.2664714405508686e-005	-1	
0.011240727008078329	-0.015712176339285715	1.2754780769815092e-005	-1	
0.011219220250411853	-0.015284870535714283	1.3057960540240101e-005	-1	
0.011552600643462484	-0.014645168248389104	1.1860511317192871e-005	-1	
0.011838249184358475	-0.014081508960762618	1.0598427106418664e-005	-1	
0.011901492628762287	-0.01363031906282193	9.8890951108035202e-006	-1	
0.012319059174861358	-0.013089992244970499	8.060945422051348e-006	-1	
0.011073620627591154	-0.017390395098613211	1.0352818279623012e-005	-1	
0.020400280648570236	-0.0038515194351508284	-5.0828151668958756e-007	-1	
0.0218	-0.0025493426339285711	0	-1	
0.01604067960571632	-0.0076797243432106558	-2.0387135788723757e-006	-1	
0.017174487734848049	-0.0060409003948133158	-2.0944492925296957e-006	-1	
0.018534857101848465	-0.0036648864574299511	-1.3142531905601351e-006	-1	
0.015007261831356349	-0.0091978089591047904	-9.986100866132345e-007	-1	
0.013281750825477367	-0.010719157048653984	1.8272759020966993e-006	-1	
0.012870471007529853	-0.012364321743773435	5.7138189534558815e-006	-1	
0.01235870416181659	-0.012670656518149788	7.1932117320976813e-006	-1	
0.0051757187959356847	-0.019543219474526714	1.5902270584885838e-005	-1	
0.0052702879219593338	-0.019278139720740745	2.1395695652423586e-005	-1	
0.0052518148569665694	-0.018889815848214288	2.9447306668851759e-005	-1	
0.0053662533320616088	-0.018423037946428571	3.516501693021429e-005	-1	
0.0061160813760086034	-0.017743856811082412	3.4816688708663294e-005	-1	
0.0055547451492510688	-0.017631128815441096	4.1989969400115912e-005	-1	
0.0076149123725908876	-0.017451624481694693	2.495037193631858e-005	-1	
0.0075186988905610345	-0.0174815053599938	2.5393928103069389e-005	-1	
0.0073535134392481829	-0.017496607681694455	2.6446829031059453e-005	-1	
0.0076784386160714284	-0.017359083469691342	2.5147089747193487e-005	-1	
0.0078358415178571422	-0.017299999999999999	2.4488474863022232e-005	-1	
0.0077309062499999991	-0.017299999999999999	2.5171999160810536e-005	-1	
0.0078710176010084367	-0.017134130401717403	2.5223613443029107e-005	-1	
0.0079130800169368732	-0.016920815435260163	2.6075469547608247e-005	-1	
0.0082243493016152715	-0.016780926709598382	2.4712947394464972e-005	-1	
0.0084718140624706634	-0.016521337668865269	2.4146518183816256e-005	-1	
0.009072669403015144	-0.016564722397174686	2.0583402580218737e-005	-1	
0.010228423567588074	-0.016996821176836454	1.4150401211976819e-005	-1	
0.010133396598075611	-0.01683145832001709	1.4974823994908239e-005	-1	
0.0097118296895050936	-0.016659410260379794	1.7216803005910985e-005	-1	
0.0064330508415011544	-0.017484076135659669	3.4091235659830364e-005	-1	
0.0072490131572588183	-0.017402222756662675	2.7882960093840186e-005	-1	
0.0070908411541315856	-0.01731248980561979	2.9729639704950781e-005	-1	
0.0069427427870193646	-0.017203930986393549	3.1667893984127462e-005	-1	
0.0066428094440217269	-0.017132000902156448	3.4754338224216835e-005	-1	
0.010354287946428571	-0.01715826376431458	1.3211923670929183e-005	-1	
0.010528982398991549	-0.017134130401717452	1.269715211265156e-005	-1	
0.010919157716915618	-0.017390298326633316	1.077631140385491e-005	-1	
0.010860611352300603	-0.017384945639542577	1.0957251366421061e-005	-1	
0.010800262834821429	-0.017352027222233262	1.12270623021987e-005	-1	
0.010639810443774484	-0.017221321340362139	1.2090540275059353e-005	-1	
0.010774029017857144	-0.017299999999999999	1.1453888359391778e-005	-1	
0.010721561383928572	-0.017240416556774382	1.1782410304137889e-005	-1	
0.0051338043093143992	-0.020095833759982827	-3.8102100294734713e-006	-1	
0.0051351804636788354	-0.020022098640263705	-6.3911094195143308e-007	-1	
0.0051019334255418347	-0.019745575334821429	1.0727381825803379e-005	-1	
0.0050940330966285667	-0.019960896876680789	2.1620696658993643e-006	-1	
0.0050776932892062261	-0.019871492394691534	6.2641697848902212e-006	-1	
0.0048333690846217277	-0.02056560993303571	-1.7710439751001938e-005	-1	
0.0046322913221336429	-0.020675973175048497	-1.7026291301229489e-005	-1	
0.0043911760605024764	-0.020621844215081238	-1.2874981867371881e-005	-1	
0.0048343201343448465	-0.020381715331708121	-1.2863903469757465e-005	-1	
0.0049152572579496678	-0.020228912548536555	-9.264568719102712e-006	-1	
0.0050000000000000001	-0.020176628348214279	-8.8720264625648469e-006	-1	
0.0050442072661816542	-0.020137730189732136	-6.5080381815966709e-006	-1	
0.0017335549495107012	-0.020859126049466162	-1.7109893240537841e-006	-1	
0.0012082807642209328	-0.020795034109103206	-7.5295383069504998e-007	-1	
0	-0.021888147321428568	0	-1	
0.00034796449161430859	-0.021576962053571423	-1.126127501879274e-007	-1	
0.00063261893603252118	-0.020842542259819932	-2.0657081794060156e-007	-1	
0.00035379104808056189	-0.021110184151785713	-8.3859197965981834e-008	-1	
0.0039437266371433509	-0.020471657835294695	-6.8133346799653259e-006	-1	
0.004228729915963657	-0.020443811337240617	-8.1117765065927487e-006	-1	
0.0036068954415446946	-0.020266460178077473	-2.8380569151380813e-006	-1	
0.0031197410714285719	-0.019999999999999997	2.0913735312754533e-007	-1	
0.0025000000000000001	-0.019999999999999997	1.48357307682765e-007	-1	
0.0015703883928571429	-0.020355740092827382	-5.573984995749574e-007	-1	
0.0018802589285714286	-0.019999999999999997	9.254513030205148e-008	-1	
0.0034296116071428576	-0.019999999999999997	1.5198204918049225e-007	-1	
0	-0.029667779017857145	0	-1	
6.8377516490288458e-005	-0.029890961509042711	-3.1065935535744987e-012	-1	
4.4250163251978896e-005	-0.029955749836748022	9.3342189266704279e-011	-1	
0	-0.029823371651785714	0	-1	
2.1035714285714294e-005	-0.029999999999999999	3.5343343188962272e-011	-1	
0	-0.030021035714285712	0	-1	
0.011175571556579843	-0.017189100903295944	1.059053051122896e-005	-1	
0.011180631606841176	-0.017061979784357455	1.0876494519309387e-005	-1	
0.011079459584103026	-0.017280926943541105	1.0626112852404618e-005	-1	
0.01115902912638978	-0.016899660132351425	1.1297717778233992e-005	-1	
0.011059743905589668	-0.016566787946428574	1.2256024194352658e-005	-1	
0.011119079662009647	-0.016339446176303139	1.2441175126964784e-005	-1	
0.011047159849760138	-0.016780440848214288	1.1885106512924451e-005	-1	
0.0109	-0.016139482142857143	1.3496446423078247e-005	-1	
0.0109	-0.015854611607142858	1.3834628469626194e-005	-1	
0.0109	-0.015569741071428571	1.4083528504384218e-005	-1	
0.0109	-0.014999999999999999	1.4242443519951626e-005	-1	
0.0109	-0.014430258928571426	1.4003153883382595e-005	-1	
0.011445193660699338	-0.014022455938010287	1.1720052529193422e-005	-1	
0.011548411486833679	-0.013809527319344175	1.1131021877083885e-005	-1	
0.011660429610122534	-0.013601093981478563	1.05138851402818e-005	-1	
0.011730591459302492	-0.013226678198903496	9.6859088272477756e-006	-1	
0.011757190555977683	-0.012867999097843398	8.9075601802357429e-006	-1	
0.010990298326633311	-0.017319157716915615	1.0774324692561007e-005	-1	
0.019524167307681941	-0.0021940930292568776	-5.6116178509961001e-007	-1	
0.0218	0	0	-1	
0.020112414693514557	-0.00052198866505454922	-1.6077899679417518e-007	-1	
0.015062002834931582	-0.0064422079806622486	-3.8940643105471757e-006	-1	
0.013343610212746698	-0.0084201223324517141	-3.3630540093844576e-006	-1	
0.016928028471732137	-0.0040633962509111603	-2.3328993593869853e-006	-1	
0.015518698721633764	-0.0049320146697520266	-3.759040414654248e-006	-1	
0.016800548780098554	-0.0014344754128770678	-1.1644882916019575e-006	-1	
0.018375549740310353	-0.00084403907639101069	-3.8979902276020202e-007	-1	
0.012296602132197789	-0.01161069649588436	4.8128374464214654e-006	-1	
0.011992146683298469	-0.0092603596916727947	-2.2942307988523139e-006	-1	
0.011964476656156343	-0.010892792576924864	3.0668990420972563e-006	-1	
0.012283918623993003	-0.012256143188917334	6.4292530324469474e-006	-1	
0.011966949158499534	-0.012515923864340099	7.6559443508172394e-006	-1	
0.0050000000000000001	-0.019667779017857143	1.4976914573240329e-005	-1	
0.0050000000000000001	-0.019356593749999998	2.3475288713157556e-005	-1	
0.0050000000000000001	-0.019045408482142857	3.0151196821123713e-005	-1	
0.0050000000000000001	-0.018734223214285715	3.5624139487468901e-005	-1	
0.0050000000000000001	-0.018111852678571429	4.3878305721810358e-005	-1	
0.0060412958381837866	-0.017329343481849828	3.9168234292884974e-005	-1	
0.0050000000000000001	-0.017489482142857143	4.9967756289115119e-005	-1	
0.0055818097454595631	-0.017074360656151144	4.6002565011852488e-005	-1	
0.0075393886476993873	-0.017384945639542571	2.5913891739347573e-005	-1	
0.007599737165178571	-0.017352027222233262	2.5719042828527304e-005	-1	
0.0073895897860121792	-0.017410410213987818	2.6794954878637082e-005	-1	
0.007480842283084382	-0.017390298326633306	2.6285792297222828e-005	-1	
0.0076259709821428559	-0.017299999999999999	2.5874944713866262e-005	-1	
0.0077601895562255212	-0.017221321340362136	2.5452925148317973e-005	-1	
0.0076784386160714284	-0.017240416556774378	2.5889720351067352e-005	-1	
0.0077302747534594707	-0.017142880610627024	2.6112707474927332e-005	-1	
0.0077141509996052028	-0.017008563756109318	2.6968679696078761e-005	-1	
0.0077007694365671007	-0.016873946050674479	2.7771192811823455e-005	-1	
0.0078820832122931343	-0.016556925201978035	2.7897406180836846e-005	-1	
0.0082637678707319293	-0.016229204034997197	2.6432932552348558e-005	-1	
0.0088069363099669094	-0.016062528648654928	2.3467156167405173e-005	-1	
0.0093292303470839943	-0.016107562082463178	2.0454397341037766e-005	-1	
0.010418275372477984	-0.016978619761225902	1.3509116916024451e-005	-1	
0.010451430258146609	-0.016790629446098056	1.3878414335024427e-005	-1	
0.01026039756802408	-0.01638127644531746	1.5534544523517006e-005	-1	
0.00985250256950722	-0.016075856363596028	1.792053010238414e-005	-1	
0.0072244284434201441	-0.017189100903295954	2.9505604852999578e-005	-1	
0.007320540415896977	-0.017280926943541112	2.8172116157125863e-005	-1	
0.0071116194244545518	-0.017131828109185454	3.0758158999606707e-005	-1	
0.0069304719471587313	-0.01702071643985803	3.2940642228738499e-005	-1	
0.0060809408251379215	-0.016910007755028666	4.1707053250571723e-005	-1	
0.0066694085406972812	-0.016773321801096155	3.6670579004195331e-005	-1	
0.010669725246540506	-0.017142880610627024	1.2216387014675615e-005	-1	
0.01060796376249709	-0.017000018820025917	1.279962632201982e-005	-1	
0.010926890446465718	-0.01732689044646572	1.093158864852682e-005	-1	
0.010889482142857142	-0.017333732306109125	1.1019664763430435e-005	-1	
0.010852730468749999	-0.017326685706971493	1.1145930222648233e-005	-1	
0.010826496651785714	-0.017299999999999999	1.1297914705198889e-005	-1	
0.010800262834821429	-0.017250862653846611	1.1513118513374561e-005	-1	
0.010767809980481277	-0.017193670677549039	1.1769383309759933e-005	-1	
0.0050362732276999986	-0.020079382952008923	-3.9667866431280669e-006	-1	
0.0050614911656044932	-0.020019157716915606	-7.2554253624924464e-007	-1	
0.0050000000000000001	-0.019745575334821429	1.2344934415115486e-005	-1	
0.0050000000000000001	-0.019823371651785715	9.4263273920195894e-006	-1	
0.0050306344952476979	-0.019940066127232141	3.6675963632027986e-006	-1	
0.0050337323061091207	-0.019989482142857139	9.3318583851442269e-007	-1	
0.0050000000000000001	-0.019901167968750001	6.114180015626219e-006	-1	
0.0045729279788375831	-0.020454414367443153	-1.1292515237747107e-005	-1	
0.0047024812805784326	-0.020269831350906774	-7.9802945809849984e-006	-1	
0.0047861443822044677	-0.020177561257496045	-5.9427203163489686e-006	-1	
0.0049552665990641037	-0.020137730189732136	-6.4497940514594715e-006	-1	
0.0048884839173265046	-0.020129674126303124	-5.2341809815652346e-006	-1	
0.0050000000000000001	-0.020098832031249993	-5.5112285485876355e-006	-1	
0.0011055825892857143	-0.020274954404026622	-1.9382742221606315e-007	-1	
0.00082819413763275109	-0.020425488481262227	-1.7204864639559381e-007	-1	
0	-0.021265776785714282	0	-1	
0.00041342432050086317	-0.020484033529305518	-4.926954608645634e-008	-1	
0.00024850975863638153	-0.020672145871439226	-2.5833132324614435e-008	-1	
0	-0.020954591517857141	0	-1	
0.0038944174107142858	-0.020189574697583191	-2.5241503973162828e-006	-1	
0.0041369953518301979	-0.020222732587650109	-3.7343689041004535e-006	-1	
0.0043745629472047689	-0.020251933296634689	-5.1996816955688425e-006	-1	
0.0037394821428571434	-0.019999999999999997	2.7417037417517801e-007	-1	
0.0028098705357142862	-0.019414505998491864	3.7843219267333857e-006	-1	
0.0034296116071428576	-0.019648480311377767	3.7246728893258365e-006	-1	
0.0021699600586286396	-0.019429232495970943	2.1383596298336161e-006	-1	
0.0012605178571428572	-0.019999999999999997	4.3599458055462248e-008	-1	
0.0015703883928571429	-0.019653322000446217	6.580026647494878e-007	-1	
0	-0.029901167968750003	0	-1	
0	-0.029978964285714286	0	-1	
0	-0.029999999999999999	0	-1	
0.011104218806960936	-0.017163697368890726	1.0851948162148621e-005	-1	
0.011084548747903442	-0.017045492261217269	1.1190951629055489e-005	-1	
0.01104430252028351	-0.017210028708491948	1.090582138254915e-005	-1	
0.010984370441618849	-0.017261707764369822	1.0943375004505794e-005	-1	
0.011013560239787527	-0.016943365113146279	1.1636841124341235e-005	-1	
0.0109	-0.016709223214285716	1.2505159284865421e-005	-1	
0.0109	-0.016424352678571431	1.3048976988028674e-005	-1	
0.0109	-0.016851658482142859	1.2198212961851239e-005	-1	
0.010648704534940448	-0.015997046875	1.4632000030457844e-005	-1	
0.010600892463547472	-0.016281917410714289	1.438687962710404e-005	-1	
0.010443189264616022	-0.015712176339285715	1.5768519458261808e-005	-1	
0.010560565030997946	-0.015284870535714283	1.5549558216928878e-005	-1	
0.010401927384417541	-0.014751186613583973	1.6196172083513775e-005	-1	
0.010575757388327264	-0.014145388392857143	1.498999061998884e-005	-1	
0.0109	-0.013860517857142856	1.3361854800837189e-005	-1	
0.011189516458925089	-0.013700421894670975	1.2122049932527194e-005	-1	
0.01141785453898589	-0.013612176363816649	1.1249008204627065e-005	-1	
0.011531467710750304	-0.013395340942994211	1.0539174603398922e-005	-1	
0.011469528052841092	-0.012979283560141894	9.8763074569674257e-006	-1	
0.011373013005874455	-0.013188001860850028	1.0588184871204451e-005	-1	
0.011457257212980344	-0.012796069013606597	9.4825987584671967e-006	-1	
0.011557290034496738	-0.012504303042528163	8.5124754001377546e-006	-1	
0.010933732306109122	-0.017289482142857145	1.1014271892073382e-005	-1	
0.0218	0.0025493426339285711	0	-1	
0.020332107995274358	0.0012307666476667914	2.3088558634335971e-007	-1	
0.013487212475889031	-0.0065385941535051504	-5.9443438126994697e-006	-1	
0.013520907450226168	-0.0047131508930837061	-6.6197641436685222e-006	-1	
0.012715973876979486	-0.0074259756764241706	-5.9949971469139179e-006	-1	
0.012262175241978403	-0.0079588703973171096	-5.6557384566257698e-006	-1	
0.015840235412244406	-0.0028154320840408638	-2.6344691948225874e-006	-1	
0.013999335652638303	-0.003616489230460717	-5.2701175028685814e-006	-1	
0.015169084815425178	-0.0010251241894962174	-1.3205209550268433e-006	-1	
0.016986824490609113	0.00046452208075668257	3.5220055189734541e-007	-1	
0.018551236999216795	0.0019364521115580093	7.7578485184516105e-007	-1	
0.011829723159491328	-0.01167223780516718	5.6797258276037928e-006	-1	
0.011919325810110041	-0.012134552279205995	6.7884104345391691e-006	-1	
0.010955448123354861	-0.008616953239427896	-5.7047078493852337e-006	-1	
0.011504846606584756	-0.0081417648578682011	-6.4350575851318358e-006	-1	
0.01055529019866876	-0.0097807753510950144	-9.8874757660741871e-007	-1	
0.010808992493903571	-0.010985035878425784	4.5102797672033106e-006	-1	
0.01105747779607561	-0.011712365567352083	7.0393429869837775e-006	-1	
0.0048963500882726017	-0.019706677176339286	1.1813947643278027e-005	-1	
0.0048672258602973899	-0.019537953896628827	1.6179174538168005e-005	-1	
0.0046427886729360993	-0.019234360781095274	1.951862759249703e-005	-1	
0.0046891166959213528	-0.018889815848214284	2.6530120554474513e-005	-1	
0.0046498786448758052	-0.018423037946428574	3.2157831627369634e-005	-1	
0.0044100705797259386	-0.017800667410714288	3.3848385089407016e-005	-1	
0.0044588119258383314	-0.017178296875000002	3.9239142406032308e-005	-1	
0.0050000000000000001	-0.016867111607142857	5.4150519903297661e-005	-1	
0.0052707543061002657	-0.016555926339285716	5.2498636403970014e-005	-1	
0.0056832300146651381	-0.016558746808584452	4.7790689744265645e-005	-1	
0.0075472695312499994	-0.017326685706971493	2.624431180023877e-005	-1	
0.0075105178571428562	-0.017333732306109122	2.645424691018968e-005	-1	
0.0075735033482142843	-0.017299999999999999	2.6234627954511428e-005	-1	
0.0074097016733666952	-0.017319157716915615	2.7266551245923894e-005	-1	
0.007473109553534283	-0.017326890446465716	2.6762874020948852e-005	-1	
0.007599737165178571	-0.017250862653846614	2.6362590101771236e-005	-1	
0.0076321900195187196	-0.017193670677549049	2.6488263050383929e-005	-1	
0.0076038652733772492	-0.017086909473517844	2.7312179019730208e-005	-1	
0.0074999999999999997	-0.016994093750000001	2.8579877540829511e-005	-1	
0.0074999999999999997	-0.016851658482142859	2.9337016070992526e-005	-1	
0.0074999999999999997	-0.016709223214285716	3.003332493324813e-005	-1	
0.0077634623222964435	-0.016281917410714289	2.9764520369083223e-005	-1	
0.0074999999999999997	-0.016424352678571431	3.1251048206213851e-005	-1	
0.0078242426116727198	-0.015854611607142858	3.0462776676129332e-005	-1	
0.008389039194187051	-0.015669056002924158	2.6845288664726953e-005	-1	
0.0091241698476005537	-0.015434558560570785	2.250177866747759e-005	-1	
0.0098166610447310149	-0.015310302812917884	1.8953979026027477e-005	-1	
0.010650232919241656	-0.016609512653848444	1.3568708269378273e-005	-1	
0.010699230563432936	-0.016873946050674497	1.2809028262101861e-005	-1	
0.010361698765314618	-0.016095324037033527	1.5637377212768429e-005	-1	
0.0072360028753007156	-0.017108702260859327	2.9915690233997668e-005	-1	
0.0072957811930390547	-0.017163697368890722	2.911821047669602e-005	-1	
0.0073556974797164883	-0.017210028708491948	2.8370558575959599e-005	-1	
0.0074156295583811512	-0.017261707764369822	2.7599415738832382e-005	-1	
0.0071426680159734739	-0.017009182144433678	3.1253286177152621e-005	-1	
0.0070269869941255126	-0.016811998139149926	3.3306221581708313e-005	-1	
0.0064985073712380348	-0.016369680937177486	4.02565242940992e-005	-1	
0.0068685322892497016	-0.01660465905700571	3.5741034161911176e-005	-1	
0.0067395703898776227	-0.016398906018521384	3.785174576004687e-005	-1	
0.010796134726622768	-0.017086909473517826	1.1964312839856668e-005	-1	
0.0109	-0.017299999999999999	1.108285288574039e-005	-1	
0.010878964285714285	-0.017299999999999999	1.1143924824962312e-005	-1	
0.010855749836748021	-0.017255749836748019	1.1333795640005318e-005	-1	
0.010833507399523623	-0.017190849500698983	1.1576018583347078e-005	-1	
0.0050228215736084214	-0.02004048479352678	-2.128620029416124e-006	-1	
0.0050000000000000001	-0.020059933872767853	-3.5671749235795595e-006	-1	
0.0050217854128816108	-0.020010517857142855	-3.6348896028557871e-007	-1	
0.0049103152348022334	-0.019816501334049715	8.191256230874302e-006	-1	
0.0049180835995510071	-0.019906112777981291	4.6527520320396719e-006	-1	
0.0050000000000000001	-0.019978964285714284	1.9441716503092892e-006	-1	
0.0050000000000000001	-0.019999999999999997	3.4949859968414751e-007	-1	
0.0049557498367480213	-0.019955749836748016	2.7060890807333666e-006	-1	
0.0045746146060956913	-0.020228910258225343	-5.8301916728926719e-006	-1	
0.0046577152060488965	-0.020201064202965836	-5.6206321401268569e-006	-1	
0.004718876271757602	-0.020146362776054919	-4.4018484501234018e-006	-1	
0.004783982544151741	-0.020110873098368807	-3.6151423203477444e-006	-1	
0.0049657424638333931	-0.020079382952008923	-3.9929944823569387e-006	-1	
0.0049034643000496437	-0.020064096577770828	-2.6160587493973715e-006	-1	
0.0048431311977251328	-0.020079995584025831	-2.8800264355793809e-006	-1	
0.00095064732142857147	-0.019999999999999997	2.0314477441244369e-008	-1	
0.00045365320027396987	-0.02023792353225411	-2.4827503896362779e-008	-1	
0.00064077678571428575	-0.019999999999999997	1.4666931247390115e-008	-1	
0.0002643272298632122	-0.02028413717871394	-1.0851282207939046e-008	-1	
0.00016892066054371454	-0.020434977911033991	-7.7039333644247661e-009	-1	
0	-0.020643406249999999	0	-1	
0.0040493526785714291	-0.019999999999999997	3.3806013700181045e-007	-1	
0.0043592232142857148	-0.019999999999999997	3.0432085198709374e-007	-1	
0.0045260774667143892	-0.02011929063042062	-2.7727060044871726e-006	-1	
0.0038944174107142858	-0.019707990019487	4.5340137575170687e-006	-1	
0.003303493394450636	-0.01904477792477741	8.5710339214104818e-006	-1	
0.0024694628618208369	-0.018533149598762663	6.3556142921295481e-006	-1	
0.0039218959259194729	-0.019267398138748958	1.0804492566749182e-005	-1	
0.0013773581350982776	-0.019082524271215116	1.2395298290452803e-006	-1	
0.0011055825892857143	-0.01964063542309899	3.308843858562641e-007	-1	
0.011036290350610746	-0.017130196932231841	1.112815434467624e-005	-1	
0.010989097416975577	-0.017065311383928573	1.1425424682025767e-005	-1	
0.010971905775153621	-0.017178071077727241	1.1196537044352051e-005	-1	
0.01092960886646125	-0.017243355468749999	1.1149837686174764e-005	-1	
0.0109	-0.016994093750000001	1.186766548349939e-005	-1	
0.010010960805813146	-0.014330943997075869	1.7679430006856733e-005	-1	
0.010636537677703646	-0.013718082589285713	1.4095555881469586e-005	-1	
0.01013623212926832	-0.013770795965003102	1.6228901443656168e-005	-1	
0.0109	-0.013575647321428569	1.287461888386342e-005	-1	
0.011022222182466204	-0.013433212053571428	1.2178820563391679e-005	-1	
0.011271337442017901	-0.013416068503653709	1.1351829544970969e-005	-1	
0.011257331984026484	-0.012990817855566307	1.0487389557711926e-005	-1	
0.011288380575545346	-0.012868171890814597	1.010670250563793e-005	-1	
0.011165762487284686	-0.013091509097910048	1.0989143319326524e-005	-1	
0.01108065020843978	-0.013254852211686631	1.1614090935394683e-005	-1	
0.011309158845868425	-0.012687510194380304	9.5898877717243242e-006	-1	
0.011545016835597149	-0.012047345279150769	7.2736069496209707e-006	-1	
0.011250089831001661	-0.01238301093699175	8.8859035211473078e-006	-1	
0.0109	-0.017278964285714286	1.1140422214728376e-005	-1	
0.0218	0.0050986852678571422	0	-1	
0.020010312884032169	0.0031191366815656162	5.7919239496020485e-007	-1	
0.012348303689415472	-0.0068303846944062652	-7.7415508052452312e-006	-1	
0.012608717407973339	-0.0057377276980656311	-8.3128437166186187e-006	-1	
0.012324826847029995	-0.0046823038869371501	-9.2408168165485586e-006	-1	
0.01259338690150043	-0.0039573294996170811	-8.1767622485871417e-006	-1	
0.012050492284927489	-0.0072090788453630624	-7.7337357126329158e-006	-1	
0.011650035774616343	-0.0074769136376537856	-8.013188394197738e-006	-1	
0.013870287025424099	-0.0024282527586473152	-4.2290101180257051e-006	-1	
0.013011317170527125	-0.0029438980172114206	-6.1892864681102615e-006	-1	
0.014830201758051715	0.0006795094074400702	1.010216582287482e-006	-1	
0.01328175082547943	-0.00071915704865401625	-1.6544632427415378e-006	-1	
0.016432579367387356	0.0022903650270525515	1.9177311551211976e-006	-1	
0.018395808810254356	0.0040788355017892797	1.3923685560284312e-006	-1	
0.01007802680508999	-0.0086463909693953751	-7.1220517744011876e-006	-1	
0.010543661833419132	-0.008018559771243626	-8.9496246501396123e-006	-1	
0.010991315939062427	-0.0078914491449246331	-8.3255042036401793e-006	-1	
0.011224588064230616	-0.0076439427490081098	-8.5494568288713374e-006	-1	
0.0095507148838228171	-0.0094487739625378105	-3.358822205201432e-006	-1	
0.010005505195765601	-0.011157418604264859	6.5696007038029435e-006	-1	
0.0090236599969343578	-0.010251325815193875	2.0082082782333443e-006	-1	
0.010600063887822843	-0.011724699490718778	8.0413397208701464e-006	-1	
0.011111579003839432	-0.012155904101429995	8.4963455997753818e-006	-1	
0.010849905778131606	-0.012108051338210907	8.9450807442580814e-006	-1	
0.0048280761927036956	-0.01978984775450664	8.0675358470708123e-006	-1	
0.0047952947594632964	-0.019693329835899363	1.0763632668358078e-005	-1	
0.0046292380213264926	-0.019651605436673374	1.0001370445874745e-005	-1	
0.0042807456455803573	-0.01901029280455795	1.8241162041698528e-005	-1	
0.0043310730160210443	-0.019433079710162851	1.1723218379994136e-005	-1	
0.0036890335813591661	-0.018563403705029215	1.5904441226272284e-005	-1	
0.0034614869134631972	-0.018011547398566002	1.7309094337612869e-005	-1	
0.003483913919348278	-0.017415040987484941	2.0883310729167985e-005	-1	
0.0040019833346818644	-0.016555926339285716	3.2792331767973283e-005	-1	
0.0050000000000000001	-0.016244741071428571	5.690131469316295e-005	-1	
0.005479181389554574	-0.016237175721879844	5.1442813299205522e-005	-1	
0.0058066130985023109	-0.016042670500383202	4.8586930379939972e-005	-1	
0.0075210357142857127	-0.017299999999999999	2.6600080979061235e-005	-1	
0.0074999999999999997	-0.017299999999999999	2.6748075936746744e-005	-1	
0.0075442501632519785	-0.017255749836748019	2.6718673779797212e-005	-1	
0.0074662676938908774	-0.017289482142857145	2.7055505050858791e-005	-1	
0.0075664926004763797	-0.017190849500698983	2.6963858877322764e-005	-1	
0.0074999999999999997	-0.017136529017857144	2.7764087481447308e-005	-1	
0.0074109025830244226	-0.017065311383928573	2.8837382168972265e-005	-1	
0.0073696329825961833	-0.016922338853346687	2.9956593863941617e-005	-1	
0.0073193497915602168	-0.016745147788313357	3.1260450190474691e-005	-1	
0.0073777778175338057	-0.016566787946428574	3.1628993386884514e-005	-1	
0.0074999999999999997	-0.016139482142857143	3.2238012377344577e-005	-1	
0.0072104835410749142	-0.016299578105329043	3.41048829523633e-005	-1	
0.0074999999999999997	-0.015569741071428571	3.3499957404538731e-005	-1	
0.0079980726155823943	-0.015248813386415951	2.9951098115223938e-005	-1	
0.0085833389552689848	-0.014689697187082115	2.5927525256952866e-005	-1	
0.0092758301523978622	-0.014565441439428187	2.1623743365675205e-005	-1	
0.0072760250212877244	-0.017038018903485719	3.0026446240558055e-005	-1	
0.0073637096493892554	-0.017130196932231841	2.8806429007440919e-005	-1	
0.0074280942248463799	-0.017178071077727241	2.8036605552611229e-005	-1	
0.0074703911335387476	-0.017243355468749999	2.7320573323704053e-005	-1	
0.0072342375127152948	-0.016908490902089939	3.1091005392147535e-005	-1	
0.0071286625579821119	-0.016583931496346269	3.3599289220357368e-005	-1	
0.0068515885131664846	-0.016190472680655883	3.7587463665442362e-005	-1	
0.0065617508156416982	-0.015918491039237655	4.117840424802653e-005	-1	
0.0069821454610141708	-0.016387823636183362	3.5713264156969629e-005	-1	
0.0109	-0.017136529017857144	1.1516404951174301e-005	-1	
0.0109	-0.017207746651785715	1.1331366710952437e-005	-1	
0.0050000000000000001	-0.02002103571428571	-1.2759962614710823e-006	-1	
0.0049620282503647431	-0.020037971749635255	-1.8344889721976615e-006	-1	
0.0048421179336356392	-0.019875150174515362	5.1958825163454829e-006	-1	
0.0049208635602678583	-0.019968361110055378	1.8465306043029143e-006	-1	
0.0048627628348214286	-0.019954543204854194	2.2053915036608762e-006	-1	
0.0049789642857142862	-0.019999999999999997	3.36577931971941e-007	-1	
0.0049402304687500009	-0.019999999999999997	3.0739158841501961e-007	-1	
0.0046459607304848239	-0.020119856109964408	-3.2005076080673562e-006	-1	
0.0047078275669642858	-0.020073039723406287	-2.0042598026264335e-006	-1	
0.0047852952008928581	-0.020044162821470674	-1.2651118618259555e-006	-1	
0.0049208635602678583	-0.0200314839616582	-1.2155829817812931e-006	-1	
0.0048837362049039164	-0.020032623703885741	-1.1290980749743356e-006	-1	
0.004843395926339286	-0.020035504352814357	-1.1079000127441039e-006	-1	
0.00066860553187778537	-0.019753347937364194	9.1596691718006933e-008	-1	
0.00033090625000000004	-0.019999999999999997	4.8112477072553802e-009	-1	
0.00021743456922330046	-0.020111926788858172	-1.7167849487818035e-009	-1	
0.00043312138891458865	-0.019831826581136986	3.005195055040782e-008	-1	
8.8337154757893652e-005	-0.020254424665178562	-1.1151083652268503e-009	-1	
0	-0.020332220982142851	0	-1	
0.0042042879464285719	-0.019823120454391531	3.7218232258425081e-006	-1	
0.0044366908482142862	-0.019787340542119405	5.3549667289318955e-006	-1	
0.0045141584821428576	-0.019999999999999997	3.2783339460720062e-007	-1	
0.0030811498621441187	-0.018471619780314447	1.0753058264456306e-005	-1	
0.0016285072985817931	-0.018102498663031104	3.3993796510753042e-006	-1	
0.0026553690100497491	-0.017682564772653966	1.049027824499277e-005	-1	
0.00082568126658985695	-0.019367133894930836	3.2490643940247196e-007	-1	
0.00086486640154256065	-0.018766108997025407	6.9153777183748654e-007	-1	
0.0095930636900326393	-0.01393747135134616	1.9085000797578615e-005	-1	
0.010517916787706815	-0.013443074798022113	1.3978626789811287e-005	-1	
0.0099281859375292669	-0.013478662331134981	1.6451829425137884e-005	-1	
0.010175650698384655	-0.013219073290401551	1.4755022479699454e-005	-1	
0.0109	-0.013290776785714286	1.2278387741449566e-005	-1	
0.011163997124699255	-0.012891297739140686	1.0509657904936141e-005	-1	
0.011123974978712257	-0.012961981096514282	1.08018133933113e-005	-1	
0.01117557155657985	-0.012810899096704081	1.027190343642241e-005	-1	
0.011030367017403809	-0.013077661146653308	1.1366702316853981e-005	-1	
0.0109	-0.013148341517857143	1.1948851531407127e-005	-1	
0.011150986842741304	-0.012597777243337282	9.7557126393470076e-006	-1	
0.011046486560751816	-0.01250339231830549	9.7549419110033683e-006	-1	
0.010950810249042309	-0.012367838457967633	9.5784245564232719e-006	-1	
0.0218	0.0076480279017857146	0	-1	
0.019995195388970367	0.0049315963000154412	6.9279231516788376e-007	-1	
0.020077631046263679	0.0076780171415244906	4.1396898608063814e-007	-1	
0.01168591513148701	-0.0065353888504192693	-9.863229955812005e-006	-1	
0.011635638397512894	-0.0069641356994924438	-9.2203881739971704e-006	-1	
0.011571726278901982	-0.0058796734972131146	-1.1014640338825304e-005	-1	
0.011674820584578751	-0.0052651433829198546	-1.1086806876352703e-005	-1	
0.011838249184358567	-0.0040815089607631012	-1.0228880414545522e-005	-1	
0.011552600643462096	-0.0046451682483889542	-1.1455266492734035e-005	-1	
0.011901492628762399	-0.0036303190628217789	-9.5498947563059998e-006	-1	
0.012319059174861223	-0.0030899922449702864	-7.7504289205198345e-006	-1	
0.011234366431850069	-0.0073468519928051599	-9.3625355752260643e-006	-1	
0.011381949591753088	-0.0071336545044405732	-9.5099959143694849e-006	-1	
0.012870471007529501	-0.0023643217437738068	-5.4429321000551147e-006	-1	
0.012358704161816492	-0.0026706565181497206	-6.9092700757407388e-006	-1	
0.01477732850381174	0.0024166973205239735	3.2597064451067485e-006	-1	
0.013343610212747209	0.0015798776675469538	3.4674839978494679e-006	-1	
0.012296602132198207	-0.0016106964958842265	-4.5916664593628012e-006	-1	
0.011992146683298814	0.00073964030832679092	2.4164697014437103e-006	-1	
0.011964476656157146	-0.00089279257692382393	-2.884009229084025e-006	-1	
0.015763481476731296	0.0044306156796450908	3.3705926509183618e-006	-1	
0.017964409394969929	0.0055267096411468538	1.6887445949981743e-006	-1	
0.010104316046574212	-0.0078651759741719569	-1.0819076576950909e-005	-1	
0.0091960823026623149	-0.0085565228418469311	-9.8656608714864937e-006	-1	
0.010785278195010304	-0.0076208502749602848	-9.7619172674436332e-006	-1	
0.010347612998680623	-0.007583519308842975	-1.1187582140301538e-005	-1	
0.011004744329937154	-0.0075516036230789188	-9.3905754968754793e-006	-1	
0.011096184796127459	-0.0074430189265631604	-9.4653077189427749e-006	-1	
0.0083944948042340359	-0.0088425813957346364	-9.994960831487586e-006	-1	
0.010067350146509281	-0.011976859172277133	1.0504719050786073e-005	-1	
0.0092039176973376727	-0.011443477158152778	1.0019813916004874e-005	-1	
0.0079281333588425117	-0.0097477992038766705	-2.4776197635039833e-006	-1	
0.0078558481494479162	-0.010551214381070788	5.79654565936144e-006	-1	
0.0083219731949096751	-0.011353609030604788	1.2011556842792743e-005	-1	
0.010547805975268287	-0.012179285807829317	9.9921569560540229e-006	-1	
0.010785278195010304	-0.012379149725039682	1.0052452981036966e-005	-1	
0.004742153053593893	-0.019780314260222719	7.5258275139298001e-006	-1	
0.0046471113350102901	-0.019870698193652368	4.1748825065766892e-006	-1	
0.0027213065389436264	-0.016469978695209934	1.3978533981942863e-005	-1	
0.0043554486003314439	-0.015933555803571427	4.1879986375490824e-005	-1	
0.0034058911013749764	-0.01546695490196851	2.4521266501144037e-005	-1	
0.0054299339405881339	-0.015781418913392953	5.3336538457862796e-005	-1	
0.0050000000000000001	-0.015622370535714285	5.8562747157239215e-005	-1	
0.0060372095434973183	-0.015308012132233978	4.762145849496744e-005	-1	
0.0074999999999999997	-0.017278964285714286	2.6883557538913637e-005	-1	
0.0074999999999999997	-0.017207746651785715	2.7331536520718698e-005	-1	
0.0069548063393007039	-0.015977544061989816	3.7327120840117057e-005	-1	
0.0074999999999999997	-0.014999999999999999	3.3901260333609765e-005	-1	
0.0068473993565373566	-0.015354831751611351	3.9430574887483992e-005	-1	
0.0078394349690020532	-0.014715129464285714	3.1095638251817581e-005	-1	
0.0085474974304930243	-0.013924143636405302	2.4935561733181306e-005	-1	
0.0090707696529159099	-0.013892437917536781	2.1748566101782478e-005	-1	
0.0079568107353839776	-0.014287823660714283	2.9689667917382877e-005	-1	
0.0047705026312616248	-0.019915159094486191	3.3050194965390591e-006	-1	
0.0049014966517857148	-0.019999999999999997	3.2110853444637257e-007	-1	
0.0048627628348214286	-0.019999999999999997	3.1403480561572294e-007	-1	
0.0048240290178571434	-0.019999999999999997	3.2983878402879634e-007	-1	
0.0046690937500000005	-0.019999999999999997	3.1909207416709222e-007	-1	
0.0047465613839285719	-0.019999999999999997	3.4150329627274448e-007	-1	
0.00047693627988154162	-0.019595631175557696	7.4564924816536726e-008	-1	
0.00025343861607142861	-0.019912103194037602	7.1017759021453734e-009	-1	
0.00017597098214285721	-0.019999999999999997	1.5154246152708765e-009	-1	
0.00010924613478303761	-0.02006855506685119	-2.6200873421925085e-011	-1	
0.00010376826762153543	-0.020137730189732136	-4.3690050808655325e-010	-1	
0.00028340451871564261	-0.01973794586807831	1.8772604588814584e-008	-1	
0	-0.020176628348214279	0	-1	
0.0017881106496924974	-0.017027319537335772	5.2273387958231518e-006	-1	
0	-0.017489482142857143	0	-1	
0.00044073145829109331	-0.019193748977168246	1.2407835631008373e-007	-1	
0	-0.018734223214285715	0	-1	
0.009327330596984415	-0.013435277602825375	1.9118440553771743e-005	-1	
0.010486919983063036	-0.013079184564739886	1.3185974682668033e-005	-1	
0.01069923056343287	-0.013126053949325565	1.2566874406823894e-005	-1	
0.0098463637006619368	-0.013129476994260501	1.5807574263698517e-005	-1	
0.010249352678571428	-0.012885868486612672	1.3460514586711048e-005	-1	
0.01110421880696094	-0.012836302631109289	1.0539049749738704e-005	-1	
0.011036290350610743	-0.012869803067768162	1.0823409686035767e-005	-1	
0.010989097416975582	-0.01293468861607143	1.1133990431631693e-005	-1	
0.011079459584103044	-0.012719073056458904	1.0289926258833234e-005	-1	
0.0109	-0.013005906250000001	1.1593002222874822e-005	-1	
0.011010410213987843	-0.012589589786012162	1.0110924682044997e-005	-1	
0.010881301109438943	-0.012518494640006175	1.0247880814854255e-005	-1	
0.0218	0.010197370535714284	0	-1	
0.018526314893352037	0.0069291030202727451	1.1017318088352782e-006	-1	
0.019092355705712095	0.0090910587794799363	2.4290030685428353e-007	-1	
0.011344077434121691	-0.0062717629806165222	-1.1267148140451296e-005	-1	
0.011277809643174531	-0.006676106727671988	-1.0791484774477421e-005	-1	
0.01133056056729766	-0.006959429011692813	-1.0056146562649568e-005	-1	
0.011161575413657764	-0.0060728946846247732	-1.2143599014426547e-005	-1	
0.011240727008078176	-0.0057121763392857152	-1.2264211582957834e-005	-1	
0.011219220250411841	-0.0052848705357142868	-1.2609668018184777e-005	-1	
0.011548411486833846	-0.0038095273193443002	-1.0788665244493839e-005	-1	
0.011445193660699288	-0.0040224559380104326	-1.1365750142960331e-005	-1	
0.0109	-0.0044302589285714292	-1.3638046124009652e-005	-1	
0.0109	-0.005000000000000001	-1.3833218722272251e-005	-1	
0.011660429610122621	-0.0036010939814785179	-1.018286571800539e-005	-1	
0.011730591459302468	-0.0032266781989033987	-9.3780445154739188e-006	-1	
0.011757190555977575	-0.0028679990978433424	-8.6219140420316904e-006	-1	
0.01117557155657984	-0.0071891009032959263	-9.9383239015920781e-006	-1	
0.011079459584103035	-0.0072809269435410969	-9.9668212631214727e-006	-1	
0.011180631606841154	-0.0070619797843574396	-1.0242058255037585e-005	-1	
0.012283918623993164	-0.0022561431889173648	-6.1715518393031673e-006	-1	
0.011966949158499574	-0.0025159238643400676	-7.3878176854210358e-006	-1	
0.013487212475889581	0.003461405846496611	5.9865283868711798e-006	-1	
0.012715973876980292	0.0025740243235759484	6.0639306566701224e-006	-1	
0.012262175241978335	0.002041129602682921	5.7385890387208647e-006	-1	
0.011829723159491299	-0.0016722378051666647	-5.460605525608873e-006	-1	
0.011919325810110152	-0.0021345522792058512	-6.5429147636423389e-006	-1	
0.010955448123354772	0.0013830467605718015	5.7974506702971434e-006	-1	
0.011504846606584806	0.0018582351421317235	6.5181475726892541e-006	-1	
0.010555290198668313	0.00021922464890484049	1.114664076060489e-006	-1	
0.010808992493903474	-0.00098503587842582361	-4.3369320913488789e-006	-1	
0.011057477796075563	-0.0017123655673520887	-6.8298193315306993e-006	-1	
0.01490757053918988	0.0065032423489225421	3.953801504180931e-006	-1	
0.016515362649916633	0.0059541538007497541	2.6430425897253534e-006	-1	
0.0136216563186449	0.0052495276207192654	6.4155901296385368e-006	-1	
0.010144417410714283	-0.0074951546712411429	-1.2193883079799271e-005	-1	
0.0098296116071428553	-0.0075386373775122159	-1.3156760047072528e-005	-1	
0.0094098705357142844	-0.0076961758321351633	-1.3966817555275045e-005	-1	
0.0088367876383168634	-0.0077460848553949427	-1.6078970129613826e-005	-1	
0.0083326498534905466	-0.0080231408277228848	-1.6578438038811129e-005	-1	
0.010785087627409104	-0.0074516244816946854	-1.0316645273305586e-005	-1	
0.010881301109438942	-0.0074815053599938154	-9.9455289479283184e-006	-1	
0.010600582902792316	-0.0074136774225842129	-1.0997819638464437e-005	-1	
0.010249352678571428	-0.0073000000000000001	-1.2531308314334242e-005	-1	
0.010459223214285713	-0.0073000000000000001	-1.1821655662622336e-005	-1	
0.011009733603980302	-0.0074097336039803032	-9.8004450949999848e-006	-1	
0.0077999361121771811	-0.0082753005092810836	-1.7164624969464439e-005	-1	
0.0075910075060966874	-0.0090149641215740567	-1.102880403145436e-005	-1	
0.010347612998680623	-0.012416480691157023	1.1465891633143903e-005	-1	
0.0095632123616830617	-0.012253915144605094	1.3437902470789133e-005	-1	
0.010039482142857142	-0.012699999999999999	1.3596816918109608e-005	-1	
0.0089901294642857135	-0.012303824167864831	1.5974312072689806e-005	-1	
0.0082956839534257861	-0.01213482402582804	1.7956909438481718e-005	-1	
0.0072051522199815705	-0.010105569201632792	1.3873070209513337e-006	-1	
0.0069629774111074783	-0.010803982211743349	1.1176170039274703e-005	-1	
0.0074445518766454192	-0.011383046760571785	1.5738087500155942e-005	-1	
0.0078563381665809028	-0.011981440228756588	1.9113106794395492e-005	-1	
0.010600582902792316	-0.012586322577415788	1.1291822834207596e-005	-1	
0.01078508762740909	-0.012548375518305302	1.0616876138088132e-005	-1	
0.0024754793266098139	-0.015016454246785859	1.2390101188263806e-005	-1	
0.0012335972482583352	-0.015631437832669397	2.8248963136114222e-006	-1	
0.0044523669330547751	-0.015311185267857141	4.5003449875272379e-005	-1	
0.0034094371878723435	-0.014573351973797357	2.4579669835533699e-005	-1	
0.0053595047686969587	-0.015311185267857141	5.4891262416096502e-005	-1	
0.0050000000000000001	-0.014999999999999999	5.9126625700731396e-005	-1	
0.0056216232181191981	-0.014645110010562224	5.1850633878938095e-005	-1	
0.0067251794154205465	-0.014734856617080445	4.062623284868036e-005	-1	
0.0062120594310664688	-0.014240452861424216	4.5001916356235417e-005	-1	
0.0071807797495881572	-0.014715129464285714	3.6512903475805582e-005	-1	
0.0074999999999999997	-0.014430258928571426	3.3482640500347816e-005	-1	
0.0080383012346853955	-0.013904675962966191	2.8262949385843596e-005	-1	
0.008139602431976891	-0.013618723554682412	2.6660824218663178e-005	-1	
0.0086881703104932373	-0.013340589739616316	2.2250675965040983e-005	-1	
0.0077512954650594797	-0.014002953125	3.0626166811868526e-005	-1	
0.0074999999999999997	-0.014145388392857141	3.2923812002293051e-005	-1	
0.0002421099804847788	-0.019544989064633742	2.20926311372526e-008	-1	
0.00013723716517857146	-0.019897126358080802	2.0774429951969459e-009	-1	
0.00011269312707610315	-0.01978362245147796	2.6185486596053476e-009	-1	
9.8503348214285736e-005	-0.019999999999999997	4.4958520401187562e-010	-1	
4.4250163251978896e-005	-0.020044250163251974	3.0351343752710043e-011	-1	
0	-0.020098832031249993	0	-1	
0	-0.014999999999999999	0	-1	
0	-0.019356593749999998	0	-1	
0.0093819509094757031	-0.013047154867993092	1.7568742352865623e-005	-1	
0.0089901294642857135	-0.01305708416401875	1.9525133974780258e-005	-1	
0.01068584900039476	-0.012991436243890703	1.2251569202562044e-005	-1	
0.010528982398991573	-0.012865869598282604	1.2413869547286514e-005	-1	
0.0096197410714285708	-0.012699999999999999	1.5194336645763938e-005	-1	
0.010459223214285713	-0.012699999999999999	1.2118159856151843e-005	-1	
0.011044302520283518	-0.012789971291508058	1.058507829077445e-005	-1	
0.010971905775153622	-0.012821928922272758	1.0884364294136416e-005	-1	
0.0109	-0.01286347098214286	1.1214829392954374e-005	-1	
0.010984370441618856	-0.012738292235630184	1.0614010379537438e-005	-1	
0.01099029832663332	-0.012680842283084385	1.043271173530152e-005	-1	
0.010796134726622724	-0.01291309052648215	1.1676822418547511e-005	-1	
0.010919157716915616	-0.012609701673366676	1.0424559453231302e-005	-1	
0.010860611352300603	-0.012615054360457421	1.0608186216046961e-005	-1	
0.0218	0.011472041852678572	0	-1	
0.019813239792478426	0.011034451876626637	-3.0327222184943338e-007	-1	
0.017072346525969385	0.0086262862433447267	8.7988327662397501e-007	-1	
0.017696828875116935	0.010623689022454218	-4.8449529608450812e-007	-1	
0.011119079662009678	-0.0063394461763031018	-1.1895587360727303e-005	-1	
0.01105974390558967	-0.0065667879464285719	-1.16895957748343e-005	-1	
0.01115902912638971	-0.0068996601323514442	-1.0686263150260665e-005	-1	
0.011047159849760119	-0.0067804408482142857	-1.1294923916055284e-005	-1	
0.0109	-0.0061394821428571436	-1.2984761413984444e-005	-1	
0.0109	-0.0058546116071428577	-1.3350416486980751e-005	-1	
0.0109	-0.0055697410714285718	-1.3625504769415086e-005	-1	
0.011417854538985963	-0.0036121763638167015	-1.0923860533145362e-005	-1	
0.011189516458925089	-0.0037004218946709729	-1.1797824714550951e-005	-1	
0.0109	-0.0038605178571428579	-1.3036386559962461e-005	-1	
0.010575757388327264	-0.0041453883928571434	-1.4657519500112454e-005	-1	
0.010401927384417541	-0.0047511866135839763	-1.5829363693721149e-005	-1	
0.010560565030997948	-0.0052848705357142868	-1.5134334185845193e-005	-1	
0.011531467710750334	-0.0033953409429941833	-1.022520287485635e-005	-1	
0.011469528052841065	-0.002979283560141864	-9.5901083791908008e-006	-1	
0.011373013005874465	-0.0031880018608500082	-1.0291442291531154e-005	-1	
0.011457257212980285	-0.0027960690136066076	-9.2076710991299825e-006	-1	
0.011557290034496719	-0.0025043030425282546	-8.2524656008970366e-006	-1	
0.011104218806960931	-0.0071636973688907202	-1.0208019944651228e-005	-1	
0.01104430252028351	-0.0072100287084919459	-1.0259292087140532e-005	-1	
0.010984370441618853	-0.0072617077643698192	-1.0293575682681505e-005	-1	
0.010990298326633318	-0.0073191577169156143	-1.0115059265538908e-005	-1	
0.011084548747903432	-0.0070454922612172852	-1.056471912275001e-005	-1	
0.012348303689415302	0.0031696153055939965	7.791895299109567e-006	-1	
0.012608717407974172	0.0042622723019343101	8.3379216579925197e-006	-1	
0.012050492284927584	0.0027909211546369214	7.793204198151228e-006	-1	
0.011650035774616367	0.002523086362346215	8.0779293762676108e-006	-1	
0.011545016835597126	-0.0020473452791507484	-7.0391064656334359e-006	-1	
0.010078026805090083	0.0013536090306046724	7.206482195310664e-006	-1	
0.010543661833419118	0.001981440228756431	9.021092031233612e-006	-1	
0.010991315939062407	0.0021085508550753155	8.3972514435094101e-006	-1	
0.011224588064230623	0.0023560572509918748	8.6160022759829911e-006	-1	
0.0095507148838217693	0.00055122603745016388	3.4599699100863552e-006	-1	
0.010005505195765658	-0.0011574186042649917	-6.4041429519749051e-006	-1	
0.0090236599969202545	-0.00025132581521014927	-1.8916131127072852e-006	-1	
0.010600063887822808	-0.0017246994907188186	-7.8401662249882751e-006	-1	
0.011111579003839417	-0.0021559041014299943	-8.2640382291547466e-006	-1	
0.010849905778131587	-0.0021080513382109251	-8.7206327999903772e-006	-1	
0.013717381074397619	0.007615549490847715	4.2506606729337864e-006	-1	
0.013296118082384374	0.0067419872327121851	6.0260633310140352e-006	-1	
0.015202498994449466	0.008285029067549729	2.0987288827305857e-006	-1	
0.012593386901509452	0.0060426705003812538	8.147051017111827e-006	-1	
0.012324826847037992	0.0053176961130477571	9.2219916325676672e-006	-1	
0.010039482142857142	-0.0073000000000000001	-1.329090404779784e-005	-1	
0.0096197410714285708	-0.0073000000000000001	-1.4942219144056097e-005	-1	
0.0091999999999999998	-0.0073000000000000001	-1.6743784498800267e-005	-1	
0.0087802589285714272	-0.0073000000000000001	-1.8758723591874501e-005	-1	
0.0083605178571428563	-0.0073000000000000001	-2.1006944421482718e-005	-1	
0.0080523870013193763	-0.0075835193088429741	-2.1001479939988187e-005	-1	
0.0078521940247316731	-0.0078207141921705862	-2.0516698307461715e-005	-1	
0.010721561383928572	-0.0073590834696913429	-1.0798458702334938e-005	-1	
0.010800262834821429	-0.0073520272222332619	-1.057982682919954e-005	-1	
0.010860611352300605	-0.0073849456395425738	-1.030045932152978e-005	-1	
0.010919157716915616	-0.0073902983266333202	-1.0114268539303865e-005	-1	
0.010564158482142857	-0.0073000000000000001	-1.1478589579775874e-005	-1	
0.010669093750000001	-0.0073000000000000001	-1.1143242712371883e-005	-1	
0.010354287946428571	-0.0071582637643145654	-1.2629499013441715e-005	-1	
0.010228423567588558	-0.0069968211768364156	-1.3599235323298809e-005	-1	
0.01052898239899156	-0.0071341304017174187	-1.2102045514724724e-005	-1	
0.0075500942218684067	-0.0078919486617890222	-2.1765585870903067e-005	-1	
0.00734252220392447	-0.0082876344326479074	-1.9476331111104014e-005	-1	
0.0069792801423961114	-0.0087480281971969494	-1.6650521451996757e-005	-1	
0.0067221208580185467	-0.0095460068064479129	-6.9158845354332875e-006	-1	
0.0091999999999999998	-0.012699999999999999	1.6990558941787983e-005	-1	
0.0085703883928571409	-0.012461362622487785	1.8748522981369796e-005	-1	
0.0087802589285714272	-0.012699999999999999	1.8985439506968527e-005	-1	
0.0082555825892857149	-0.012504845328758854	2.0618960642172345e-005	-1	
0.0080523870013193746	-0.012416480691157023	2.1196828003481173e-005	-1	
0.0064763484197301567	-0.01022915881075908	3.9722662683858609e-006	-1	
0.0062228047696465194	-0.010664791053975558	1.2416073169386238e-005	-1	
0.006410487963803219	-0.011345168293665135	2.1343122196490755e-005	-1	
0.0074086840609376512	-0.012108550855075338	2.2806784337160983e-005	-1	
0.0068951533934153049	-0.011858235142131685	2.3980809555107291e-005	-1	
0.0076147218049896978	-0.012379149725039782	2.3595029861522506e-005	-1	
0.010721561383928572	-0.012640916530308657	1.1101516814405798e-005	-1	
0.010564158482142857	-0.012699999999999999	1.1779065697809658e-005	-1	
0.010669093750000001	-0.012699999999999999	1.1447801939654574e-005	-1	
0.010800262834821429	-0.012647972777766737	1.0886825946250786e-005	-1	
0.0025770422723910475	-0.014076822746339073	1.3036328435339557e-005	-1	
0.0017043251121057409	-0.01432802263188554	5.5950148349997268e-006	-1	
0.0042813497220384553	-0.014377629464285713	4.07521923527777e-005	-1	
0.0038861308931167045	-0.013817506831360158	3.1634108431951585e-005	-1	
0.0031970085208853386	-0.013413212563262502	1.9673558854309275e-005	-1	
0.0050000000000000001	-0.013755258928571427	5.6971916856532774e-005	-1	
0.0059133223946614532	-0.013688269398833924	4.6439982364009028e-005	-1	
0.0071592729919218116	-0.014287823660714285	3.6095218215346061e-005	-1	
0.0068282737210977129	-0.014120326502786546	3.871756704721302e-005	-1	
0.006326765799063481	-0.013623206684911803	4.1882005081262407e-005	-1	
0.0077991075364521002	-0.013718082589285713	2.94081649101863e-005	-1	
0.0082666034019239255	-0.013168541679982082	2.4074445844537769e-005	-1	
0.0077497670807585243	-0.013390487346151857	2.850771447711293e-005	-1	
0.0079485697418534649	-0.013209370553901721	2.6323241242901081e-005	-1	
0.0084390947295285498	-0.012959432884513728	2.2072167186960932e-005	-1	
0.0074999999999999997	-0.013860517857142856	3.2157728054647458e-005	-1	
0.0072384245863421756	-0.013927105315375204	3.4501061160108276e-005	-1	
0	-0.019667779017857143	0	-1	
6.8377516490288458e-005	-0.019890961509042709	5.780143195978933e-010	-1	
4.4250163251978896e-005	-0.019955749836748016	1.5124869458923288e-010	-1	
0	-0.019823371651785715	0	-1	
2.1035714285714294e-005	-0.019999999999999997	2.051383385939334e-011	-1	
0	-0.02002103571428571	0	-1	
0	-0.013755258928571427	0	-1	
0.0009279914600608402	-0.013671937028083156	1.5314021898972871e-006	-1	
0.010669725246540538	-0.012857119389372972	1.1921597980926999e-005	-1	
0.01063981044377448	-0.012778678659637862	1.1782971817857236e-005	-1	
0.01092960886646125	-0.012756644531250002	1.082619351755758e-005	-1	
0.0109	-0.012792253348214287	1.1015877572251889e-005	-1	
0.010833507399523615	-0.012809150499301026	1.1266399126192427e-005	-1	
0.010933732306109122	-0.012710517857142858	1.0681275427697586e-005	-1	
0.010926890446465722	-0.012673109553534279	1.0591502060919283e-005	-1	
0.010767809980481279	-0.012806329322450943	1.1461685432866325e-005	-1	
0.010889482142857142	-0.012666267693890874	1.0679724677473954e-005	-1	
0.010852730468749999	-0.012673314293028506	1.0808749726375668e-005	-1	
0.0218	0.012746713169642859	0	-1	
0.020123451126380251	0.012279847615000443	-5.0332518349035319e-007	-1	
0.018040595680792734	0.012261502872633253	-1.2606565032858562e-006	-1	
0.015713634767704925	0.0099554546333979251	-1.3868558695510261e-007	-1	
0.016367234312723137	0.012239787523797497	-2.117873866897644e-006	-1	
0.0109	-0.0064243526785714303	-1.2508185913468297e-005	-1	
0.0109	-0.0067092232142857144	-1.1932905043388513e-005	-1	
0.011013560239787536	-0.0069433651131462666	-1.1028640111405482e-005	-1	
0.0109	-0.0068516584821428569	-1.1609092289650115e-005	-1	
0.010648704534940491	-0.0059970468750000002	-1.4150234870842295e-005	-1	
0.01060089246354773	-0.0062819174107142869	-1.3880969074315006e-005	-1	
0.010443189264616024	-0.0057121763392857152	-1.5325008997965685e-005	-1	
0.01127133744201793	-0.0034160685036537328	-1.1043526602329896e-005	-1	
0.011022222182466202	-0.0034332120535714287	-1.187663875179974e-005	-1	
0.0109	-0.0035756473214285716	-1.2567377048040844e-005	-1	
0.010636537677703643	-0.0037180825892857146	-1.3788178058124818e-005	-1	
0.010010960805813157	-0.0043309439970758224	-1.7359086937463997e-005	-1	
0.010136232129268306	-0.0037707959650030206	-1.5936870279501497e-005	-1	
0.0098166610447310218	-0.0053103028129178852	-1.8580243319922934e-005	-1	
0.011257331984026479	-0.0029908178555662977	-1.0205628179228552e-005	-1	
0.011288380575545327	-0.0028681718908145967	-9.8314411343793148e-006	-1	
0.011165762487284688	-0.0030915090979100435	-1.0703726910471709e-005	-1	
0.011080650208439785	-0.0032548522116866378	-1.1321124179109685e-005	-1	
0.011309158845868422	-0.0026875101943803089	-9.3245841522800881e-006	-1	
0.011250089831001654	-0.0023830109369917412	-8.638809908833949e-006	-1	
0.011036290350610743	-0.0071301969322318413	-1.0493472116831904e-005	-1	
0.010971905775153622	-0.0071780710777272442	-1.055978664653607e-005	-1	
0.01092960886646125	-0.0072433554687500006	-1.0507064107979993e-005	-1	
0.010933732306109122	-0.0072894821428571418	-1.0364586122239523e-005	-1	
0.01092689044646572	-0.0073268904464657229	-1.027724075978464e-005	-1	
0.010989097416975579	-0.0070653113839285716	-1.0802872798021511e-005	-1	
0.011685915131486877	0.0034646111495806571	9.9023563828774793e-006	-1	
0.011635638397512946	0.0030358643005075625	9.2707686441202893e-006	-1	
0.011571726278902154	0.0041203265027867711	1.103573678122679e-005	-1	
0.011674820584579006	0.0047348566170804154	1.1090623755023038e-005	-1	
0.011234366431850083	0.0026531480071948386	9.4208625132191238e-006	-1	
0.011381949591753102	0.0028663454955594313	9.5634544000682588e-006	-1	
0.010104316046574212	0.0021348240258280381	1.0882310819026717e-005	-1	
0.0091960823026623287	0.0014434771581529975	9.9375119730045776e-006	-1	
0.010785278195010297	0.0023791497250397276	9.824433543335451e-006	-1	
0.010347612998680623	0.0024164806911570222	1.1245428476907707e-005	-1	
0.011004744329937154	0.0024483963769210727	9.4528925134349235e-006	-1	
0.011096184796127465	0.0025569810734368337	9.5253056850591909e-006	-1	
0.008394494804233963	0.0011574186042655086	1.0063965602310275e-005	-1	
0.010067350146509352	-0.0019768591722771319	-1.0304683843284017e-005	-1	
0.0092039176973376987	-0.0014434771581531079	-9.8613660082637132e-006	-1	
0.007928133358849775	0.00025220079612084964	2.5620752073835784e-006	-1	
0.0078558481494455084	-0.00055121438107771773	-5.6938326878725736e-006	-1	
0.0083219731949100741	-0.0013536090306045467	-1.1877110052988674e-005	-1	
0.010547805975268299	-0.0021792858078293555	-9.7711722217900213e-006	-1	
0.010950810249042306	-0.0023678384579676405	-9.3386199899412995e-006	-1	
0.010785278195010304	-0.0023791497250396981	-9.8158913197465205e-006	-1	
0.012748689153018813	0.0075685442918348757	5.7108953087435223e-006	-1	
0.013600065199092277	0.0085782594745292696	2.6979506749826741e-006	-1	
0.012319059174860527	0.0069100077550306883	7.6986359086651891e-006	-1	
0.013974717680815018	0.010122034087902514	-3.6885087668593943e-007	-1	
0.011901492628762923	0.0063696809371790756	9.5131808527562211e-006	-1	
0.011838249184359167	0.0059184910392324772	1.0202282510983455e-005	-1	
0.011552600643457795	0.0053548317516097935	1.1442646044796756e-005	-1	
0.0099609052704703275	-0.0070405671154859621	-1.4492892576818949e-005	-1	
0.0094098705357142862	-0.0069429158359808315	-1.7223286825592331e-005	-1	
0.0090180490905244024	-0.0069528451320069575	-1.9087259956288611e-005	-1	
0.0085536362993380195	-0.0068705230057395147	-2.1978207369454032e-005	-1	
0.0079407767857142854	-0.0073000000000000001	-2.3470355933787717e-005	-1	
0.0081506473214285717	-0.0071141315133873518	-2.3228584851824609e-005	-1	
0.0077994170972076849	-0.0074136774225842129	-2.3670445993189972e-005	-1	
0.0076147218049896744	-0.0076208502749602683	-2.3432510426179729e-005	-1	
0.010774029017857144	-0.0073000000000000001	-1.0816061986777862e-005	-1	
0.010852730468749999	-0.0073266857069714938	-1.0497866041200403e-005	-1	
0.010826496651785714	-0.0073000000000000001	-1.0655713000922443e-005	-1	
0.010889482142857142	-0.007333732306109125	-1.0367583909635774e-005	-1	
0.010639810443774482	-0.0072213213403621379	-1.1474633282146421e-005	-1	
0.010721561383928572	-0.0072404165567743805	-1.1157087435595585e-005	-1	
0.010418275372478171	-0.0069786197612259175	-1.2942789922826925e-005	-1	
0.010133396598075843	-0.0068314583200175397	-1.4450603160178279e-005	-1	
0.010451430258146561	-0.0067906294460981734	-1.333082738518888e-005	-1	
0.010607963762497136	-0.0070000188200259241	-1.2214581000543217e-005	-1	
0.010669725246540524	-0.0071428806106270245	-1.1608217181246582e-005	-1	
0.007288420996160558	-0.0078440958985699829	-2.3881745416465594e-005	-1	
0.0074491897509576868	-0.0076321615420323315	-2.4454775607795708e-005	-1	
0.0068549831644027833	-0.0079526547208490939	-2.6059700747233053e-005	-1	
0.0065702768405086443	-0.0083277621948315908	-2.4220396032371189e-005	-1	
0.0064011159035237859	-0.0088461777085976408	-1.8672987271157456e-005	-1	
0.0060718090815336115	-0.0096978348982918669	-5.9820434370472072e-006	-1	
0.0061007617597523371	-0.009301323241185001	-1.3431886546444916e-005	-1	
0.0083605178571428563	-0.012699999999999999	2.117834807541025e-005	-1	
0.0081506473214285717	-0.012699999999999999	2.2394818360818458e-005	-1	
0.0079407767857142854	-0.012699999999999999	2.3673762879662177e-005	-1	
0.0077994170972076841	-0.012586322577415788	2.3860962630755248e-005	-1	
0.0058415204632967276	-0.010021913444493579	6.27465755031502e-007	-1	
0.0057814949513453782	-0.010421263893070314	9.7616176511580297e-006	-1	
0.005816803125241069	-0.01096349240745027	2.0593867282998301e-005	-1	
0.0062227851093222316	-0.012168159125268722	3.2883135987364195e-005	-1	
0.005352939582707366	-0.011576962053571428	3.50340308916949e-005	-1	
0.0073952556700628558	-0.01244839637692108	2.559857283245493e-005	-1	
0.0071754119357694121	-0.012356057250991856	2.6469873808361968e-005	-1	
0.0067499642253836204	-0.012523086362346152	3.1264735467404579e-005	-1	
0.0076149123725908659	-0.012548375518305337	2.4799029331393845e-005	-1	
0.0075186988905610605	-0.012518494640006197	2.5248058665149581e-005	-1	
0.010774029017857144	-0.012699999999999999	1.112507276435052e-005	-1	
0.010721561383928572	-0.012759583443225619	1.1467487439101025e-005	-1	
0.010826496651785714	-0.012699999999999999	1.0967028909413383e-005	-1	
0.0023669223383819063	-0.013193314830309454	9.9334087499586574e-006	-1	
0.001538308724899655	-0.012967931683439739	3.8625261119955291e-006	-1	
0.0044610073613349701	-0.013444073660714284	4.2384496199575487e-005	-1	
0.0039458169072364661	-0.013134591853952111	3.0547943162304696e-005	-1	
0.0030188268162807015	-0.012634370615707935	1.5042268772716517e-005	-1	
0.0037651830060306509	-0.012561380212020294	2.4852676917783581e-005	-1	
0.0050000000000000001	-0.01313288839285714	5.4174765785685542e-005	-1	
0.0055153140862710896	-0.013098135661039258	4.7977737998941362e-005	-1	
0.0060268315470013599	-0.01302667765066764	4.1845937137131171e-005	-1	
0.0063827327046011469	-0.013208434083513174	3.9273455894733851e-005	-1	
0.007055922565878385	-0.01372823701938326	3.5416107767651852e-005	-1	
0.0067140848685132652	-0.013464611149580561	3.7474534191459073e-005	-1	
0.0074999999999999997	-0.013575647321428569	3.1155894550225909e-005	-1	
0.0081715764324110061	-0.01300317882316363	2.3888146230247308e-005	-1	
0.0074999999999999997	-0.013290776785714286	2.9925290182259551e-005	-1	
0.0077007694365671224	-0.013126053949325544	2.7641411504031745e-005	-1	
0.0079817246275216535	-0.013021380238774072	2.5188909977692496e-005	-1	
0.0077920362375028217	-0.012999981179974064	2.6348863746909414e-005	-1	
0.0072809203379903716	-0.013660553823696842	3.3245780388848104e-005	-1	
0	-0.019901167968750001	0	-1	
0	-0.019978964285714284	0	-1	
0	-0.019999999999999997	0	-1	
0	-0.012510517857142857	0	-1	
0.00093772620360199144	-0.012740263306324827	1.3724660525532585e-006	-1	
0.0109	-0.012721035714285713	1.0810855849575612e-005	-1	
0.010855749836748019	-0.012744250163251982	1.1010525621901957e-005	-1	
0.010800262834821429	-0.012749137346153383	1.1192960627963693e-005	-1	
0.0109	-0.012699999999999999	1.0749129492375939e-005	-1	
0.010878964285714285	-0.012699999999999999	1.0811018422835023e-005	-1	
0.0218	0.014021384486607145	0	-1	
0.020777653921983448	0.013384048828125002	-4.1075854428646339e-007	-1	
0.01957421058167047	0.013439837460166203	-9.376790147837843e-007	-1	
0.017715368747540965	0.013973835681193904	-2.0486319531065918e-006	-1	
0.014505771981640421	0.011217456550900912	-2.1025760020478501e-006	-1	
0.014254606049381195	0.012456592618554025	-4.0505413325356298e-006	-1	
0.015482200751345564	0.014189570943834691	-4.0016736874706692e-006	-1	
0.010650232919241552	-0.0066095126538482608	-1.3025295030116728e-005	-1	
0.010699230563432905	-0.0068739460506744669	-1.2231974224743309e-005	-1	
0.0109	-0.0069940937500000003	-1.1260743321366694e-005	-1	
0.010361698765314641	-0.0060953240370336999	-1.5166180280132286e-005	-1	
0.01026039756802352	-0.0063812764453175137	-1.5044102502217103e-005	-1	
0.0098525025695071437	-0.0060758563635952105	-1.7488187236478322e-005	-1	
0.0109	-0.0032907767857142858	-1.1988457782961033e-005	-1	
0.010517916787706858	-0.0034430747980220906	-1.3691775951253665e-005	-1	
0.0095930636900327711	-0.0039374713513459425	-1.8805867342919505e-005	-1	
0.009275830152398223	-0.0045654414394284415	-2.1325618962011209e-005	-1	
0.0099281859375293085	-0.003478662331134919	-1.6183786351156798e-005	-1	
0.010175650698384681	-0.0032190732904015416	-1.4492286836904005e-005	-1	
0.0091241698476004947	-0.0054345585605707373	-2.2163402843087824e-005	-1	
0.0093292303470839683	-0.0061075620824631773	-2.0059443898294528e-005	-1	
0.011163997124699249	-0.0028912977391406824	-1.0236069686407867e-005	-1	
0.011123974978712257	-0.0029619810965142777	-1.0525125944748413e-005	-1	
0.011175571556579847	-0.0028108990967040787	-1.0002672833756719e-005	-1	
0.01103036701740381	-0.0030776611466533086	-1.1085723019039424e-005	-1	
0.0109	-0.0031483415178571428	-1.1667354561851301e-005	-1	
0.011150986842741305	-0.0025977772433372842	-9.4990323224230211e-006	-1	
0.011046486560751811	-0.0025033923183054949	-9.5058114975295872e-006	-1	
0.0109	-0.0072077466517857149	-1.0695942512561322e-005	-1	
0.0109	-0.0071365290178571437	-1.0890747106663977e-005	-1	
0.0109	-0.007278964285714287	-1.0495057840047066e-005	-1	
0.0109	-0.0073000000000000001	-1.0434548289542536e-005	-1	
0.011344077434121677	0.0037282370193833943	1.1297445502410651e-005	-1	
0.01127780964317448	0.0033238932723280057	1.0832020809963555e-005	-1	
0.011330560567297678	0.0030405709883072124	1.0104557207883895e-005	-1	
0.011161575413657801	0.0039271053153752426	1.2167817698689442e-005	-1	
0.011240727008078145	0.0042878236607142867	1.2279484775130495e-005	-1	
0.011219220250411839	0.0047151294642857142	1.2613794843490487e-005	-1	
0.011175571556579847	0.0028108990967040787	9.9919310586202092e-006	-1	
0.01107945958410304	0.0027190730564589042	1.0022257793514461e-005	-1	
0.011180631606841162	0.0029380202156425693	1.0292262112590095e-005	-1	
0.010144417410714283	0.0025048453287588547	1.224763397993916e-005	-1	
0.0098296116071428553	0.0024613626224877839	1.3208772600983127e-005	-1	
0.0094098705357142862	0.0023038241678648369	1.4018772952534943e-005	-1	
0.0088367876383168391	0.0022539151446050419	1.6126434586546489e-005	-1	
0.0083326498534904789	0.0019768591722771171	1.6627271219541019e-005	-1	
0.010785087627409106	0.0025483755183053182	1.0374537487413192e-005	-1	
0.010881301109438938	0.0025184946400061835	1.0004974632902917e-005	-1	
0.010600582902792317	0.0025863225774157878	1.1053220129913515e-005	-1	
0.010249352678571428	0.0027000000000000001	1.2580862789176434e-005	-1	
0.010459223214285713	0.0027000000000000001	1.1872920443830644e-005	-1	
0.011009733603980306	0.0025902663960196944	9.8588953761695539e-006	-1	
0.0077999361121772123	0.0017246994907189628	1.7213642375991134e-005	-1	
0.0075910075060967811	0.00098503587842599578	1.1091814894760351e-005	-1	
0.010347612998680623	-0.0024164806911570222	-1.1238522381098852e-005	-1	
0.0095632123616830912	-0.0022539151446050801	-1.3239494949076431e-005	-1	
0.010039482142857142	-0.0027000000000000001	-1.3364659356904671e-005	-1	
0.0089901294642857135	-0.0023038241678648317	-1.5790594723773459e-005	-1	
0.0082956839534257878	-0.0021348240258280437	-1.7798998946915592e-005	-1	
0.0072051522199817518	-0.00010556920163290413	-1.3068265043253072e-006	-1	
0.0069629774111082321	-0.00080398221174386687	-1.1085746998226106e-005	-1	
0.0074445518766450515	-0.0013830467605743788	-1.5623956764990099e-005	-1	
0.0078563381665808351	-0.0019814402287563239	-1.8972526013930459e-005	-1	
0.010600582902792317	-0.0025863225774157878	-1.1049384862885487e-005	-1	
0.010881301109438943	-0.0025184946400061792	-1.0001839038344563e-005	-1	
0.010785087627409101	-0.0025483755183053083	-1.0371646380574393e-005	-1	
0.011966949158499687	0.0074840761356600345	7.3335148546539925e-006	-1	
0.012325691944123071	0.0082313607443349271	4.8831464588883043e-006	-1	
0.012780640887449042	0.0090742816598444603	2.267157641825019e-006	-1	
0.013070051948472565	0.0099487470518883729	4.6311452467765153e-008	-1	
0.011757190555977076	0.0071320009021569389	8.5675597223682918e-006	-1	
0.011730591459302329	0.0067733218010971189	9.3324999960242874e-006	-1	
0.013388600490612862	0.010733827661666724	-1.7953717171359717e-006	-1	
0.011660429610123146	0.0063989060185219628	1.0146435137024617e-005	-1	
0.01154841148683528	0.0061904726806545777	1.0757342769153703e-005	-1	
0.011445193660698698	0.005977544061988335	1.1339550612045535e-005	-1	
0.0109	0.005569741071428571	1.3622476734753368e-005	-1	
0.0109	0.0050000000000000001	1.3830320599225308e-005	-1	
0.0097118296895059766	-0.0066594102603819115	-1.6748087668672658e-005	-1	
0.009072669403015125	-0.0065647223971746884	-2.0180207413303624e-005	-1	
0.0084718140624706426	-0.0065213376688652794	-2.3795486924352488e-005	-1	
0.0082243493016152663	-0.0067809267095984057	-2.436844334135259e-005	-1	
0.0078358415178571422	-0.0073000000000000001	-2.4147722783620218e-005	-1	
0.0078710176010084419	-0.0071341304017174065	-2.4888820489339989e-005	-1	
0.0079130800169368715	-0.0069208154352601615	-2.5747992516075727e-005	-1	
0.0076784386160714284	-0.0073590834696913429	-2.4817613829629019e-005	-1	
0.0077309062499999991	-0.0073000000000000001	-2.4840627060318305e-005	-1	
0.0076149123725908797	-0.0074516244816946828	-2.4622633510565207e-005	-1	
0.0075186988905610493	-0.0074815053599938076	-2.5074132247906529e-005	-1	
0.010800262834821429	-0.0072508626538466152	-1.0879824344973669e-005	-1	
0.010878964285714285	-0.0073000000000000001	-1.0497378164627799e-005	-1	
0.010855749836748019	-0.0072557498367480187	-1.0695286424112115e-005	-1	
0.010767809980481279	-0.0071936706775490473	-1.1146481386385257e-005	-1	
0.010796134726622745	-0.0070869094735178384	-1.1353242817575774e-005	-1	
0.0071499101689983836	-0.0076169890630081762	-2.6733012343981414e-005	-1	
0.0073535134392481941	-0.0074966076816944845	-2.6141929963410657e-005	-1	
0.0064806741898902655	-0.0078654477207936203	-2.996955130015358e-005	-1	
0.0068427099655032457	-0.0074956969574720526	-3.0126640519627994e-005	-1	
0.0061033978678031696	-0.008389303504115082	-2.7534276465156511e-005	-1	
0.0055477686611224821	-0.0088953957879592781	-2.5478428282334679e-005	-1	
0.0056748083731330366	-0.0096766172328427453	-8.0911414925376462e-006	-1	
0.0055369944437138581	-0.0093680186766631809	-1.6258432286709168e-005	-1	
0.0080457120535714285	-0.012841736235685448	2.3821729819075925e-005	-1	
0.0078358415178571422	-0.012699999999999999	2.4342613564747198e-005	-1	
0.0078710176010084315	-0.012865869598282615	2.5083349352876804e-005	-1	
0.0076784386160714284	-0.012640916530308657	2.5001260905256367e-005	-1	
0.0077309062499999991	-0.012699999999999999	2.5028579089050429e-005	-1	
0.0054502777148305002	-0.0099292270733088196	-2.0791649283636598e-006	-1	
0.0054669329999085681	-0.010168015750783492	4.8891010039571657e-006	-1	
0.005417119346267354	-0.010595373804584519	1.6677870893116886e-005	-1	
0.0052936014804669286	-0.011110184151785713	2.8666807717481681e-005	-1	
0.0055880258012598258	-0.012199332589285714	3.9869778844718916e-005	-1	
0.005822729677204241	-0.012683103114930601	4.1487736665661297e-005	-1	
0.0063495077150721637	-0.01279092115463679	3.6955317591656642e-005	-1	
0.0050000000000000001	-0.011888147321428573	4.3766718000298337e-005	-1	
0.0050000000000000001	-0.011265776785714287	3.5416601925039876e-005	-1	
0.0073038152038725369	-0.012556981073436824	2.7051272514919992e-005	-1	
0.0073902663960196922	-0.012590266396019694	2.6656256669369766e-005	-1	
0.0071656335681499058	-0.012653148007194824	2.8791335853336589e-005	-1	
0.0070180504082468587	-0.012866345495559407	3.1434682236936647e-005	-1	
0.0067643616024869345	-0.013035864300507525	3.4723252460780308e-005	-1	
0.007599737165178571	-0.012647972777766737	2.557686742371233e-005	-1	
0.0075393886476993873	-0.012615054360457432	2.5772299192181924e-005	-1	
0.0074808422830843846	-0.012609701673366679	2.6146468284681841e-005	-1	
0.00202596385921224	-0.012314021213818775	5.7202764343708852e-006	-1	
0.0012773098806978197	-0.012195088856193061	2.1456629739176064e-006	-1	
0.0044589453862801977	-0.012821703124999998	3.9166418823801653e-005	-1	
0.0026951484448016184	-0.01195790371123648	9.562481021216976e-006	-1	
0.0033381257787396491	-0.011955825603508165	1.5556120950773216e-005	-1	
0.0044117089360164443	-0.012199332589285714	3.3676422667867876e-005	-1	
0.0039670340077037842	-0.011654432018280926	2.1358998777654997e-005	-1	
0.0050000000000000001	-0.012510517857142857	4.9840596017958719e-005	-1	
0.007122190356825606	-0.013323893272328018	3.313766212224396e-005	-1	
0.0073402560944103292	-0.013433212053571428	3.1822454716464577e-005	-1	
0.0074999999999999997	-0.013148341517857143	2.9224689584871322e-005	-1	
0.0073528401502398911	-0.013219559151785716	3.0723401880751364e-005	-1	
0.0074999999999999997	-0.013005906250000001	2.8462056997240166e-005	-1	
0.007603865273377264	-0.01291309052648215	2.7185366256917059e-005	-1	
0.007730274753459462	-0.012857119389372975	2.597859003755852e-005	-1	
0	-0.011888147321428573	0	-1	
0.00059142255910781514	-0.012199332589285714	4.7804180196314775e-007	-1	
0.0218	0.015296055803571429	0	-1	
0.020490296076233597	0.014658720145089286	-6.1878989589894631e-007	-1	
0.01920165719277837	0.015337639092791622	-1.3052590493015751e-006	-1	
0.016938998516079887	0.015534318128735892	-2.819924502852753e-006	-1	
0.01334361021274728	0.011579877667545353	-3.6064331492219381e-006	-1	
0.013487212475890232	0.013461405846498022	-6.3034798765298243e-006	-1	
0.01271597387698107	0.012574024323575952	-6.3805313240901987e-006	-1	
0.014958962090065491	0.015434016232987296	-4.8775297449244973e-006	-1	
0.01362165631863671	0.015249527620722096	-6.9364977198052245e-006	-1	
0.010699230563432895	-0.0031260539493255372	-1.2292562909830353e-005	-1	
0.010486919983063059	-0.0030791845647398703	-1.2920729650755068e-005	-1	
0.0090707696529159811	-0.0038924379175367912	-2.1494236202250644e-005	-1	
0.0093273305969845365	-0.0034352776028253652	-1.88751623681477e-005	-1	
0.0085833389552689762	-0.0046896971870821159	-2.5659147375479655e-005	-1	
0.0098463637006619628	-0.0031294769942604938	-1.5560384301957356e-005	-1	
0.010249352678571428	-0.0028858684866126588	-1.3212745578160689e-005	-1	
0.0088069363099668816	-0.0060625286486549572	-2.3114422405370043e-005	-1	
0.0083890391941870441	-0.0056690560029241709	-2.6541598883751624e-005	-1	
0.011104218806960936	-0.002836302631109287	-1.0270119248884035e-005	-1	
0.011036290350610741	-0.0028698030677681606	-1.0554284156808595e-005	-1	
0.010989097416975579	-0.0029346886160714286	-1.0862393400296411e-005	-1	
0.01107945958410304	-0.0027190730564589042	-1.0028199503630072e-005	-1	
0.0109	-0.0030059062499999999	-1.1319731513735926e-005	-1	
0.01101041021398784	-0.002589589786012164	-9.8579969875250932e-006	-1	
0.010833507399523622	-0.0071908495006989788	-1.0948194112811854e-005	-1	
0.011119079662009666	0.0036605538236968828	1.1926428204664075e-005	-1	
0.01105974390558967	0.0034332120535714287	1.172598461410863e-005	-1	
0.011159029126389709	0.0031003398676485703	1.073199058694675e-005	-1	
0.01104715984976011	0.0032195591517857145	1.1336795045353902e-005	-1	
0.0109	0.0038605178571428579	1.3009373537016473e-005	-1	
0.0109	0.0041453883928571434	1.3367935579049621e-005	-1	
0.0109	0.0044302589285714292	1.3636067341779405e-005	-1	
0.011104218806960936	0.002836302631109287	1.0260451058150815e-005	-1	
0.011044302520283513	0.0027899712915080577	1.0312559202368717e-005	-1	
0.010984370441618853	0.0027382922356301836	1.0347812378663318e-005	-1	
0.01099029832663332	0.0026808422830843859	1.0170895950255776e-005	-1	
0.011084548747903435	0.0029545077387827185	1.0613842480163208e-005	-1	
0.010039482142857142	0.0027000000000000001	1.3338708967508807e-005	-1	
0.0096197410714285708	0.0027000000000000001	1.4986322084638953e-005	-1	
0.0091999999999999998	0.0027000000000000001	1.6784042228946096e-005	-1	
0.0087802589285714272	0.0027000000000000001	1.8795020911940015e-005	-1	
0.0083605178571428563	0.0027000000000000001	2.1039225313312254e-005	-1	
0.0080523870013193763	0.0024164806911570248	2.1037356705950224e-005	-1	
0.0078521940247316627	0.0021792858078294513	2.0556044079864526e-005	-1	
0.010721561383928572	0.0026409165303086578	1.0853354603839252e-005	-1	
0.010800262834821429	0.002647972777766737	1.0635138909446387e-005	-1	
0.010860611352300605	0.002615054360457426	1.0357119050958378e-005	-1	
0.010919157716915616	0.0026097016733666778	1.0171513198123425e-005	-1	
0.010564158482142857	0.0027000000000000001	1.1530684803113561e-005	-1	
0.010669093750000001	0.0027000000000000001	1.1196155929423303e-005	-1	
0.010354287946428571	0.0028417362356854391	1.267625882692413e-005	-1	
0.010228423567588624	0.0030031788231635807	1.3640904454558152e-005	-1	
0.010528982398991561	0.0028658695982825846	1.2149528717231412e-005	-1	
0.0075500942218684232	0.0021080513382109988	2.1803679328815207e-005	-1	
0.0073425222039245151	0.0017123655673521054	1.9520943009663571e-005	-1	
0.0069792801423922387	0.0012519718028186427	1.6700843889220384e-005	-1	
0.0067221208580185545	0.00045399319355208379	6.9780957611641587e-006	-1	
0.010459223214285713	-0.0027000000000000001	-1.1873736120657288e-005	-1	
0.0096197410714285708	-0.0027000000000000001	-1.4974923191298479e-005	-1	
0.0091999999999999998	-0.0027000000000000001	-1.6784507443575414e-005	-1	
0.0085703883928571409	-0.0024613626224877861	-1.8571633698979307e-005	-1	
0.0087802589285714272	-0.0027000000000000001	-1.8793084131760262e-005	-1	
0.0082555825892857149	-0.0025048453287588573	-2.0450434888241669e-005	-1	
0.0080523870013193763	-0.0024164806911570261	-2.1037532970274605e-005	-1	
0.0064763484197301246	-0.00022915881075910992	-3.9017544691049495e-006	-1	
0.0062228047696464787	-0.0006647910539755394	-1.2342753666555228e-005	-1	
0.0064104879638035139	-0.0013451682936654083	-2.1253951210430427e-005	-1	
0.0074086840609376182	-0.0021085508550757618	-2.26754894665109e-005	-1	
0.0068951533934159641	-0.0018582351421321279	-2.3869605425220131e-005	-1	
0.0076147218049896744	-0.0023791497250397271	-2.3450347807921052e-005	-1	
0.010721561383928572	-0.0026409165303086578	-1.0853079551200611e-005	-1	
0.010564158482142857	-0.0027000000000000001	-1.1531745487102978e-005	-1	
0.010669093750000001	-0.0027000000000000001	-1.1197637127827167e-005	-1	
0.010860611352300605	-0.0026150543604574238	-1.0357546439017408e-005	-1	
0.010919157716915616	-0.0026097016733666774	-1.0172752765662741e-005	-1	
0.010800262834821429	-0.002647972777766737	-1.0635969552924918e-005	-1	
0.011557290034496659	0.0074956969574713136	8.1883664178583695e-006	-1	
0.011545016835597116	0.0079526547208492449	6.9654625317471222e-006	-1	
0.011838411779341709	0.0089019490782700338	3.6204143104330589e-006	-1	
0.01216098981655948	0.0098002393940154146	4.685247729662213e-007	-1	
0.012691973087286939	0.01112100443142542	-3.1638904544106494e-006	-1	
0.011992146683299332	0.010739640308326286	-2.6281143191685005e-006	-1	
0.011457257212980026	0.007203930986393354	9.1531279824291524e-006	-1	
0.011469528052840945	0.007020716439858291	9.5401173270223212e-006	-1	
0.011531467710750505	0.0066046590570060168	1.0184648614244602e-005	-1	
0.011373013005874545	0.0068119981391500817	1.0247003084125981e-005	-1	
0.011417854538986583	0.0063878236361828147	1.088876918972186e-005	-1	
0.011189516458925068	0.0062995781053290963	1.1765734639499783e-005	-1	
0.0109	0.0061394821428571418	1.3008913914573095e-005	-1	
0.010575757388327257	0.0058546116071428568	1.4636839303027104e-005	-1	
0.010401927384417524	0.0052488133864160465	1.5820883572376893e-005	-1	
0.010560565030997948	0.0047151294642857142	1.513735634816715e-005	-1	
0.0082637678707319154	-0.0062292040349972051	-2.6111421153329473e-005	-1	
0.0078820832122931186	-0.0065569252019780297	-2.758859272071139e-005	-1	
0.0077601895562255212	-0.0072213213403621353	-2.512291269707812e-005	-1	
0.0077302747534594733	-0.0071428806106270228	-2.5789057180184659e-005	-1	
0.0077141509996051984	-0.0070085637561093199	-2.665260365332457e-005	-1	
0.0077007694365670946	-0.0068739460506744843	-2.7462123209785316e-005	-1	
0.007599737165178571	-0.0073520272222332653	-2.5397120458686636e-005	-1	
0.0076259709821428559	-0.0073000000000000001	-2.5552973156141288e-005	-1	
0.0076784386160714284	-0.0072404165567743787	-2.5565868505022545e-005	-1	
0.0075393886476993899	-0.0073849456395425721	-2.5596076659700926e-005	-1	
0.0073895897860121696	-0.0074104102139878267	-2.6489775304544872e-005	-1	
0.007480842283084382	-0.0073902983266333159	-2.5973095873006687e-005	-1	
0.0072490131572587411	-0.0074022227566627038	-2.7590330011383866e-005	-1	
0.0070908411541315804	-0.0073124898056197308	-2.9452705791575241e-005	-1	
0.0064330508415006808	-0.0074840761356598394	-3.385769730208715e-005	-1	
0.0061160813760075174	-0.0077438568110826224	-3.4597384737131891e-005	-1	
0.0069427427870195598	-0.0072039309863934572	-3.1405442640907802e-005	-1	
0.0066428094440221155	-0.0071320009021565512	-3.4515085401371227e-005	-1	
0.0053662533320616105	-0.0084230379464285705	-3.4970050535035363e-005	-1	
0.0055547451492507262	-0.0076311288154402926	-4.1804620678127982e-005	-1	
0.0052518148569665598	-0.0088898158482142841	-2.9243948324438563e-005	-1	
0.0052702879219593303	-0.0092781397207407929	-2.1176542736530267e-005	-1	
0.0053393175283054043	-0.0097175029400630858	-9.0223074259859872e-006	-1	
0.0051757187959356734	-0.0095432194745267412	-1.5676433311428117e-005	-1	
0.0077601895562255229	-0.012778678659637865	2.5313208124549126e-005	-1	
0.0076259709821428559	-0.012699999999999999	2.5735337982426548e-005	-1	
0.0076784386160714284	-0.012759583443225621	2.5751892841619534e-005	-1	
0.005252732042900732	-0.010061172964278919	2.1806664712386064e-006	-1	
0.0052127482834826077	-0.0099255149464759045	-2.8646636331877448e-006	-1	
0.0052308158517043787	-0.010207336525636681	7.4383425231187258e-006	-1	
0.0052092553926431587	-0.010415614253539951	1.4036713219354904e-005	-1	
0.0051439252186612642	-0.010565609933035715	1.9045640452750971e-005	-1	
0.0051770912829137514	-0.010798998883928572	2.4016713034221539e-005	-1	
0.0050000000000000001	-0.010954591517857144	2.9929196656935051e-005	-1	
0.0046474578769874252	-0.011576962053571428	3.2016714776875268e-005	-1	
0.004704384231464593	-0.011110184151785713	2.6572935268829572e-005	-1	
0.0073205404158969535	-0.012719073056458901	2.8053941190226545e-005	-1	
0.0074097016733666796	-0.012680842283084385	2.7136746343747915e-005	-1	
0.0072244284434201363	-0.012810899096704076	2.9397195465918337e-005	-1	
0.007069439432702258	-0.013040570988307233	3.20770178652021e-005	-1	
0.007219368393158807	-0.012938020215642576	3.0235508276277188e-005	-1	
0.0075472695312499994	-0.012673314293028506	2.6106506264671126e-005	-1	
0.0075735033482142843	-0.012699999999999999	2.6097392898992523e-005	-1	
0.0075105178571428562	-0.012666267693890877	2.6317781393331359e-005	-1	
0.0074731095535342769	-0.012673109553534279	2.662888511501293e-005	-1	
0.0021808689046195055	-0.011571975317567571	4.9988847673080108e-006	-1	
0.0014137070472502497	-0.011295959024754892	1.6766717711163838e-006	-1	
0.00087851388542939304	-0.011377775944889545	6.6766582807609077e-007	-1	
0.0025771615856709264	-0.011325840999504278	6.2101116034626501e-006	-1	
0.0030436490580075691	-0.011321433082039587	9.1357875709327995e-006	-1	
0.0036842851794695384	-0.01135040234415876	1.4990965828604697e-005	-1	
0.0043282519324139811	-0.011131330544527061	2.0605115153513081e-005	-1	
0.0039350998329335573	-0.011019535373576332	1.4224685356753169e-005	-1	
0.0072409708736102633	-0.013100339867648603	3.0995178349753108e-005	-1	
0.0073864397602124657	-0.013056634886853736	2.9604416228441673e-005	-1	
0.0074109025830244183	-0.01293468861607143	2.8723475827234831e-005	-1	
0.0074999999999999997	-0.01286347098214286	2.7640567874531869e-005	-1	
0.0076321900195187187	-0.012806329322450944	2.635501997619881e-005	-1	
0.0075664926004763823	-0.012809150499301019	2.6833812094833734e-005	-1	
0	-0.011265776785714287	0	-1	
0.00034796449161431	-0.011576962053571428	1.1595308995397395e-007	-1	
0.0218	0.0178453984375	0	-1	
0.020518667162207901	0.016431494943736018	-5.9488538345023479e-007	-1	
0.01824337045562327	0.017112660111631799	-1.6643360569784035e-006	-1	
0.015840235412243192	0.017184567915974714	-3.2626112878423445e-006	-1	
0.012262175241978073	0.012041129602683043	-6.022419850218797e-006	-1	
0.012348303689415257	0.013169615305594178	-8.1183606087078852e-006	-1	
0.0126087174079746	0.014262272301934185	-8.7355998600845159e-006	-1	
0.012050492284927723	0.012790921154636847	-8.0975240900175784e-006	-1	
0.013999335652639517	0.016383510769541032	-5.8084581163725781e-006	-1	
0.012324826847035664	0.015317696113051602	-9.7067457758447996e-006	-1	
0.012593386901506657	0.016042670500381589	-8.7113075816379329e-006	-1	
0.010685849000394782	-0.0029914362438906907	-1.198518429301973e-005	-1	
0.010528982398991561	-0.0028658695982825846	-1.2158824116244827e-005	-1	
0.0085474974304930295	-0.0039241436364049146	-2.4702986243560288e-005	-1	
0.0086881703104935808	-0.0033405897396171715	-2.2036357889033978e-005	-1	
0.0093819509094756753	-0.0030471548679930826	-1.7341515964396644e-005	-1	
0.0089901294642857135	-0.0030570841640189701	-1.9311342480385792e-005	-1	
0.0078394349690020515	-0.0047151294642857142	-3.0864764425171316e-005	-1	
0.0079980726155823995	-0.0052488133864159563	-2.9690131277480076e-005	-1	
0.0079568107353839759	-0.0042878236607142867	-2.9469367928363051e-005	-1	
0.0078242426116727163	-0.0058546116071428568	-3.0187603103374873e-005	-1	
0.011044302520283513	-0.0027899712915080577	-1.0320254804339989e-005	-1	
0.010971905775153622	-0.0028219289222727578	-1.0619594029095686e-005	-1	
0.0109	-0.0028634709821428574	-1.0949617963675597e-005	-1	
0.010984370441618853	-0.0027382922356301836	-1.0353569559473096e-005	-1	
0.01099029832663332	-0.0026808422830843859	-1.01752861294253e-005	-1	
0.010796134726622742	-0.0029130905264821579	-1.1411670864633417e-005	-1	
0.0109	0.0035756473214285716	1.253997537357727e-005	-1	
0.0109	0.0032907767857142858	1.1971987769362675e-005	-1	
0.011013560239787534	0.003056634886853734	1.1074576663693908e-005	-1	
0.0109	0.0031483415178571428	1.1651867782867431e-005	-1	
0.010648704534940498	0.004002953125	1.4170070192145151e-005	-1	
0.010600892463547777	0.0037180825892857146	1.3907471111000711e-005	-1	
0.010443189264616024	0.0042878236607142867	1.5337217474482005e-005	-1	
0.011036290350610741	0.0028698030677681606	1.0544535787788566e-005	-1	
0.010971905775153622	0.0028219289222727578	1.0611682179876829e-005	-1	
0.01092960886646125	0.0027566445312500005	1.0560411304196181e-005	-1	
0.010933732306109122	0.0027105178571428575	1.0419205992803274e-005	-1	
0.010926890446465722	0.0026731095535342782	1.0332821859178818e-005	-1	
0.010989097416975579	0.0029346886160714286	1.0851877565640278e-005	-1	
0.0099609052704705218	0.0029594328845139765	1.4533524721244068e-005	-1	
0.0094098705357142862	0.0030570841640190842	1.725691802306181e-005	-1	
0.0090180490905243937	0.0030471548679930453	1.9117674597085285e-005	-1	
0.0085536362993380317	0.0031294769942604929	2.2002477477907958e-005	-1	
0.0079407767857142854	0.0027000000000000001	2.3498729299467067e-005	-1	
0.00815064732142857	0.0028858684866126562	2.3254652520270104e-005	-1	
0.0077994170972076841	0.0025863225774157873	2.3700119680203519e-005	-1	
0.0076147218049896761	0.0023791497250397471	2.346519049839837e-005	-1	
0.010774029017857144	0.0027000000000000001	1.086977762295203e-005	-1	
0.010852730468749999	0.0026733142930285068	1.0552890861982641e-005	-1	
0.010826496651785714	0.0027000000000000001	1.0709823445054909e-005	-1	
0.010889482142857142	0.0026662676938908757	1.0423073266172687e-005	-1	
0.010639810443774482	0.0027786786596378623	1.152524117044194e-005	-1	
0.010721561383928572	0.0027595834432256202	1.1208817450024869e-005	-1	
0.010418275372478199	0.0030213802387740753	1.2985437974952473e-005	-1	
0.010133396598075873	0.003168541679982385	1.4487425753331165e-005	-1	
0.010451430258146549	0.0032093705539018051	1.3368960473711882e-005	-1	
0.010607963762497142	0.0029999811799740735	1.2259175421881103e-005	-1	
0.010669725246540524	0.0028571193893729739	1.1656986909484607e-005	-1	
0.0072884209961605762	0.0021559041014300204	2.3916510214412612e-005	-1	
0.0074491897509576946	0.0023678384579676756	2.4486268895712384e-005	-1	
0.0068549831644028085	0.0020473452791509097	2.6093321980874175e-005	-1	
0.0065702768405086157	0.0016722378051740622	2.4259072978700248e-005	-1	
0.006401115903532725	0.0011538222914010575	1.8719248342414366e-005	-1	
0.0060718090815336193	0.00030216510170813488	6.0380130634467913e-006	-1	
0.0061007617597523458	0.00069867675881500049	1.3482340494574544e-005	-1	
0.0083605178571428563	-0.0027000000000000001	-2.0999842629310053e-005	-1	
0.0084390947295290616	-0.0029594328845138828	-2.1881757726474924e-005	-1	
0.0081506473214285717	-0.0027000000000000001	-2.2223329616637567e-005	-1	
0.0079407767857142854	-0.0027000000000000001	-2.3509200956705122e-005	-1	
0.0077994170972076849	-0.0025863225774157873	-2.3704509159718136e-005	-1	
0.0058415204632967102	-2.191344449356105e-005	-5.700524690388245e-007	-1	
0.0057814949513453782	-0.00042126389307030055	-9.6996093099418583e-006	-1	
0.0058168031252410941	-0.00096349240745027711	-2.0523729093397475e-005	-1	
0.0062227851093223626	-0.0021681591252681706	-3.2783846394909828e-005	-1	
0.005352939582707366	-0.00157696205357143	-3.4964924631560058e-005	-1	
0.0073952556700628662	-0.0024483963769211304	-2.5458777110843834e-005	-1	
0.007175411935769511	-0.0023560572509918895	-2.6339177395393493e-005	-1	
0.0067499642253836707	-0.0025230863623460003	-3.114297391962946e-005	-1	
0.0076149123725908815	-0.0025483755183053169	-2.4649561925379031e-005	-1	
0.0075186988905610493	-0.0025184946400061926	-2.5102495826116084e-005	-1	
0.010774029017857144	-0.0027000000000000001	-1.0872122664186478e-005	-1	
0.010639810443774482	-0.0027786786596378623	-1.1529429173726281e-005	-1	
0.010721561383928572	-0.0027595834432256202	-1.12127437794282e-005	-1	
0.010852730468749999	-0.0026733142930285068	-1.0555192058914624e-005	-1	
0.010889482142857142	-0.0026662676938908753	-1.0425611062193747e-005	-1	
0.010926890446465722	-0.0026731095535342782	-1.0336075492198493e-005	-1	
0.010826496651785714	-0.0027000000000000001	-1.0712710959885004e-005	-1	
0.011309158845868422	0.0073124898056196961	9.2687651292866733e-006	-1	
0.011250089831001642	0.0076169890630082534	8.5772401297025511e-006	-1	
0.011111579003839403	0.007844095898570002	8.201169319411739e-006	-1	
0.011057477796075519	0.0082876344326479039	6.7705971352994748e-006	-1	
0.010808992493903375	0.0090149641215741295	4.2156011411675911e-006	-1	
0.010555290198667733	0.010219224648904655	-1.197448565514828e-006	-1	
0.010955448123354696	0.011383046760571402	-5.9968526112654079e-006	-1	
0.011504846606584898	0.011858235142131645	-6.7629547807748972e-006	-1	
0.011288380575545248	0.0071318281091854122	9.7801161146384913e-006	-1	
0.011257331984026477	0.0070091821444337584	1.015742011217877e-005	-1	
0.011271337442018171	0.0065839314963459968	1.1004837003217305e-005	-1	
0.011165762487284715	0.0069084909020899728	1.0658463752833612e-005	-1	
0.011080650208439853	0.0067451477883132974	1.1280027164680221e-005	-1	
0.011022222182466158	0.0065667879464285719	1.1839709049558325e-005	-1	
0.0109	0.0064243526785714286	1.2534072237720689e-005	-1	
0.010636537677703667	0.0062819174107142852	1.3759056233283007e-005	-1	
0.010010960805813233	0.0056690560029242108	1.7342536202439777e-005	-1	
0.010136232129268372	0.0062292040349969571	1.5910808369114121e-005	-1	
0.0098166610447310235	0.0046896971870821159	1.8581021261640367e-005	-1	
0.0077634623222964374	-0.0062819174107142852	-2.9475824844761939e-005	-1	
0.0074999999999999997	-0.0064243526785714286	-3.097497881579873e-005	-1	
0.0074999999999999997	-0.0067092232142857144	-2.9746072419207688e-005	-1	
0.0076321900195187196	-0.0071936706775490473	-2.6170536392869607e-005	-1	
0.007603865273377244	-0.007086909473517841	-2.7001517715447502e-005	-1	
0.0074999999999999997	-0.0069940937500000003	-2.8281364782664615e-005	-1	
0.0074999999999999997	-0.0068516584821428569	-2.9044191238689674e-005	-1	
0.0075472695312499985	-0.0073266857069714938	-2.5928208897408872e-005	-1	
0.0075735033482142843	-0.0073000000000000001	-2.5917325442524325e-005	-1	
0.007599737165178571	-0.0072508626538466152	-2.6045120903782691e-005	-1	
0.0075105178571428562	-0.0073337323061091232	-2.614112862516487e-005	-1	
0.0074097016733666839	-0.0073191577169156143	-2.6962877289295327e-005	-1	
0.0073205404158969648	-0.0072809269435411021	-2.7877432069697746e-005	-1	
0.0074731095535342795	-0.0073268904464657194	-2.6453339014373417e-005	-1	
0.0072244284434201493	-0.0071891009032959341	-2.9221866188923813e-005	-1	
0.0071116194244546212	-0.0071318281091854226	-3.0485095627446402e-005	-1	
0.0060412958381834917	-0.0073293434818501044	-3.8962212663306179e-005	-1	
0.0069304719471588502	-0.007020716439858082	-3.2684342730054522e-005	-1	
0.0060809408251383847	-0.0069100077550292181	-4.1508203359812567e-005	-1	
0.0066694085406974277	-0.0067733218010963799	-3.6439108630663616e-005	-1	
0.0050000000000000001	-0.0087342232142857135	-3.5439552869596882e-005	-1	
0.0050000000000000001	-0.0081118526785714275	-4.3710896195699845e-005	-1	
0.0050000000000000001	-0.0074894821428571432	-4.9814616924067991e-005	-1	
0.0055818097454602136	-0.0070743606561507154	-4.5827892511901611e-005	-1	
0.0050000000000000001	-0.0090454084821428565	-2.9956091284759556e-005	-1	
0.0050000000000000001	-0.0093565937499999995	-2.3268057062747673e-005	-1	
0.0051019334255418165	-0.0097455753348214269	-1.0495731201717471e-005	-1	
0.0050000000000000001	-0.0096677790178571425	-1.4755479532244202e-005	-1	
0.007599737165178571	-0.012749137346153383	2.6227348463197758e-005	-1	
0.0051351804636788241	-0.010022098640263717	8.8921163358238179e-007	-1	
0.0051338043093144018	-0.010095833759982832	4.0652418772214591e-006	-1	
0.0050940330966285814	-0.009960896876680796	-1.9184373743280677e-006	-1	
0.0050776932892062357	-0.0098714923946915233	-6.0269058648347873e-006	-1	
0.0050844796746732125	-0.010228068852984152	9.7271737206424789e-006	-1	
0.0050000000000000001	-0.010487813616071429	1.9187452593500625e-005	-1	
0.0050000000000000001	-0.01033222098214286	1.4564864919818082e-005	-1	
0.0050000000000000001	-0.010643406250000001	2.3218435881617675e-005	-1	
0.0048258810602639021	-0.010798998883928572	2.3139619051928842e-005	-1	
0.004625709723398078	-0.01090015628363729	2.1509487114499883e-005	-1	
0.0073556974797164788	-0.01278997129150806	2.8252304137000764e-005	-1	
0.0074156295583811425	-0.012738292235630187	2.7473715710798054e-005	-1	
0.0072957811930390512	-0.012836302631109292	2.9005627919148586e-005	-1	
0.0074662676938908748	-0.012710517857142858	2.6924638801861961e-005	-1	
0.0073154512520965491	-0.01295450773878273	2.9574517271605881e-005	-1	
0.0075210357142857127	-0.012699999999999999	2.6465473234110415e-005	-1	
0.0075442501632519811	-0.01274425016325198	2.658581168312439e-005	-1	
0.0074999999999999997	-0.012699999999999999	2.6614581099228818e-005	-1	
0.0021856119530615512	-0.011072229334183321	3.6296230112343754e-006	-1	
0.0017335549495102528	-0.010859126049465706	1.7611077766857721e-006	-1	
0.0012082807642210742	-0.010795034109102909	7.7832545565962335e-007	-1	
0.00063261893603248941	-0.010842542259820039	2.1392589913582325e-007	-1	
0.00035379104808050453	-0.011110184151785716	8.6507556220951946e-008	-1	
0.0027483562736693636	-0.010875470406721594	4.8446622524656863e-006	-1	
0.0032613081541908954	-0.010723941846613561	6.2265855119923434e-006	-1	
0.0035623208647825671	-0.010953532531049213	1.0198485561475894e-005	-1	
0.0043159655172282417	-0.010871184222247771	1.6520753184905924e-005	-1	
0.0038780428655334253	-0.010744630275055527	1.0275284422974213e-005	-1	
0.004149052259403813	-0.01067126666585016	1.1562636211734252e-005	-1	
0.0073637096493892572	-0.012869803067768162	2.8691413253182529e-005	-1	
0.0074280942248463747	-0.012821928922272758	2.7915168832942303e-005	-1	
0.0074999999999999997	-0.012792253348214287	2.7204034879246747e-005	-1	
0	-0.010954591517857144	0	-1	
0.0218	0.020394741071428569	0	-1	
0.019907987928747168	0.018030903195572261	-7.1843547848372678e-007	-1	
0.020061933557453289	0.019846786021786012	-4.0513514113719408e-007	-1	
0.016800548780067939	0.018565524587137911	-1.8523465827003489e-006	-1	
0.018375549740255206	0.019155960923640185	-1.0102320659031e-006	-1	
0.013870287025417025	0.017571747241355504	-4.9123721517742551e-006	-1	
0.015169084815405531	0.018974875810491475	-2.169221776962609e-006	-1	
0.011650035774616365	0.01252308636234619	-8.3585700102465706e-006	-1	
0.011685915131486811	0.01346461114958061	-1.0230170868475959e-005	-1	
0.011635638397513016	0.013035864300507545	-9.5750596003085995e-006	-1	
0.011571726278902241	0.014120326502786686	-1.1400110567905793e-005	-1	
0.011674820584579179	0.014734856617080518	-1.1502533460608796e-005	-1	
0.013011317170525772	0.017056101982790034	-6.8129760322778964e-006	-1	
0.011838249184358923	0.015918491039233568	-1.0724746622790493e-005	-1	
0.011552600643458756	0.015354831751610155	-1.1900389806509004e-005	-1	
0.01190149262876266	0.016369680937178582	-1.0085565747613752e-005	-1	
0.01231905917486106	0.016910007755029991	-8.3501324326119176e-006	-1	
0.010669725246540524	-0.0028571193893729739	-1.1663015370771066e-005	-1	
0.0080383012346854216	-0.0039046759629662768	-2.805351546375273e-005	-1	
0.0081396024319766447	-0.0036187235546824266	-2.64576017581075e-005	-1	
0.0082666034019240088	-0.0031685416799822658	-2.3882702017644258e-005	-1	
0.0074999999999999997	-0.0044302589285714292	-3.3278759669526228e-005	-1	
0.0074999999999999997	-0.0050000000000000001	-3.3677549774232876e-005	-1	
0.0074999999999999997	-0.005569741071428571	-3.3255782117900967e-005	-1	
0.0077512954650594997	-0.004002953125	-3.0425608338177539e-005	-1	
0.0074999999999999997	-0.0041453883928571434	-3.2729523790798974e-005	-1	
0.0074999999999999997	-0.0061394821428571418	-3.1972813275900534e-005	-1	
0.01092960886646125	-0.0027566445312500005	-1.0566131202868491e-005	-1	
0.0109	-0.0027922533482142866	-1.075461929378155e-005	-1	
0.010833507399523618	-0.0028091504993010209	-1.1005965743713454e-005	-1	
0.010933732306109122	-0.0027105178571428575	-1.042363891234965e-005	-1	
0.010767809980481279	-0.0028063293224509498	-1.1203168304108435e-005	-1	
0.010650232919241533	0.0033904873461517728	1.3060234218816246e-005	-1	
0.010699230563432895	0.0031260539493255372	1.2273965105186243e-005	-1	
0.0109	0.0030059062499999999	1.1307249972989286e-005	-1	
0.010361698765314646	0.0039046759629662669	1.5186797166026403e-005	-1	
0.010260397568023417	0.0036187235546824821	1.5070914145211397e-005	-1	
0.0098525025695071402	0.0039241436364049458	1.7505280340899874e-005	-1	
0.0109	0.0027922533482142866	1.074811958314475e-005	-1	
0.0109	0.0028634709821428574	1.0941022823578748e-005	-1	
0.0109	0.0027210357142857145	1.0549146954040034e-005	-1	
0.0109	0.0027000000000000001	1.0489204451282936e-005	-1	
0.0097118296895061101	0.0033405897396177565	1.6777551211961155e-005	-1	
0.0090726694030151475	0.0034352776028253162	2.0202284416366144e-005	-1	
0.0084718140624706582	0.0034786623311347329	2.3811191346217509e-005	-1	
0.008224349301615275	0.0032190732904016049	2.4387625474196032e-005	-1	
0.0078358415178571422	0.0027000000000000001	2.4175145182370952e-005	-1	
0.0078710176010084367	0.0028658695982826045	2.4912787085824645e-005	-1	
0.0079130800169368767	0.0030791845647398421	2.5767484177207468e-005	-1	
0.0076784386160714284	0.0026409165303086569	2.484497728309028e-005	-1	
0.0077309062499999991	0.0027000000000000001	2.486711464386875e-005	-1	
0.0076149123725908737	0.0025483755183053226	2.4651525348938012e-005	-1	
0.007518698890561051	0.0025184946400061956	2.5102868982604361e-005	-1	
0.010800262834821429	0.0027491373461533859	1.0932423198026423e-005	-1	
0.010878964285714285	0.0027000000000000001	1.0551878898473048e-005	-1	
0.010855749836748019	0.0027442501632519824	1.0748426687337526e-005	-1	
0.010767809980481279	0.0028063293224509498	1.1197316609524723e-005	-1	
0.010796134726622742	0.0029130905264821579	1.140146187168868e-005	-1	
0.0071499101689984027	0.002383010936991824	2.6761779722580661e-005	-1	
0.0073535134392482019	0.0025033923183055157	2.616964134700785e-005	-1	
0.0064806741898916507	0.0021345522792077551	2.9999136046737093e-005	-1	
0.0068427099655030809	0.0025043030425268408	3.0150674135094472e-005	-1	
0.0061033978678082914	0.0016106964958856997	2.7570831786903608e-005	-1	
0.0055477686611225098	0.0011046042120407308	2.551849030010468e-005	-1	
0.0056748083731330426	0.0003233827671572495	8.1418896840389891e-006	-1	
0.0055369944437138607	0.00063198132333681717	1.6303941266725942e-005	-1	
0.0081715764324111918	-0.0030031788231636215	-2.3705647282198016e-005	-1	
0.0080457120535714285	-0.0028417362356854422	-2.3649071184020348e-005	-1	
0.0078358415178571422	-0.0027000000000000001	-2.4181523989783296e-005	-1	
0.0078710176010084367	-0.0028658695982826045	-2.4915914236109426e-005	-1	
0.0076784386160714284	-0.0026409165303086565	-2.4847095478896207e-005	-1	
0.0077309062499999991	-0.0027000000000000001	-2.4870951381975215e-005	-1	
0.0054502777148304881	7.0772926691185206e-005	2.1300292672153805e-006	-1	
0.0054669329999085629	-0.00016801575078348072	-4.8352351545232039e-006	-1	
0.0054171193462673566	-0.00059537380458451713	-1.6619788491385497e-005	-1	
0.0052936014804669277	-0.0011101841517857157	-2.8604828147726979e-005	-1	
0.0055880258012598258	-0.0021993325892857153	-3.9786302434686725e-005	-1	
0.0058227296772035168	-0.002683103114931148	-4.1390180931959561e-005	-1	
0.0063495077150717873	-0.0027909211546364998	-3.6840063600705255e-005	-1	
0.0050000000000000001	-0.0018881473214285727	-4.3701573938185444e-005	-1	
0.0050000000000000001	-0.0012657767857142872	-3.5358448593978969e-005	-1	
0.0073038152038725525	-0.0025569810734368194	-2.6911468871352656e-005	-1	
0.0073902663960196983	-0.0025902663960196987	-2.6512807241080024e-005	-1	
0.0071656335681499275	-0.0026531480071948096	-2.8653436054240613e-005	-1	
0.0070180504082468075	-0.0028663454955593533	-3.1296162857557653e-005	-1	
0.0067643616024867662	-0.0030358643005074289	-3.4589084756529672e-005	-1	
0.007599737165178571	-0.002647972777766737	-2.5425056528659362e-005	-1	
0.0075393886476993899	-0.002615054360457429	-2.5623379707941571e-005	-1	
0.007480842283084382	-0.0026097016733666852	-2.5999588134516555e-005	-1	
0.010800262834821429	-0.0027491373461533859	-1.0936677002026269e-005	-1	
0.010878964285714285	-0.0027000000000000001	-1.0555348251985395e-005	-1	
0.0109	-0.0027000000000000001	-1.0492922439575269e-005	-1	
0.010855749836748019	-0.0027442501632519824	-1.0753051616164087e-005	-1	
0.01117557155657984	0.0071891009032959263	9.9510010663289168e-006	-1	
0.011150986842741297	0.0074022227566627151	9.4429350496124864e-006	-1	
0.011046486560751806	0.0074966076816945001	9.4487865604109436e-006	-1	
0.010950810249042299	0.0076321615420323506	9.2799075474671821e-006	-1	
0.010849905778131573	0.0078919486617890534	8.6578179328988474e-006	-1	
0.010600063887822777	0.0082753005092811357	7.7624542621149823e-006	-1	
0.010005505195765728	0.0088425813957348602	6.2777081245537328e-006	-1	
0.0097657520662854068	0.0097010861261778904	1.5944690970170349e-006	-1	
0.010078026805090158	0.011353609030604722	-7.3964969871594408e-006	-1	
0.009552271066989167	0.010566498050193354	-3.7559213760314558e-006	-1	
0.010543661833419104	0.011981440228756484	-9.2428981197279449e-006	-1	
0.010991315939062399	0.012108550855075249	-8.6371061786793374e-006	-1	
0.011224588064230639	0.012356057250991863	-8.8750206975704857e-006	-1	
0.011163997124699237	0.0071087022608593339	1.0186318299579945e-005	-1	
0.011123974978712267	0.0070380189034857403	1.0477280517950551e-005	-1	
0.011030367017403828	0.0069223388533466686	1.104112559343564e-005	-1	
0.0109	0.0068516584821428569	1.1625202188025155e-005	-1	
0.0109	0.0067092232142857144	1.1949299558391742e-005	-1	
0.010517916787706881	0.0065569252019778822	1.3658054058223222e-005	-1	
0.0095930636900327347	0.0060625286486538886	1.8783535566094578e-005	-1	
0.0092758301523980201	0.0054345585605716758	2.1311070032533788e-005	-1	
0.0099281859375293172	0.0065213376688650522	1.6154212298660285e-005	-1	
0.010175650698384678	0.0067809267095984812	1.4456917084748762e-005	-1	
0.0091241698476005207	0.0045654414394292438	2.2162469370601629e-005	-1	
0.0093292303470839839	0.0038924379175368212	2.0073544480251541e-005	-1	
0.0073777778175338031	-0.0065667879464285719	-3.1355997882795709e-005	-1	
0.0072104835410749125	-0.0062995781053290364	-3.3852725645174476e-005	-1	
0.0073193497915602116	-0.0067451477883133572	-3.0985060883047453e-005	-1	
0.007566492600476378	-0.0071908495006989849	-2.6651830243735072e-005	-1	
0.0074999999999999997	-0.0071365290178571437	-2.7459860510495097e-005	-1	
0.0074109025830244183	-0.0070653113839285716	-2.8543168502490299e-005	-1	
0.0073696329825961885	-0.0069223388533466877	-2.9670965978024701e-005	-1	
0.0075210357142857127	-0.0073000000000000001	-2.6287405765100831e-005	-1	
0.0075442501632519803	-0.0072557498367480204	-2.640581083370602e-005	-1	
0.0074999999999999997	-0.0073000000000000001	-2.6437247526816519e-005	-1	
0.0074662676938908766	-0.0072894821428571418	-2.6748035443383267e-005	-1	
0.0074156295583811468	-0.0072617077643698184	-2.7297363821402939e-005	-1	
0.0073556974797164866	-0.0072100287084919442	-2.8075439420568778e-005	-1	
0.0072957811930390607	-0.0071636973688907158	-2.8829607770957579e-005	-1	
0.0072360028753007365	-0.0071087022608593209	-2.9633735820367974e-005	-1	
0.0071426680159735034	-0.0070091821444336899	-3.0981792256616058e-005	-1	
0.0070269869941255395	-0.0068119981391499638	-3.3049413992726685e-005	-1	
0.0056832300146665181	-0.0065587468085846609	-4.7621626840320803e-005	-1	
0.0064985073712378778	-0.0063696809371778717	-4.0046633072867176e-005	-1	
0.0068685322892497024	-0.0066046590570057904	-3.5501398324480595e-005	-1	
0.0067395703898775168	-0.0063989060185215049	-3.7626415812385611e-005	-1	
0.0046891166959214048	-0.0088898158482142858	-2.635875538620084e-005	-1	
0.004649878644875793	-0.0084230379464285705	-3.2001769378506103e-005	-1	
0.0044100705797259507	-0.0078006674107142845	-3.371963335257501e-005	-1	
0.0044588119258383348	-0.0071782968750000002	-3.9119517099474869e-005	-1	
0.0050000000000000001	-0.0068671116071428572	-5.4009916775689656e-005	-1	
0.0052707543061011001	-0.0065559263392857134	-5.2350694287803598e-005	-1	
0.0046427886729359727	-0.0092343607810952029	-1.9338357457058853e-005	-1	
0.0048672258602973258	-0.0095379538966288875	-1.5972361414245623e-005	-1	
0.0050000000000000001	-0.0097455753348214269	-1.211948795249629e-005	-1	
0.0050000000000000001	-0.0098233716517857131	-9.1966598724118271e-006	-1	
0.0048963500882725922	-0.0097066771763392855	-1.1597358920198312e-005	-1	
0.0050614911656044924	-0.010019157716915618	9.7079419352709705e-007	-1	
0.0050442072661816576	-0.010137730189732144	6.7602139305987104e-006	-1	
0.0050362732276999951	-0.010079382952008931	4.2143940855987636e-006	-1	
0.0050306344952477048	-0.0099400661272321424	-3.4292413061151108e-006	-1	
0.0050337323061091259	-0.0099894821428571437	-6.9160325304204504e-007	-1	
0.0050000000000000001	-0.0099011679687499993	-5.8801078837452651e-006	-1	
0.0050000000000000001	-0.010176628348214287	9.1238950142116497e-006	-1	
0.0048333690846218066	-0.010565609933035715	1.7978394791621066e-005	-1	
0.0048343201343447727	-0.010381715331708197	1.311748005814285e-005	-1	
0.004915257257949667	-0.010228912548536567	9.5137531564747376e-006	-1	
0.0046322913221336377	-0.010675973175048431	1.7281236223617567e-005	-1	
0.0043911760605026048	-0.01062184421508099	1.3098528147010227e-005	-1	
0.0074703911335387493	-0.012756644531250002	2.7192575670459486e-005	-1	
0.0074999999999999997	-0.012721035714285713	2.675152297651574e-005	-1	
0.0021783849882366616	-0.010572513099309334	1.9276533375233014e-006	-1	
0.0015703883928571429	-0.010355740092827416	5.924687413798866e-007	-1	
0.0011055825892857145	-0.010274954404026516	2.1130705736071236e-007	-1	
0.00082819413763288326	-0.010425488481262166	1.8254930640711127e-007	-1	
0.00041342432050091321	-0.010484033529305568	5.2002316051266516e-008	-1	
0.00024850975863638462	-0.010672145871439238	2.6914495529861888e-008	-1	
0.0029940725324649324	-0.010400387196723072	2.8017622908566919e-006	-1	
0.0034070712401699245	-0.010474781796117282	4.5743960605892752e-006	-1	
0.003684731808402984	-0.010553726186962563	6.73117056178949e-006	-1	
0.0039437266371430153	-0.010471657835295078	6.9881781583603617e-006	-1	
0.0042287299159635416	-0.010443811337240563	8.3111493371888219e-006	-1	
0	-0.010643406250000001	0	-1	
0.0218	0.022944083705357145	0	-1	
0.020357282306499289	0.021717361210876644	-1.03335572032419e-007	-1	
0.018614226590854537	0.020977064517811863	-3.1001573133556416e-007	-1	
0.016778082754934281	0.021021344914479902	-2.4875202978802922e-007	-1	
0.012870471007526358	0.017635678256224637	-6.1324098708558281e-006	-1	
0.013281750825481203	0.019280842951343077	-2.5602203596013628e-006	-1	
0.014322337676058909	0.020991776180133835	3.4429537771170672e-007	-1	
0.011234366431850086	0.012653148007194838	-9.6942928407866869e-006	-1	
0.011381949591753119	0.012866345495559423	-9.851788221251123e-006	-1	
0.01134407743412166	0.013728237019383338	-1.16302175117016e-005	-1	
0.011277809643174446	0.013323893272328004	-1.1140177263800152e-005	-1	
0.011330560567297709	0.013040570988307233	-1.0399833854554666e-005	-1	
0.011161575413657818	0.013927105315375242	-1.2506048012106938e-005	-1	
0.01124072700807814	0.014287823660714283	-1.2643162377442646e-005	-1	
0.011219220250411841	0.014715129464285714	-1.3005944906913429e-005	-1	
0.012358704161815448	0.017329343481850088	-7.5550678926301306e-006	-1	
0.011445193660698788	0.015977544061988654	-1.1848669215238857e-005	-1	
0.011548411486834873	0.016190472680654842	-1.1293376837858617e-005	-1	
0.0109	0.015569741071428571	-1.4064812804791449e-005	-1	
0.0109	0.014999999999999999	-1.4228487716269326e-005	-1	
0.011660429610122957	0.01639890601852181	-1.0710289468494985e-005	-1	
0.01173059145930248	0.016773321801096822	-9.943375758593997e-006	-1	
0.011757190555977522	0.017132000902156788	-9.2254041098299078e-006	-1	
0.0077991075364522199	-0.0037180825892857146	-2.9215379469461639e-005	-1	
0.0077497670807584774	-0.0033904873461517732	-2.8327846866199398e-005	-1	
0.0079485697418534389	-0.0032093705539017665	-2.6141887673387919e-005	-1	
0.0071807797495881519	-0.0047151294642857142	-3.6315068741253684e-005	-1	
0.0071592729919217083	-0.0042878236607142867	-3.5911577499327441e-005	-1	
0.0068473993565378397	-0.0053548317516110564	-3.923012344019674e-005	-1	
0.0069548063393007238	-0.0059775440619896422	-3.7101488808481141e-005	-1	
0.0074999999999999997	-0.0038605178571428579	-3.1972670906108065e-005	-1	
0.0072384245863421591	-0.0039271053153751272	-3.4324908027240501e-005	-1	
0.0109	-0.0027210357142857145	-1.0553503909212255e-005	-1	
0.010833507399523618	0.0028091504993010209	1.0999436562055838e-005	-1	
0.0088069363099669059	0.0039374713513450465	2.3123245614039437e-005	-1	
0.0082637678707319362	0.0037707959650028189	2.6118770863521927e-005	-1	
0.0078820832122931429	0.0034430747980219679	2.7599550503876155e-005	-1	
0.007760189556225522	0.0027786786596378653	2.514787331054051e-005	-1	
0.0077302747534594681	0.002857119389372977	2.581197060878527e-005	-1	
0.0077141509996052071	0.0029914362438906873	2.6672314612915226e-005	-1	
0.0077007694365671068	0.0031260539493255298	2.7478640230201584e-005	-1	
0.0076259709821428559	0.0027000000000000001	2.5578545230754427e-005	-1	
0.007599737165178571	0.0026479727777667357	2.54236418559272e-005	-1	
0.0076784386160714284	0.0027595834432256215	2.5590545653863334e-005	-1	
0.0075393886476993891	0.0026150543604574299	2.5622824870847482e-005	-1	
0.0073895897860121731	0.0025895897860121727	2.6515855418619232e-005	-1	
0.0074808422830843838	0.0026097016733666852	2.5999473903474229e-005	-1	
0.0072490131572587498	0.0025977772433372899	2.7615120923435648e-005	-1	
0.0070908411541315743	0.0026875101943802438	2.9474328826191434e-005	-1	
0.0064330508415009731	0.0025159238643403777	3.3879400732780088e-005	-1	
0.0061160813760092279	0.0022561431889165243	3.462316575739318e-005	-1	
0.0069427427870189093	0.0027960690136064155	3.1423609693793072e-005	-1	
0.0066428094440208621	0.0028679990978440978	3.4529893004957661e-005	-1	
0.0053662533320616044	0.0015769620535714269	3.5003678211460194e-005	-1	
0.0055547451492507305	0.0023688711845555703	4.1827747509557797e-005	-1	
0.0052518148569665754	0.0011101841517857126	2.9281867280213171e-005	-1	
0.0052702879219593312	0.00072186027925922084	2.1218474925825723e-005	-1	
0.0053393175283054043	0.00028249705993692027	9.0694652004937212e-006	-1	
0.0051757187959356786	0.00045678052547326489	1.5719991609682827e-005	-1	
0.0079817246275217246	-0.0030213802387740814	-2.5012592723543238e-005	-1	
0.007760189556225522	-0.0027786786596378653	-2.5152234389338575e-005	-1	
0.0077920362375028399	-0.0029999811799740679	-2.6179963320132059e-005	-1	
0.0077302747534594681	-0.002857119389372977	-2.5816244746606972e-005	-1	
0.0076259709821428559	-0.0027000000000000001	-2.5581167919514137e-005	-1	
0.0076784386160714284	-0.0027595834432256215	-2.5594235805048742e-005	-1	
0.0052527320429007294	-6.1172964278915143e-005	-2.1310261527584384e-006	-1	
0.0052127482834826025	7.4485053524094231e-005	2.9123830117165142e-006	-1	
0.0052308158517043804	-0.00020733652563668061	-7.3874930330483499e-006	-1	
0.0052092553926431587	-0.00041561425353995115	-1.3983973930797196e-005	-1	
0.005143925218661265	-0.00056560993303571587	-1.8992371585748689e-005	-1	
0.0051770912829137506	-0.00079899888392857301	-2.396040540922973e-005	-1	
0.0050000000000000001	-0.0009545915178571444	-2.9874327477814806e-005	-1	
0.0050000000000000001	-0.0025105178571428583	-4.9768027715331666e-005	-1	
0.0060268315470013876	-0.0030266776506673852	-4.1736032495962174e-005	-1	
0.0055153140862712561	-0.0030981356610405631	-4.7882533231361694e-005	-1	
0.0063827327046006585	-0.0032084340835132601	-3.9148123538833276e-005	-1	
0.0044117089360164426	-0.0021993325892857157	-3.3621697519433613e-005	-1	
0.0046474578769874278	-0.00157696205357143	-3.1962622842063417e-005	-1	
0.0047043842314645904	-0.0011101841517857159	-2.6522052453628173e-005	-1	
0.0073205404158969587	-0.0027190730564588934	-2.7909276946176302e-005	-1	
0.0074097016733666839	-0.0026808422830843842	-2.6990208017157123e-005	-1	
0.0072244284434201259	-0.0028108990967040605	-2.9253243343823037e-005	-1	
0.0070694394327021634	-0.0030405709883072366	-3.1932223029154903e-005	-1	
0.0072193683931587645	-0.0029380202156425754	-3.0088317386340239e-005	-1	
0.0067140848685134022	-0.0034646111495804364	-3.7331625853705217e-005	-1	
0.0071221903568257257	-0.0033238932723280417	-3.298341930416831e-005	-1	
0.0075472695312499994	-0.0026733142930285064	-2.5955685800714291e-005	-1	
0.0075735033482142843	-0.0027000000000000001	-2.5944950061394862e-005	-1	
0.0075105178571428562	-0.002666267693890877	-2.6168361005243339e-005	-1	
0.0074731095535342795	-0.0026731095535342808	-2.6480494998247006e-005	-1	
0.011104218806960931	0.007163697368890721	1.0219638186627777e-005	-1	
0.011079459584103035	0.0072809269435410969	9.9753769047369486e-006	-1	
0.011010410213987833	0.0074104102139878336	9.8030429115399093e-006	-1	
0.010881301109438942	0.0074815053599938154	9.9464893624746024e-006	-1	
0.010785278195010304	0.0076208502749602848	9.7582251433132949e-006	-1	
0.010547805975268307	0.007820714192170607	9.7094469093776128e-006	-1	
0.010067350146509411	0.008023140827722864	1.023995013522675e-005	-1	
0.0092039176973376952	0.0085565228418468964	9.8350072913353634e-006	-1	
0.0088938817353355452	0.0098864346122737989	7.6685292574735108e-007	-1	
0.0091960823026623409	0.011443477158152941	-1.0116936543954696e-005	-1	
0.010104316046574214	0.01213482402582804	-1.1099329626836392e-005	-1	
0.0083944948042340827	0.011157418604265702	-1.0207110198815478e-005	-1	
0.010347612998680623	0.012416480691157023	-1.1480535579951106e-005	-1	
0.010785278195010297	0.012379149725039739	-1.0070899527171093e-005	-1	
0.011004744329937154	0.012448396376921063	-9.7093237404171151e-006	-1	
0.011096184796127468	0.01255698107343683	-9.7897585564591307e-006	-1	
0.011036290350610744	0.0071301969322318404	1.0505101538512011e-005	-1	
0.010989097416975579	0.0070653113839285716	1.0814998494372491e-005	-1	
0.0109	0.0069940937500000003	1.1274554169994145e-005	-1	
0.010699230563432905	0.0068739460506744669	1.2251395686904827e-005	-1	
0.010486919983063052	0.0069208154352601199	1.2880257920145259e-005	-1	
0.0090707696529159793	0.006107562082463199	2.1471102608393948e-005	-1	
0.0093273305969844966	0.0065647223971746216	1.8848448666427456e-005	-1	
0.0085833389552689779	0.0053103028129178852	2.5641497823623318e-005	-1	
0.0098463637006619715	0.0068705230057395086	1.5526693456477462e-005	-1	
0.010249352678571428	0.0071141315133873458	1.3170762019557219e-005	-1	
0.0083890391941870788	0.0043309439970758605	2.6538533193296805e-005	-1	
0.0071286625579820859	-0.0065839314963462578	-3.3342880877433543e-005	-1	
0.006982145461014078	-0.0063878236361833126	-3.5472939753688518e-005	-1	
0.0068515885131662348	-0.0061904726806557512	-3.7361451619538875e-005	-1	
0.0072342375127153087	-0.0069084909020899529	-3.0816081325521293e-005	-1	
0.0074999999999999997	-0.0072077466517857149	-2.7024433445972241e-005	-1	
0.0074280942248463773	-0.0071780710777272442	-2.7736681544386747e-005	-1	
0.0073637096493892572	-0.0071301969322318404	-2.8513571042196696e-005	-1	
0.0072760250212877374	-0.0070380189034857212	-2.9743819720375298e-005	-1	
0.0074999999999999997	-0.007278964285714287	-2.6573576266794325e-005	-1	
0.0074703911335387493	-0.0072433554687500006	-2.7014564901370028e-005	-1	
0.0054791813895558291	-0.0062371757218818913	-5.1290975251700888e-005	-1	
0.0058066130985005874	-0.0060426705003831412	-4.8422903304797842e-005	-1	
0.0065617508156415186	-0.0059184910392370707	-4.0977174381669136e-005	-1	
0.0042807456455797518	-0.0090102928045576285	-1.8090420351023938e-005	-1	
0.0036890335813578329	-0.0085634037050311088	-1.5797118343268061e-005	-1	
0.0034614869134623524	-0.0080115473985668036	-1.7222584688176302e-005	-1	
0.0034839139193482693	-0.0074150409874849492	-2.0804483040286121e-005	-1	
0.0040019833346818653	-0.0065559263392857134	-3.2702910879284454e-005	-1	
0.0050000000000000001	-0.0062447410714285721	-5.6771840096754887e-005	-1	
0.0046292380213265611	-0.0096516054366733908	-9.8054426818933143e-006	-1	
0.0043310730160212299	-0.0094330797101629775	-1.1555648377948034e-005	-1	
0.0047952947594633111	-0.009693329835899404	-1.0554491074789993e-005	-1	
0.0049103152348022325	-0.009816501334049722	-7.9680320013639228e-006	-1	
0.0049180835995510028	-0.0099061127779812991	-4.4240316779599551e-006	-1	
0.0048280761927036991	-0.0097898477545066559	-7.8513494615577173e-006	-1	
0.0050217854128816108	-0.010010517857142858	6.0561740942994293e-007	-1	
0.005022821573608424	-0.010040484793526787	2.3727506745040227e-006	-1	
0.0050000000000000001	-0.010098832031249999	5.7576899577767274e-006	-1	
0.0050000000000000001	-0.010059933872767858	3.8110477493073009e-006	-1	
0.0050000000000000001	-0.0099789642857142855	-1.7054537864305535e-006	-1	
0.0050000000000000001	-0.01	-1.0947164090830839e-007	-1	
0.0049557498367480187	-0.0099557498367480197	-2.4718527700005124e-006	-1	
0.0049552665990641011	-0.010137730189732144	6.6956106450352496e-006	-1	
0.0045729279788376915	-0.010454414367443014	1.1525964577783643e-005	-1	
0.0047024812805783736	-0.010269831350906689	8.2143271706832773e-006	-1	
0.0047861443822044313	-0.010177561257496049	6.1778461162368376e-006	-1	
0.0048884839173264924	-0.010129674126303142	5.474388814872028e-006	-1	
0.0025000000000000001	-0.01	-7.5883110217325606e-008	-1	
0.0018802589285714286	-0.01	-4.9023342913980246e-008	-1	
0.0012605178571428572	-0.01	-2.3086338323326033e-008	-1	
0.00095064732142857147	-0.01	-8.4222750969089858e-009	-1	
0.00045365320027397301	-0.010237923532254091	2.7808446118918406e-008	-1	
0.00064077678571428575	-0.01	-9.2301549564839094e-009	-1	
0.00026432722986321886	-0.010284137178713949	1.188825214029467e-008	-1	
0.00016892066054371212	-0.010434977911034003	8.1585212051744035e-009	-1	
0.0031197410714285719	-0.01	-1.0267597380742625e-007	-1	
0.0034296116071428576	-0.01	-2.6657701095760304e-008	-1	
0.003606895441544208	-0.010266460178077849	2.9817849705029295e-006	-1	
0.0038944174107142858	-0.01018957469758325	2.6866331331332472e-006	-1	
0.0041369953518302586	-0.010222732587650035	3.9171881874991811e-006	-1	
0.0043745629472047697	-0.010251933296634701	5.4036715301687945e-006	-1	
0	-0.01033222098214286	0	-1	
0.0218	0.025493426339285717	0	-1	
0.019863952971910685	0.023759286896438418	-6.7882013116658636e-009	-1	
0.018792901880053878	0.022568595628797202	3.4560936777326702e-008	-1	
0.017330717106919132	0.022387175389670114	2.5729925975849468e-007	-1	
0.015929818533088058	0.022159281711000341	7.0630213783713562e-007	-1	
0.012283918623992736	0.017743856811081996	-6.8659845021284304e-006	-1	
0.01229660213219849	0.018389303504114645	-5.3749141661415586e-006	-1	
0.012493746194558553	0.020175463310726567	-6.1302015906534824e-007	-1	
0.011964476656158705	0.019107207423075579	-3.7764610895592208e-006	-1	
0.013086189893834844	0.0213045882899663	1.6563417257617274e-006	-1	
0.014205880877677384	0.023130435598056356	2.8308975761941234e-006	-1	
0.011175571556579854	0.012810899096704081	-1.027104551152974e-005	-1	
0.011079459584103044	0.012719073056458904	-1.029388486329611e-005	-1	
0.011180631606841176	0.012938020215642575	-1.0577720784046624e-005	-1	
0.011119079662009652	0.013660553823696868	-1.2247711864471909e-005	-1	
0.01105974390558967	0.013433212053571428	-1.20327753726436e-005	-1	
0.011159029126389712	0.013100339867648582	-1.1024816730935166e-005	-1	
0.011047159849760107	0.013219559151785716	-1.1631996494064014e-005	-1	
0.0109	0.013860517857142856	-1.3333866651590549e-005	-1	
0.0109	0.014145388392857141	-1.3709274039339046e-005	-1	
0.0109	0.014430258928571426	-1.3995073698809471e-005	-1	
0.011966949158499164	0.017484076135659849	-8.0401083043450719e-006	-1	
0.0109	0.016139482142857143	-1.3501516829625028e-005	-1	
0.011189516458925068	0.016299578105329095	-1.2292166875363756e-005	-1	
0.011417854538986416	0.016387823636182922	-1.1438178044548724e-005	-1	
0.010575757388327243	0.015854611607142858	-1.5082678278443991e-005	-1	
0.010401927384417477	0.015248813386416104	-1.6209778828291135e-005	-1	
0.010560565030997946	0.014715129464285714	-1.5499154161204288e-005	-1	
0.011531467710750469	0.016604659057005922	-1.0764853112751866e-005	-1	
0.011469528052841071	0.017020716439858214	-1.0167659049489146e-005	-1	
0.011373013005874552	0.016811998139150033	-1.0842523145080834e-005	-1	
0.011457257212980252	0.017203930986393445	-9.804622132188898e-006	-1	
0.011557290034496679	0.017495696957471767	-8.8892222547178113e-006	-1	
0.0074999999999999997	-0.0035756473214285716	-3.0979853712631861e-005	-1	
0.0074999999999999997	-0.0032907767857142858	-2.9757994158493867e-005	-1	
0.0077007694365671068	-0.0031260539493255298	-2.7471820116989946e-005	-1	
0.0067251794154199237	-0.0047348566170803269	-4.0449612541498716e-005	-1	
0.0068282737210975854	-0.0041203265027862325	-3.8553250400697168e-005	-1	
0.0060372095434888451	-0.0053080121322341134	-4.7462819698653111e-005	-1	
0.0072809203379904288	-0.003660553823696777	-3.3075885786312162e-005	-1	
0.0070559225658784839	-0.0037282370193830782	-3.5253155259145827e-005	-1	
0.0077634623222964461	0.0037180825892857146	2.9479457233307267e-005	-1	
0.0078242426116727146	0.0041453883928571434	3.0182457557394087e-005	-1	
0.0074999999999999997	0.0035756473214285716	3.0979340082052156e-005	-1	
0.0074999999999999997	0.0032907767857142858	2.9757026108278459e-005	-1	
0.0076321900195187187	0.002806329322450949	2.6193751716403861e-005	-1	
0.0076038652733772536	0.0029130905264821553	2.7022059130403807e-005	-1	
0.0074999999999999997	0.0030059062499999999	2.8298898649624779e-005	-1	
0.0074999999999999997	0.0031483415178571428	2.9058444040866155e-005	-1	
0.0075735033482142843	0.0027000000000000001	2.5942448324976637e-005	-1	
0.007599737165178571	0.0027491373461533846	2.6069355340691164e-005	-1	
0.0075472695312499985	0.0026733142930285064	2.5953711975287768e-005	-1	
0.0075105178571428562	0.002666267693890877	2.6166481499025868e-005	-1	
0.007409701673366683	0.0026808422830843842	2.6987070857274344e-005	-1	
0.0073205404158969579	0.0027190730564588942	2.7900052203803563e-005	-1	
0.0074731095535342795	0.0026731095535342804	2.6478226565070608e-005	-1	
0.0072244284434201268	0.0028108990967040627	2.9241672361247987e-005	-1	
0.0071116194244544148	0.0028681718908145771	3.0502765089634629e-005	-1	
0.0060412958381818524	0.0026706565181503533	3.8979573909782654e-005	-1	
0.0069304719471585344	0.0029792835601422708	3.2698196799476466e-005	-1	
0.0060809408251367002	0.003089992244973137	4.1516070525640016e-005	-1	
0.0066694085406970686	0.0032266781989048164	3.6445423918313309e-005	-1	
0.0050000000000000001	0.0012657767857142841	3.5474567572428488e-005	-1	
0.0050000000000000001	0.0018881473214285697	4.3740622417980977e-005	-1	
0.0050000000000000001	0.0025105178571428553	4.9838047865234325e-005	-1	
0.0055818097454592777	0.0029256393438503651	4.5840282689947563e-005	-1	
0.0050000000000000001	0.00095459151785714114	2.9993633836581896e-005	-1	
0.0050000000000000001	0.00064340624999999836	2.3308174394907526e-005	-1	
0.0051019334255418226	0.00025442466517856967	1.0540350012563037e-005	-1	
0.0050000000000000001	0.00033222098214285537	1.4798235830952343e-005	-1	
0.0076038652733772536	-0.0029130905264821553	-2.7025686173223241e-005	-1	
0.0076321900195187187	-0.002806329322450949	-2.6197531724783412e-005	-1	
0.007599737165178571	-0.0027491373461533846	-2.6072619198445237e-005	-1	
0.0051351804636788215	-2.2098640263715883e-005	-8.4154703933795637e-007	-1	
0.0051338043093144018	-9.5833759982830467e-005	-4.0168779553633858e-006	-1	
0.0050940330966285797	3.9103123319203287e-005	1.9649783280829105e-006	-1	
0.0050776932892062339	0.00012850760530847108	6.072407015738037e-006	-1	
0.0050844796746732117	-0.00022806885298415054	-9.6782077389567159e-006	-1	
0.0050000000000000001	-0.00048781361607143028	-1.9137222030521433e-005	-1	
0.0050000000000000001	-0.00033222098214285884	-1.4516117835433225e-005	-1	
0.0050000000000000001	-0.00064340625000000162	-2.3166703434188805e-005	-1	
0.0048258810602639039	-0.00079899888392857301	-2.3089402146369335e-005	-1	
0.0050000000000000001	-0.0031328883928571439	-5.4094193096006626e-005	-1	
0.0044589453862801977	-0.0028217031250000009	-3.9104566049352373e-005	-1	
0.005913322394660676	-0.0036882693988330106	-4.6321008880450424e-005	-1	
0.0050000000000000001	-0.0037552589285714299	-5.6882607801637588e-005	-1	
0.0063267657990634159	-0.0036232066849124201	-4.1749692718744904e-005	-1	
0.0039670340077044347	-0.0016544320182805335	-2.1317807118121638e-005	-1	
0.0037651830060338367	-0.0025613802120200558	-2.4809367905952887e-005	-1	
0.0043282519324140045	-0.0011313305445270192	-2.056094486639595e-005	-1	
0.004625709723398104	-0.00090015628363729881	-2.1461877183693754e-005	-1	
0.0073556974797164779	-0.0027899712915080603	-2.8104548273647885e-005	-1	
0.0074156295583811434	-0.0027382922356301827	-2.7325400273784689e-005	-1	
0.0072957811930390417	-0.0028363026311092987	-2.885860849236157e-005	-1	
0.0074662676938908757	-0.0027105178571428575	-2.677542788692258e-005	-1	
0.0072409708736102018	-0.0031003398676486488	-3.0842783068851834e-005	-1	
0.0073154512520965283	-0.002954507738782748	-2.942357697136238e-005	-1	
0.0073402560944103292	-0.0034332120535714287	-3.1656905352786036e-005	-1	
0.0073528401502398859	-0.0032195591517857141	-3.0563625058403106e-005	-1	
0.0075210357142857127	-0.0027000000000000001	-2.6314757273026735e-005	-1	
0.0075442501632519803	-0.0027442501632519798	-2.6433068416890374e-005	-1	
0.0074999999999999997	-0.0027000000000000001	-2.646455643249194e-005	-1	
0.01104430252028351	0.0072100287084919459	1.0269270837931766e-005	-1	
0.010984370441618853	0.0072617077643698192	1.0301977117250012e-005	-1	
0.010990298326633318	0.0073191577169156143	1.0122421595483283e-005	-1	
0.010919157716915616	0.0073902983266333202	1.0118979838537581e-005	-1	
0.010860611352300605	0.0073849456395425738	1.0304351202931537e-005	-1	
0.010785087627409104	0.0074516244816946854	1.0317611437057865e-005	-1	
0.010600582902792316	0.0074136774225842129	1.0997488619599022e-005	-1	
0.010347612998680623	0.007583519308842975	1.1184429176764119e-005	-1	
0.0095632123616831138	0.0077460848553949323	1.3198739698825546e-005	-1	
0.010039482142857142	0.0073000000000000001	1.332171472883419e-005	-1	
0.0083219731949100671	0.0086463909693954462	1.1833789050942093e-005	-1	
0.0089901294642857135	0.0076961758321351685	1.5765369852630058e-005	-1	
0.0082956839534257878	0.0078651759741719569	1.7792373697699547e-005	-1	
0.00815208284609217	0.010328571681012871	-3.3099360780611601e-006	-1	
0.0078596476147330188	0.0093355387128521514	6.7416968487496324e-006	-1	
0.008836787638316768	0.012253915144605004	-1.6308240642524245e-005	-1	
0.0094098705357142862	0.012303824167864836	-1.4222041627815482e-005	-1	
0.0083326498534902847	0.01197685917227715	-1.6783686238607753e-005	-1	
0.010144417410714283	0.012504845328758856	-1.2480138375278195e-005	-1	
0.0098296116071428553	0.012461362622487784	-1.3429697332196796e-005	-1	
0.0077999361121774066	0.011724699490719036	-1.7345872109760965e-005	-1	
0.0075910075060970804	0.01098503587842601	-1.1225169478542638e-005	-1	
0.010249352678571428	0.012699999999999999	-1.2824815317638637e-005	-1	
0.010459223214285713	0.012699999999999999	-1.2123672586779793e-005	-1	
0.010600582902792316	0.012586322577415788	-1.1303422251101438e-005	-1	
0.010785087627409113	0.012548375518305323	-1.062876902956983e-005	-1	
0.010881301109438938	0.012518494640006185	-1.0260838754461022e-005	-1	
0.011009733603980307	0.012590266396019692	-1.0122176012372086e-005	-1	
0.010971905775153622	0.0071780710777272442	1.0569899297760717e-005	-1	
0.0109	0.0071365290178571437	1.0901392577211356e-005	-1	
0.010796134726622745	0.0070869094735178384	1.1365319163668368e-005	-1	
0.010685849000394786	0.0070085637561093121	1.1941333655498087e-005	-1	
0.01052898239899156	0.0071341304017174187	1.2113647834957582e-005	-1	
0.0085474974304930312	0.0060758563635954048	2.4677548510734569e-005	-1	
0.0086881703104938774	0.0066594102603820945	2.2010773830616407e-005	-1	
0.0093819509094756823	0.006952845132006908	1.7311498754051088e-005	-1	
0.0089901294642857135	0.0069429158359808453	1.9284836483205771e-005	-1	
0.0078394349690020515	0.0052848705357142868	3.0838700245083041e-005	-1	
0.0079980726155823943	0.0047511866135840526	2.9674986965488473e-005	-1	
0.0079568107353839759	0.0057121763392857152	2.9439920559920038e-005	-1	
0.0096197410714285708	0.0073000000000000001	1.4938604164585771e-005	-1	
0.010459223214285713	0.0073000000000000001	1.1825563757266713e-005	-1	
0.0054299339405853245	-0.0057814189133967627	-5.3196016368671003e-005	-1	
0.0039218959259199986	-0.0092673981387494438	-1.0667900269236039e-005	-1	
0.0030811498621435545	-0.0084716197803165489	-1.06770341067022e-005	-1	
0.0033034933944501837	-0.0090447779247786186	-8.4744850564252206e-006	-1	
0.0026553690100492048	-0.0076825647726532628	-1.0440572751774607e-005	-1	
0.0027213065389446026	-0.0064699786952099004	-1.3936151045851494e-005	-1	
0.0043554486003314456	-0.00593355580357143	-4.1784318931931956e-005	-1	
0.0034058911013749734	-0.0054669549019685185	-2.4465045841537252e-005	-1	
0.0050000000000000001	-0.005622370535714287	-5.8444215518744288e-005	-1	
0.0047421530535939043	-0.0097803142602227253	-7.3161225028560096e-006	-1	
0.0046471113350102849	-0.0098706981936523656	-3.9675739270325395e-006	-1	
0.0044366908482142862	-0.0097873405421194208	-5.1668269080399444e-006	-1	
0.0042042879464285719	-0.0098231204543915377	-3.5490558289868407e-006	-1	
0.0038944174107142858	-0.009707990019487002	-4.3864149640557226e-006	-1	
0.0048421179336356384	-0.0098751501745153701	-4.9742309019196117e-006	-1	
0.0049208635602678574	-0.0099683611100553834	-1.6140117748723549e-006	-1	
0.0048627628348214295	-0.0099545432048541976	-1.9778443855545846e-006	-1	
0.0050000000000000001	-0.010021035714285715	1.5173536942304489e-006	-1	
0.0049657424638333931	-0.010079382952008931	4.2356830439326573e-006	-1	
0.0049620282503647405	-0.010037971749635256	2.0742300085033984e-006	-1	
0.0049789642857142862	-0.01	-9.8027069558190987e-008	-1	
0.0049402304687500009	-0.01	-7.158730589987871e-008	-1	
0.0049034643000496377	-0.010064096577770836	2.8531616071171995e-006	-1	
0.0045746146060956948	-0.010228910258225345	6.0506021722895836e-006	-1	
0.004657715206048952	-0.01020106420296576	5.846564303246483e-006	-1	
0.0047188762717576098	-0.010146362776054896	4.6295647771061495e-006	-1	
0.0047839825441517341	-0.010110873098368812	3.845949372282138e-006	-1	
0.0048431311977251233	-0.010079995584025831	3.1135541808078835e-006	-1	
0.0028098705357142862	-0.0094145059984918657	-3.7066865165577566e-006	-1	
0.0021699600586286396	-0.0094292324959709458	-2.0900616960535863e-006	-1	
0.0015703883928571429	-0.0096533220004462201	-6.299560260155467e-007	-1	
0.0011055825892857143	-0.0096406354230989602	-3.1665320237024232e-007	-1	
0.00066860553187778093	-0.0097533479373641992	-8.6139649801413089e-008	-1	
0.00033090625000000004	-0.01	-3.352632391753038e-009	-1	
0.00021743456922331222	-0.010111926788858173	2.3753316351163449e-009	-1	
0.00043312138891458583	-0.0098318265811369911	-2.7699326299414186e-008	-1	
8.8337154757894411e-005	-0.010254424665178574	1.2304671637097038e-009	-1	
0.0034296116071428576	-0.0096484803113777717	-3.6079429775540385e-006	-1	
0.0037394821428571434	-0.01	-1.2851413759649768e-007	-1	
0.0040493526785714291	-0.01	-1.7024958492967698e-007	-1	
0.0043592232142857148	-0.01	-1.1280706143299917e-007	-1	
0.0045260774667143884	-0.010119290630420623	2.9831725549697907e-006	-1	
0	-0.010176628348214287	0	-1	
0.0218	0.02804276897321429	0	-1	
0.020237386070377828	0.025945494786543996	-2.0744312724094358e-007	-1	
0.020289025914606695	0.027537784213873335	-5.0367372383811985e-007	-1	
0.018836916472656898	0.025117960448939138	-1.3654621013092915e-008	-1	
0.017763591250098933	0.023795549484191311	3.3212250300900223e-007	-1	
0.015963197433412471	0.023578203200002715	1.2106484580620192e-006	-1	
0.011919325810110131	0.017865447720793827	-7.2432090453602034e-006	-1	
0.011829723159491505	0.018327762194833026	-6.2242911421860568e-006	-1	
0.011305220420903093	0.020082171450761823	-7.7582941929913513e-007	-1	
0.011815790700762597	0.021195049959703872	2.7474141069013259e-006	-1	
0.010808992493903859	0.01901496412157427	-5.2265234430705361e-006	-1	
0.011057477796075807	0.018287634432647953	-7.5610192672147337e-006	-1	
0.012328706587580644	0.022668036161552253	5.173248294529188e-006	-1	
0.013900344769536072	0.025849644762126173	3.0015355398424279e-006	-1	
0.012822097232127705	0.024706572478439368	5.7555077346456827e-006	-1	
0.015455274565315752	0.025622873229837088	1.3072286422303454e-006	-1	
0.011104218806960942	0.012836302631109292	-1.0538502831491536e-005	-1	
0.011044302520283518	0.01278997129150806	-1.0586452720789368e-005	-1	
0.010984370441618856	0.012738292235630184	-1.0617304125440128e-005	-1	
0.01099029832663332	0.012680842283084385	-1.0437847631591778e-005	-1	
0.011084548747903444	0.01295450773878272	-1.0897012580171408e-005	-1	
0.0109	0.013575647321428569	-1.2848707848777717e-005	-1	
0.0109	0.013290776785714286	-1.2265809695704863e-005	-1	
0.011013560239787539	0.013056634886853742	-1.1360463254288621e-005	-1	
0.0109	0.013148341517857143	-1.1938510775490251e-005	-1	
0.010648704534940535	0.014002953125	-1.4492563878249767e-005	-1	
0.010600892463547989	0.013718082589285713	-1.4212393873554025e-005	-1	
0.010443189264616022	0.014287823660714283	-1.5667167198830536e-005	-1	
0.010636537677703735	0.016281917410714285	-1.424666627995943e-005	-1	
0.0109	0.016424352678571431	-1.3054726854032643e-005	-1	
0.011022222182466162	0.016566787946428574	-1.2383849844474171e-005	-1	
0.011271337442018114	0.01658393149634604	-1.1567154292144187e-005	-1	
0.01001096080581346	0.015669056002924321	-1.7735316972034807e-005	-1	
0.010136232129268541	0.01622920403499693	-1.6355264651155071e-005	-1	
0.0098166610447310149	0.014689697187082115	-1.8901738130143651e-005	-1	
0.011257331984026503	0.01700918214443374	-1.0769891942262402e-005	-1	
0.011288380575545326	0.01713182810918544	-1.0410708204289856e-005	-1	
0.011165762487284726	0.01690849090208996	-1.1252032094734741e-005	-1	
0.011080650208439841	0.016745147788313305	-1.184824445331517e-005	-1	
0.011309158845868406	0.017312489805619734	-9.9256786119586398e-006	-1	
0.011545016835597393	0.017952654720848935	-7.7368612577513961e-006	-1	
0.011250089831001649	0.017616989063008102	-9.274576407133432e-006	-1	
0.0074999999999999997	-0.0031483415178571428	-2.906167401270554e-005	-1	
0.0074999999999999997	-0.0030059062499999999	-2.8303247449074997e-005	-1	
0.0062120594310642189	-0.0042404528614271826	-4.4860164413700225e-005	-1	
0.0053595047687006632	-0.005311185267857144	-5.4763037224290101e-005	-1	
0.0056216232181168536	-0.004645110010561811	-5.1724374675275799e-005	-1	
0.0074999999999999997	0.0038605178571428579	3.1970598809340086e-005	-1	
0.0074999999999999997	0.0044302589285714292	3.3240686427101378e-005	-1	
0.0073777778175337216	0.0034332120535714287	3.1362561729641686e-005	-1	
0.0072104835410748726	0.0037004218946710952	3.3851371959519566e-005	-1	
0.0073193497915603487	0.0032548522116865155	3.0995311018707923e-005	-1	
0.0075664926004763797	0.0028091504993010179	2.6674420348497901e-005	-1	
0.0074999999999999997	0.0028634709821428574	2.7480655518757515e-005	-1	
0.0074109025830244209	0.0029346886160714286	2.8561601994672935e-005	-1	
0.0073696329825962206	0.0030776611466532696	2.9685768079650749e-005	-1	
0.0075442501632519803	0.0027442501632519798	2.6429685032053771e-005	-1	
0.0075210357142857127	0.0027000000000000001	2.6312085726066455e-005	-1	
0.0074999999999999997	0.0027000000000000001	2.6461751702002161e-005	-1	
0.0074662676938908757	0.0027105178571428575	2.6772022507632121e-005	-1	
0.0074156295583811434	0.0027382922356301827	2.7320309009051456e-005	-1	
0.0073556974797164779	0.0027899712915080603	2.8096732941664158e-005	-1	
0.0072957811930390425	0.0028363026311092982	2.8849380011728995e-005	-1	
0.0072360028753006922	0.0028912977391407123	2.9651789230724114e-005	-1	
0.0071426680159734782	0.0029908178555664352	3.0996848586536583e-005	-1	
0.0070269869941256878	0.0031880018608502429	3.3058957493619996e-005	-1	
0.0056832300146629645	0.0034412531914166161	4.7620052599749136e-005	-1	
0.0064985073712390861	0.0036303190628240961	4.0041393385714721e-005	-1	
0.0068685322892500589	0.0033953409429946513	3.5504754962560835e-005	-1	
0.0067395703898786609	0.0036010939814794911	3.7623594895561166e-005	-1	
0.0046891166959213918	0.0011101841517857126	2.6392932917652202e-005	-1	
0.0046498786448757965	0.0015769620535714269	3.2033295900269649e-005	-1	
0.0044100705797259481	0.0021993325892857123	3.3749097351925063e-005	-1	
0.004458811925838334	0.0028217031249999978	3.9147136432822698e-005	-1	
0.0050000000000000001	0.0031328883928571413	5.4022644891582083e-005	-1	
0.005270754306098949	0.0034440736607142843	5.2352212148057378e-005	-1	
0.0046427886729360065	0.00076563921890477661	1.9374297143259072e-005	-1	
0.0048672258602973422	0.00046204610337112592	1.6012557590615988e-005	-1	
0.0050000000000000001	0.00025442466517856967	1.2162919927316155e-005	-1	
0.0050000000000000001	0.00017662834821428398	9.2407761061872341e-006	-1	
0.0048963500882725965	0.00029332282366071249	1.1639217246481233e-005	-1	
0.0074999999999999997	-0.0028634709821428574	-2.7485891701091735e-005	-1	
0.0075664926004763797	-0.0028091504993010179	-2.6678456101778298e-005	-1	
0.0050614911656044915	-1.9157716915618132e-005	-9.2413317858174471e-007	-1	
0.0050442072661816576	-0.0001377301897321446	-6.7126745963471267e-006	-1	
0.0050362732276999951	-7.9382952008930313e-005	-4.1675065318937201e-006	-1	
0.0050306344952477022	5.9933872767855406e-005	3.474777893049631e-006	-1	
0.0050337323061091241	1.0517857142855412e-005	7.3762887624006753e-007	-1	
0.0050000000000000001	9.8832031249998254e-005	5.9249089383365116e-006	-1	
0.0050000000000000001	-0.00017662834821428745	-9.0766033563501799e-006	-1	
0.0048333690846217798	-0.00056560993303571587	-1.7930165407547423e-005	-1	
0.0048343201343448005	-0.00038171533170817376	-1.30708324170228e-005	-1	
0.004915257257949667	-0.00022891254853656654	-9.4672255554241062e-006	-1	
0.004632291322133609	-0.00067597317504845507	-1.7235343372458187e-005	-1	
0.0044610073613349701	-0.0034440736607142869	-4.2315955492040758e-005	-1	
0.0039458169072370975	-0.0031345918539521117	-3.0496187260367363e-005	-1	
0.0050000000000000001	-0.005000000000000001	-5.9018408853809108e-005	-1	
0.0042813497220384553	-0.004377629464285715	-4.0678428123012999e-005	-1	
0.003684285179467351	-0.0013504023441595562	-1.4956623450013321e-005	-1	
0.0033381257787407871	-0.001955825603512918	-1.5524780335161528e-005	-1	
0.0039350998329325251	-0.0010195353735766698	-1.4188008820177724e-005	-1	
0.003018826816268123	-0.0026343706157254876	-1.501354296120026e-005	-1	
0.0031970085208979952	-0.0034132125632628401	-1.9637347789050284e-005	-1	
0.0043159655172280501	-0.00087118422224775579	-1.6478654028022939e-005	-1	
0.0043911760605025848	-0.00062184421508104074	-1.3056952733885089e-005	-1	
0.007363709649389258	-0.0028698030677681619	-2.8541178030455649e-005	-1	
0.0074280942248463773	-0.0028219289222727591	-2.7764104888461825e-005	-1	
0.0074703911335387485	-0.0027566445312500005	-2.7041932705892918e-005	-1	
0.0074999999999999997	-0.0027210357142857145	-2.6600905332218213e-005	-1	
0.0073864397602124683	-0.003056634886853728	-2.9448124458796574e-005	-1	
0.0074109025830244209	-0.0029346886160714286	-2.8569806773547901e-005	-1	
0.0074999999999999997	-0.0027922533482142866	-2.7051396576267372e-005	-1	
0.01092960886646125	0.0072433554687500006	1.0515381352842285e-005	-1	
0.010933732306109122	0.0072894821428571418	1.0371872715388316e-005	-1	
0.01092689044646572	0.0073268904464657229	1.0283572628900072e-005	-1	
0.010889482142857142	0.007333732306109125	1.0373265916667748e-005	-1	
0.010852730468749999	0.0073266857069714938	1.0503287821414325e-005	-1	
0.010800262834821429	0.0073520272222332619	1.0583935994432006e-005	-1	
0.010721561383928572	0.0073590834696913429	1.0801494025808632e-005	-1	
0.010564158482142857	0.0073000000000000001	1.148268571257112e-005	-1	
0.010669093750000001	0.0073000000000000001	1.1147735017449088e-005	-1	
0.0091999999999999998	0.0073000000000000001	1.6755172065812741e-005	-1	
0.0078563381665808386	0.0080185597712436711	1.9011162364600268e-005	-1	
0.0074445518766450454	0.0086169532394262602	1.588684592866418e-005	-1	
0.0085703883928571409	0.0075386373775122141	1.8554189961099299e-005	-1	
0.0087802589285714272	0.0073000000000000001	1.8769945488499867e-005	-1	
0.0082555825892857149	0.0074951546712411429	2.043797490530494e-005	-1	
0.0080523870013193763	0.0075835193088429741	2.1032397069701827e-005	-1	
0.0072858964497268079	0.0099351045182909936	7.0821560837419547e-007	-1	
0.0087802589285714272	0.012699999999999999	-1.8986084523718839e-005	-1	
0.0091999999999999998	0.012699999999999999	-1.699138547705642e-005	-1	
0.0083605178571428563	0.012699999999999999	-2.1213059121288335e-005	-1	
0.0096197410714285708	0.012699999999999999	-1.5208819567576582e-005	-1	
0.0080523870013193746	0.012416480691157023	-2.1191824564757379e-005	-1	
0.0078521940247316471	0.012179285807829565	-2.0697293564823047e-005	-1	
0.010039482142857142	0.012699999999999999	-1.3575652513576162e-005	-1	
0.0075500942218685099	0.012108051338211022	-2.1930555084939444e-005	-1	
0.0073425222039246955	0.011712365567352107	-1.9629119928396649e-005	-1	
0.0068172225518759681	0.010724022821896682	-1.0557137674849091e-005	-1	
0.0069796095971759679	0.011245631555733812	-1.6686407851744818e-005	-1	
0.010354287946428571	0.012841736235685453	-1.2929802791157258e-005	-1	
0.010228423567588968	0.013003178823163602	-1.3897086883032697e-005	-1	
0.010564158482142857	0.012699999999999999	-1.1784831103388499e-005	-1	
0.010528982398991573	0.012865869598282604	-1.2410040531331532e-005	-1	
0.010721561383928572	0.012640916530308657	-1.11098491242133e-005	-1	
0.010669093750000001	0.012699999999999999	-1.1453687431467707e-005	-1	
0.010800262834821429	0.012647972777766737	-1.089446841817743e-005	-1	
0.010860611352300606	0.012615054360457427	-1.0616835430393303e-005	-1	
0.010919157716915616	0.012609701673366678	-1.0432837940273827e-005	-1	
0.0109	0.0072077466517857149	1.0704869388669652e-005	-1	
0.010833507399523622	0.0071908495006989788	1.0957106846219757e-005	-1	
0.010767809980481279	0.0071936706775490473	1.1154769933006446e-005	-1	
0.010669725246540524	0.0071428806106270245	1.161648018124556e-005	-1	
0.010639810443774482	0.0072213213403621379	1.148146001761542e-005	-1	
0.0080383012346854407	0.006095324037033654	2.802263776949135e-005	-1	
0.00813960243197644	0.006381276445317564	2.6428041410287981e-005	-1	
0.0082666034019240817	0.0068314583200175779	2.3857127043761669e-005	-1	
0.0084390947295295022	0.0070405671154859864	2.1858884379938913e-005	-1	
0.0074999999999999997	0.0055697410714285718	3.3242705082284893e-005	-1	
0.0074999999999999997	0.005000000000000001	3.3650801270785126e-005	-1	
0.007751295465059517	0.0059970468750000002	3.0390290832809267e-005	-1	
0.0074999999999999997	0.0058546116071428577	3.269027247481652e-005	-1	
0.0024694628618208278	-0.0085331495987623733	-6.3048383106736119e-006	-1	
0.0017881106496910532	-0.007027319537334157	-5.2066442662834067e-006	-1	
0.0016285072985814156	-0.0081024986630309284	-3.3791133181560313e-006	-1	
0.0024754793266073393	-0.0050164542467858401	-1.2361676870258457e-005	-1	
0.0012335972482572137	-0.0056314378326521542	-2.8168525408931991e-006	-1	
0.0044523669330547733	-0.005311185267857144	-4.4912323107829805e-005	-1	
0.0034094371878723665	-0.0045733519737973819	-2.4530709201998683e-005	-1	
0.0047705026312616248	-0.009915159094486193	-3.0863712432423749e-006	-1	
0.0045141584821428576	-0.01	-1.2427022392256844e-007	-1	
0.0046690937500000005	-0.01	-1.0350488529885576e-007	-1	
0.0049014966517857148	-0.01	-8.8102464351121527e-008	-1	
0.0048627628348214286	-0.01	-8.3858173141574623e-008	-1	
0.0048240290178571434	-0.01	-1.0253918601986236e-007	-1	
0.0049208635602678583	-0.010031483961658207	1.4519211411321811e-006	-1	
0.0048837362049039146	-0.010032623703885741	1.3627795553820072e-006	-1	
0.0046459607304848239	-0.010119856109964411	3.4207673517827607e-006	-1	
0.0047078275669642858	-0.01007303972340629	2.2268520247090206e-006	-1	
0.0047852952008928581	-0.010044162821470679	1.4920567509971084e-006	-1	
0.004843395926339286	-0.010035504352814353	1.3387453144593187e-006	-1	
0.0013773581350983045	-0.0090825242712149357	-1.2208572065313982e-006	-1	
0.00082568126658980404	-0.0093671338949308219	-3.1756115825742799e-007	-1	
0.00047693627988151815	-0.0095956311755577249	-7.1924963369426407e-008	-1	
0.00025343861607142861	-0.0099121031940376074	-6.2729863779802403e-009	-1	
0.00017597098214285721	-0.01	-1.1027742752666028e-009	-1	
0.0001092461347830427	-0.010068555066851195	1.8963952169126564e-010	-1	
0.00010376826762154272	-0.010137730189732144	5.8739327773567476e-010	-1	
0.00028340451871564543	-0.0097379458680783276	-1.7796073276414858e-008	-1	
0	-0.010098832031249999	0	-1	
0.0218	0.030592111607142859	0	-1	
0.020534117445378596	0.029317440290178576	-8.8871198301001597e-007	-1	
0.018866317242951517	0.026820879527395446	-5.4747181072436137e-007	-1	
0.018839570094730904	0.028644105921807116	-1.5497468494037986e-006	-1	
0.017168203875890155	0.025375575087549392	3.3649700032181079e-007	-1	
0.010134300724586121	0.020201002018304673	2.3639784860439316e-007	-1	
0.010910314077371665	0.022019242091936064	7.0240558610947297e-006	-1	
0.010600063887823048	0.018275300509281313	-8.5222362648974955e-006	-1	
0.010005505195765721	0.018842581395735341	-7.0760234363188812e-006	-1	
0.011111579003839548	0.017844095898569976	-8.9230769036018228e-006	-1	
0.010849905778131701	0.017891948661789121	-9.3663497412038846e-006	-1	
0.010810938122570567	0.024111338340104215	1.1251184151493602e-005	-1	
0.014876932437943883	0.027204608835120898	2.8436193213277867e-007	-1	
0.013193477733713321	0.027253058810554981	2.1983253661649263e-006	-1	
0.011164221067989479	0.025670455417021096	9.7543054416339284e-006	-1	
0.016874077278671216	0.027038240591324193	-4.7228164767231364e-007	-1	
0.011036290350610737	0.01286980306776816	-1.0822017901080772e-005	-1	
0.010971905775153622	0.012821928922272758	-1.0884765640999976e-005	-1	
0.01092960886646125	0.012756644531250002	-1.0829009543423854e-005	-1	
0.010933732306109122	0.012710517857142858	-1.0685750002394718e-005	-1	
0.010926890446465722	0.012673109553534279	-1.0597379004244049e-005	-1	
0.010989097416975582	0.01293468861607143	-1.1130970053025271e-005	-1	
0.010650232919241453	0.013390487346151921	-1.3350196091910571e-005	-1	
0.01069923056343287	0.013126053949325565	-1.2552575809519763e-005	-1	
0.0109	0.013005906250000001	-1.158687526981024e-005	-1	
0.010361698765314691	0.013904675962966115	-1.5491841847997577e-005	-1	
0.010260397568022987	0.013618723554682459	-1.5357065989689992e-005	-1	
0.0098525025695071558	0.013924143636405621	-1.7788398616049328e-005	-1	
0.010517916787706947	0.01655692520197782	-1.4163016943681328e-005	-1	
0.0109	0.016709223214285716	-1.2500274035479571e-005	-1	
0.0095930636900326341	0.016062528648653436	-1.9172180697477345e-005	-1	
0.0092758301523974511	0.015434558560572027	-2.164011236346655e-005	-1	
0.0099281859375293293	0.016521337668864992	-1.6605196327469938e-005	-1	
0.010175650698384674	0.016780926709598524	-1.4953504921002143e-005	-1	
0.0091241698476004843	0.014565441439429238	-2.2439167161900427e-005	-1	
0.0093292303470840238	0.013892437917536811	-2.0330495803550386e-005	-1	
0.011163997124699256	0.017108702260859338	-1.0805139022551848e-005	-1	
0.01112397497871228	0.017038018903485736	-1.1084075710720546e-005	-1	
0.011175571556579843	0.017189100903295944	-1.0581303680213626e-005	-1	
0.011030367017403831	0.01692233885334667	-1.1626614716770977e-005	-1	
0.0109	0.016851658482142859	-1.2192405956300701e-005	-1	
0.011150986842741245	0.017402222756662689	-1.0101052811639416e-005	-1	
0.011046486560751833	0.017496607681694486	-1.0112359365546605e-005	-1	
0.010950810249042342	0.01763216154203236	-9.9558851642027913e-006	-1	
0.006954806339299552	0.0040224559380078019	3.7089543240309097e-005	-1	
0.0068473993565290551	0.0046451682483861943	3.9200732911895376e-005	-1	
0.0071286625579825812	0.0034160685036532042	3.3347714864755856e-005	-1	
0.0069821454610153643	0.0036121763638156984	3.5471720354953679e-005	-1	
0.0068515885131692211	0.0038095273193419427	3.7354014865133452e-005	-1	
0.0072342375127153616	0.0030915090979100873	3.082948280533621e-005	-1	
0.0074999999999999997	0.0027922533482142866	2.7046848781283961e-005	-1	
0.0074280942248463773	0.0028219289222727591	2.7757831272672257e-005	-1	
0.007363709649389258	0.0028698030677681619	2.8533110748850834e-005	-1	
0.0072760250212877487	0.0029619810965143181	2.9760552856014434e-005	-1	
0.0074999999999999997	0.0027210357142857145	2.659760519864361e-005	-1	
0.0074703911335387485	0.0027566445312500005	2.7037542407453498e-005	-1	
0.0054791813895520821	0.0037628242781319781	5.1279881799149536e-005	-1	
0.0058066130985195922	0.0039573294996134495	4.8404122699640751e-005	-1	
0.006561750815642824	0.00408150896075383	4.0959458025466166e-005	-1	
0.0042807456455799088	0.00098970719544228588	1.8122484863378624e-005	-1	
0.0036890335813581747	0.0014365962949693647	1.5825722932251452e-005	-1	
0.0034614869134625757	0.0019884526014333961	1.7253154481009808e-005	-1	
0.0034839139193482706	0.0025849590125150501	2.0841759250026198e-005	-1	
0.0040019833346818644	0.0034440736607142843	3.274042928172993e-005	-1	
0.0050000000000000001	0.0037552589285714268	5.676791721680436e-005	-1	
0.0046292380213265446	0.00034839456332661037	9.8438474322178033e-006	-1	
0.0043310730160211874	0.00056692028983705263	1.1589786920904892e-005	-1	
0.0047952947594633085	0.00030667016410060332	1.0595058436676109e-005	-1	
0.0049103152348022325	0.00018349866595027852	8.0109607445398555e-006	-1	
0.0049180835995510045	9.3887222018700927e-005	4.4678096351309286e-006	-1	
0.0048280761927036982	0.00021015224549334399	7.8930518365746992e-006	-1	
0.0050217854128816108	-1.0517857142858882e-005	-5.595555239279872e-007	-1	
0.0050228215736084249	-4.0484793526787452e-005	-2.3264014646477914e-006	-1	
0.0050000000000000001	-9.8832031250001737e-005	-5.71111149656648e-006	-1	
0.0050000000000000001	-5.9933872767858889e-005	-3.7648231843601891e-006	-1	
0.0050000000000000001	2.1035714285712559e-005	1.7509483278358408e-006	-1	
0.0050000000000000001	-1.7347234759768071e-018	1.5515522265747923e-007	-1	
0.0049557498367480196	4.4250163251978557e-005	2.5165494450666497e-006	-1	
0.0049552665990641011	-0.0001377301897321446	-6.6493170420810185e-006	-1	
0.0045729279788376221	-0.0004544143674430372	-1.1482752881158175e-005	-1	
0.0047024812805783866	-0.00026983135090673395	-8.1705797594214075e-006	-1	
0.0047861443822044391	-0.00017756125749605574	-6.1336326315618449e-006	-1	
0.0048884839173264942	-0.00012967412630314202	-5.4291148828570845e-006	-1	
0.003886130893116636	-0.003817506831360147	-3.1577965707736806e-005	-1	
0.0035623208647830597	-0.00095353253104807356	-1.0167953466289885e-005	-1	
0.003043649058010584	-0.0013214330820383927	-9.1117059390608779e-006	-1	
0.0026951484448087689	-0.0019579037112252774	-9.5415460674553789e-006	-1	
0.0038780428655331282	-0.00074463027505544828	-1.0240921757043286e-005	-1	
0.0041490522594037731	-0.00067126666585003809	-1.1524514608605085e-005	-1	
0.0020259638592202639	-0.0023140212138294393	-5.7076738876079209e-006	-1	
0.002366922338375879	-0.0031933148303475447	-9.9137408108877042e-006	-1	
0.0025770422724267529	-0.0040768227463862314	-1.3009878149981161e-005	-1	
0.0042287299159636709	-0.00044381133724057364	-8.2731540520320276e-006	-1	
0.0109	0.007278964285714287	1.050223505671831e-005	-1	
0.0109	0.0073000000000000001	1.0441206831694589e-005	-1	
0.010878964285714285	0.0073000000000000001	1.0503801472220936e-005	-1	
0.010826496651785714	0.0073000000000000001	1.0661580216097775e-005	-1	
0.010774029017857144	0.0073000000000000001	1.0821402347497306e-005	-1	
0.010721561383928572	0.0072404165567743805	1.1163712638211417e-005	-1	
0.0074086840609375948	0.0078914491449243417	2.2699743348501636e-005	-1	
0.0076147218049896744	0.0076208502749602744	2.3450556616573495e-005	-1	
0.0066074885532105129	0.0088365432989808857	1.7429617909430764e-005	-1	
0.0068951533934157446	0.0081417648578679391	2.3851307826598287e-005	-1	
0.0083605178571428563	0.0073000000000000001	2.0981567456380145e-005	-1	
0.0081506473214285717	0.0073000000000000001	2.220629209385312e-005	-1	
0.0079407767857142854	0.0073000000000000001	2.3492466536934086e-005	-1	
0.0077994170972076849	0.0074136774225842129	2.3691950326181339e-005	-1	
0.0064164975661311734	0.0095638606886946868	7.5900796119584494e-006	-1	
0.0064518953544068806	0.010317843966605294	-5.3329938380570251e-006	-1	
0.0090180490905243851	0.013047154867993037	-1.9329026089995071e-005	-1	
0.0085536362993380438	0.013129476994260491	-2.2196648950046145e-005	-1	
0.0094098705357142844	0.013057084164018689	-1.7484428248835198e-005	-1	
0.0079407767857142854	0.012699999999999999	-2.3654937701054782e-005	-1	
0.0081506473214285717	0.012885868486612663	-2.3424508654073967e-005	-1	
0.0099609052704714585	0.012959432884513698	-1.4778252512604581e-005	-1	
0.0077994170972076841	0.012586322577415788	-2.3847570136768404e-005	-1	
0.0076147218049896978	0.012379149725039782	-2.3600284049566987e-005	-1	
0.0072884209961606682	0.012155904101429986	-2.403350835511747e-005	-1	
0.0074491897509577198	0.012367838457967673	-2.4614023745058032e-005	-1	
0.0068549831644029811	0.012047345279150665	-2.6194548863472863e-005	-1	
0.0065702768405087866	0.01167223780516965	-2.4366308010395611e-005	-1	
0.0064097975285614291	0.011087959731365324	-1.8039887212935027e-005	-1	
0.010418275372478329	0.013021380238774062	-1.3249249318539404e-005	-1	
0.010133396598076026	0.013168541679982054	-1.4747468216742649e-005	-1	
0.010451430258146504	0.013209370553901725	-1.3642725770774662e-005	-1	
0.01063981044377448	0.012778678659637862	-1.178543601122024e-005	-1	
0.010607963762497176	0.012999981179974069	-1.2528598094745958e-005	-1	
0.010669725246540538	0.012857119389372972	-1.1921796590765034e-005	-1	
0.010774029017857144	0.012699999999999999	-1.1130688180450734e-005	-1	
0.010721561383928572	0.012759583443225619	-1.147079878307394e-005	-1	
0.010852730468749999	0.012673314293028506	-1.0815081645425913e-005	-1	
0.010826496651785714	0.012699999999999999	-1.0972422047165915e-005	-1	
0.010889482142857142	0.012666267693890875	-1.0686110569967474e-005	-1	
0.010855749836748019	0.0072557498367480187	1.0702631505273271e-005	-1	
0.010800262834821429	0.0072508626538466152	1.0886800871296535e-005	-1	
0.0077991075364523196	0.0062819174107142869	2.9180210526007409e-005	-1	
0.007749767080758441	0.0066095126538482981	2.8293186122454429e-005	-1	
0.0079485697418534181	0.0067906294460981951	2.6112739593959023e-005	-1	
0.0081715764324113531	0.0069968211768363878	2.3682001568211819e-005	-1	
0.0071807797495881545	0.0052848705357142868	3.6277247710877233e-005	-1	
0.0071592729919217526	0.0057121763392857152	3.5866047979043453e-005	-1	
0.0074999999999999997	0.0061394821428571436	3.1931285232956161e-005	-1	
0.0072384245863422294	0.006072894684624827	3.4277252611065309e-005	-1	
0	-0.0074894821428571432	0	-1	
0.00086486640154251901	-0.0087661089970254569	-6.8485571079368147e-007	-1	
0.0017043251121065988	-0.004328022631878428	-5.5826151889416679e-006	-1	
0	-0.005000000000000001	0	-1	
0.0047465613839285719	-0.01	-1.2002716286164162e-007	-1	
0.00044073145829116227	-0.0091937489771683166	-1.2210856990524965e-007	-1	
0.0002421099804847956	-0.0095449890646337257	-2.142425723337907e-008	-1	
0.00013723716517857146	-0.0098971263580808124	-1.8341175468989699e-009	-1	
0.00011269312707611463	-0.0097836224514779666	-2.4619072364914075e-009	-1	
9.8503348214285736e-005	-0.01	-3.2004163183645029e-010	-1	
4.4250163251981681e-005	-0.010044250163251979	-3.7818650059089456e-012	-1	
0	-0.010021035714285715	0	-1	
0.0218	0.033141454241071427	0	-1	
0.019798707906846208	0.032131601220265198	-2.701255287910363e-006	-1	
0.018602953761644406	0.030235514410547865	-2.8307910284733192e-006	-1	
0.017358078465541906	0.028451610589400794	-1.8467561597042778e-006	-1	
0.0088729104738532859	0.019680627622871986	-2.9812188871979194e-006	-1	
0.0085532865127499781	0.020907372148028597	7.0683223003482921e-006	-1	
0.0095857444219348449	0.023004732493532843	1.5132376998696247e-005	-1	
0.010547805975268271	0.017820714192170805	-1.0376524030525404e-005	-1	
0.010067350146509075	0.018023140827722908	-1.0874604100797477e-005	-1	
0.0092039176973377317	0.01855652284184665	-1.0317144800807407e-005	-1	
0.010785278195010328	0.017620850274960353	-1.0417939014611433e-005	-1	
0.0095707683348162497	0.025799153848248775	1.6844282286272289e-005	-1	
0.014370118382502541	0.028810693096460466	-2.2037772542916045e-006	-1	
0.01622352535444092	0.029423547386958314	-3.2558341632786215e-006	-1	
0.011883574611557354	0.027988483489176697	2.6336961577255631e-006	-1	
0.012496844587320633	0.029359831579264375	-2.759605457808302e-006	-1	
0.010621265313666218	0.027174069046882486	8.2465747612695456e-006	-1	
0.0109	0.012792253348214287	-1.1017450045122672e-005	-1	
0.0109	0.01286347098214286	-1.1213752831258798e-005	-1	
0.0109	0.012721035714285713	-1.0815102466661028e-005	-1	
0.0109	0.012699999999999999	-1.0754167169463374e-005	-1	
0.010796134726622724	0.01291309052648215	-1.1673128568348635e-005	-1	
0.0097118296895067364	0.013340589739616193	-1.7028359607161608e-005	-1	
0.010486919983063038	0.016920815435260115	-1.3420382810884947e-005	-1	
0.010699230563432936	0.016873946050674497	-1.2804845697321754e-005	-1	
0.0090707696529159464	0.016107562082463184	-2.1820690598991426e-005	-1	
0.0093273305969844046	0.016564722397174606	-1.9246819397518927e-005	-1	
0.0085833389552689848	0.015310302812917884	-2.5918891608871622e-005	-1	
0.0098463637006619906	0.016870523005739515	-1.5998456210341668e-005	-1	
0.010249352678571428	0.017114131513387358	-1.3708760676460126e-005	-1	
0.008806936309966925	0.013937471351344983	-2.3356886774821049e-005	-1	
0.0083890391941871464	0.014330943997075902	-2.6765810578738379e-005	-1	
0.0090726694030151579	0.013435277602825303	-2.0429551617282793e-005	-1	
0.011104218806960936	0.017163697368890726	-1.0841254305654102e-005	-1	
0.011036290350610746	0.017130196932231841	-1.1117196442858673e-005	-1	
0.010989097416975577	0.017065311383928573	-1.1415115520793406e-005	-1	
0.011079459584103026	0.017280926943541105	-1.0611019621789603e-005	-1	
0.0109	0.016994093750000001	-1.1858779098339973e-005	-1	
0.011010410213987836	0.017410410213987832	-1.0451272209872793e-005	-1	
0.010881301109438957	0.017481505359993824	-1.0594128328052776e-005	-1	
0.0067251794154208726	0.0052651433829199665	4.0402620227544844e-005	-1	
0.0060372095435664332	0.0046919878677682825	4.7418141636710971e-005	-1	
0.0054299339406114122	0.004218581086634152	5.31646562342467e-005	-1	
0.0039218959259198702	0.00073260186125067466	1.0697767093759509e-005	-1	
0.0030811498621436976	0.0015283802196839878	1.070175008841319e-005	-1	
0.0033034933944502977	0.0009552220752216858	8.4990944946742766e-006	-1	
0.0026553690100493119	0.0023174352273465418	1.0469615232901119e-005	-1	
0.0027213065389443316	0.0035300213047900876	1.4013901952564797e-005	-1	
0.0043554486003314448	0.0040664441964285694	4.1791937735542998e-005	-1	
0.0034058911013749734	0.0045330450980314817	2.4589043681722591e-005	-1	
0.0050000000000000001	0.0043776294642857124	5.8406210179721781e-005	-1	
0.0047421530535939026	0.00021968573977727287	7.3567078755166461e-006	-1	
0.0046471113350102875	0.00012930180634763164	4.0076356676638175e-006	-1	
0.0044366908482142862	0.00021265945788058203	5.2038207474839354e-006	-1	
0.0042042879464285719	0.00017687954560846142	3.5834944111789999e-006	-1	
0.0038944174107142858	0.00029200998051299532	4.4169635100949086e-006	-1	
0.0048421179336356392	0.0001248498254846288	5.0167767379274814e-006	-1	
0.0049208635602678574	3.1638889944615327e-005	1.658351646030558e-006	-1	
0.0048627628348214286	4.545679514580002e-005	2.0212989836925378e-006	-1	
0.0050000000000000001	-2.1035714285716028e-005	-1.4714807438543775e-006	-1	
0.004965742463833394	-7.9382952008930313e-005	-4.1897613820859433e-006	-1	
0.0049620282503647414	-3.7971749635260184e-005	-2.0287275244581814e-006	-1	
0.0049789642857142862	-1.7347234759768071e-018	1.4342429244053241e-007	-1	
0.0049402304687500009	-1.7347234759768071e-018	1.1645913852666633e-007	-1	
0.0049034643000496385	-6.4096577770837661e-005	-2.8082417126451843e-006	-1	
0.004574614606095706	-0.00022891025822534001	-6.0090037662700696e-006	-1	
0.0043745629472047871	-0.00025193329663471367	-5.3647561813646299e-006	-1	
0.0046577152060489077	-0.00020106420296579709	-5.8039911836709506e-006	-1	
0.0047188762717575968	-0.00014636277605491134	-4.5865484093039093e-006	-1	
0.0047839825441517306	-0.00011087309836881713	-3.8023037054211666e-006	-1	
0.0048431311977251224	-7.9995584025837154e-005	-3.0693357495235167e-006	-1	
0.0036847318084033348	-0.00055372618696206729	-6.7004531222781449e-006	-1	
0.003261308154191866	-0.0007239418466138453	-6.2012199518361436e-006	-1	
0.0025771615856739045	-0.0013258409995000249	-6.1924582123896072e-006	-1	
0.0027483562736719202	-0.00087547040672236449	-4.8257456064166477e-006	-1	
0.0021808689046254404	-0.0015719753175680931	-4.9856191651964034e-006	-1	
0.0039437266371432781	-0.00047165783529486735	-6.954158132659192e-006	-1	
0.0015383087248957645	-0.0029679316834379911	-3.8544306882632691e-006	-1	
0.0012773098806979372	-0.0021950888561929421	-2.1406195096802329e-006	-1	
0.004136995351830243	-0.00022273258765007447	-3.8816728020728074e-006	-1	
0.0073952556700628566	0.0075516036230788772	2.5444617715082087e-005	-1	
0.0071754119357694737	0.0076439427490080959	2.6316056905715674e-005	-1	
0.0076149123725908832	0.0074516244816946846	2.4636987625481003e-005	-1	
0.0075186988905610493	0.0074815053599938076	2.5088780800866882e-005	-1	
0.0062315202799166315	0.0084800930920189959	2.5187148626916924e-005	-1	
0.0060314143256081035	0.0093198719933679716	1.3630202485048287e-005	-1	
0.0067499642253836768	0.0074769136376538724	3.1065646744988044e-005	-1	
0.0062226990670821436	0.007831969521853388	3.2604961710725353e-005	-1	
0.0080457120535714285	0.0071582637643145654	2.3628415453360975e-005	-1	
0.0078358415178571422	0.0073000000000000001	2.416410292663997e-005	-1	
0.0078710176010084419	0.0071341304017174065	2.4893095978235952e-005	-1	
0.0076784386160714284	0.0073590834696913429	2.4830241155708464e-005	-1	
0.0077309062499999991	0.0073000000000000001	2.4852197420298654e-005	-1	
0.0058415204632965281	0.010021913444493581	-5.3699419136752559e-007	-1	
0.00578149495134519	0.010421263893070201	-9.8519564227485107e-006	-1	
0.0058168031252412737	0.01096349240745032	-2.0327294660918231e-005	-1	
0.0084718140624706773	0.01347866233113473	-2.4012928426452573e-005	-1	
0.0082243493016152802	0.013219073290401622	-2.4570049945349946e-005	-1	
0.0078358415178571422	0.012699999999999999	-2.4326802702262197e-005	-1	
0.0078710176010084315	0.012865869598282615	-2.5070030184446345e-005	-1	
0.0079130800169368784	0.013079184564739842	-2.5932130524946867e-005	-1	
0.0076784386160714284	0.012640916530308657	-2.4988420190901441e-005	-1	
0.0077309062499999991	0.012699999999999999	-2.5014204350038628e-005	-1	
0.0076149123725908659	0.012548375518305337	-2.4790179512822655e-005	-1	
0.0075186988905610605	0.012518494640006197	-2.5236695829399864e-005	-1	
0.0071499101689983888	0.012383010936991705	-2.6876994602900726e-005	-1	
0.0073535134392482141	0.0125033923183055	-2.6295925184508762e-005	-1	
0.0064806741898906098	0.012134552279206491	-3.0075924887473306e-005	-1	
0.0068427099655031694	0.012504303042527658	-3.0253167189076819e-005	-1	
0.0061033978678047152	0.011610696495884294	-2.7557709125904563e-005	-1	
0.010767809980481279	0.012806329322450943	-1.1462993986097012e-005	-1	
0.010800262834821429	0.012749137346153383	-1.1196476572082281e-005	-1	
0.010878964285714285	0.012699999999999999	-1.0816165492929776e-005	-1	
0.010855749836748019	0.012744250163251982	-1.1014048657708015e-005	-1	
0.0074999999999999997	0.0064243526785714303	3.093805292157e-005	-1	
0.0074999999999999997	0.0067092232142857144	2.9717883995581648e-005	-1	
0.0077007694365670946	0.0068739460506744843	2.7439478483510947e-005	-1	
0.0079817246275217871	0.0069786197612259123	2.4987154346558568e-005	-1	
0.0077920362375028555	0.0070000188200259302	2.6152270860673534e-005	-1	
0.0068282737210979558	0.005879673497213308	3.849637848544749e-005	-1	
0.0072809203379903568	0.0063394461763031417	3.3027948808789471e-005	-1	
0.0070559225658783729	0.0062717629806166323	3.519827070577107e-005	-1	
0	-0.0087342232142857135	0	-1	
0.0009279914600561146	-0.0036719370280753755	-1.528059485889447e-006	-1	
0	-0.0037552589285714299	0	-1	
0	-0.0093565937499999995	0	-1	
0	-0.0096677790178571425	0	-1	
6.8377516490289122e-005	-0.0098909615090427127	-5.1797920837038316e-010	-1	
4.4250163251981681e-005	-0.0099557498367480197	-1.2550722827205222e-010	-1	
0	-0.0098233716517857131	0	-1	
2.1035714285714294e-005	-0.01	-1.4604085562204731e-011	-1	
0	-0.01	0	-1	
0.0218	0.035690796875	0	-1	
0.019768518212843322	0.034469706490961732	-3.6460613104226561e-006	-1	
0.018396394490455745	0.032978391128418008	-5.1290771149275929e-006	-1	
0.017640710439466717	0.031524954620888716	-4.8681026621124315e-006	-1	
0.0077995548418849656	0.019210430825727657	-8.5404025559593458e-006	-1	
0.0076432637819793744	0.019884089385658717	-1.4700254653899825e-006	-1	
0.0083219731949103828	0.01864639096939567	-1.2257871294515581e-005	-1	
0.0079504775994111068	0.022777623438459037	2.2998060226718695e-005	-1	
0.0069112843602751953	0.021828251065230394	2.2589509723154557e-005	-1	
0.0072229484369704033	0.020582642127221131	7.5520878937219043e-006	-1	
0.0077371163679316761	0.02455962995557005	3.0054461443632017e-005	-1	
0.010347612998680622	0.017583519308842974	-1.1792912706863155e-005	-1	
0.010600582902792316	0.017413677422584213	-1.1609176779471382e-005	-1	
0.0095632123616829871	0.017746084855394865	-1.3712049332950041e-005	-1	
0.010039482142857142	0.017299999999999999	-1.3856446733046916e-005	-1	
0.0089901294642857135	0.017696175832135168	-1.6191738542087829e-005	-1	
0.0082956839534257965	0.017865175974171955	-1.8141244575333498e-005	-1	
0.010785087627409085	0.017451624481694711	-1.0952403910264728e-005	-1	
0.0079504775994112264	0.027222376561541015	2.1453478134635999e-005	-1	
0.0090465064510004255	0.027891055957824689	1.1453622179197848e-005	-1	
0.013796903393686227	0.03032500196569984	-5.8187593277536506e-006	-1	
0.015280332786450902	0.0306014053459834	-5.680282599190151e-006	-1	
0.010330438984559064	0.028879752415009455	1.4340670031399709e-006	-1	
0.010581753146660922	0.030480641114172216	-7.7966854643704905e-006	-1	
0.012812879629031151	0.031592923864934508	-1.0590330266521769e-005	-1	
0.010833507399523615	0.012809150499301026	-1.1267399624451051e-005	-1	
0.010685849000394803	0.017008563756109325	-1.2509448091676082e-005	-1	
0.010528982398991549	0.017134130401717452	-1.2682474027482255e-005	-1	
0.0085474974304930382	0.01607585636359523	-2.4985138987638075e-005	-1	
0.008688170310493723	0.016659410260382469	-2.2355195668590907e-005	-1	
0.0093819509094757048	0.016952845132006896	-1.7740923764963469e-005	-1	
0.0089901294642857135	0.016942915835980937	-1.9672362191329362e-005	-1	
0.0078394349690020532	0.015284870535714283	-3.1069887923531349e-005	-1	
0.0079980726155823769	0.014751186613584068	-2.9896774961722662e-005	-1	
0.0079568107353839776	0.015712176339285715	-2.9692624592630843e-005	-1	
0.0096197410714285708	0.017299999999999999	-1.542140544149477e-005	-1	
0.010459223214285713	0.017299999999999999	-1.2408131942924704e-005	-1	
0.008263767870731983	0.013770795965002828	-2.6320355228292161e-005	-1	
0.0078242426116727094	0.014145388392857141	-3.0375079832879863e-005	-1	
0.01104430252028351	0.017210028708491948	-1.0892535813604223e-005	-1	
0.010971905775153621	0.017178071077727241	-1.1183180504152958e-005	-1	
0.0109	0.017136529017857144	-1.1503449209885057e-005	-1	
0.010984370441618849	0.017261707764369822	-1.0927443755124617e-005	-1	
0.010990298326633311	0.017319157716915615	-1.0756237958316917e-005	-1	
0.010796134726622768	0.017086909473517826	-1.1952397847911579e-005	-1	
0.010919157716915618	0.017390298326633316	-1.0756795600196121e-005	-1	
0.010860611352300603	0.017384945639542577	-1.0936404211341702e-005	-1	
0.0062121088768167443	0.0057595798408184721	4.4786970582071488e-005	-1	
0.0053595047686711243	0.0046888147321428554	5.470577631004208e-005	-1	
0.0056216435228960701	0.0053549134470307104	5.1645545685592528e-005	-1	
0.0034296116071428576	0.00035151968862222755	3.6333941601345899e-006	-1	
0.0024694628618208308	0.0014668504012374972	6.3234819830374991e-006	-1	
0.0028098705357142858	0.00058549400150813193	3.7256323057775565e-006	-1	
0.0016285072985815583	0.0018975013369689538	3.3905711396225555e-006	-1	
0.0017881106496913362	0.0029726804626654304	5.2260184124273306e-006	-1	
0.0017584276637134647	0.0040823097680419713	5.6830017808142449e-006	-1	
0.0044523669330547733	0.0046888147321428554	4.4852529638788465e-005	-1	
0.0042858289511945738	0.0056193563070527667	4.0550994495787095e-005	-1	
0.0020510304274827321	0.0051530767350528002	8.3022586969128781e-006	-1	
0.003245321911190533	0.0065018423334182686	2.0599097664372788e-005	-1	
0.0050000000000000001	0.0049999999999999984	5.8928737503772532e-005	-1	
0.0047705026312616257	8.4840905513804395e-005	3.1283153322878844e-006	-1	
0.0045141584821428576	-1.7347234759768071e-018	1.635054606629074e-007	-1	
0.0046690937500000005	-1.7347234759768071e-018	1.4476118854629949e-007	-1	
0.0043592232142857148	-1.7347234759768071e-018	1.5005559752778829e-007	-1	
0.0040493526785714291	-1.7347234759768071e-018	2.0358996094022018e-007	-1	
0.0037394821428571434	-1.7347234759768071e-018	1.5805859673978875e-007	-1	
0.0049014966517857148	-1.7347234759768071e-018	1.3245014865551896e-007	-1	
0.0048627628348214286	-1.7347234759768071e-018	1.27684905384823e-007	-1	
0.0048240290178571434	-1.7347234759768071e-018	1.4584599233715034e-007	-1	
0.0049208635602678574	-3.1483961658207645e-005	-1.4070419897231088e-006	-1	
0.0048837362049039129	-3.2623703885743321e-005	-1.3183973376350758e-006	-1	
0.0045260774667143892	-0.0001192906304206239	-2.9429981440697909e-006	-1	
0.004645960730484823	-0.00011985610996440412	-3.378959744264557e-006	-1	
0.0047078275669642858	-7.3039723406291402e-005	-2.1845444667162885e-006	-1	
0.0047852952008928581	-4.4162821470680868e-005	-1.4489202360888575e-006	-1	
0.004843395926339286	-3.5504352814352634e-005	-1.2948890702469256e-006	-1	
0.0034070712401701665	-0.00047478179611712667	-4.5477885710344302e-006	-1	
0.0036068954415444401	-0.0002664601780776667	-2.9531149193436402e-006	-1	
0.0029940725324642046	-0.00040038719672370264	-2.7805386025356217e-006	-1	
0.0021856119530613157	-0.0010722293341840152	-3.6169773679792091e-006	-1	
0.0021783849882376946	-0.00057251309931023947	-1.9155537576273857e-006	-1	
0.0014137070472502783	-0.0012959590247548758	-1.6711412529516467e-006	-1	
0.0038944174107142858	-0.00018957469758324003	-2.6544912616061509e-006	-1	
0.00093772620360212144	-0.0027402633063211088	-1.3694584933672071e-006	-1	
0.00059142255910781428	-0.0021993325892857153	-4.7692258476780891e-007	-1	
0.00087851388542949669	-0.0013777759448895623	-6.6548724356816018e-007	-1	
0.0073038152038725516	0.0074430189265631682	2.6884871471063223e-005	-1	
0.0073902663960196983	0.0074097336039802971	2.648903236676976e-005	-1	
0.0071656335681499353	0.0073468519928051755	2.8612922075351884e-005	-1	
0.007599737165178571	0.0073520272222332627	2.5406094547113943e-005	-1	
0.0075393886476993899	0.0073849456395425721	2.5604421048241155e-005	-1	
0.007480842283084382	0.0073902983266333159	2.5978746563898688e-005	-1	
0.0057788824802604919	0.0082280456463084597	3.2670278706571077e-005	-1	
0.0057604948657192208	0.0086958335651502894	2.6313656947207358e-005	-1	
0.0056830795730516007	0.0096139510401230602	9.2926107427603747e-006	-1	
0.0055987002792067409	0.0091764211668595771	1.9618853743866365e-005	-1	
0.0070180504082468786	0.0071336545044406105	3.1239885245468479e-005	-1	
0.0063495077150722687	0.0072090788453632367	3.6737003940105225e-005	-1	
0.0067643616024869934	0.0069641356994925088	3.4517104196878381e-005	-1	
0.0055878026929377664	0.0078006674107142845	3.9664754232098447e-005	-1	
0.0058226869780749488	0.0073169304643785514	4.1271955740130306e-005	-1	
0.0077601895562255212	0.0072213213403621353	2.5130768063046925e-005	-1	
0.0077302747534594733	0.0071428806106270228	2.5791412775721628e-005	-1	
0.0076259709821428559	0.0073000000000000001	2.5560271751129126e-005	-1	
0.0076784386160714284	0.0072404165567743787	2.5571896144144727e-005	-1	
0.0054502777148304361	0.009929227073308837	1.9912512831061632e-006	-1	
0.0054669329999084883	0.010168015750783431	-4.96173757287036e-006	-1	
0.0054171193462673487	0.010595373804584519	-1.6712818172248401e-005	-1	
0.0053529395827073669	0.011576962053571428	-3.5202058599435471e-005	-1	
0.0052936014804669251	0.011110184151785713	-2.8675566686915684e-005	-1	
0.0078820832122931742	0.013443074798021955	-2.7773126661635976e-005	-1	
0.0077601895562255229	0.012778678659637865	-2.5298113159605073e-005	-1	
0.007730274753459462	0.012857119389372975	-2.5962801451710352e-005	-1	
0.0077141509996052175	0.012991436243890694	-2.6825817601323119e-005	-1	
0.0077007694365671224	0.013126053949325544	-2.7635049113581829e-005	-1	
0.0076259709821428559	0.012699999999999999	-2.5721040263661474e-005	-1	
0.007599737165178571	0.012647972777766737	-2.556380855124051e-005	-1	
0.0076784386160714284	0.012759583443225621	-2.573673057569347e-005	-1	
0.0075393886476993873	0.012615054360457432	-2.5759618762660049e-005	-1	
0.0073895897860121688	0.012589589786012167	-2.6645500500301658e-005	-1	
0.0074808422830843846	0.012609701673366679	-2.6133573382447583e-005	-1	
0.0072490131572587003	0.012597777243337271	-2.7738655865561132e-005	-1	
0.0070908411541315657	0.012687510194380285	-2.9592393933424642e-005	-1	
0.0064330508415004614	0.012515923864340138	-3.3958355559522494e-005	-1	
0.0061160813760076571	0.012256143188916678	-3.4669278175418128e-005	-1	
0.0069427427870193577	0.012796069013606536	-3.1537041636238124e-005	-1	
0.0066428094440217408	0.012867999097843695	-3.4630200911518818e-005	-1	
0.0055547451492504478	0.012368871184557866	-4.185179374362261e-005	-1	
0.007340256094410331	0.0065667879464285719	3.1610810049321014e-005	-1	
0.0074999999999999997	0.0068516584821428569	2.9023473753657967e-005	-1	
0.0073528401502398763	0.0067804408482142857	3.0519369989255573e-005	-1	
0.0074999999999999997	0.0069940937500000003	2.8267934939702533e-005	-1	
0.007603865273377244	0.007086909473517841	2.6996014924478608e-005	-1	
0.0063267564445192402	0.0063767812154558508	4.1667743997671494e-005	-1	
0.0067140848685130631	0.0065353888504193439	3.726140454880548e-005	-1	
0.0071221903568255427	0.0066761067276719707	3.2929583654290618e-005	-1	
0	-0.0025105178571428583	0	-1	
0	-0.0099011679687499993	0	-1	
0	-0.0099789642857142855	0	-1	
0.020278072687727258	0.035922374841041466	-3.0493656119688925e-006	-1	
0.0218	0.038240139508928572	0	-1	
0.018027198236158989	0.036030300100228077	-7.5200783650520862e-006	-1	
0.017435992288830655	0.034305479549530858	-7.7327386059846807e-006	-1	
0.016059193812069647	0.032088880721331037	-7.4367956040966848e-006	-1	
0.0071246106826587143	0.019361073225805363	-8.7622916855770592e-006	-1	
0.0074445518766447149	0.01861695323942348	-1.5974060153777433e-005	-1	
0.0078563381665807727	0.018018559771243885	-1.9287404282117491e-005	-1	
0.0065562251681019808	0.023522711891279292	3.76160348333275e-005	-1	
0.0065558669144209943	0.022587120082512287	3.2206470026996684e-005	-1	
0.0065656216567516936	0.021064889393674426	1.6225781978195912e-005	-1	
0.0060917357390811678	0.021653483208612333	2.7678641240212857e-005	-1	
0.0064518953544080784	0.020317843966605333	5.0444039666145467e-006	-1	
0.0061761618781851092	0.024377629464285719	4.3942236321188957e-005	-1	
0.0061425601234781357	0.025660471982388074	4.3613491796570635e-005	-1	
0.010721561383928572	0.017359083469691342	-1.141738318955308e-005	-1	
0.010564158482142857	0.017299999999999999	-1.2075684740238108e-005	-1	
0.010669093750000001	0.017299999999999999	-1.1750803422357605e-005	-1	
0.0091999999999999998	0.017299999999999999	-1.7186368042599829e-005	-1	
0.0085703883928571409	0.017538637377512212	-1.8922820685315044e-005	-1	
0.0087802589285714272	0.017299999999999999	-1.9152380949834675e-005	-1	
0.0082555825892857149	0.017495154671241141	-2.0769078546695624e-005	-1	
0.008052387001319378	0.017583519308842978	-2.1341658077225692e-005	-1	
0.010800262834821429	0.017352027222233262	-1.1206077102764588e-005	-1	
0.0077757894207537339	0.028074603247565687	1.6219060317205994e-005	-1	
0.0065558669144210498	0.027412879917487708	3.1473743241067306e-005	-1	
0.0081421036471952344	0.02880235555016496	7.9167363225002562e-006	-1	
0.0090286966200752786	0.02984487948005746	-3.1244918811953601e-006	-1	
0.014400628366110948	0.031827407680722078	-9.097974222777848e-006	-1	
0.0094374390727456191	0.031708127460500314	-1.7621688602528249e-005	-1	
0.011445086065203643	0.032432608019076305	-1.5977843267190616e-005	-1	
0.013413671056958032	0.033017578798670996	-1.3554223777991935e-005	-1	
0.010669725246540506	0.017142880610627024	-1.2199468967092783e-005	-1	
0.010639810443774484	0.017221321340362139	-1.2071603095901654e-005	-1	
0.008038301234685432	0.01609532403703369	-2.8293853425518004e-005	-1	
0.0081396024319765545	0.016381276445317571	-2.6716029373233886e-005	-1	
0.0082666034019240452	0.016831458320017662	-2.4170314792328483e-005	-1	
0.0084390947295292802	0.017040567115486054	-2.219521330062051e-005	-1	
0.0074999999999999997	0.015569741071428571	-3.3463289163659076e-005	-1	
0.0074999999999999997	0.014999999999999999	-3.3854151062292054e-005	-1	
0.0074999999999999997	0.014430258928571426	-3.3426456553595678e-005	-1	
0.0077512954650595066	0.015997046875	-3.0638929095227715e-005	-1	
0.0074999999999999997	0.015854611607142858	-3.29191283339668e-005	-1	
0.007763462322296466	0.013718082589285713	-2.9655762223511162e-005	-1	
0.0074999999999999997	0.013860517857142856	-3.2138933550691452e-005	-1	
0.01092960886646125	0.017243355468749999	-1.113390472565713e-005	-1	
0.0109	0.017207746651785715	-1.131619770725112e-005	-1	
0.010833507399523623	0.017190849500698983	-1.1560599924162434e-005	-1	
0.010933732306109122	0.017289482142857145	-1.0996958944555654e-005	-1	
0.010926890446465718	0.01732689044646572	-1.0913211926368112e-005	-1	
0.010767809980481277	0.017193670677549039	-1.1752930567732536e-005	-1	
0.010889482142857142	0.017333732306109125	-1.1000686146938808e-005	-1	
0.010852730468749999	0.017326685706971493	-1.1126572939921512e-005	-1	
0.0059133078411467395	0.0063116663763515372	4.6226163972445398e-005	-1	
0.0050000000000000001	0.0062447410714285704	5.6757092251514518e-005	-1	
0.0034296116071428576	-1.7347234759768071e-018	5.2521785655767157e-008	-1	
0.0031197410714285719	-1.7347234759768071e-018	1.248636405828967e-007	-1	
0.0021699600586286396	0.00057076750402905202	2.1025037186227707e-006	-1	
0.001377358135098288	0.0009174757287849708	1.2268332804070399e-006	-1	
0.0025000000000000001	-1.7347234759768071e-018	9.1148746616249632e-008	-1	
0	0.0025105178571428553	0	-1	
0.00086486640154254503	0.0012338910029745355	6.8761448225194096e-007	-1	
0	0.0037552589285714272	0	-1	
0.0010421689032647401	0.0048534004496023674	2.0520651716011064e-006	-1	
0.0041574580169412949	0.0065559263392857125	3.5887458649436224e-005	-1	
0.00098128314419999299	0.006190249539592272	1.7147129245092275e-006	-1	
0.0018598286556421361	0.0066307534788002586	6.0922952516589441e-006	-1	
0.0036704975606327199	0.007310633420304277	2.3876076087860279e-005	-1	
0.0028639892912479523	0.0073322053793641742	1.3755921162492064e-005	-1	
0.0047465613839285719	-1.7347234759768071e-018	1.6230198792207501e-007	-1	
0.0017335549495104934	-0.00085912604946593199	-1.7531557391580729e-006	-1	
0.0015703883928571429	-0.00035574009282740826	-5.85980584061337e-007	-1	
0.0018802589285714286	-1.7347234759768071e-018	5.8189109835394037e-008	-1	
0.0012082807642210323	-0.00079503410910299966	-7.7438653062490554e-007	-1	
0	-0.0018881473214285727	0	-1	
0.00034796449161431141	-0.00157696205357143	-1.156012270732602e-007	-1	
0.00063261893603250882	-0.00084254225982000508	-2.128287421292644e-007	-1	
0.00035379104808052687	-0.0011101841517857157	-8.615831245719587e-008	-1	
0.0073205404158969657	0.0072809269435411021	2.7875596744540182e-005	-1	
0.0074097016733666839	0.0073191577169156143	2.696267020016984e-005	-1	
0.0072244284434201493	0.0071891009032959367	2.9211050208899543e-005	-1	
0.0075472695312499994	0.0073266857069714938	2.5933845395209194e-005	-1	
0.0075735033482142843	0.0073000000000000001	2.592261487867472e-005	-1	
0.0075105178571428562	0.0073337323061091232	2.6145630650908121e-005	-1	
0.0074731095535342795	0.0073268904464657194	2.6456009336857597e-005	-1	
0.0053532750974805907	0.0084230379464285705	3.5125019953008253e-005	-1	
0.0052919729292010796	0.0088898158482142841	2.8582017642221067e-005	-1	
0.005338069287765812	0.0095055043815907205	1.4758030647288228e-005	-1	
0.0053375741501045437	0.009720809719761107	8.7335914729284956e-006	-1	
0.0051796297576784337	0.0092010011160714288	2.3910555803333336e-005	-1	
0.0070694394327022771	0.0069594290116928113	3.187694183272271e-005	-1	
0.0072193683931588157	0.0070619797843574413	3.0042625344941257e-005	-1	
0.0060267924656530712	0.0069733192393032347	4.1630701817813831e-005	-1	
0.0063827327046012839	0.0067915659164869743	3.9059634482082162e-005	-1	
0.0050000000000000001	0.0074894821428571415	4.9755519274814588e-005	-1	
0.0050000000000000001	0.0081118526785714275	4.3726853425973575e-005	-1	
0.0055152895784545894	0.0069019109663189804	4.7761763447375602e-005	-1	
0.0076321900195187196	0.0071936706775490473	2.6172259326293776e-005	-1	
0.007599737165178571	0.0072508626538466152	2.604881713013862e-005	-1	
0.0052527320429007181	0.010061172964278903	-2.3021069184315894e-006	-1	
0.0052127482834826043	0.0099255149464759235	2.7116520715807759e-006	-1	
0.0052308158517043908	0.010207336525636681	-7.548075867342217e-006	-1	
0.0052092553926431553	0.010415614253539953	-1.4132409864965392e-005	-1	
0.0051439252186612616	0.010565609933035715	-1.9137042054572854e-005	-1	
0.0051770912829137532	0.010798998883928572	-2.4065719344105865e-005	-1	
0.0050000000000000001	0.011265776785714287	-3.5453295071740724e-005	-1	
0.0050000000000000001	0.011888147321428573	-4.3733028472145082e-005	-1	
0.0050000000000000001	0.010954591517857144	-2.9966849645566733e-005	-1	
0.0074999999999999997	0.013575647321428569	-3.1139233961997841e-005	-1	
0.0074999999999999997	0.013290776785714286	-2.9908840539060367e-005	-1	
0.0076321900195187187	0.012806329322450944	-2.6339007213619821e-005	-1	
0.007603865273377264	0.01291309052648215	-2.7168650569770691e-005	-1	
0.0074999999999999997	0.013005906250000001	-2.8443162687529191e-005	-1	
0.0074999999999999997	0.013148341517857143	-2.9206402890814069e-005	-1	
0.0075735033482142843	0.012699999999999999	-2.6082633782830005e-005	-1	
0.007599737165178571	0.012749137346153383	-2.6211829644739468e-005	-1	
0.0075472695312499994	0.012673314293028506	-2.6092138361109879e-005	-1	
0.0075105178571428562	0.012666267693890877	-2.6303129116983915e-005	-1	
0.0074097016733666796	0.012680842283084385	-2.7119569310564131e-005	-1	
0.0073205404158969535	0.012719073056458901	-2.8029394495195095e-005	-1	
0.0074731095535342769	0.012673109553534279	-2.6613369666875321e-005	-1	
0.0072244284434201363	0.012810899096704076	-2.9368659569625395e-005	-1	
0.007111619424454557	0.012868171890814597	-3.0625858772081685e-005	-1	
0.0060412958381823138	0.012670656518149854	-3.9042050382663661e-005	-1	
0.0069304719471587591	0.012979283560142057	-3.2815512793341769e-005	-1	
0.0060809408251378642	0.013089992244971569	-4.1597616975987215e-005	-1	
0.0066694085406973349	0.013226678198904045	-3.6557516692402496e-005	-1	
0.0050000000000000001	0.012510517857142861	-4.979257018807733e-005	-1	
0.0055818097454601182	0.01292563934385025	-4.5894301556386305e-005	-1	
0.007386439760212464	0.0069433651131462666	2.9407541118687183e-005	-1	
0.0072409708736102477	0.0068996601323514147	3.0795343978943134e-005	-1	
0.0074109025830244183	0.0070653113839285716	2.853298411043753e-005	-1	
0.0074999999999999997	0.0071365290178571437	2.7454559941962363e-005	-1	
0.007566492600476378	0.0071908495006989849	2.6651229310119036e-005	-1	
0.019772344732417787	0.037376379769993258	-4.2491826220179255e-006	-1	
0.0218	0.040789482142857138	0	-1	
0.020109606204618224	0.039396482474561068	-3.5125363078332034e-006	-1	
0.016317086868094362	0.036662794774577186	-1.1369309066920855e-005	-1	
0.017610534759538603	0.037805383746571108	-8.7537369162145012e-006	-1	
0.015336789302813483	0.035129555462859723	-1.2645583595905264e-005	-1	
0.015012235836211389	0.033338893252724031	-1.0961030971473582e-005	-1	
0.0064164975661314128	0.019563860688693646	-7.6162378274921e-006	-1	
0.0066074885532089742	0.018836543298979411	-1.7850664367682447e-005	-1	
0.0074086840609375792	0.017891449144923865	-2.2936970433519305e-005	-1	
0.0068951533934164966	0.018141764857867448	-2.4091427781818524e-005	-1	
0.0076147218049896423	0.017620850274960305	-2.3713752303648821e-005	-1	
0.0057057136743198355	0.023132888392857143	4.4805140527591261e-005	-1	
0.0055880258012598223	0.022199332589285713	3.9062451193946171e-005	-1	
0.0058168031252407272	0.020963492407450202	1.9937782342092272e-005	-1	
0.0053529395827073669	0.02157696205357143	3.4695626627804434e-005	-1	
0.0057814949513457772	0.020421263893070508	9.5681071536880041e-006	-1	
0.0058415204632970728	0.020021913444493493	3.2005998796989357e-007	-1	
0.0050000000000000001	0.025000000000000001	5.7609058343940183e-005	-1	
0.0050000000000000001	0.023755258928571429	5.5809656152958817e-005	-1	
0.0057057136743198338	0.026867111607142856	4.3678777048727491e-005	-1	
0.0050000000000000001	0.026244741071428573	5.5272207969165024e-005	-1	
0.010774029017857144	0.017299999999999999	-1.1434118138873214e-005	-1	
0.010721561383928572	0.017240416556774382	-1.1763791742937293e-005	-1	
0.0083605178571428563	0.017299999999999999	-2.1318493599444976e-005	-1	
0.0081506473214285717	0.017299999999999999	-2.2521683240174076e-005	-1	
0.0079407767857142854	0.017299999999999999	-2.3786996941979479e-005	-1	
0.0077994170972076841	0.017413677422584213	-2.397416118587408e-005	-1	
0.010826496651785714	0.017299999999999999	-1.1278947564876804e-005	-1	
0.0069112843602752326	0.028171748934769644	2.1264210373583657e-005	-1	
0.0073275536703795848	0.028820184226549049	1.1418208658739143e-005	-1	
0.0055880258012598327	0.027800667410714287	3.7857414135526958e-005	-1	
0.0060917357390811644	0.028346516791387683	2.6053096046947034e-005	-1	
0.0077067004761278667	0.029491001761986723	2.0442004702484192e-006	-1	
0.0076275786048212897	0.03110549281506075	-1.7400172469153677e-005	-1	
0.0080452935608921351	0.033012234167432514	-3.2295657710560773e-005	-1	
0.010377663169541166	0.034280884753739124	-2.6360174773219638e-005	-1	
0.012689526654387849	0.034383670634645584	-1.8390310381900389e-005	-1	
0.0077991075364522641	0.016281917410714285	-2.9440332239297241e-005	-1	
0.007749767080758461	0.01660951265384826	-2.8558526873441201e-005	-1	
0.0079485697418534302	0.016790629446098219	-2.639784869874882e-005	-1	
0.0081715764324112733	0.016996821176836392	-2.3991487946983391e-005	-1	
0.0071807797495881441	0.015284870535714283	-3.6472396702445964e-005	-1	
0.0071592729919216199	0.015712176339285715	-3.6071589159281712e-005	-1	
0.0068473993565336374	0.014645168248387897	-3.9362093043586833e-005	-1	
0.0069548063393001522	0.014022455938009149	-3.7237785315940298e-005	-1	
0.0074999999999999997	0.016139482142857143	-3.216787023169483e-005	-1	
0.0072384245863422528	0.016072894684624917	-3.4496420997949741e-005	-1	
0.0072104835410748934	0.013700421894671029	-3.4001605174772357e-005	-1	
0.0109	0.017278964285714286	-1.1123068833781882e-005	-1	
0.010855749836748021	0.017255749836748019	-1.1316589979008925e-005	-1	
0.010800262834821429	0.017250862653846611	-1.1495299908403604e-005	-1	
0.0109	0.017299999999999999	-1.1064897243797034e-005	-1	
0.010878964285714285	0.017299999999999999	-1.1125703858876073e-005	-1	
0.0050000000000000001	0.0068671116071428555	5.3928734550654219e-005	-1	
0.0015703883928571429	0.00034667799955377806	6.3670636611407743e-007	-1	
0.0011055825892857143	0.00035936457690101945	3.2014174096554579e-007	-1	
0.00082568126658982984	0.00063286610506916132	3.1966281326267601e-007	-1	
0	0.0012657767857142841	0	-1	
0.00044073145829113972	0.00080625102283171115	1.2275320787734055e-007	-1	
0	0.0049999999999999984	0	-1	
0.004398707201446527	0.0076579541035777044	3.4663812572432636e-005	-1	
0	0.0062447410714285704	0	-1	
0.00093805185634656752	0.007172093209370423	1.3706870103497835e-006	-1	
0.0016077344167772832	0.0074305166304341223	3.8679016289276716e-006	-1	
0.0021069555367840449	0.0074320654708465847	6.8024545909337229e-006	-1	
0.0039327140969592301	0.0080736297676616033	2.3044543565083194e-005	-1	
0.0032443530878627589	0.008300479582134139	1.3178436767640738e-005	-1	
0.0026839527496403158	0.0080249511630722976	9.5213433133958453e-006	-1	
0.002322134741260579	0.0077998628649424565	7.5210410792030957e-006	-1	
0.0011055825892857143	-0.00027495440402655212	-2.080072512406833e-007	-1	
0.0012605178571428572	-1.7347234759768071e-018	2.7402676695059245e-008	-1	
0.00082819413763284477	-0.00042548848126218572	-1.8068561415186428e-007	-1	
0	-0.0012657767857142872	0	-1	
0.00041342432050089922	-0.00048403352930555211	-5.1533777636599326e-008	-1	
0.00024850975863638624	-0.00067214587143923921	-2.6744764013357921e-008	-1	
0	-0.0009545915178571444	0	-1	
0.0073556974797164866	0.0072100287084919442	2.8069896156376058e-005	-1	
0.0074156295583811468	0.0072617077643698184	2.729551664660398e-005	-1	
0.007295781193039059	0.0071636973688907167	2.8819414272315135e-005	-1	
0.0074662676938908766	0.0072894821428571418	2.6748877708556072e-005	-1	
0.0075210357142857127	0.0073000000000000001	2.6290730237003072e-005	-1	
0.0075442501632519803	0.0072557498367480204	2.6407804599181101e-005	-1	
0.0074999999999999997	0.0073000000000000001	2.6439780954443494e-005	-1	
0.0050000000000000001	0.0087342232142857135	3.5374265382216477e-005	-1	
0.0050000000000000001	0.0090454084821428565	2.9832101121219899e-005	-1	
0.0051348467790194134	0.0094343900669642856	1.9091922383107753e-005	-1	
0.0051400287682405029	0.009589982700892858	1.475340650207265e-005	-1	
0.0051019334255418165	0.0097455753348214269	1.0298642858528575e-005	-1	
0.0050000000000000001	0.0093565937499999995	2.313559099507378e-005	-1	
0.0073154512520965517	0.0070454922612172739	2.9382144289122423e-005	-1	
0.0046754089450874057	0.0084800461838706095	3.185599044335198e-005	-1	
0.0043048946717031437	0.0082753154567611099	2.7162956428305005e-005	-1	
0.0051351804636788154	0.010022098640263717	-1.0325279002106135e-006	-1	
0.0051338043093144018	0.010095833759982827	-4.1987660167051464e-006	-1	
0.005094033096628584	0.009960896876680796	1.7619418152141365e-006	-1	
0.0050776932892062357	0.0098714923946915233	5.8539846060526342e-006	-1	
0.0050844796746732125	0.010228068852984152	-9.8572173642655018e-006	-1	
0.0050000000000000001	0.010487813616071429	-1.9338621548118126e-005	-1	
0.0050000000000000001	0.01033222098214286	-1.4714624416446144e-005	-1	
0.0050000000000000001	0.010643406250000001	-2.3314908734996734e-005	-1	
0.0045528613418625661	0.011491325195053579	-2.9221995144615228e-005	-1	
0.0045453805514894625	0.010990576653036906	-2.1814380134493441e-005	-1	
0.0041016124018322464	0.012201260074676415	-2.7888472095287397e-005	-1	
0.0046807782694845545	0.010637063102562233	-1.7286752372858097e-005	-1	
0.0073777778175337623	0.013433212053571428	-3.151277320791243e-005	-1	
0.0073193497915602819	0.013254852211686579	-3.1137916490663773e-005	-1	
0.0075664926004763823	0.012809150499301019	-2.6816827184921022e-005	-1	
0.0074999999999999997	0.01286347098214286	-2.7621392321391979e-005	-1	
0.0074109025830244183	0.01293468861607143	-2.8700057289076531e-005	-1	
0.007369632982596205	0.013077661146653293	-2.9825946594319002e-005	-1	
0.0075442501632519811	0.01274425016325198	-2.6569589535134054e-005	-1	
0.0075210357142857127	0.012699999999999999	-2.6449952454040069e-005	-1	
0.0074999999999999997	0.012699999999999999	-2.6598686598600259e-005	-1	
0.0074662676938908748	0.012710517857142858	-2.6907695679109902e-005	-1	
0.0074156295583811425	0.012738292235630187	-2.7454347467528042e-005	-1	
0.0073556974797164788	0.01278997129150806	-2.8229248788435823e-005	-1	
0.0072957811930390512	0.012836302631109292	-2.8980226154369321e-005	-1	
0.0072360028753007235	0.0128912977391407	-2.9781206999641923e-005	-1	
0.0071426680159735016	0.012990817855566366	-3.1124398606269508e-005	-1	
0.0070269869941256106	0.013188001860850123	-3.3186377151495937e-005	-1	
0.0056832300146656802	0.013441253191415982	-4.7701893099664274e-005	-1	
0.0064985073712382569	0.013630319062822834	-4.0158512286940703e-005	-1	
0.0068685322892498533	0.013395340942994416	-3.5630771982245195e-005	-1	
0.0067395703898779765	0.013601093981479013	-3.7750033478436362e-005	-1	
0.0043904559754949814	0.012821703125000002	-3.7823671378520683e-005	-1	
0.0050000000000000001	0.013132888392857145	-5.4093944313262655e-005	-1	
0.0052707543061005909	0.013444073660714288	-5.2428227320348106e-005	-1	
0.0073637096493892572	0.0071301969322318413	2.850422584261716e-005	-1	
0.0074280942248463773	0.0071780710777272442	2.7731459718942373e-005	-1	
0.0074999999999999997	0.0072077466517857149	2.7022638404302621e-005	-1	
0.0218	0.043338824776785717	0	-1	
0.019817714923944008	0.041472829587396183	-3.7671277418549214e-006	-1	
0.01820056831464437	0.040138193046332281	-7.2349202863384905e-006	-1	
0.016084093180298135	0.038610674446858617	-1.2071737326541767e-005	-1	
0.0137997944551916	0.036103954222031373	-1.7386097093365329e-005	-1	
0.014186075512123204	0.038114639964654105	-1.6810643839046039e-005	-1	
0.016759488861381421	0.039904885770272631	-1.0181703015264502e-005	-1	
0.006031414325607898	0.019319871993368036	-1.3787823612647321e-005	-1	
0.0062315202799153287	0.018480093092018958	-2.5460782076874355e-005	-1	
0.0073952556700628731	0.017551603623078813	-2.5693665954826792e-005	-1	
0.007175411935769602	0.017643942749008053	-2.6553698557733399e-005	-1	
0.0067499642253837254	0.017476913637653989	-3.1286117910864095e-005	-1	
0.0062226990670822199	0.017831969521853709	-3.2817161819585903e-005	-1	
0.0076149123725908876	0.017451624481694693	-2.4902585257776771e-005	-1	
0.0075186988905610345	0.0174815053599938	-2.5346900721946208e-005	-1	
0.0050000000000000001	0.022510517857142854	4.9192769871581605e-005	-1	
0.0050000000000000001	0.021888147321428571	4.3316743952268249e-005	-1	
0.0052936014804669225	0.021110184151785713	2.8305712274336023e-005	-1	
0.0054171193462673687	0.020595373804584517	1.6423439108191253e-005	-1	
0.0050000000000000001	0.021265776785714285	3.5109031663751074e-005	-1	
0.0054669329999087121	0.020168015750783575	4.7279911268901627e-006	-1	
0.0054502777148305835	0.019929227073308759	-2.199472942295895e-006	-1	
0.0056830795730515513	0.019613951040122975	-9.4791980698741536e-006	-1	
0.0038574837107203021	0.025660558890434743	3.1063079959030998e-005	-1	
0.0038309435641291452	0.024377629464285719	3.0674615406877752e-005	-1	
0.0042833346549733444	0.023132888392857143	3.6388249939734766e-005	-1	
0.0050000000000000001	0.027489482142857145	4.825440783961387e-005	-1	
0.0042943393317948437	0.026867111607142856	3.6012082934960603e-005	-1	
0.0080457120535714285	0.01715826376431456	-2.3930313413591842e-005	-1	
0.0078358415178571422	0.017299999999999999	-2.444889089681563e-005	-1	
0.0078710176010084367	0.017134130401717403	-2.5178835422125272e-005	-1	
0.0076784386160714284	0.017359083469691342	-2.5101546680669276e-005	-1	
0.0077309062499999991	0.017299999999999999	-2.5127737533020532e-005	-1	
0.0065656216567515592	0.028935110606325577	1.3691867361092124e-005	-1	
0.0064518953544081496	0.029682156033394604	1.7695529235625878e-006	-1	
0.0050000000000000001	0.028111852678571431	4.21405693632054e-005	-1	
0.0053529395827073608	0.028423037946428576	3.3222450048823351e-005	-1	
0.0058168031252406882	0.0290365075925498	1.7793675918340115e-005	-1	
0.006107778802830529	0.031655992763147921	-3.2009823404851658e-005	-1	
0.0065311569901518075	0.032586781147193426	-3.8977659250111393e-005	-1	
0.0060825598511258482	0.030630352118314493	-1.5686900655948322e-005	-1	
0.0065576764540881214	0.033522738987025728	-4.5829411630963125e-005	-1	
0.0077375829242130201	0.034562662325085425	-4.1785572149810535e-005	-1	
0.0091496260051240584	0.036086375068757434	-3.6094986221241849e-005	-1	
0.011241655637228908	0.036188926081265893	-2.6092186456105913e-005	-1	
0.0074999999999999997	0.016424352678571431	-3.1181794611124883e-005	-1	
0.0074999999999999997	0.016709223214285716	-2.9967877863983105e-005	-1	
0.0077007694365671007	0.016873946050674479	-2.7707003051231272e-005	-1	
0.0079817246275217558	0.016978619761225919	-2.5279458853294726e-005	-1	
0.0077920362375028477	0.017000018820025935	-2.6429186510684525e-005	-1	
0.0067251794154205595	0.015265143382920373	-4.0574872734075046e-005	-1	
0.0068282737210980226	0.015879673497213483	-3.868872716937292e-005	-1	
0.0065617508156421197	0.014081508960758578	-4.1092699593292828e-005	-1	
0.0060372095435227572	0.014691987867767244	-4.7547789896907456e-005	-1	
0.0068515885131676564	0.013809527319343151	-3.7491471641382244e-005	-1	
0.0072809203379903932	0.016339446176303184	-3.3256014837877713e-005	-1	
0.0070559225658784509	0.016271762980616711	-3.5411706423777829e-005	-1	
0.0069821454610146834	0.01361217636381621	-3.5609122158304154e-005	-1	
0.0071286625579823201	0.013416068503653476	-3.3486075587772401e-005	-1	
0.00095064732142857147	-1.7347234759768071e-018	1.0915920736116442e-008	-1	
0.00066860553187778125	0.0002466520626357973	8.7428474982310163e-008	-1	
0.00047693627988153013	0.00040436882444228376	7.2605926361682054e-008	-1	
0	0.00064340624999999836	0	-1	
0.0002421099804847907	0.00045501093536626664	2.1603360879843414e-008	-1	
0	0.0074894821428571415	0	-1	
0.0005914225591078159	0.0078006674107142845	4.7251543356829781e-007	-1	
0.0012772644281060972	0.0078047006923008654	2.1425634694602383e-006	-1	
0.0018976326686551699	0.0078369439045257779	4.8215712611865357e-006	-1	
0.0039396572587896278	0.0085050616611690236	1.9200803984527868e-005	-1	
0.0024140707373267161	0.0085880924847848046	5.6845291978583615e-006	-1	
0.0028098705357142862	0.0094145059984918657	3.3126745662665188e-006	-1	
0.0038544554684136574	0.0090931734510055137	1.2056749808913979e-005	-1	
0.0020997180361884216	0.0082454829031650325	5.0547450823613967e-006	-1	
0.00045365320027397437	-0.00023792353225409848	-2.7239472552765021e-008	-1	
0.00064077678571428575	-1.7347234759768071e-018	1.0378553132409465e-008	-1	
0.0002643272298632148	-0.00028413717871394887	-1.1695068806163932e-008	-1	
0.00016892066054371391	-0.00043497791103400108	-8.0799902008871301e-009	-1	
0	-0.00064340625000000162	0	-1	
0.0074703911335387493	0.0072433554687500006	2.7013526416878774e-005	-1	
0.0074999999999999997	0.007278964285714287	2.6575149518638023e-005	-1	
0.0047207315432431004	0.0088898158482142858	2.6725354966934419e-005	-1	
0.0047939686085917994	0.0092010011160714271	2.2393013798157696e-005	-1	
0.0050000000000000001	0.0095121863839285718	1.9156062969332976e-005	-1	
0.0050000000000000001	0.0096677790178571425	1.4544352130325182e-005	-1	
0.0050000000000000001	0.0097455753348214269	1.1920979036851755e-005	-1	
0.0050000000000000001	0.0098233716517857131	9.0124694877829071e-006	-1	
0.004846489229144069	0.0094537847911678116	1.7703405618684914e-005	-1	
0.0043255428202326725	0.0086981264681675712	2.2594836380100879e-005	-1	
0.0050614911656044906	0.010019157716915618	-1.1208912624510355e-006	-1	
0.0050442072661816576	0.010137730189732144	-6.896708721600411e-006	-1	
0.0050362732276999942	0.010079382952008931	-4.3585302274175884e-006	-1	
0.0050306344952477048	0.0099400661272321424	3.2654678015539827e-006	-1	
0.0050337323061091259	0.0099894821428571437	5.3534666921375054e-007	-1	
0.0050000000000000001	0.0099011679687499993	5.7089900247317637e-006	-1	
0.0050000000000000001	0.010176628348214287	-9.2555348742790641e-006	-1	
0.0048760483601156812	0.010349339348334345	-1.2967810879201323e-005	-1	
0.0048607671082017594	0.010487731141084375	-1.668340825633288e-005	-1	
0.0049148045245417885	0.010230364530788554	-9.6618476936985028e-006	-1	
0.0040694012324212553	0.011360667676573295	-1.9751373460737288e-005	-1	
0.0044558639826139243	0.010622757191474257	-1.398464640352288e-005	-1	
0.0041849333789954011	0.010771990208769211	-1.3640419798610662e-005	-1	
0.003235962832250752	0.011839836455647824	-1.3915980866333764e-005	-1	
0.0036472598560593839	0.012790237430783084	-2.4116446367242824e-005	-1	
0.0046490510826238569	0.010506697551976567	-1.3876801353400171e-005	-1	
0.0072342375127153382	0.013091509097910065	-3.0963832308770015e-005	-1	
0.0074999999999999997	0.012792253348214287	-2.7185897693007909e-005	-1	
0.0074280942248463747	0.012821928922272758	-2.7894348576788711e-005	-1	
0.0073637096493892572	0.012869803067768162	-2.8667852147620847e-005	-1	
0.0072760250212877461	0.012961981096514299	-2.9893533139012856e-005	-1	
0.0074999999999999997	0.012721035714285713	-2.6735014557854221e-005	-1	
0.0074703911335387493	0.012756644531250002	-2.7174447171993652e-005	-1	
0.005479181389554698	0.013762824278124015	-5.1367209538561027e-005	-1	
0.0058066130985091865	0.013957329499615393	-4.8506184437867701e-005	-1	
0.0040019833346818644	0.013444073660714288	-3.2791468673500357e-005	-1	
0.0050000000000000001	0.013755258928571429	-5.6843138453843318e-005	-1	
0.020867267500700205	0.044613496093750003	-1.3928684760442516e-006	-1	
0.0218	0.04588816741071429	0	-1	
0.019547396699185135	0.043745902900571607	-3.5738422159879046e-006	-1	
0.017849469261524906	0.042210658084215709	-6.9648774011716509e-006	-1	
0.014629795584569146	0.039927314025215953	-1.4733955117169234e-005	-1	
0.012413643237994255	0.037610823497580131	-2.21745170685381e-005	-1	
0.012777412280334804	0.039700706773083405	-1.9324885209133029e-005	-1	
0.016025118005839917	0.041166567870569798	-1.0884955454399829e-005	-1	
0.0057604948657192156	0.018695833565150297	-2.6511690954016165e-005	-1	
0.0055987002792067782	0.019176421166859595	-1.9792575593979895e-005	-1	
0.0057788824802604962	0.018228045646308463	-3.2868509927132086e-005	-1	
0.0073038152038725759	0.017443018926563171	-2.7129515364652969e-005	-1	
0.0073902663960197078	0.01740973360398029	-2.6738973924220297e-005	-1	
0.0071656335681499631	0.017346851992805192	-2.8849935610267786e-005	-1	
0.0070180504082468518	0.017133654504440658	-3.1467215473650345e-005	-1	
0.0063495077150721065	0.017209078845363417	-3.6933276369060301e-005	-1	
0.0067643616024869301	0.016964135699492584	-3.4728493904501726e-005	-1	
0.0055878026929377681	0.017800667410714288	-3.9834512969646346e-005	-1	
0.0058226869780747233	0.01731693046437844	-4.1443686638827667e-005	-1	
0.007599737165178571	0.017352027222233262	-2.5670974356191338e-005	-1	
0.0075393886476993873	0.017384945639542571	-2.5864638264419319e-005	-1	
0.007480842283084382	0.017390298326633306	-2.623477166274908e-005	-1	
0.0041016124018946713	0.022201260074683274	2.762827025297881e-005	-1	
0.0045528613418686897	0.021491325195044063	2.8952295892657059e-005	-1	
0.0051770912829137497	0.020798998883928575	2.3766795763342708e-005	-1	
0.0050000000000000001	0.020954591517857148	2.9669424295112262e-005	-1	
0.0051439252186612694	0.020565609933035717	1.8875195091364258e-005	-1	
0.0052092553926431631	0.020415614253539948	1.388342044729146e-005	-1	
0.0045453805514900844	0.020990576653037225	2.1591142201466752e-005	-1	
0.0052308158517043544	0.020207336525636669	7.3219625535864978e-006	-1	
0.0052527320429007441	0.020061172964278937	2.0892935223786102e-006	-1	
0.0053375741501045645	0.01972080971976109	-8.9232221801929574e-006	-1	
0.0052127482834825904	0.019925514946475865	-2.9109165292164606e-006	-1	
0.0053380692877657817	0.019505504381590731	-1.4935863328585718e-005	-1	
0.0027775893802123551	0.025041159587636985	1.5586497746504406e-005	-1	
0.00301996950942976	0.027012074169492292	1.5743153963167768e-005	-1	
0.0032759982689151484	0.022961322227786792	1.8970425398791418e-005	-1	
0.0044117089360164469	0.027800667410714287	3.2479722839594175e-005	-1	
0.0033381257787435635	0.028044174396480062	1.4787073867484919e-005	-1	
0.0077601895562255212	0.017221321340362136	-2.5408144517425287e-005	-1	
0.0077302747534594707	0.017142880610627024	-2.6065457841225024e-005	-1	
0.0076259709821428559	0.017299999999999999	-2.5827160246663454e-005	-1	
0.0076784386160714284	0.017240416556774378	-2.5842708776429493e-005	-1	
0.0057814949513458206	0.029578736106929467	6.9774196610001698e-006	-1	
0.0058415204632971396	0.029978086555506489	-2.6587410274478326e-006	-1	
0.0046474578769874252	0.028423037946428573	3.0536527866270219e-005	-1	
0.0050000000000000001	0.028734223214285717	3.3605417130371281e-005	-1	
0.0052936014804669225	0.028889815848214283	2.6549795002333041e-005	-1	
0.0054171193462673782	0.029404626195415486	1.4228785084899756e-005	-1	
0.0055894511330699011	0.031108260461794844	-2.8204480360622288e-005	-1	
0.0053578265415972857	0.031576962053571425	-3.8366587305467244e-005	-1	
0.0055848485201755891	0.032199332589285715	-4.3854930404153742e-005	-1	
0.0057063616626405501	0.033132888392857149	-5.1094359599876612e-005	-1	
0.0056492645370759776	0.03031856466190087	-1.0934308903571155e-005	-1	
0.0055488457263877687	0.030620081762453184	-1.8812215965258286e-005	-1	
0.0061757306047832668	0.034377629464285714	-5.335439195066793e-005	-1	
0.0061427798037013001	0.035660618027919193	-5.6539467541940847e-005	-1	
0.0071698783117662424	0.036715791670239813	-4.8533616912556491e-005	-1	
0.0080844225845442888	0.037869885052010228	-4.0313609063609007e-005	-1	
0.010668966082625188	0.038203654689743731	-2.7808620540299916e-005	-1	
0.0073402560944103327	0.016566787946428574	-3.1847463317506683e-005	-1	
0.0074999999999999997	0.016851658482142859	-2.9276125690449763e-005	-1	
0.0073528401502398625	0.016780440848214288	-3.076101976605526e-005	-1	
0.0074999999999999997	0.016994093750000001	-2.8522781794563842e-005	-1	
0.0076038652733772492	0.017086909473517844	-2.7259572858109678e-005	-1	
0.0062121088768158587	0.015759579840817235	-4.4947652202108037e-005	-1	
0.0063267564445191526	0.016376781215455691	-4.1845699865468601e-005	-1	
0.0067140848685130657	0.016535388850419379	-3.7461914660502773e-005	-1	
0.0053595047686878696	0.014688814732142862	-5.4813015215051101e-005	-1	
0.0054299339405968075	0.014218581086616658	-5.3261788956823365e-005	-1	
0.0056216435228904514	0.01535491344703833	-5.1775493101123706e-005	-1	
0.0071221903568256016	0.016676106727671943	-3.3155245927882798e-005	-1	
0.00043312138891458745	0.00016817341886300705	2.823899673847625e-008	-1	
0.00028340451871564543	0.00026205413192167623	1.8031941707423984e-008	-1	
0	0.00033222098214285547	0	-1	
0.00011269312707611104	0.00021637754852203326	2.4990213942647953e-009	-1	
0	0.0081118526785714275	0	-1	
0.00034796449161431	0.0084230379464285705	1.1664725419209256e-007	-1	
0.00087851388542939304	0.0086222240551104556	6.7850341730625371e-007	-1	
0.0016360850842616916	0.0082102205717287397	3.0323671791306472e-006	-1	
0.0019170783052528423	0.0086730828035560363	3.321358994819951e-006	-1	
0.0021722347531787155	0.0094328441170140453	1.7554575461642764e-006	-1	
0.0034296116071428576	0.0096484803113777717	3.6417915914929436e-006	-1	
0.0031197410714285719	0.01	-1.3225613184761606e-008	-1	
0.0025000000000000005	0.01	-1.7912775139114802e-007	-1	
0.0038944174107142858	0.009707990019487002	4.2739480808736863e-006	-1	
0.0044689315376810358	0.0091132874260210529	1.8658745153324386e-005	-1	
0.0042792843857053023	0.0095375897004001797	9.1713621821635216e-006	-1	
0.00033090625000000004	-1.7347234759768071e-018	3.662049111197677e-009	-1	
0.00021743456922330992	-0.00011192678885817663	-2.2428968650988057e-009	-1	
8.8337154757893923e-005	-0.00025442466517857314	-1.2088307361747234e-009	-1	
0	-0.00033222098214285884	0	-1	
0.0045572520765402207	0.0094381601261731667	1.3778741834442281e-005	-1	
0.0048592469896566095	0.0096175332029234083	1.3508746752687682e-005	-1	
0.004898321022537639	0.0097066771763392838	1.141835145839222e-005	-1	
0.0049103152348022334	0.009816501334049722	7.781594494287117e-006	-1	
0.0049180835995510028	0.0099061127779812991	4.2520168444247131e-006	-1	
0.0047341249993730463	0.0095735787086834376	1.2914296579477609e-005	-1	
0.0050217854128816108	0.010010517857142858	-7.5973339974398592e-007	-1	
0.0050228215736084266	0.010040484793526787	-2.5228630690728925e-006	-1	
0.0050000000000000001	0.010098832031249999	-5.9020479848975788e-006	-1	
0.0050000000000000001	0.010059933872767858	-3.9602975675707081e-006	-1	
0.0050000000000000001	0.0099789642857142855	1.5458196866589551e-006	-1	
0.0050000000000000001	0.01	-4.7359212058231592e-008	-1	
0.0049557498367480187	0.0099557498367480197	2.307165698226785e-006	-1	
0.0049543611322483451	0.010137730189732144	-6.8250579747449938e-006	-1	
0.0047439975334038521	0.010411897959942214	-1.2804722893851911e-005	-1	
0.0047792184355006546	0.010270086504914528	-9.2082608040485326e-006	-1	
0.0048883020947276803	0.010128984151012665	-5.606965930291894e-006	-1	
0.0038298838167684967	0.010810649271798251	-1.0981321256812226e-005	-1	
0.0032369365251362207	0.010901766489371046	-7.6498679307730443e-006	-1	
0.0045070813089189143	0.010489196367976471	-1.1799328179395827e-005	-1	
0.0043230344846919063	0.010495219599720027	-1.0206875775519357e-005	-1	
0.0040579086889053206	0.010535768620462469	-8.8337955047527233e-006	-1	
0.0026769919479785391	0.012645934838126602	-1.1642666419785674e-005	-1	
0.002589522665781109	0.011160063463478342	-5.7778092842640661e-006	-1	
0.0029644959333190988	0.013583796507090771	-1.6964261598106101e-005	-1	
0.0046010983319895084	0.010381388634208524	-1.0299382584009399e-005	-1	
0.0043554486003314448	0.014066444196428574	-4.184968163507364e-005	-1	
0.0034058911013749734	0.014533045098031487	-2.458037831305657e-005	-1	
0.0050000000000000001	0.014377629464285717	-5.84937134388681e-005	-1	
0.019501582469583077	0.045253357448393865	-3.0625585142802546e-006	-1	
0.020833896386376682	0.047162838727678576	-1.0042775241325908e-006	-1	
0.0218	0.048437510044642862	0	-1	
0.018144953078759674	0.044457703602099906	-5.2210706127655784e-006	-1	
0.016495371400403802	0.042570641494095493	-8.9853749183903545e-006	-1	
0.017054469364701962	0.043746428866854939	-7.2075201182707358e-006	-1	
0.015107209853237985	0.042380440043386952	-1.1422544722614614e-005	-1	
0.013642945046099489	0.04196574786462226	-1.4369334913069028e-005	-1	
0.011205602839945929	0.039681148658407411	-2.3501447929485605e-005	-1	
0.011326701988195666	0.041248408187980742	-1.9961689585973929e-005	-1	
0.0053532750974805941	0.018423037946428578	-3.529033945749769e-005	-1	
0.0052919729292010787	0.018889815848214291	-2.8745930534740649e-005	-1	
0.0051796297576784337	0.019201001116071433	-2.4073464406609199e-005	-1	
0.007320540415896977	0.017280926943541112	-2.8121133152468564e-005	-1	
0.0074097016733666952	0.017319157716915615	-2.7213931147175036e-005	-1	
0.0072244284434201441	0.017189100903295954	-2.9450272157152979e-005	-1	
0.0070694394327022285	0.016959429011692843	-3.2104554607818563e-005	-1	
0.0072193683931587906	0.017061979784357452	-3.028024329484445e-005	-1	
0.0060267924656530712	0.016973319239303397	-4.1805154180144472e-005	-1	
0.0063827327046010731	0.016791565916486992	-3.924832127423643e-005	-1	
0.0050000000000000001	0.017489482142857147	-4.9882035295413105e-005	-1	
0.0050000000000000001	0.018111852678571433	-4.3863245329096939e-005	-1	
0.0055152895784546362	0.016901910966318639	-4.7908839514633852e-005	-1	
0.0075472695312499994	0.017326685706971493	-2.6194735603690896e-005	-1	
0.0075735033482142843	0.017299999999999999	-2.6185438258339881e-005	-1	
0.0075105178571428562	0.017333732306109122	-2.6403833303357518e-005	-1	
0.007473109553534283	0.017326890446465716	-2.6711567876926454e-005	-1	
0.003235962832200913	0.02183983645571343	1.4040724033435379e-005	-1	
0.0040694012324280502	0.02136066767659868	1.9603033402756427e-005	-1	
0.0050000000000000001	0.020643406250000003	2.3058151199437788e-005	-1	
0.0046807782694847106	0.020637063102562268	1.7073176135610404e-005	-1	
0.0050000000000000001	0.020487813616071427	1.9100290780582084e-005	-1	
0.0050000000000000001	0.020332220982142858	1.4492784796322053e-005	-1	
0.0050844796746732117	0.020228068852984147	9.6389339264462235e-006	-1	
0.0044558639826139997	0.020622757191474602	1.380205284726468e-005	-1	
0.0041849333789948859	0.020771990208771299	1.3487777243096298e-005	-1	
0.0051338043093143966	0.020095833759982827	3.9894851805148788e-006	-1	
0.005135180463678831	0.020022098640263709	8.2947135876267623e-007	-1	
0.0051400287682405012	0.019589982700892863	-1.492837474480035e-005	-1	
0.0051019334255418347	0.019745575334821436	-1.0480402616706479e-005	-1	
0.0050940330966285667	0.019960896876680796	-1.9578183031896046e-006	-1	
0.0050776932892062261	0.019871492394691541	-6.0426132200725472e-006	-1	
0.0051348467790194134	0.019434390066964291	-1.925997982310089e-005	-1	
0.0014048945912660629	0.023934103542438731	3.5440816535945434e-006	-1	
0.0017043251121068909	0.025671977368123232	5.4686810494570268e-006	-1	
0.0020259638592275502	0.027685978786164141	5.4191063460708376e-006	-1	
0.0026951484448156497	0.028042096288786261	9.0096581615099922e-006	-1	
0.0015383087248948741	0.027032068316562467	3.6257087045783804e-006	-1	
0.0016285072985817931	0.021897501336968897	3.2201995319449561e-006	-1	
0.0039670340077058597	0.028345567981720304	2.0379020614692017e-005	-1	
0.0036842851794645485	0.028649597655839121	1.4013396801912638e-005	-1	
0.0030436490580125638	0.028678566917963354	8.4109368398866416e-006	-1	
0.0076321900195187196	0.017193670677549049	-2.6439042984891914e-005	-1	
0.007599737165178571	0.017250862653846614	-2.6313459795423673e-005	-1	
0.005466932999908739	0.0298319842492164	2.2227256578565893e-006	-1	
0.0054502777148306139	0.030070772926691237	-4.7925514220145519e-006	-1	
0.0043282519324140591	0.028868669455473044	1.9196131406191715e-005	-1	
0.0047043842314645938	0.02888981584821429	2.4901036685561531e-005	-1	
0.0050000000000000001	0.029045408482142859	2.7976651822428373e-005	-1	
0.005177091282913748	0.029201001116071428	2.1859381311920175e-005	-1	
0.0051439252186612737	0.029434390066964286	1.682009901772743e-005	-1	
0.0052092553926431683	0.029584385746460062	1.1698484664091694e-005	-1	
0.005274193442842536	0.031110184151785715	-3.1881513313372929e-005	-1	
0.0052785845441806331	0.030729672023705291	-2.4022910367763861e-005	-1	
0.0050000000000000001	0.03188814732142857	-4.7055664379473863e-005	-1	
0.0050000000000000001	0.031265776785714287	-3.8297807005511247e-005	-1	
0.0050000000000000001	0.032510517857142859	-5.3663478731454053e-005	-1	
0.0050000000000000001	0.033755258928571431	-6.2020068925291993e-005	-1	
0.0053346546103847257	0.030273652597899835	-1.1468817631317165e-005	-1	
0.0051757187959356847	0.030456780525473282	-1.8280264281505173e-005	-1	
0.0050000000000000001	0.035000000000000003	-6.6140110266511363e-005	-1	
0.0057051513619858218	0.036867111607142858	-5.9888288794994165e-005	-1	
0.0050000000000000001	0.036244741071428575	-6.7040576067280461e-005	-1	
0.0066109777549210047	0.03820333230788734	-4.8277839553505132e-005	-1	
0.008644265114847921	0.03984434151410321	-3.1060508798868791e-005	-1	
0.0070616080793698913	0.038981675151984328	-4.1349967901979851e-005	-1	
0.0099760146859320387	0.040564464899527058	-2.4801669988329436e-005	-1	
0.0073864397602124736	0.016943365113146279	-2.9654024088186138e-005	-1	
0.0072409708736101861	0.016899660132351391	-3.1032018113031728e-005	-1	
0.0074109025830244226	0.017065311383928573	-2.8782657058317819e-005	-1	
0.0074999999999999997	0.017136529017857144	-2.7711067126457936e-005	-1	
0.0075664926004763797	0.017190849500698983	-2.6913004133357439e-005	-1	
0.0059133078411464021	0.016311666376351966	-4.6383602138507037e-005	-1	
0.0050000000000000001	0.015000000000000003	-5.9035221270395567e-005	-1	
0.0050000000000000001	0.016244741071428575	-5.6878865072868909e-005	-1	
0.00025343861607142861	8.7896805962392067e-005	6.4568163948273879e-009	-1	
0	0.000176628348214284	0	-1	
6.8377516490288986e-005	0.00010903849095728521	5.314139462180911e-010	-1	
0.00013723716517857146	0.00010287364191918772	1.8880767180102098e-009	-1	
0	0.0087342232142857135	0	-1	
0.00035379104808050453	0.0088898158482142841	8.7047707469294907e-008	-1	
0.0014138186028134964	0.0087039778472394573	1.7213357144234092e-006	-1	
0.00063261893603248941	0.0091574577401799633	2.1344394910797387e-007	-1	
0.0012082807642210742	0.0092049658908970895	7.7078388141895729e-007	-1	
0.0017320511790595882	0.0091421135002020086	1.6936289960423308e-006	-1	
0.0015703883928571433	0.0096442599071725841	5.4784804743892515e-007	-1	
0.0018802589285714291	0.01	-1.1178906317938268e-007	-1	
0.0037394821428571434	0.01	-1.1510803161185594e-007	-1	
0.0028098705357142862	0.010498770148576414	-3.1997832821989964e-006	-1	
0.0036730186325724863	0.010489794119464758	-6.0114691156605094e-006	-1	
0.0021901294642857148	0.010588795485452858	-2.2821520962725335e-006	-1	
0.0042042879464285719	0.0098231204543915377	3.3796779484067792e-006	-1	
0.0040493526785714291	0.01	-7.7674245719503534e-008	-1	
0.0044366908482142862	0.0097873405421194208	4.9882913571389507e-006	-1	
0.0046258152965812996	0.0096501066009683761	9.6628596578835764e-006	-1	
0.00017597098214285721	-1.7347234759768071e-018	1.1905662978919197e-009	-1	
0.00010924613478304164	-6.855506685119538e-005	-1.5603434773448436e-010	-1	
0.00010376826762154052	-0.0001377301897321446	-5.5722334257375899e-010	-1	
0	-0.00017662834821428745	0	-1	
0.0047955400698803897	0.0096911189108739634	1.0407152784789732e-005	-1	
0.0048280761927036991	0.0097898477545066507	7.6631963572145907e-006	-1	
0.0048421179336356384	0.0098751501745153684	4.7992900246715194e-006	-1	
0.0049208635602678574	0.0099683611100553834	1.4498345208895594e-006	-1	
0.0048627628348214286	0.0099545432048541976	1.8119723086311288e-006	-1	
0.0050000000000000001	0.010021035714285715	-1.6714822217521835e-006	-1	
0.0049657424638333931	0.010079382952008931	-4.3851871922221192e-006	-1	
0.0049620282503647405	0.010037971749635256	-2.228853655123766e-006	-1	
0.0049789642857142862	0.01	-6.0029508260167127e-008	-1	
0.0049402304687500009	0.01	-8.8519254839612695e-008	-1	
0.0049034643000496377	0.010064096577770836	-3.0110664599465964e-006	-1	
0.0046599330601165053	0.010194373745161649	-5.8495273303854977e-006	-1	
0.0047727839662030534	0.010128948202619252	-4.5443091959759482e-006	-1	
0.0048431311977251224	0.010079995584025834	-3.2730843695638012e-006	-1	
0.0044156900817629704	0.010336083013228773	-7.6519995887525129e-006	-1	
0.0042441028523362966	0.010342720325523403	-6.7734829560507644e-006	-1	
0.0040158304348768556	0.010308868503791598	-5.0291877237076855e-006	-1	
0.0016285072985814156	0.011897501336969065	-3.3515517028141322e-006	-1	
0.0016844700563442812	0.013463193449493696	-4.910949353266261e-006	-1	
0.0013773581350983034	0.010917475728785063	-1.206387033815621e-006	-1	
0.0026167661369178533	0.015143364917732155	-1.3983701074015667e-005	-1	
0.0017005141374152929	0.014748788226509183	-5.6276036523257352e-006	-1	
0.00454321655218776	0.010194076612368028	-5.1139711503075723e-006	-1	
0.0044523669330547733	0.014688814732142862	-4.4927539862601053e-005	-1	
0.0042858289511945565	0.015619356307052801	-4.0678687394512228e-005	-1	
0.019289605082326231	0.046746536521605063	-2.6731404001397298e-006	-1	
0.017158110095102999	0.045682305281331097	-5.5108760398901809e-006	-1	
0.019085332549153972	0.048718081757895576	-1.9998475726400432e-006	-1	
0.0218	0.050986852678571434	0	-1	
0.020122556777269752	0.050235489948790971	-8.4589336681118185e-007	-1	
0.015752579796028423	0.043758677564823517	-8.9437067167370032e-006	-1	
0.015766974371191039	0.045223460729961466	-7.4015205161297685e-006	-1	
0.014091693269131117	0.044384235880239153	-1.0225482159411819e-005	-1	
0.012209033584844358	0.042497585741039741	-1.5820096233895321e-005	-1	
0.01235468489867724	0.044019998070302033	-1.2577628560187675e-005	-1	
0.0099336381040942973	0.042323828338680952	-1.9174576217659077e-005	-1	
0.0050000000000000001	0.018734223214285719	-3.5520008913321902e-005	-1	
0.0050000000000000001	0.01904540848214286	-2.9983090663905549e-005	-1	
0.0050000000000000001	0.019356593750000005	-2.3294736924782563e-005	-1	
0.0073556974797164883	0.017210028708491948	-2.8317249806836102e-005	-1	
0.0074156295583811512	0.017261707764369822	-2.7547031689156228e-005	-1	
0.0072957811930390547	0.017163697368890722	-2.9062700542254489e-005	-1	
0.0074662676938908774	0.017289482142857145	-2.7003911510849827e-005	-1	
0.0073154512520965413	0.017045492261217259	-2.9625435082196801e-005	-1	
0.0050000000000000001	0.016867111607142861	-5.4049000808804186e-005	-1	
0.0043987072014463717	0.017657954103577615	-3.4754502313449902e-005	-1	
0.0046754089450876364	0.018480046183871036	-3.1977430883507214e-005	-1	
0.0043048946717037162	0.018275315456761258	-2.7258681374137904e-005	-1	
0.0075210357142857127	0.017299999999999999	-2.6549665174364024e-005	-1	
0.0075442501632519785	0.017255749836748019	-2.6668300566507311e-005	-1	
0.0074999999999999997	0.017299999999999999	-2.6697204172207751e-005	-1	
0.003236936525098104	0.020901766489355701	7.6219698428363007e-006	-1	
0.0025895226657925269	0.021160063463373967	5.7874292353919595e-006	-1	
0.0038298838167560361	0.020810649271808625	1.0876486561793955e-005	-1	
0.0048607671082017889	0.020487731141084334	1.6460824493736032e-005	-1	
0.0046490510826238188	0.020506697551976608	1.3677661517001429e-005	-1	
0.0048760483601156899	0.020349339348334331	1.275647902692685e-005	-1	
0.0050000000000000001	0.020176628348214286	9.0483423852905638e-006	-1	
0.0049148045245417903	0.020230364530788546	9.4571572963496136e-006	-1	
0.005044207266181655	0.020137730189732143	6.6896328525923145e-006	-1	
0.0045070813089186966	0.020489196367976515	1.1618736496174089e-005	-1	
0.004323034484690888	0.020495219599720348	1.0047983182676563e-005	-1	
0.0040579086889006404	0.020535768620462701	8.7053596282623001e-006	-1	
0.0050362732276999934	0.02007938295200893	4.1569220837676301e-006	-1	
0.0050614911656044932	0.020019157716915616	9.2252214258766385e-007	-1	
0.0050000000000000001	0.019512186383928577	-1.9321031284269202e-005	-1	
0.0050000000000000001	0.01966777901785715	-1.4716603713164642e-005	-1	
0.0050000000000000001	0.019745575334821436	-1.2097460867161474e-005	-1	
0.0050000000000000001	0.019823371651785722	-9.1935930075811553e-006	-1	
0.0050306344952476979	0.019940066127232148	-3.4561008099429104e-006	-1	
0.0050337323061091207	0.019989482142857146	-7.2973822973528575e-007	-1	
0.0050000000000000001	0.019901167968750008	-5.8950771866494199e-006	-1	
0	0.022510517857142854	0	-1	
0	0.025000000000000001	0	-1	
0.00092799146005489682	0.026328062971926722	1.4738895866121144e-006	-1	
0.0021808689046305808	0.028428024682434189	4.6162541424188248e-006	-1	
0.0012773098806980873	0.027804911143807211	2.0120324571524878e-006	-1	
0.0025771615856761275	0.028674159000506409	5.6694624130226552e-006	-1	
0.00093772620360230467	0.02725973669367995	1.2961189804644894e-006	-1	
0.00086486640154256065	0.021233891002974591	6.5492234336944699e-007	-1	
0.0013773581350982776	0.020917475728784884	1.1738052499378156e-006	-1	
0.0039350998329310801	0.028980464626422606	1.301600853408184e-005	-1	
0.0035623208647831352	0.029046467468952845	9.1752731149949051e-006	-1	
0.0027483562736747643	0.02912452959327768	4.1874406971907235e-006	-1	
0.0032613081541927502	0.029276058153386138	5.30506166645847e-006	-1	
0.0052308158517043535	0.029792663474363327	5.0039712637955642e-006	-1	
0.0052527320429007528	0.029938827035721059	-3.2037224016385188e-007	-1	
0.0052127482834825982	0.030074485053524141	-5.3703888343446054e-006	-1	
0.0043159655172276537	0.029128815777752212	1.5029838277496949e-005	-1	
0.00462570972339815	0.029099843716362692	1.9815066033112425e-005	-1	
0.0048258810602639065	0.029201001116071428	2.125918012422019e-005	-1	
0.0050000000000000001	0.029356593750000003	2.1139040960759285e-005	-1	
0.0050000000000000001	0.029512186383928572	1.7048307268607598e-005	-1	
0.0050000000000000001	0.029667779017857145	1.2367779783138024e-005	-1	
0.0050844796746732117	0.029771931147015859	7.4237467556730567e-006	-1	
0.0050000000000000001	0.030954591517857143	-3.2645521120707659e-005	-1	
0.0050000000000000001	0.030643406249999998	-2.5811835145823442e-005	-1	
0.0046498786448758008	0.031576962053571425	-3.4788273186785015e-005	-1	
0.0044100705797259403	0.032199332589285715	-3.6660496501127075e-005	-1	
0.0046891166959213484	0.031110184151785715	-2.8896047207143833e-005	-1	
0.0042946630164885733	0.033132888392857142	-4.0733348130240629e-005	-1	
0.0038803709355668846	0.034313275568197923	-3.6514359228530795e-005	-1	
0.0051019334255418347	0.030254424665178567	-1.2984807184016419e-005	-1	
0.0050000000000000001	0.030332220982142853	-1.7187686131940723e-005	-1	
0.003831916444444704	0.035631608807052226	-3.7357468580304747e-005	-1	
0.0050000000000000001	0.037489482142857147	-6.481496873243515e-005	-1	
0.0055908837434150002	0.037800667410714292	-5.8096265569939338e-005	-1	
0.0042943915219852951	0.036867111607142858	-4.7285874550525001e-005	-1	
0.0061983103169332941	0.03896187091601163	-4.645018034549489e-005	-1	
0.0058403243294893985	0.038592907117469544	-5.172877756423864e-005	-1	
0.0069166045284270597	0.040358331243968947	-3.2566420653563888e-005	-1	
0.0083216273964583573	0.041617728512745054	-2.3574070905676748e-005	-1	
0.0063400430424804533	0.039456036967405052	-4.1521746349416614e-005	-1	
0.0073637096493892554	0.017130196932231841	-2.8751468175507259e-005	-1	
0.0074280942248463799	0.017178071077727241	-2.7983353793291954e-005	-1	
0.0074999999999999997	0.017207746651785715	-2.7279689134692912e-005	-1	
0.0041574580169408074	0.016555926339285716	-3.595517128947981e-005	-1	
0	9.8832031249998281e-005	0	-1	
4.4250163251980942e-005	4.4250163251979207e-005	1.3108861933394886e-010	-1	
9.8503348214285736e-005	-1.7347234759768071e-018	3.4755236025760211e-010	-1	
0	0.0090454084821428565	0	-1	
0.00024850975863638462	0.0093278541285607627	2.6728409628244186e-008	-1	
0.00041342432050091321	0.0095159664706944338	5.0944343549267941e-008	-1	
0.00082819413763288326	0.0095745115187378348	1.7650044477820972e-007	-1	
0.0011055825892857145	0.0097250455959734822	1.9654344031388261e-007	-1	
0.0012605178571428574	0.01	-4.363380906109337e-008	-1	
0.0015703883928571429	0.010346677999553779	-6.5996004435260461e-007	-1	
0.0043592232142857148	0.01	-4.9131637103589674e-008	-1	
0.0042042879464285719	0.010175684387820232	-3.3907454070942575e-006	-1	
0.0045141584821428576	0.01	-2.7496818876913189e-008	-1	
0.0046471113350102849	0.0098706981936523656	3.8061412158968694e-006	-1	
0.0047421530535939017	0.0097803142602227236	7.1362186597175559e-006	-1	
4.4250163251980942e-005	-4.4250163251982677e-005	9.3092933584345609e-012	-1	
0	-9.8832031250001737e-005	0	-1	
0.0047705026312616248	0.009915159094486193	2.921444912114825e-006	-1	
0.0049014966517857148	0.01	-7.3404862327346011e-008	-1	
0.0048627628348214286	0.01	-7.8010931437523114e-008	-1	
0.0048240290178571434	0.01	-5.8380481367165723e-008	-1	
0.0049208635602678574	0.010031483961658207	-1.6102895052063209e-006	-1	
0.0048837362049039129	0.010032623703885741	-1.5225152731858986e-006	-1	
0.0047078275669642866	0.01007303972340629	-2.3911593890972894e-006	-1	
0.0045916261160714291	0.010087872348632662	-2.4764493286265087e-006	-1	
0.0047852952008928581	0.010044162821470679	-1.6505914880307449e-006	-1	
0.004843395926339286	0.010035504352814351	-1.4988379549327597e-006	-1	
0.0044366908482142862	0.01014637854213522	-3.5051300260762867e-006	-1	
0	0.012510517857142861	0	-1	
0.00086486640154251999	0.01123389100297454	-6.7895911955410737e-007	-1	
0	0.013755258928571429	0	-1	
0.00081567255844943191	0.014311218056003853	-1.2265300170404278e-006	-1	
0.00082568126658980404	0.010632866105069177	-3.1805978043480517e-007	-1	
0.0011055825892857145	0.010359364576901038	-3.2571452613965967e-007	-1	
0.001782009260397632	0.01568961527146304	-6.1136738471161478e-006	-1	
0.0032453219111908457	0.016501842333416981	-2.0574061259467961e-005	-1	
0.00097265302832811869	0.015285779191110077	-1.788270102256143e-006	-1	
0.017663122416618427	0.04733748904986701	-3.8320682347771153e-006	-1	
0.016016848123452866	0.046804148910584972	-5.5736330060396504e-006	-1	
0.01630760081656573	0.048714143334189615	-3.6435871449239377e-006	-1	
0.018310326985627456	0.050542385532778303	-1.4682249630605887e-006	-1	
0.0218	0.053536195312500007	0	-1	
0.020899419982063145	0.052261523995535721	-1.662593897273232e-007	-1	
0.019439925414245558	0.051708616280352108	-6.0433144007029716e-007	-1	
0.014585200542388439	0.046089028487114471	-7.4755054998282885e-006	-1	
0.013124486954040121	0.046567838830055025	-7.7810004962460366e-006	-1	
0.01032177056161614	0.044345762089720929	-1.329430351015569e-005	-1	
0.011574027338654168	0.045654375936623699	-1.0067600829315754e-005	-1	
0.0083574302195550971	0.043729134228910185	-1.5244790679138462e-005	-1	
0.0047207315432431576	0.018889815848214288	-2.6857086927577204e-005	-1	
0.0047939686085916311	0.019201001116071433	-2.2536252629972493e-005	-1	
0.0048464892291441262	0.019453784791167907	-1.7857559633469105e-005	-1	
0.0074703911335387476	0.017243355468749999	-2.7268682210449658e-005	-1	
0.0074999999999999997	0.017278964285714286	-2.6832525780104879e-005	-1	
0.0039327140969596611	0.018073629767662358	-2.3115931082594808e-005	-1	
0.003670497560630326	0.017310633420303596	-2.3916875774224204e-005	-1	
0.0043255428202331504	0.018698126468167559	-2.2699406520617452e-005	-1	
0.0039396572587910095	0.01850506166116897	-1.9280474092576817e-005	-1	
0.0028098705357142862	0.020498770148551507	3.1735727110410487e-006	-1	
0.0036730186325700958	0.020489794119455992	5.9266577885410772e-006	-1	
0.0021901294642857148	0.020588795485452858	2.2659777662657697e-006	-1	
0.0047439975334038617	0.020411897959942259	1.2602189746234498e-005	-1	
0.0046010983319895041	0.020381388634208523	1.011475785406887e-005	-1	
0.0047792184355006529	0.020270086504914544	9.0129530805004542e-006	-1	
0.0050000000000000001	0.02009883203125	5.7013701971087069e-006	-1	
0.0049543611322483477	0.020137730189732143	6.6247388327242645e-006	-1	
0.0048883020947276864	0.020128984151012667	5.4126399496444392e-006	-1	
0.0044156900817629869	0.02033608301322876	7.4904109419147728e-006	-1	
0.0042441028523364207	0.020342720325523259	6.6298964987220232e-006	-1	
0.0040158304348776952	0.020308868503791534	4.9107711547333321e-006	-1	
0.0050228215736084214	0.02004048479352679	2.325274511441247e-006	-1	
0.0050000000000000001	0.02005993387276786	3.762722623566513e-006	-1	
0.0050217854128816108	0.020010517857142859	5.6452555638441427e-007	-1	
0.004859246989656626	0.019617533202923421	-1.3670367066321223e-005	-1	
0.0048983210225376434	0.019706677176339293	-1.1586626365854322e-005	-1	
0.0049103152348022334	0.019816501334049722	-7.9566087497898612e-006	-1	
0.0049180835995510071	0.019906112777981298	-4.4329979731932157e-006	-1	
0.0050000000000000001	0.019978964285714291	-1.7372863175539131e-006	-1	
0.0050000000000000001	0.020000000000000004	-1.4564863833325346e-007	-1	
0.0049557498367480213	0.019955749836748023	-2.4939883192856727e-006	-1	
0	0.021265776785714285	0	-1	
0	0.026244741071428573	0	-1	
0.0014137070472503713	0.028704040975245107	1.5032527368712515e-006	-1	
0.0021856119530601812	0.028927770665816706	3.2175268575871264e-006	-1	
0.00059142255910781666	0.027800667410714287	4.4842654371786244e-007	-1	
0.0008785138854296951	0.028622224055110418	6.0003791451907563e-007	-1	
0	0.027489482142857145	0	-1	
0.00082568126658985695	0.020632866105069161	3.071615014039661e-007	-1	
0.00044073145829109331	0.020806251022831755	1.1732086766649067e-007	-1	
0.0015703883928571433	0.020346677999553787	6.4187563173326134e-007	-1	
0.0011055825892857145	0.020359364576901007	3.1326149481738341e-007	-1	
0.0038780428655324343	0.029255369724944441	9.0193933114869876e-006	-1	
0.0041490522594035189	0.029328733334149946	1.0115214995980963e-005	-1	
0.0036847318084035708	0.029446273813038409	5.5383196325403385e-006	-1	
0.0029940725324638044	0.029599612803275884	1.9577369025642511e-006	-1	
0.0021783849882386734	0.029427486900688894	1.4785114382191864e-006	-1	
0.0034070712401704129	0.029525218203883156	3.5207538335577898e-006	-1	
0.0051338043093143992	0.029904166240017169	1.6754909285368959e-006	-1	
0.0051351804636788354	0.029977901359736291	-1.5258423169530413e-006	-1	
0.0050776932892062261	0.030128507605308462	-8.4485798451614736e-006	-1	
0.0050940330966285667	0.030039103123319207	-4.3210833102043685e-006	-1	
0.0043911760605024764	0.029378155784918758	1.1471228419365663e-005	-1	
0.0046322913221336429	0.029324026824951499	1.5500473647563205e-005	-1	
0.0048333690846217277	0.029434390066964286	1.6003255057033927e-005	-1	
0.0048343201343448465	0.029618284668291875	1.1073942270788389e-005	-1	
0.0049152572579496678	0.029771087451463441	7.3493957121204354e-006	-1	
0.0050000000000000001	0.029823371651785714	6.8705891236400481e-006	-1	
0.0050442072661816542	0.02986226981026786	4.4578519373124516e-006	-1	
0.0046427886729360993	0.030765639218904722	-2.1668425054139299e-005	-1	
0.0048672258602973899	0.030462046103371169	-1.8346930855091775e-005	-1	
0.0042807456455803599	0.030989707195442043	-2.0241862116925512e-005	-1	
0.0036890335813591735	0.031436596294970788	-1.7707014038963648e-005	-1	
0.0035124133139679574	0.032325737478293051	-2.199282434832669e-005	-1	
0.0030001817447098279	0.033424333050190255	-1.9091373090210158e-005	-1	
0.0025077107110958227	0.034792187058719601	-1.4834824943809426e-005	-1	
0.0050000000000000001	0.030254424665178567	-1.4525392455514129e-005	-1	
0.0050000000000000001	0.030176628348214281	-1.1574702081363025e-005	-1	
0.0048963500882726017	0.03029332282366071	-1.3932811652595958e-005	-1	
0.0030984399146363924	0.036769429300591697	-2.3649142742066017e-005	-1	
0.0020268076091776981	0.036229571650807181	-9.8637162837564461e-006	-1	
0.004411446934459968	0.037800667410714292	-4.7835619721228814e-005	-1	
0.0050000000000000001	0.038111852678571437	-6.2172473230614309e-005	-1	
0.0053487375366758575	0.038423037946428582	-5.7006408212592665e-005	-1	
0.0034418340052721186	0.038142616147805813	-2.6841835666004785e-005	-1	
0.0057132138719329598	0.039132075765792203	-4.8323341825131668e-005	-1	
0.0053726651529924178	0.038889815848214292	-5.3319164784136744e-005	-1	
0.0061348197342831687	0.040618657130064906	-3.1400257007224832e-005	-1	
0.0061254064084355605	0.040128195270578926	-3.6200938104535323e-005	-1	
0.0064498141586711109	0.041380060796939941	-2.5407807884438905e-005	-1	
0.0063846422104514369	0.042975859105510147	-1.6449181201976805e-005	-1	
0.0057611816205009759	0.03985950335180851	-4.0219219539247346e-005	-1	
0	2.1035714285712559e-005	0	-1	
2.1035714285714294e-005	-1.7347234759768071e-018	1.5859098468019431e-011	-1	
0	0.0093565937499999995	0	-1	
0.00016892066054371212	0.0095650220889659989	7.9924611468459044e-009	-1	
0.00026432722986321886	0.0097158628212860518	1.1377384398916711e-008	-1	
0.00045365320027397301	0.0097620764677459077	2.6162038306936714e-008	-1	
0.00064077678571428586	0.01	-1.2815343637764876e-008	-1	
0.00095064732142857169	0.01	-1.7915085367469653e-008	-1	
0.0046690937500000005	0.01	-3.0635133691764074e-008	-1	
0	-2.1035714285716028e-005	0	-1	
0.0047465613839285719	0.01	-3.4299338905431631e-008	-1	
0	0.011265776785714287	0	-1	
0.00044073145829116227	0.010806251022831684	-1.216513013474596e-007	-1	
0	0.015000000000000003	0	-1	
0.00047693627988151815	0.010404368824442276	-7.2802715018458534e-008	-1	
0.00066860553187778071	0.010246652062635801	-8.9102773316713094e-008	-1	
0.00098128314420021872	0.016190249539592898	-1.7308464669137268e-006	-1	
0.0018598286556428169	0.016630753478800404	-6.0714113967419452e-006	-1	
0.0028639892912431823	0.017332205379359759	-1.3763731565256433e-005	-1	
0	0.016244741071428575	0	-1	
0.014713849110170225	0.047622094193759283	-5.5803881854899872e-006	-1	
0.014396275453305612	0.049127414055897649	-4.0802361737184357e-006	-1	
0.015623428074667847	0.050176385686836932	-2.6648611343673975e-006	-1	
0.016721915796785919	0.052040690334793707	-9.1053011785549988e-007	-1	
0.01821658496228775	0.0529850593194875	-1.9751759985078351e-007	-1	
0.0218	0.056085537946428579	0	-1	
0.019739055722298598	0.054036818146470746	2.085737747378095e-007	-1	
0.013251583735730092	0.048099762437737968	-5.6802861304927241e-006	-1	
0.011860614157016893	0.0474428068778356	-6.9339804409359996e-006	-1	
0.009203802740031769	0.045407264147952514	-1.0795523249738742e-005	-1	
0.009670352770148407	0.046876607449950439	-7.9354066020786151e-006	-1	
0.006238373618759915	0.045216067493886875	-8.7835546414836899e-006	-1	
0.0077030054248105433	0.045759749733973766	-9.1203893587824786e-006	-1	
0.0044689315376808232	0.019113287426020885	-1.8780401266276892e-005	-1	
0.0045572520765400464	0.019438160126173078	-1.3914518231927333e-005	-1	
0.0047341249993730255	0.019573578708683342	-1.3066153131719153e-005	-1	
0.003244353087864962	0.018300479582136014	-1.3222913362071666e-005	-1	
0.0038544554684119977	0.01909317345100521	-1.2141210988424129e-005	-1	
0.0031197410714285719	0.020000000000000004	-3.7575991984592308e-008	-1	
0.0025000000000000005	0.020000000000000004	1.5136680786707305e-007	-1	
0.0037394821428571434	0.020000000000000004	2.4798011262211362e-008	-1	
0.0018802589285714291	0.020000000000000004	9.3823455364758819e-008	-1	
0.00454321655218776	0.02019407661236803	4.9468075157408498e-006	-1	
0.0046599330601165027	0.020194373745161653	5.6711025210489584e-006	-1	
0.0047727839662030525	0.020128948202619255	4.3599195094723995e-006	-1	
0.0049657424638333966	0.02007938295200893	4.1886097970877415e-006	-1	
0.0049034643000496403	0.020064096577770842	2.8204233080447559e-006	-1	
0.0048431311977251241	0.020079995584025841	3.0861227699595328e-006	-1	
0.0044366908482142862	0.020146378542135225	3.350529674107587e-006	-1	
0.0042042879464285719	0.020175684387820234	3.2572248836905589e-006	-1	
0.0040493526785714291	0.020000000000000004	-3.7373833860569967e-008	-1	
0.0050000000000000001	0.020021035714285717	1.476900815318757e-006	-1	
0.0049620282503647431	0.020037971749635265	2.035710583767797e-006	-1	
0.0047955400698803793	0.019691118910873943	-1.0568164677686256e-005	-1	
0.0048280761927036956	0.019789847754506647	-7.8313054888715769e-006	-1	
0.0048421179336356392	0.019875150174515369	-4.9730898715529373e-006	-1	
0.0049208635602678574	0.019968361110055385	-1.6350572347271199e-006	-1	
0.0048627628348214286	0.019954543204854201	-1.9920847272224873e-006	-1	
0.0049789642857142862	0.020000000000000004	-1.3151360387355409e-007	-1	
0.0049402304687500009	0.020000000000000004	-1.0027347327846959e-007	-1	
0	0.020643406250000003	0	-1	
0.0017335549495106997	0.029140873950533837	1.4865827816605834e-006	-1	
0.0012082807642209328	0.029204965890896786	6.4117448847172778e-007	-1	
0	0.028111852678571431	0	-1	
0.00034796449161431325	0.028423037946428576	1.0535718904706683e-007	-1	
0.00063261893603252118	0.029157457740180064	1.7595488869734039e-007	-1	
0.00035379104808056031	0.02888981584821429	7.50232436879732e-008	-1	
0.00047693627988154162	0.020404368824442309	6.9683475789401585e-008	-1	
0.00066860553187778537	0.020246652062635807	8.4253546512456828e-008	-1	
0.00024210998048477874	0.020455010935366259	2.0686768395518118e-008	-1	
0.0012605178571428574	0.020000000000000004	3.2670119693364907e-008	-1	
0.00095064732142857169	0.020000000000000004	1.0940797977038767e-008	-1	
0.0039437266371433509	0.029528342164705301	5.6118583963047776e-006	-1	
0.004228729915963657	0.029556188662759379	6.7371946025238951e-006	-1	
0.0036068954415446929	0.029733539821922523	1.7596379539535651e-006	-1	
0.0031197410714285719	0.029999999999999999	-1.0931975832781859e-006	-1	
0.0025000000000000001	0.029999999999999999	-7.3054469355644681e-007	-1	
0.0015703883928571429	0.029644259907172614	3.437584162358518e-007	-1	
0.0018802589285714286	0.029999999999999999	-4.286719320725704e-007	-1	
0.0034296116071428576	0.029999999999999999	-1.2042639066306264e-006	-1	
0.0050362732276999986	0.029920617047991073	1.898116126253587e-006	-1	
0.0050614911656044932	0.029980842283084386	-1.386242416291329e-006	-1	
0.0050306344952476979	0.030059933872767855	-5.7894941470295719e-006	-1	
0.0050000000000000001	0.030098832031249995	-8.2302078429327305e-006	-1	
0.0050337323061091207	0.030010517857142857	-3.036954779874422e-006	-1	
0.0045729279788375831	0.029545585632556843	9.7097013692720913e-006	-1	
0.0047024812805784326	0.029730168649093221	6.2341791398015695e-006	-1	
0.0047861443822044677	0.02982243874250395	4.0990455090122022e-006	-1	
0.0049552665990641037	0.02986226981026786	4.465751779286316e-006	-1	
0.0048884839173265046	0.029870325873696871	3.2963570861650434e-006	-1	
0.0050000000000000001	0.029901167968750003	3.477044403495608e-006	-1	
0.0046292380213264926	0.030348394563326622	-1.1952380271831084e-005	-1	
0.0043310730160210443	0.030566920289837145	-1.3560352741838699e-005	-1	
0.0047952947594632964	0.030306670164100633	-1.281471198584184e-005	-1	
0.0039218959259194729	0.030732601861251038	-1.2423250593915289e-005	-1	
0.0030811498621441218	0.031528380219685563	-1.1947041440153122e-005	-1	
0.0033034933944506382	0.030955222075222593	-9.8226023438043953e-006	-1	
0.0026996193228773125	0.032250043630277531	-1.1870226639712802e-005	-1	
0.0018265877823147422	0.03309910789231453	-6.2514344716636158e-006	-1	
0.0011487152403285255	0.034275772866396603	-2.8206452512113259e-006	-1	
0.00097342587556675342	0.035622370535714293	-2.2122041031387587e-006	-1	
0.0049103152348022334	0.030183498665950281	-1.0275367694328738e-005	-1	
0.0049180835995510071	0.030093887222018709	-6.7055412561239761e-006	-1	
0.0048280761927036956	0.030210152245493352	-1.0102370967051329e-005	-1	
0.0021053174747134515	0.037442890434923208	-1.0230382706351637e-005	-1	
0.00094131450776626063	0.036777304247667564	-2.0598964843542452e-006	-1	
0.0046478489187211005	0.038423037946428582	-5.0750445442588516e-005	-1	
0.0041593775698135207	0.038819935548067716	-3.7301763849306846e-005	-1	
0.0050000000000000001	0.038734223214285719	-5.8247594938902308e-005	-1	
0.0036472633645581124	0.039107721901249066	-2.6469467307559599e-005	-1	
0.0024104917499921954	0.038550478572590863	-1.2086456893804927e-005	-1	
0.0054312416154480543	0.039506582409067362	-4.6284154591768876e-005	-1	
0.0052683596978168653	0.039279955254078798	-5.0366941421843007e-005	-1	
0.0050000000000000001	0.039045408482142857	-5.552737940693752e-005	-1	
0.005685722131166044	0.04042129252029808	-3.3501689972580585e-005	-1	
0.0057578963567766449	0.040932616066556654	-2.8165485402484336e-005	-1	
0.0056730159500523207	0.040114126989862324	-3.7267581036022234e-005	-1	
0.0055312906253640378	0.041625818107355238	-2.1893551267961101e-005	-1	
0.0050360466492515733	0.044218497163597374	-9.1000256855627746e-006	-1	
0.0047208335674515248	0.042411981167499668	-1.44686771747237e-005	-1	
0.0054247018677816275	0.03977724991832448	-4.277805385664602e-005	-1	
0.0054375819551600538	0.039983065109246763	-3.966082732751865e-005	-1	
0	-1.7347234759768071e-018	0	-1	
0	0.0096677790178571425	0	-1	
8.8337154757894411e-005	0.0097455753348214269	1.1752085770621688e-009	-1	
0.00021743456922331222	0.0098880732111418269	2.0242469880958612e-009	-1	
0.00033090625000000004	0.01	-4.1701935464806211e-009	-1	
0.00043312138891458583	0.010168173418863009	-2.8951562851410545e-008	-1	
0	0.010643406250000001	0	-1	
0.0002421099804847956	0.010455010935366276	-2.1585905600772403e-008	-1	
0.00028340451871564543	0.010262054131921671	-1.8219129042472598e-008	-1	
0.00093805185634692769	0.017172093209371245	-1.3737065366517309e-006	-1	
0.0016077344167773728	0.017430516630434132	-3.8675766800415751e-006	-1	
0.0021069555367841633	0.017432065470846955	-6.8032649891111592e-006	-1	
0.0026839527496419911	0.018024951163069215	-9.5423070249953655e-006	-1	
0.0023221347412603543	0.017799862864942801	-7.5310297094177148e-006	-1	
0	0.017489482142857147	0	-1	
0.014055145314783841	0.050559444721036906	-2.6475839190286497e-006	-1	
0.012946445527381261	0.049591009705808452	-3.8973758395720821e-006	-1	
0.014592716784496342	0.052426460554098525	-7.9506353228958032e-007	-1	
0.015536890782558316	0.053851221420329741	4.5890237458814045e-007	-1	
0.017718526165071094	0.054681469095475783	8.0476029763213781e-007	-1	
0.020201409418446309	0.056801261107310153	8.49971670838131e-007	-1	
0.0218	0.058634880580357152	0	-1	
0.01845254651737286	0.056897334223755001	1.6841319865853083e-006	-1	
0.010355648136554712	0.048745096423498516	-5.098130265267977e-006	-1	
0.011501321063062451	0.050069071441726835	-3.4357711105589297e-006	-1	
0.0080603137019331587	0.047421522626311136	-6.3283985593479186e-006	-1	
0.0087878842515141317	0.048811838866720948	-4.6240295472177161e-006	-1	
0.0047801615206519901	0.045776740466672884	-5.5268292908173643e-006	-1	
0.0057011155582983872	0.047059488708207801	-4.8276445112518944e-006	-1	
0.0042792843857053092	0.019537589700400291	-9.2913888854848932e-006	-1	
0.0046258152965812545	0.019650106600968369	-9.8106449027386239e-006	-1	
0.0024140707373271589	0.018588092484784081	-5.7064242049282831e-006	-1	
0.0028098705357142862	0.019414505998491871	-3.3520122513253533e-006	-1	
0.0034296116071428576	0.019648480311377774	-3.7096918569189337e-006	-1	
0.0038944174107142858	0.019707990019487007	-4.3713705715952866e-006	-1	
0.0021722347531787081	0.019432844117014039	-1.7772270099224396e-006	-1	
0.0015703883928571433	0.019644259907172619	-5.6040893332940018e-007	-1	
0.0045916261160714291	0.020087872348632664	2.3106280413287719e-006	-1	
0.0047078275669642858	0.020073039723406298	2.2160246424333737e-006	-1	
0.0047852952008928581	0.020044162821470684	1.470792466929302e-006	-1	
0.0049208635602678574	0.020031483961658204	1.4206916843839862e-006	-1	
0.0048837362049039129	0.020032623703885744	1.3356512292401609e-006	-1	
0.004843395926339286	0.020035504352814357	1.3149245629060737e-006	-1	
0.0045141584821428576	0.020000000000000004	-1.2707929811434518e-007	-1	
0.0043592232142857148	0.020000000000000004	-9.2220640814919129e-008	-1	
0.0042042879464285719	0.019823120454391538	-3.502340267652068e-006	-1	
0.004742153053593893	0.019780314260222726	-7.2978843806120784e-006	-1	
0.0047705026312616248	0.019915159094486198	-3.0923046122515013e-006	-1	
0.0049014966517857148	0.020000000000000004	-1.1254226752853112e-007	-1	
0.0048627628348214286	0.020000000000000004	-1.0503057232282025e-007	-1	
0.0048240290178571434	0.020000000000000004	-1.2166423350611764e-007	-1	
0	0.020332220982142858	0	-1	
0.0011055825892857143	0.029725045595973373	8.4249041621489572e-008	-1	
0.00082819413763275109	0.029574511518737769	1.1279756971201166e-007	-1	
0	0.028734223214285717	0	-1	
0.00041342432050086317	0.029515966470694478	3.4720365032631961e-008	-1	
0.00024850975863638153	0.02932785412856077	2.0880405181722345e-008	-1	
0	0.029045408482142859	0	-1	
0.00028340451871564261	0.02026205413192169	1.7240321622621849e-008	-1	
0.00043312138891458865	0.020168173418863015	2.6960113993324683e-008	-1	
0.00064077678571428586	0.020000000000000004	9.3203969247565091e-009	-1	
0.00011269312707610315	0.020216377548522041	2.3825155402983266e-009	-1	
0.0011055825892857145	0.019725045595973375	-2.0397457871093376e-007	-1	
0.00082819413763275109	0.019574511518737774	-1.8053579174748459e-007	-1	
0.0038944174107142858	0.029810425302416801	1.2593936571204357e-006	-1	
0.0041369953518301979	0.029777267412349886	2.3356171031361445e-006	-1	
0.0043745629472047689	0.029748066703365307	3.6629041484527276e-006	-1	
0.0037394821428571434	0.029999999999999999	-1.5084077217822819e-006	-1	
0.0028098705357142862	0.030585494001508132	-4.6316144410888809e-006	-1	
0.0034296116071428576	0.030351519688622229	-4.8771818443668697e-006	-1	
0.0021699600586286396	0.030570767504029053	-2.6582063944216021e-006	-1	
0.0012605178571428572	0.029999999999999999	-1.970108365322502e-007	-1	
0.0015703883928571429	0.030346677999553776	-9.1756838261800772e-007	-1	
0.0050228215736084214	0.029959515206473216	5.372239381474325e-008	-1	
0.0050000000000000001	0.029940066127232143	1.5168230044465812e-006	-1	
0.0050217854128816108	0.029989482142857141	-1.7230006069283084e-006	-1	
0.0050000000000000001	0.030021035714285712	-4.0279870269641128e-006	-1	
0.0049557498367480213	0.030044250163251979	-4.7663302884742632e-006	-1	
0.0050000000000000001	0.029999999999999999	-2.4246324465581704e-006	-1	
0.0045746146060956913	0.029771089741774653	4.153950768056811e-006	-1	
0.0046577152060488965	0.029798935797034166	3.8766157223268788e-006	-1	
0.004718876271757602	0.029853637223945077	2.5926651436279954e-006	-1	
0.004783982544151741	0.029889126901631188	1.7451048544921067e-006	-1	
0.0049657424638333931	0.029920617047991073	1.9765968568652415e-006	-1	
0.0049034643000496437	0.029935903422229168	6.3967726867389032e-007	-1	
0.0048431311977251328	0.029920004415974165	9.5447885715280071e-007	-1	
0.004742153053593893	0.030219685739777277	-9.5027994944983111e-006	-1	
0.0046471113350102901	0.030129301806347632	-6.0471738203013411e-006	-1	
0.0044366908482142862	0.03021265945788059	-7.1160197148222651e-006	-1	
0.0042042879464285719	0.030176879545608465	-5.312164887077689e-006	-1	
0.0038944174107142858	0.030292009980512999	-5.9645553318730312e-006	-1	
0.0024694628618208369	0.031466850401237333	-7.1919787288238808e-006	-1	
0.0016285072985817931	0.031897501336968892	-3.8281380828541291e-006	-1	
0	0.032510517857142859	0	-1	
0	0.035000000000000003	0	-1	
0	0.036244741071428575	0	-1	
0.0048421179336356392	0.030124849825484638	-7.2056740244774802e-006	-1	
0.0049208635602678583	0.030031638889944617	-3.8755925719783502e-006	-1	
0.0048627628348214286	0.030045456795145798	-4.1973938398453457e-006	-1	
0.0012773911111143865	0.037805287251368981	-3.5871444037134963e-006	-1	
0.0016300800181801021	0.038211618524705358	-5.6251214515749377e-006	-1	
0	0.037489482142857147	0	-1	
0.00059142255910782534	0.037800667410714292	-7.687353935342618e-007	-1	
0.0047023011489945449	0.038889815848214285	-4.9014776703037907e-005	-1	
0.0041743187334102542	0.039367133894930795	-3.3639396267156798e-005	-1	
0.0045592685417087508	0.039193748977168381	-4.2955505288280704e-005	-1	
0.0034296116071428576	0.039653322000446224	-2.0561907649980781e-005	-1	
0.0038944174107142858	0.039640635423098931	-2.694552175619222e-005	-1	
0.0028300652611126299	0.039429255127467047	-1.4428879065748597e-005	-1	
0.0019179865067211902	0.038666156116895833	-7.4392011267052734e-006	-1	
0.0021901294642857148	0.039417256771564428	-8.5253599685792962e-006	-1	
0.0052418237550454216	0.039681953615419825	-4.5333600742820724e-005	-1	
0.0051757187959356778	0.039543219474526742	-4.7924703376745144e-005	-1	
0.0050000000000000001	0.039356593750000002	-5.2213975051666052e-005	-1	
0.0054079009817530896	0.040552926554898699	-3.1540150633508555e-005	-1	
0.0054359012908050501	0.040242123165084361	-3.5745047138004821e-005	-1	
0.0052590220431760794	0.040949246569356695	-2.6612928216210412e-005	-1	
0.0048816532626451406	0.041294381048721178	-2.1780318619754134e-005	-1	
0.0033572326564746554	0.043480633416858733	-6.1374710025191242e-006	-1	
0.0025872452527999292	0.044733257354497784	-2.7346905524559196e-006	-1	
0.003220783529737386	0.042041851231662999	-8.8787993527433635e-006	-1	
0.0040670011028655665	0.041491439963582483	-1.5792390719492622e-005	-1	
0.0052267022426539123	0.039834886173533646	-4.292420369586547e-005	-1	
0.005179855389372252	0.039980999335064826	-4.0388039904243735e-005	-1	
0.0051962666136601008	0.040143689825017773	-3.7244938885659571e-005	-1	
0	0.0098233716517857131	0	-1	
0.00010376826762154272	0.0098622698102678562	5.0859542063944892e-010	-1	
0.0001092461347830427	0.0099314449331488058	1.0310229856902083e-010	-1	
0.00017597098214285715	0.01	-1.3229864969159947e-009	-1	
0.00025343861607142861	0.010087896805962393	-6.7079566129214295e-009	-1	
0	0.01033222098214286	0	-1	
0.0001126931270761146	0.010216377548522034	-2.5321949313309737e-009	-1	
0.00059142255910781991	0.017800667410714288	-4.7338153531053194e-007	-1	
0.0012772644281063977	0.017804700692301102	-2.1451745630134246e-006	-1	
0.001897632668655125	0.01783694390452592	-4.8271330002793449e-006	-1	
0.0020997180361884112	0.018245482903165019	-5.0671926827319515e-006	-1	
0	0.018111852678571433	0	-1	
0.012900274419574323	0.051472327414872766	-1.8096728819387702e-006	-1	
0.013870170958811781	0.054229973441698019	9.5677569270912287e-007	-1	
0.015673790340182184	0.055807479553123915	2.0797620197902889e-006	-1	
0.019401073531871798	0.058359212954805922	1.7541439728961862e-006	-1	
0.0218	0.061184223214285717	0	-1	
0.020196838625887101	0.059909551897321431	1.529398949333561e-006	-1	
0.015546804576691773	0.057579926979018821	3.5778387400178557e-006	-1	
0.018132015256751042	0.059553484287410384	3.2349155547701613e-006	-1	
0.016363206716783898	0.059158275105175948	4.3721438697434974e-006	-1	
0.009857541277221828	0.050671951462201277	-2.6272290435198258e-006	-1	
0.010932064904205237	0.051701126723167519	-1.5739732059424717e-006	-1	
0.0072211615118197977	0.048899691071528258	-3.7507117538111604e-006	-1	
0.0080938370422662595	0.050448559671255812	-2.5286267482456187e-006	-1	
0.0032262109020495203	0.046057519500012474	-2.5094877276601435e-006	-1	
0.0042254085378032862	0.047147002875028814	-3.0179666853499935e-006	-1	
0.0050768805913848107	0.049019137676863507	-2.364071686855103e-006	-1	
0.0044366908482142862	0.019787340542119412	-5.127667828742658e-006	-1	
0.0046471113350102901	0.019870698193652375	-3.965240290225221e-006	-1	
0.0019170783052531923	0.018673082803555941	-3.3344457275421534e-006	-1	
0.0017320511790595357	0.019142113500201965	-1.7064137653413972e-006	-1	
0.001208280764220933	0.019204965890896795	-7.773445219363912e-007	-1	
0.0046690937500000005	0.020000000000000004	-1.36967762627921e-007	-1	
0.0047465613839285719	0.020000000000000004	-1.3960390527672162e-007	-1	
0	0.020176628348214286	0	-1	
0.00095064732142857147	0.029999999999999999	-1.0784454817050805e-007	-1	
0.00045365320027396987	0.029762076467745886	5.9689804659985614e-009	-1	
0.00064077678571428575	0.029999999999999999	-5.4803311740409917e-008	-1	
0.0002643272298632122	0.029715862821286056	4.5399860416044031e-009	-1	
0.00016892066054371454	0.029565022088966005	5.2533778764188059e-009	-1	
0	0.029356593750000003	0	-1	
0.00025343861607142861	0.020087896805962398	6.0567575502484368e-009	-1	
0.00033090625000000004	0.020000000000000004	3.1706935035998518e-009	-1	
0.00045365320027396987	0.019762076467745891	-2.7652604653199555e-008	-1	
6.8377516490288444e-005	0.020109038490957291	4.9950501610387706e-010	-1	
0.00013723716517857144	0.020102873641919195	1.7673223118791689e-009	-1	
0.00041342432050086317	0.019515966470694483	-5.1966083846891758e-008	-1	
0.00063261893603252118	0.019157457740180069	-2.1531793499862068e-007	-1	
0.0040493526785714291	0.029999999999999999	-1.762817756739217e-006	-1	
0.0043592232142857148	0.029999999999999999	-1.9283123624876584e-006	-1	
0.0045260774667143892	0.029880709369579376	1.084744477526549e-006	-1	
0.0013773581350982776	0.030917475728784879	-1.4752202507404623e-006	-1	
0.0011055825892857143	0.030359364576901006	-4.6154311299582667e-007	-1	
0.0050000000000000001	0.029978964285714286	-7.9044993167584097e-007	-1	
0.0049620282503647431	0.029962028250364741	-1.9636288632486835e-007	-1	
0.0049789642857142862	0.029999999999999999	-2.3958762078369723e-006	-1	
0.0049402304687500009	0.029999999999999999	-2.3377213644468294e-006	-1	
0.0046459607304848239	0.029880143890035588	1.4311226412900622e-006	-1	
0.0047078275669642858	0.029926960276593709	1.7251298476566831e-007	-1	
0.0047852952008928581	0.029955837178529322	-6.3359556468687433e-007	-1	
0.0049208635602678583	0.029968516038341796	-7.8727424478064422e-007	-1	
0.0048837362049039164	0.029967376296114255	-8.4587377848659881e-007	-1	
0.004843395926339286	0.029964495647185639	-8.3637361344614596e-007	-1	
0.0047705026312616248	0.030084840905513804	-5.2464806352815798e-006	-1	
0.0045141584821428576	0.029999999999999999	-2.0555896799276715e-006	-1	
0.0046690937500000005	0.029999999999999999	-2.1536680824281471e-006	-1	
0.00086486640154256065	0.031233891002974589	-7.9687158632900972e-007	-1	
0	0.031265776785714287	0	-1	
0.0049014966517857148	0.029999999999999999	-2.3227219867452286e-006	-1	
0.0048627628348214286	0.029999999999999999	-2.2871902784870579e-006	-1	
0.0048240290178571434	0.029999999999999999	-2.274797392867433e-006	-1	
0.00087851388542962668	0.038622224055110413	-1.5436796821841548e-006	-1	
0.0014135076811745953	0.038704153794206282	-3.9847390683217395e-006	-1	
0	0.038111852678571437	0	-1	
0.00034796449161430323	0.038423037946428582	-2.4625840864628882e-007	-1	
0.004523063720118509	0.039595631175557755	-3.7990922320665379e-005	-1	
0.0043313944681222204	0.039753347937364202	-3.2760688333506219e-005	-1	
0.0047578900195151931	0.039544989064633697	-4.3665939821408932e-005	-1	
0.0037394821428571434	0.040000000000000008	-2.2284885519325891e-005	-1	
0.0031197410714285719	0.040000000000000008	-1.5442381569701005e-005	-1	
0.0040493526785714291	0.040000000000000008	-2.6190166375712837e-005	-1	
0.0025000000000000005	0.040000000000000008	-9.8576371220212809e-006	-1	
0.0017365461832561289	0.039138408293097018	-5.609266246303217e-006	-1	
0.0018802589285714291	0.040000000000000008	-5.5441495489776579e-006	-1	
0.0015703883928571433	0.039644259907172609	-4.1692295726727203e-006	-1	
0.0051019334255418191	0.039745575334821433	-4.5508056488954938e-005	-1	
0.0050000000000000001	0.039667779017857147	-4.7906348300073894e-005	-1	
0.005191511706800489	0.040328074501066451	-3.4081960239529453e-005	-1	
0.0050958900317157529	0.040558577349877209	-3.0368856497276848e-005	-1	
0.0048696135265652541	0.040783127637856541	-2.6407502206600931e-005	-1	
0.0045691314510314983	0.04088959082819784	-2.3261100651186014e-005	-1	
0.0024272304112655492	0.04237437469281178	-4.6092559159391879e-006	-1	
0.001127555970390911	0.044556467847500454	-5.1425946544480232e-007	-1	
0.0016957321942966718	0.045979702321088257	-7.9509209866410014e-007	-1	
0.0010044287054364128	0.042750809151785724	-8.0163812971238479e-007	-1	
0.0023586589701123858	0.041516705548264234	-5.8443846706411548e-006	-1	
0.0029419615815833703	0.041071647610597534	-1.0248413612775707e-005	-1	
0.0041380851217338865	0.040710860479753953	-2.1280324985660019e-005	-1	
0.0035985469550446837	0.040841208108352865	-1.5854299715912398e-005	-1	
0.0050776932892062417	0.039871492394691531	-4.3278927385395631e-005	-1	
0.0050844817276937751	0.039961495636699255	-4.1201311370882617e-005	-1	
0.0050902983266333211	0.040019157716915624	-3.9757812298202103e-005	-1	
0.0050906286948614755	0.040173662921827925	-3.6400140998816894e-005	-1	
0	0.0099011679687499993	0	-1	
4.4250163251981681e-005	0.0099557498367480197	-1.7848940305442985e-011	-1	
9.8503348214285709e-005	0.01	-3.886208311330088e-010	-1	
0.00013723716517857144	0.010102873641919188	-1.9594716442323382e-009	-1	
0	0.010176628348214287	0	-1	
6.8377516490289108e-005	0.010109038490957288	-5.4828276171103611e-010	-1	
0.00034796449161430859	0.018423037946428578	-1.1704364729463704e-007	-1	
0.00087851388542971374	0.018622224055110412	-6.8111448911746343e-007	-1	
0.0016360850842618837	0.018210220571728896	-3.0391069559225851e-006	-1	
0	0.018734223214285719	0	-1	
0.011646193369015012	0.053006432541157673	-2.0451421991575038e-007	-1	
0.012768767710456451	0.055542915248221539	2.4031812597621162e-006	-1	
0.011344912295556614	0.054487261876859906	1.3700941091143947e-006	-1	
0.013965165634385088	0.056769918634697783	3.4385387703184797e-006	-1	
0.020059221139663561	0.061953072091795798	2.1257622025987142e-006	-1	
0.0218	0.063733565848214283	0	-1	
0.018250320357721287	0.061362041129720712	3.9680370441022192e-006	-1	
0.013926581432417023	0.059275225136896544	6.1469926515268048e-006	-1	
0.015445116331442951	0.060621357016416251	6.303524671204595e-006	-1	
0.0095158247401001123	0.052157269837010099	-1.0135951132667409e-006	-1	
0.010174021115839628	0.053531940123751814	3.836457261784299e-007	-1	
0.0051737752152315516	0.051073524399498894	-1.0320583230905956e-006	-1	
0.0066631694666159516	0.052183031947532002	-6.5252859593801569e-007	-1	
0.0080884948091273414	0.052059166199447331	-9.5665660190815537e-007	-1	
0.002338699838340882	0.048423404441307639	-7.5425730528481011e-007	-1	
0.0034018174316163829	0.050127619968357046	-7.7720947990183833e-007	-1	
0.0014138186028136541	0.018703977847239452	-1.7282651134668439e-006	-1	
0	0.02009883203125	0	-1	
0.00066860553187778537	0.030246652062635802	-1.3849229475824627e-007	-1	
0.00033090625000000004	0.029999999999999999	-1.5582446038688137e-008	-1	
0.00021743456922330046	0.029888073211141824	-2.7808799214258531e-009	-1	
0.00043312138891458865	0.03016817341886301	-4.941365568164598e-008	-1	
8.8337154757893652e-005	0.029745575334821431	4.0605657075323249e-010	-1	
0	0.029667779017857145	0	-1	
0.00017597098214285715	0.020000000000000004	1.0337749341903984e-009	-1	
0.00021743456922330046	0.019888073211141829	-2.416663260259388e-009	-1	
0.0002643272298632122	0.019715862821286061	-1.1870927148076921e-008	-1	
4.4250163251978896e-005	0.020044250163251984	1.1976472088352864e-010	-1	
9.8503348214285709e-005	0.020000000000000004	2.9806339875665019e-010	-1	
0.00024850975863638153	0.019327854128560775	-2.7054994798598847e-008	-1	
0.00016892066054371454	0.01956502208896601	-8.1699963514539281e-009	-1	
0.00035379104808056189	0.018889815848214288	-8.7562629669675278e-008	-1	
0.00082568126658985695	0.03063286610506916	-4.0475664375125319e-007	-1	
0.0047465613839285719	0.029999999999999999	-2.2308107326025948e-006	-1	
0.00044073145829109331	0.030806251022831754	-1.48537479396557e-007	-1	
0	0.030643406249999998	0	-1	
0.00063261893603252725	0.039157457740180035	-7.3474383012257435e-007	-1	
0.00035379104808055099	0.038889815848214285	-2.3930845833757228e-007	-1	
0.0012082807642210961	0.039204965890896934	-2.6809704607130419e-006	-1	
0	0.038734223214285719	0	-1	
0.0047165954812843471	0.039737945868078363	-4.001545884067846e-005	-1	
0.0045668786110854174	0.039831826581137	-3.5820858302991491e-005	-1	
0.0043592232142857148	0.040000000000000008	-3.0454802559186876e-005	-1	
0.0048873068729238626	0.039783622451477971	-4.3049399362091859e-005	-1	
0.0034296116071428576	0.040347295705478549	-1.6908585266685608e-005	-1	
0.0038944174107142858	0.040371577816466185	-2.1471414479571736e-005	-1	
0.0028941708899844929	0.040513149394385779	-1.1648913230360483e-005	-1	
0.0042832888794807509	0.040267395324198291	-2.6673599309180065e-005	-1	
0.0020780172971670121	0.040294972933026682	-6.349660655527403e-006	-1	
0.0023080066460794903	0.040784754151995957	-6.8859395531638969e-006	-1	
0.0015703883928571433	0.040000000000000008	-3.8589101486723667e-006	-1	
0.0017253236607142864	0.040253444600846108	-4.4001046928381053e-006	-1	
0.0011055825892857145	0.039725045595973424	-2.0233429492069797e-006	-1	
0.0012605178571428574	0.040000000000000008	-2.4789640077216313e-006	-1	
0.0050000000000000001	0.039823371651785719	-4.5108920807170519e-005	-1	
0.0050435595937915068	0.040314576134055355	-3.3655180422369829e-005	-1	
0.0047822139259250497	0.040476557583182797	-2.9365017288092637e-005	-1	
0.0045097047092069508	0.040428647160326667	-2.7450799009242853e-005	-1	
0.0017160716342803091	0.041890069419283193	-2.7958264904547395e-006	-1	
0	0.043140776785714291	0	-1	
0	0.046260517857142872	0	-1	
0	0.047820388392857155	0	-1	
0	0.042360841517857149	0	-1	
0.00077823797385072183	0.041697343664566872	-6.1971131876844211e-007	-1	
0.0018200184903307685	0.041018523916758573	-4.0375208458631808e-006	-1	
0.0050306344952477048	0.039940066127232152	-4.2080674632454091e-005	-1	
0.0050000000000000001	0.039901167968750005	-4.3405758601557828e-005	-1	
0.0050337323061091267	0.03998948214285715	-4.0672375219588947e-005	-1	
0.0050268904464657229	0.040026890446465728	-3.9552106575352652e-005	-1	
0.0050191577169156213	0.040090298326633328	-3.7881412832223436e-005	-1	
0.004980993974556972	0.040179826080453923	-3.5662744064997033e-005	-1	
0	0.0099789642857142855	0	-1	
2.1035714285714294e-005	0.01	-1.7715433206571089e-011	-1	
4.4250163251981681e-005	0.010044250163251979	-1.3889573610780273e-010	-1	
0	0.010098832031249999	0	-1	
0	0.01904540848214286	0	-1	
0.011428429548119724	0.056610809865395323	3.7908591635532762e-006	-1	
0.0099546869143735464	0.055079629327193722	2.0211997754306154e-006	-1	
0.012067750618887657	0.058461119932827231	6.0528197073696286e-006	-1	
0.018910197827703656	0.063470037834855095	3.8601534935883606e-006	-1	
0.019706680102791526	0.065307208797358407	3.0421490349300196e-006	-1	
0.0218	0.066282908482142855	0	-1	
0.017134703345580177	0.062544186602775359	5.7682728341643183e-006	-1	
0.013858179855758239	0.061303362336626768	8.531613365423341e-006	-1	
0.011929454850786371	0.060413875180597175	8.9363376443192629e-006	-1	
0.015521269061562114	0.062346958185965418	7.5954639915439365e-006	-1	
0.008617464087275024	0.053388484279640963	2.243466692710357e-007	-1	
0.0037027964718878122	0.051696449321422595	-4.1670912368877694e-007	-1	
0.0053189436115477808	0.053464577532271601	2.046471838534854e-007	-1	
0.0069415844314612259	0.054019274671833317	7.0492912058701351e-007	-1	
0.0015768259673106871	0.049897765947251947	-2.0859974360119217e-007	-1	
0	0.049380258928571431	0	-1	
0.0017324337248904307	0.051550031020219912	-1.2906730118517639e-007	-1	
0	0.020021035714285717	0	-1	
0.00047693627988154162	0.030404368824442297	-9.9743081105991269e-008	-1	
0.00025343861607142861	0.030087896805962397	-1.3603527252609953e-008	-1	
0.00017597098214285721	0.029999999999999999	-4.5703195632615232e-009	-1	
0.00010924613478303761	0.029931444933148806	-1.1261135488293761e-009	-1	
0.00010376826762153543	0.02986226981026786	-5.8582286379747429e-010	-1	
0.00028340451871564261	0.030262054131921685	-2.7334180324286818e-008	-1	
0	0.029823371651785714	0	-1	
0.00010924613478303761	0.019931444933148811	-2.0734691495333504e-010	-1	
0.00010376826762153543	0.019862269810267865	-5.978777998412285e-010	-1	
8.8337154757893652e-005	0.019745575334821436	-1.2318313992479089e-009	-1	
2.1035714285714294e-005	0.020000000000000004	1.3577433122964281e-011	-1	
4.4250163251978896e-005	0.019955749836748023	3.1838661130186522e-013	-1	
0	0.019356593750000005	0	-1	
0	0.01966777901785715	0	-1	
0.0002421099804847788	0.030455010935366254	-2.872950238637531e-008	-1	
0	0.030332220982142853	0	-1	
0.00041342432050088952	0.039515966470694476	-2.9409035116078021e-007	-1	
0.00024850975863638966	0.039327854128560776	-1.1030925026053837e-007	-1	
0.00082819413763283263	0.039574511518737747	-1.1673731701781011e-006	-1	
0	0.039045408482142857	0	-1	
0.0047465613839285719	0.039912103194037617	-3.7802281653567434e-005	-1	
0.0046690937500000005	0.040000000000000008	-3.5059666084963265e-005	-1	
0.004545405508152852	0.040174868811354951	-3.0902698373144786e-005	-1	
0.0049316224835097107	0.039890961509042713	-4.1949517022076893e-005	-1	
0.0048627628348214286	0.039897126358080827	-4.0348538534829565e-005	-1	
0.0018238998743404333	0.040543049008019673	-4.5903642496257714e-006	-1	
0.0014292725555574855	0.040277793031174146	-3.009621217193235e-006	-1	
0.00095064732142857169	0.040000000000000008	-1.4130652013624273e-006	-1	
0.0011055825892857145	0.040307321358944367	-1.7816217702149185e-006	-1	
0.0048352130558877333	0.040225820490443452	-3.3510691797671627e-005	-1	
0.0046833140964088905	0.040240132497428659	-3.1676060352496248e-005	-1	
0.0013062535703751198	0.041113895684639544	-2.0394151455264857e-006	-1	
0	0.041580906250000008	0	-1	
0.00048511539729555729	0.040967075788669295	-2.9138091380172191e-007	-1	
0.001351069675210593	0.040593279046571611	-2.4932590063233867e-006	-1	
0.0050000000000000001	0.039978964285714291	-4.1255912067163572e-005	-1	
0.0049557498367480161	0.039955749836748024	-4.0898858173985637e-005	-1	
0.0050000000000000001	0.040000000000000008	-4.0425333315332827e-005	-1	
0.0049894821428571427	0.040033732306109134	-3.9148878467977687e-005	-1	
0.004961511344505733	0.040084473487089795	-3.7541575271313155e-005	-1	
0.004871821077727244	0.040077404134419826	-3.6670908017085573e-005	-1	
0	0.01	0	-1	
0	0.010021035714285715	0	-1	
0.009374363633208746	0.05715601112024473	4.4594304546923001e-006	-1	
0.010231037331222253	0.059138514261177492	7.4705809490899967e-006	-1	
0.0078366142109603278	0.055482002890231093	2.165598780658366e-006	-1	
0.01791187920079302	0.065756492356511709	5.627280752585176e-006	-1	
0.017032802275342773	0.064166433627468794	6.5429555027340383e-006	-1	
0.019071881831753699	0.067045080239504659	3.9954628702328878e-006	-1	
0.0218	0.068832251116071427	0	-1	
0.020262148957268002	0.06820395928009132	2.2595355115244865e-006	-1	
0.012437904928668492	0.061847199299039098	1.0700393419275121e-005	-1	
0.01360195486493187	0.062760710548897453	1.03781131584262e-005	-1	
0.009992349862759882	0.061284961749721173	1.1819248683093315e-005	-1	
0.014667934096731429	0.064115227803703517	9.9608358310042195e-006	-1	
0.0029505274877400069	0.053105670843118881	1.3624373965850454e-008	-1	
0.0039676219822441568	0.054486770059504828	4.9437493118312481e-007	-1	
0.005567389771392618	0.05504506275098333	1.1672973374441214e-006	-1	
0	0.052500000000000012	0	-1	
0.0013773268605975302	0.053279935267857147	1.1605175785166956e-008	-1	
0	0.020000000000000004	0	-1	
0.00013723716517857146	0.030102873641919194	-3.9843532299200488e-009	-1	
0.00011269312707610315	0.030216377548522036	-3.9574012940631858e-009	-1	
9.8503348214285736e-005	0.029999999999999999	-1.4058983035121886e-009	-1	
4.4250163251978896e-005	0.029955749836748022	-2.2084034041009244e-010	-1	
0	0.029901167968750003	0	-1	
0	0.019901167968750008	0	-1	
0	0.019823371651785722	0	-1	
0	0.019978964285714291	0	-1	
0	0.030176628348214281	0	-1	
0.00026432722986318271	0.039715862821286051	-1.1552072295069365e-007	-1	
0.00045365320027401741	0.039762076467745912	-3.3661468153231725e-007	-1	
0.00016892066054371258	0.039565022088966013	-4.883182165224028e-008	-1	
0	0.039356593750000002	0	-1	
0.00064077678571428586	0.040000000000000008	-6.3880588385239518e-007	-1	
0.0048240290178571434	0.040000000000000008	-3.7500928940490431e-005	-1	
0.0047465613839285719	0.040101287590946263	-3.4588649115351451e-005	-1	
0.0049014966517857148	0.040000000000000008	-3.8773091533326657e-005	-1	
0.00076415945919310654	0.040263943932474608	-8.5995821768561777e-007	-1	
0.00098919105007765269	0.040698538578875849	-1.2962613002275048e-006	-1	
0	0.040800970982142866	0	-1	
0.0005570357571205325	0.040468857220586157	-4.3470214320909288e-007	-1	
0.00026112725534182537	0.040516272514497208	-9.4528367613114905e-008	-1	
0.0049789642857142862	0.040000000000000008	-4.0076445754830298e-005	-1	
0.0049402304687500009	0.040030583252957844	-3.8624142971635434e-005	-1	
0.0071464841600355974	0.057607153994279583	4.2798460964209385e-006	-1	
0.0080745688129971755	0.059020819492472246	6.9133372997456781e-006	-1	
0.0059069658071570427	0.056608503551539083	2.5358153629752436e-006	-1	
0.017528381107405924	0.067447348367057972	6.1777691075993175e-006	-1	
0.01630945796943949	0.066418542983986223	8.0868149897070348e-006	-1	
0.018688383738366596	0.068735936250050894	4.4006104694379224e-006	-1	
0.020518970078281195	0.069771567746805541	1.7564353220206253e-006	-1	
0.0218	0.07138159375	0	-1	
0.011514961315218827	0.063055965031759101	1.3757686143630137e-005	-1	
0.012926306691364142	0.064077150674116651	1.2805595703369032e-005	-1	
0.0076572052610566496	0.0613285272094857	1.210304609979049e-005	-1	
0.0088797210865904728	0.063338460098049706	1.8481820657397332e-005	-1	
0.013757925663621178	0.065888935104935334	1.2204235672417356e-005	-1	
0.001943561319013866	0.054912302723642871	1.8926242129435118e-007	-1	
0.0043895264095943796	0.056127789365527016	1.3033404522371941e-006	-1	
0.0027109145323508683	0.056436924438636779	6.2104693410715408e-007	-1	
0	0.054059870535714288	0	-1	
6.8377516490288458e-005	0.030109038490957286	-1.0541359754652593e-009	-1	
4.4250163251978896e-005	0.030044250163251979	-3.4679693367487364e-010	-1	
2.1035714285714294e-005	0.029999999999999999	-6.4131100251894699e-011	-1	
0	0.029978964285714286	0	-1	
0	0.030098832031249995	0	-1	
8.8337154757889749e-005	0.039745575334821433	-1.2855216210831192e-008	-1	
0.00021743456922331756	0.039888073211141808	-7.5358633603661693e-008	-1	
0.00033090625000000004	0.040000000000000008	-1.7006803537355718e-007	-1	
0	0.039667779017857147	0	-1	
0.000485841517857143	0.040177753404367113	-3.5351931361844099e-007	-1	
0	0.040411003348214292	0	-1	
0.00029340885506904757	0.04032634087753624	-1.2457479558371657e-007	-1	
0.00010610529212157216	0.040281246490892174	-1.6442644069165514e-008	-1	
0.0066006801550629038	0.059207744276643839	6.2006270577225112e-006	-1	
0.0055480624482772082	0.058159276530699258	3.7557092283725987e-006	-1	
0.0064195791116853839	0.060682359841125792	9.1957358527176782e-006	-1	
0.016966660633457441	0.06894022620588286	6.6906111749808295e-006	-1	
0.014725766865843686	0.067154646636482782	1.0540252755222182e-005	-1	
0.015069393691486625	0.068710494597727781	9.5418443476974087e-006	-1	
0.019392887360445903	0.070891965491227241	3.0120071495992687e-006	-1	
0.016936821687946139	0.070851118169917349	5.9945446466645663e-006	-1	
0.019690191169426625	0.072595103250113022	2.2700831562169636e-006	-1	
0.0218	0.073930936383928572	0	-1	
0.011471678937986635	0.065035677661753347	1.67187745636185e-005	-1	
0.0095072791287510849	0.064786140387958546	2.1377756974957237e-005	-1	
0.0074338678765610358	0.062706703963834487	1.6911207759724387e-005	-1	
0.0066099119643179827	0.062251797215576526	1.4275683075337556e-005	-1	
0.0082445690141494839	0.065211513838999521	2.7106790786081417e-005	-1	
0.0075994811243051659	0.064260736063820642	2.4987190808413906e-005	-1	
0.012191322727887494	0.06712178066725262	1.5495715087410465e-005	-1	
0.013493282335945973	0.068164460558636009	1.2408186637267898e-005	-1	
0	0.055619741071428572	0	-1	
0.0033046690378347818	0.058199559221984366	1.6437628066431951e-006	-1	
0.0015200168347614493	0.057659652945593977	3.0072168424598231e-007	-1	
0	0.030021035714285712	0	-1	
0	0.029999999999999999	0	-1	
0	0.039823371651785719	0	-1	
0.00010376826762153528	0.039862269810267859	-1.7190079746896619e-008	-1	
0.00010924613478304973	0.039931444933148812	-1.8831426582949603e-008	-1	
0.00017597098214285715	0.040000000000000008	-4.8112588667460106e-008	-1	
0.00025343861607142861	0.040137877330944073	-9.6845967791394482e-008	-1	
0	0.040216019531250008	0	-1	
5.5875179824970943e-005	0.04016727357700893	-4.6837105107637418e-009	-1	
0.0052622712304788181	0.059791799601637677	5.4567047371575807e-006	-1	
0.005684190433550047	0.062081846803974834	1.1686665366703913e-005	-1	
0.015526521197553586	0.070196568860589503	8.0803136960614794e-006	-1	
0.013824470620081082	0.070083701672050108	1.0456641057871889e-005	-1	
0.017989902198205645	0.072908288809999208	3.8837436208291242e-006	-1	
0.016435172083342088	0.073107060828254175	5.2003157964794445e-006	-1	
0.014727920578929883	0.071530592594814979	8.0246517648538113e-006	-1	
0.019083675268667999	0.074214117222475173	2.4067394014315555e-006	-1	
0.0218	0.076480279017857145	0	-1	
0.019900801152100009	0.075708718394401506	1.383448044864641e-006	-1	
0.010088467310524556	0.066452667801165516	2.1524980423178721e-005	-1	
0.0087101005655355977	0.065853794706882698	2.6414943255319835e-005	-1	
0.0066868621629240302	0.063189838878758606	1.9085160220160752e-005	-1	
0.0076715519535939698	0.06576005352479905	3.211401494861652e-005	-1	
0.0074519708077904149	0.065179382516880657	3.0976888312301934e-005	-1	
0.006798601147021955	0.06473429900703398	3.0899469111078762e-005	-1	
0.00668689586354236	0.064079466262042944	2.5084293071351945e-005	-1	
0.010762246095634533	0.067974080929160463	1.8205465919078789e-005	-1	
0.012296187525904521	0.069326030269278846	1.3527960580431579e-005	-1	
0	0.058739482142857152	0	-1	
0.0038712553946006882	0.060236247592291535	3.8353635395683393e-006	-1	
0.0016532775097408887	0.059519417410714294	6.3456213232979354e-007	-1	
0	0.039901167968750005	0	-1	
4.4250163251984459e-005	0.039955749836748024	-3.0726828195316978e-009	-1	
9.8503348214285709e-005	0.040000000000000008	-1.50798943455762e-008	-1	
0.00011053286507362732	0.040070132670442266	-1.8716422640349638e-008	-1	
0	0.040118527622767866	0	-1	
4.3553424597625168e-005	0.040094154645647334	-2.8972396325823698e-009	-1	
0.0042529954761192871	0.062488695695927882	8.6119310378914254e-006	-1	
0.005879445838821884	0.063563356966404236	1.9494898031598547e-005	-1	
0.012441346021311937	0.07194476234602204	9.8487798848764283e-006	-1	
0.017269676825738402	0.074433823007479541	3.7480096995835469e-006	-1	
0.015045787648343658	0.073832530977253341	5.729001040461899e-006	-1	
0.013280678717040077	0.073527265750163578	7.2426661230565455e-006	-1	
0.018333270639083563	0.075743306636640848	2.3796178444879685e-006	-1	
0.0218	0.077754950334821438	0	-1	
0.020588812432880122	0.077117614676339291	6.7947940864771632e-007	-1	
0.019286309470090749	0.077151198282815983	1.3388640798938214e-006	-1	
0.008613996173226824	0.066743320053906235	2.7325251997109384e-005	-1	
0.0078023194270714046	0.06636692630134261	3.2307745879258538e-005	-1	
0.0070683928708949635	0.065613105166567126	3.6263223721987138e-005	-1	
0.0070991775506443356	0.066288324927035458	3.8258963968449997e-005	-1	
0.006661423607864844	0.065184517596234878	3.6170728799230825e-005	-1	
0.00633670035077226	0.064643954611883256	3.0946799046481608e-005	-1	
0.0063851400864253097	0.064959164314899703	3.529917814598899e-005	-1	
0.0060681988757275065	0.064321329925164511	2.6519585456790023e-005	-1	
0.0098931977883276873	0.069393035049936311	1.7653343804346088e-005	-1	
0.008427699904420426	0.0683171524783074	2.4639583852343384e-005	-1	
0.010357123582875806	0.070746903361562766	1.3930747801370294e-005	-1	
0	0.060299352678571436	0	-1	
0.0030757580951886543	0.061578774174038085	3.7663552879544001e-006	-1	
0.0015330892609907037	0.061343473421675794	9.0548310392874882e-007	-1	
0	0.039978964285714291	0	-1	
2.1035714285714294e-005	0.040000000000000008	-6.8779135528413178e-010	-1	
4.4250163251984459e-005	0.040044250163251992	-3.0160380606972321e-009	-1	
0	0.040069781668526795	0	-1	
0.0029106469167239114	0.063130525402429388	4.9155695044910355e-006	-1	
0.0046548891947883085	0.06399099414684481	1.5688376077810013e-005	-1	
0.0056039542196594846	0.064294284516113631	2.3837572349437137e-005	-1	
0.012027443070039407	0.074489815387154767	6.6453714690659386e-006	-1	
0.010509263990398383	0.074051370780932504	7.6527143564363334e-006	-1	
0.010045672285564546	0.07214375146979661	1.1126503335775571e-005	-1	
0.016716029071253483	0.076027389240424181	3.1411836926905989e-006	-1	
0.015172588137319604	0.076587713519701048	3.4632644172542119e-006	-1	
0.013666587579838692	0.075276514373959325	5.1840654879851162e-006	-1	
0.017718040256004115	0.077328214670727743	1.9788890582549613e-006	-1	
0.0218	0.079029621651785717	0	-1	
0.021087194914541696	0.078392285993303584	2.8560159811742713e-007	-1	
0.020305230136177098	0.077963258935058927	6.7322353850320323e-007	-1	
0.018884979332870949	0.078390785289709095	1.0967265593906805e-006	-1	
0.0077886820393216726	0.06708878782026767	3.1656965568609751e-005	-1	
0.0071791109696128404	0.066701885840661126	3.7397955773597902e-005	-1	
0.0064964763343082141	0.065703431495522963	4.2726672857155156e-005	-1	
0.0067310234285748883	0.06608366784030216	4.1800806512579146e-005	-1	
0.006754072865575762	0.066529830076236487	4.2291160995095184e-005	-1	
0.0063060215620453809	0.0651561261986838	3.8945210120082596e-005	-1	
0.0062490623620778552	0.065489564237992667	4.3898478502325916e-005	-1	
0.0062009184023302409	0.064853731418358762	3.4299534721179876e-005	-1	
0.0061057539363757619	0.064739384165666006	3.2255048187507047e-005	-1	
0.0061821453915172327	0.065021187523483376	3.7627604667863791e-005	-1	
0.0058463315433327154	0.06469115702436716	3.0290905921265534e-005	-1	
0.0080759273857755713	0.069340731707026149	2.1175120705804452e-005	-1	
0.0089527783678724007	0.070471220454638175	1.5841836846720961e-005	-1	
0.0074714774489592732	0.067880415108067291	3.0634505302253678e-005	-1	
0.0073927132189954411	0.068501281443669737	2.722341790317562e-005	-1	
0	0.061859223214285726	0	-1	
0.000564812051290589	0.062639158482142868	1.7721134183019809e-007	-1	
0.0015221832828909319	0.063422201233717931	1.4845246324816497e-006	-1	
0	0.040000000000000008	0	-1	
0	0.040021035714285717	0	-1	
0.0026276294642857147	0.064352632790287453	5.3448226256176033e-006	-1	
0.0033723705357142858	0.064296911550113037	8.9629188067914651e-006	-1	
0.004675667410714286	0.064652649506373311	1.9101159492129131e-005	-1	
0.0041171116071428574	0.064576829253661816	1.4256218246569246e-005	-1	
0.0050480379464285718	0.064523585555087151	2.1609595045393502e-005	-1	
0.0055071322102535954	0.064749125206172306	2.7971759073789834e-005	-1	
0.01182883579513069	0.076057506855824034	4.8541042748796639e-006	-1	
0.010043124489642209	0.075958369121478214	5.0147035917911055e-006	-1	
0.0086899530238934916	0.074788958953400278	6.2247662126200441e-006	-1	
0.0081958692345692509	0.07138876419538473	1.3206178962113321e-005	-1	
0.0077562201493098252	0.0726860818268628	9.6700627543953935e-006	-1	
0.016846085544244771	0.078643698653937694	1.5818786997473177e-006	-1	
0.014900264052679822	0.078312775930003575	2.2655857024193469e-006	-1	
0.013182981058075532	0.07799506561705076	2.8208517186716581e-006	-1	
0.0218	0.07966695731026785	0	-1	
0.021068616354609347	0.079348289481026776	2.056167142529062e-007	-1	
0.020299999000089507	0.078855170234754191	4.9637575046028283e-007	-1	
0.01794045416439391	0.07992301160220848	7.2291949885454528e-007	-1	
0.019806836040466205	0.079623759542492151	4.6212016732473119e-007	-1	
0.01894270748182128	0.079929197704565094	5.4500170970162802e-007	-1	
0.007074359717334563	0.067193733764259689	3.6989660499493723e-005	-1	
0.006171355845371939	0.06566808258928572	4.68962188370882e-005	-1	
0.0062103348715819321	0.065945388392857157	4.8225599121089335e-005	-1	
0.0063489010215599766	0.066315129464285721	4.7537117058471215e-005	-1	
0.0063790144783667938	0.066793632620082047	4.664793612567689e-005	-1	
0.0065729472228640059	0.067232109735790122	4.2192531637167915e-005	-1	
0.0061002833325526336	0.065266728376190783	4.3137826910394945e-005	-1	
0.0061274054086208687	0.06511550574293308	4.007507340612345e-005	-1	
0.0060000000000000001	0.065575647321428565	4.8839473384946888e-005	-1	
0.0060000000000000001	0.065390776785714283	4.6653382644679399e-005	-1	
0.0061119793165446794	0.064888020683455325	3.5116611610461421e-005	-1	
0.0059792761573613084	0.06481771003108959	3.3272009254095702e-005	-1	
0.0060902983266333099	0.064980842283084386	3.728604095025524e-005	-1	
0.0060836446441979372	0.065040193431201335	3.8829069149290518e-005	-1	
0.005731552799816261	0.064899012360549055	3.2433864952548813e-005	-1	
0.0058837899300538069	0.064870842313620211	3.362515916344391e-005	-1	
0.0069938716158977014	0.069315959682235584	2.2277630686948884e-005	-1	
0.0075235050487618069	0.070407579017192357	1.6612030417595508e-005	-1	
0.0068857674146755284	0.067659909855645614	3.592606990158726e-005	-1	
0.0068787275099956805	0.068081229252152972	3.2401885809239487e-005	-1	
0.0067310757606469582	0.068447792880740987	2.9423149098916576e-005	-1	
0	0.063419093750000002	0	-1	
0.00063412957325079946	0.063599630635034224	2.7106713455800544e-007	-1	
0.00098980576261460456	0.064154795773392836	7.2560285556824769e-007	-1	
0.0016769031765433593	0.064314491734712556	2.162821521702474e-006	-1	
0.0022552589285714285	0.065000000000000002	4.3113901773056046e-006	-1	
0.0030000000000000001	0.065000000000000002	7.8418299156130065e-006	-1	
0.0037447410714285716	0.065000000000000002	1.2665164975813263e-005	-1	
0.0044894821428571432	0.065000000000000002	1.9018454586612412e-005	-1	
0.0048618526785714289	0.065000000000000002	2.2968019228279326e-005	-1	
0.0052342232142857147	0.065000000000000002	2.7327270857367989e-005	-1	
0.0056065937500000005	0.065000000000000002	3.2252402038383036e-005	-1	
0.010820764558600329	0.078083250400145687	2.8809994465116163e-006	-1	
0.0085688229419548251	0.076970805837232426	3.5785260624587869e-006	-1	
0.0066766485431455271	0.0758777347664739	3.7577964172432249e-006	-1	
0.0067265176431787399	0.073589429547278734	6.871595925811831e-006	-1	
0.007015311965931117	0.0715339622936043	1.1957361194215832e-005	-1	
0.017019417410714287	0.080318285277688944	6.5431746452782833e-007	-1	
0.014979611607142861	0.080057397577271081	1.0331973536634707e-006	-1	
0.013404237179963509	0.080039330568188363	1.1656898639782683e-006	-1	
0.012046695309731353	0.079239823799490045	1.8590564170029376e-006	-1	
0.0218	0.080304292968749996	0	-1	
0.02121621019198363	0.080132309430586274	1.0489671780260149e-007	-1	
0.02052321448647362	0.080195434763935453	2.1295514364713498e-007	-1	
0.018379287946428572	0.080824108096431868	3.0004992850578756e-007	-1	
0.01991518445200096	0.080533853635668298	2.3531698295082273e-007	-1	
0.019399190848214287	0.080979408725624508	1.7265417032844151e-007	-1	
0.0060000000000000001	0.065760517857142861	5.0517882333294722e-005	-1	
0.0060000000000000001	0.066130258928571439	5.257433001872856e-005	-1	
0.0060000000000000001	0.066500000000000004	5.3285610108415539e-005	-1	
0.0060000000000000001	0.067239482142857146	5.0629672122405339e-005	-1	
0.006464646286179313	0.067645192883630301	4.0043771251256052e-005	-1	
0.0062490623620778552	0.06751043576200734	4.4284772255304177e-005	-1	
0.006052339953699846	0.065159688616071437	4.196484810165033e-005	-1	
0.0060000000000000001	0.065205906250000001	4.3770927517459954e-005	-1	
0.0060440102690804687	0.065090362165178578	4.0551041474684132e-005	-1	
0.005836561910289079	0.065422595713278187	4.2754478621806323e-005	-1	
0.0057318453103195298	0.065661696356627899	4.2568056348408852e-005	-1	
0.0058992180361493842	0.065268327559688893	4.2125426484134318e-005	-1	
0.0060191577169156204	0.064909701673366696	3.5492781629614953e-005	-1	
0.0059598065687986859	0.064916066201015657	3.5306122210765864e-005	-1	
0.0060268904464657221	0.064973109553534289	3.7254625648950365e-005	-1	
0.0060337323061091276	0.06501051785714286	3.8432323408452505e-005	-1	
0.0060257113204749092	0.065044144531250001	3.9559945772538707e-005	-1	
0.0058393253348214295	0.064947305567069472	3.4636107667190246e-005	-1	
0.0057927790178571434	0.065000000000000002	3.4981211008256674e-005	-1	
0.0059091448102678579	0.064955582265275591	3.5730988621211756e-005	-1	
0.0064673067596480024	0.069810427847276438	1.8619746812476656e-005	-1	
0.0062648484471799016	0.068776237090317299	2.6242051829547853e-005	-1	
0.0062721774903376328	0.0705466676840769	1.457564530471387e-005	-1	
0.0065328296143829182	0.067890115205835044	3.6580371899786654e-005	-1	
0.0064879654397333531	0.068140177851234288	3.3679672719915595e-005	-1	
0.0063562145812940847	0.068332863638477334	3.145738070205573e-005	-1	
0	0.064199029017857151	0	-1	
0.0005460371926002518	0.064253047511920958	2.2049845807755975e-007	-1	
0.00068052072656589534	0.064487852396705944	3.5847780709246037e-007	-1	
0.0011067671449873882	0.064729883792666268	9.8952962117690664e-007	-1	
0.001510517857142857	0.065000000000000002	1.9097857413717163e-006	-1	
0.0020661757371200468	0.065495428873938111	3.7928406542279969e-006	-1	
0.0026276294642857147	0.065425914054682635	6.2456291373254903e-006	-1	
0.0032493726083436081	0.065593759017583936	1.0036760697231885e-005	-1	
0.0041171116071428574	0.065416636882551615	1.6832042862968601e-005	-1	
0.004675667410714286	0.065432808526473929	2.3008074472280421e-005	-1	
0.0051970905177890579	0.065276577777951872	2.9153803104934836e-005	-1	
0.0054577389868673901	0.06517689588404417	3.2231558639204716e-005	-1	
0.0056383043645309959	0.065158638383247161	3.4982062477770826e-005	-1	
0.0057299897697833313	0.065101474997965453	3.5733797947197505e-005	-1	
0.0088207460049839828	0.079141442400905052	1.7399006565516811e-006	-1	
0.010475741008553273	0.07985029150400004	1.3357165199617971e-006	-1	
0.0076308295415045101	0.078179606230202106	2.218896319228836e-006	-1	
0.0050873057798772395	0.074230671536303097	3.9951726544360216e-006	-1	
0.0051674734869728445	0.076914860226751494	2.0016499385615622e-006	-1	
0.0057959059337849596	0.071734083315945857	9.5668329300805811e-006	-1	
0.0046287778997322762	0.072531271935148009	5.6360416273408514e-006	-1	
0.01769935267857143	0.081600000000000006	0	-1	
0.016339482142857145	0.081600000000000006	0	-1	
0.013619741071428573	0.081600000000000006	0	-1	
0.012259870535714288	0.081600000000000006	0	-1	
0.011579935267857146	0.080508843152014342	8.4420939676343396e-007	-1	
0.021576279786655141	0.080622960797991083	2.5623968353217072e-008	-1	
0.0218	0.080941628627232143	0	-1	
0.021196693938054144	0.080740592253930543	6.1406191954419551e-008	-1	
0.020496029193744228	0.08089076836403325	1.1167923186481481e-007	-1	
0.019059223214285714	0.081600000000000006	0	-1	
0.020072448397927937	0.08119720632364516	8.22942849231789e-008	-1	
0.019739158482142857	0.081600000000000006	0	-1	
0.0057795843246614513	0.065945388392857157	4.5664673646586547e-005	-1	
0.005657205834774001	0.066315129464285721	4.3807336280286538e-005	-1	
0.0055900969369892077	0.066849811832990935	4.163868523314402e-005	-1	
0.005840950373807878	0.067464119149908686	4.434278037611318e-005	-1	
0.0060000000000000001	0.067609223214285724	4.7021396697167204e-005	-1	
0.0055713644361594901	0.067388363532439335	3.864600004246278e-005	-1	
0.0063060215620453818	0.067843873801316221	3.9158603493237392e-005	-1	
0.0061002833325526336	0.067733271623809224	4.3453004171046957e-005	-1	
0.0060000000000000001	0.06511347098214286	4.1830437141993344e-005	-1	
0.0059466627837042344	0.065159688616071423	4.1405918265057621e-005	-1	
0.0060000000000000001	0.065067253348214282	4.0647320006851915e-005	-1	
0.0056821114805642118	0.065405451883248866	3.8987925550150469e-005	-1	
0.0057634130013957952	0.065273017337677319	3.9047451665669628e-005	-1	
0.0054049650166065177	0.065862565708627349	3.6751343552021617e-005	-1	
0.0054233677587632737	0.065439895611096324	3.4192945841304015e-005	-1	
0.0058724860346322091	0.065191973677205861	4.019011523812182e-005	-1	
0.0059894821428571436	0.064966267693890883	3.6921301058271101e-005	-1	
0.0059556911272321432	0.064974237437235224	3.6805228162496604e-005	-1	
0.0060000000000000001	0.065000000000000002	3.8288134825391408e-005	-1	
0.0060000000000000001	0.065021035714285719	3.9184621926776012e-005	-1	
0.0058858716517857148	0.065000000000000002	3.642764011206359e-005	-1	
0.0058393253348214295	0.065053669149959553	3.6814685713527487e-005	-1	
0.005932417968750001	0.065000000000000002	3.7168025677039414e-005	-1	
0.0057648180357951781	0.069978591181376823	1.6082511645671783e-005	-1	
0.0058597486484012109	0.069419733010435247	1.9749462019133296e-005	-1	
0.0060425639516665346	0.068381880156418801	3.048138052215316e-005	-1	
0.0058273272872121249	0.068660034582427379	2.6033540568573573e-005	-1	
0.0055129061839562345	0.070486404823711282	1.2950187776137512e-005	-1	
0.006319933769431226	0.067980975094120946	3.6870617953064713e-005	-1	
0.0062592282372391419	0.068104689088334808	3.5123018648637433e-005	-1	
0.006146732262485877	0.068200247144885387	3.3647897081909636e-005	-1	
0	0.064588996651785718	0	-1	
0.00025475804069603639	0.064488935744969958	4.9774492786127246e-008	-1	
0.00044044419745673137	0.064612681940475342	1.5227639498009082e-007	-1	
0.0006726841517857142	0.064758329277275234	3.6405959538689167e-007	-1	
0.00076577678571428586	0.065000000000000002	4.8519550092558076e-007	-1	
0.0011353273827061883	0.065267566242889888	1.1027863537190901e-006	-1	
0.0015391250828771968	0.06543694955893524	2.0752546903666687e-006	-1	
0.0024443363605414969	0.066301897500071899	5.6383919538885189e-006	-1	
0.0016748335662123666	0.065853274549740243	2.5255838097626871e-006	-1	
0.0031366213759645577	0.066277245254030018	9.6809070285071055e-006	-1	
0.0038003529965155661	0.066078935870250655	1.4894860747206211e-005	-1	
0.0045307831325711615	0.06600512677287429	2.2880590823042818e-005	-1	
0.0050483370500931275	0.065721088797114871	2.9578862175101993e-005	-1	
0.0056166823187533636	0.065264498447905842	3.5993329023143277e-005	-1	
0.0057422519859668978	0.065188113086824442	3.7342859452203378e-005	-1	
0.0058074964165632072	0.065129806271930865	3.7677227636528353e-005	-1	
0.0081802589285714291	0.081600000000000006	0	-1	
0.0068203883928571428	0.080707743325607983	4.4714600416032834e-007	-1	
0.0109	0.081600000000000006	0	-1	
0.0062900826926054944	0.078916781851407367	1.3189610778573074e-006	-1	
0.0036039776323624536	0.073283072239096386	2.9895528476452734e-006	-1	
0.0034557215134577561	0.075149911830541219	1.6874503165189006e-006	-1	
0.0048657434029731501	0.07872101568156134	9.589650589155193e-007	-1	
0.0036545035235058636	0.077946441760211913	7.8486722200016008e-007	-1	
0.0041641180752471649	0.071196435319690304	6.9163378856161049e-006	-1	
0.0033002362426979813	0.072048908371037196	3.6470364296032673e-006	-1	
0.021494561010306043	0.081003646969061538	2.2036801518348959e-008	-1	
0.021626805951815781	0.08115438997275215	9.2694331783763102e-009	-1	
0.0218	0.081260296456473216	0	-1	
0.021023140568480408	0.081098086035406761	4.5759710321118926e-008	-1	
0.020589077566964285	0.081277326329737776	4.7758149421943402e-008	-1	
0.020419093749999999	0.081600000000000006	0	-1	
0.0049997824601370122	0.066363706275856027	3.042352573244036e-005	-1	
0.0051017549980629682	0.067330922280901331	3.0277953417117165e-005	-1	
0.005842169380781673	0.067642263697752406	4.2306874668268414e-005	-1	
0.0057407046585007046	0.067611386805783963	4.0312774169719748e-005	-1	
0.0060000000000000001	0.067794093750000006	4.40710791082175e-005	-1	
0.0058992180361493955	0.067731672440311058	4.2420998067456417e-005	-1	
0.0055820482285513558	0.067668187312586864	3.6350189218119576e-005	-1	
0.0053208052971341572	0.06774254891667135	3.1094873079147394e-005	-1	
0.0061274054086208731	0.067884494257066927	4.0361333886037554e-005	-1	
0.0061821453915172301	0.067978812476516631	3.7924544680665478e-005	-1	
0.006052339953699846	0.06784031138392857	4.2261286274920335e-005	-1	
0.0059598829022641285	0.065090362165178578	4.01865196964923e-005	-1	
0.0058882089215220763	0.065112618109643167	3.9024146861688288e-005	-1	
0.005955749836748017	0.065044250163251979	3.8877052670435139e-005	-1	
0.0059789642857142862	0.065000000000000002	3.7957579251688495e-005	-1	
0.0059091448102678579	0.065040547483575073	3.7819094274648192e-005	-1	
0.0053483835807110469	0.069593991882031775	1.657514908727255e-005	-1	
0.0054167708609247113	0.069058096774115271	2.0276724794627663e-005	-1	
0.0058463315433327154	0.068308842975632847	3.0547038110479634e-005	-1	
0.0059792761573613084	0.068182289968910417	3.3594918085875949e-005	-1	
0.0055071322102535954	0.068250874793827701	2.8243891471360921e-005	-1	
0.0052917170383359902	0.068500089938070038	2.38229051201667e-005	-1	
0.004870335182542449	0.06984564663718712	1.3189850925280352e-005	-1	
0.0040664017224888924	0.070285341445697105	8.6804001251398048e-006	-1	
0.0061117963073697946	0.068111796307369799	3.540104752609893e-005	-1	
0	0.064783980468750002	0	-1	
0.00010610529212156075	0.064718753509107829	8.9540722269772303e-009	-1	
0.00027455382917849054	0.064761922871278937	6.022301008054065e-008	-1	
0.00042541137164986241	0.064835317256323646	1.4640731081215359e-007	-1	
0.00057959151785714287	0.065000000000000002	2.7739478618149668e-007	-1	
0.00067919470286584445	0.065257451083328658	3.9162851681638506e-007	-1	
0.00089804734047721491	0.065677991058609289	7.0735227584992968e-007	-1	
0.0015179791571762694	0.066931833942031893	2.077703697623912e-006	-1	
0.0026034007528629643	0.067314109067753397	6.2551136451600239e-006	-1	
0.00090353957186511719	0.066677867699120014	7.2959928312544845e-007	-1	
0.0036246777800910098	0.066700852692685067	1.3393438461734605e-005	-1	
0.0033723705357142858	0.067295817708570682	1.0993454326531469e-005	-1	
0.0044662389074606118	0.066913687089743934	2.2063823927121894e-005	-1	
0.0054605178571428574	0.081600000000000006	0	-1	
0.0053174843011201322	0.080085932150136582	5.4991599284831653e-007	-1	
0.0024008989962967329	0.07287316849373611	1.6158551146306572e-006	-1	
0.0017101377403721874	0.074471673503609642	5.0912630172094207e-007	-1	
0.0019590645192309776	0.076416435942197103	4.2364766837987122e-007	-1	
0.0038026729414431266	0.080220863972669462	3.0388319485802414e-007	-1	
0.0021216602552995277	0.07963325594442032	1.464974150439322e-007	-1	
0.0014181124019973005	0.078386334165886085	1.2303047592048228e-007	-1	
0.003178703589572444	0.070841335624530599	4.6989613024041159e-006	-1	
0.0021437817033097607	0.071680648921450915	1.7720402764225957e-006	-1	
0.021517695298485112	0.081202837788194926	1.3222966442710312e-008	-1	
0.021333568824285779	0.081229784199700616	2.006703067169087e-008	-1	
0.021616347443532892	0.081270069326693589	7.3714472000870051e-009	-1	
0.0218	0.08141963037109376	0	-1	
0.021709115487134542	0.081339963413783481	2.8701590025934416e-009	-1	
0.020929045200892858	0.081409367245333084	1.9476143943697377e-008	-1	
0.021184020926339288	0.081394443284239879	1.4578782948185904e-008	-1	
0.020759061383928568	0.081600000000000006	0	-1	
0.0050480379464285718	0.067794100431467857	2.6704925196157866e-005	-1	
0.004675667410714286	0.067644512382258895	2.2757869923859377e-005	-1	
0.0058108993917210562	0.067743607963053079	4.0125995730283165e-005	-1	
0.0057233118236245765	0.067760071789210105	3.8002447107886487e-005	-1	
0.0060000000000000001	0.067886529017857147	4.2122626893821685e-005	-1	
0.0059466627837042093	0.06784031138392857	4.1695418532917545e-005	-1	
0.0058724860346321276	0.067808026322794132	4.0463765248361154e-005	-1	
0.0055756291447978642	0.067836582549161722	3.4249393825630693e-005	-1	
0.0052342232142857147	0.068000000000000005	2.7506114793967257e-005	-1	
0.0054204084821428576	0.068000000000000005	3.0000295682405644e-005	-1	
0.0060836446441979355	0.067959806568798672	3.912023979273684e-005	-1	
0.0060440102690804695	0.067909637834821429	4.0842999378905233e-005	-1	
0.0060902983266333081	0.068019157716915621	3.7576455332071426e-005	-1	
0.00487232974250434	0.068887094208175473	1.7884227803147389e-005	-1	
0.005731552799816261	0.068100987639450952	3.271706023205277e-005	-1	
0.0058837899300538069	0.068129157686379796	3.3918233059430583e-005	-1	
0.0060191577169156196	0.068090298326633311	3.5789619849322083e-005	-1	
0.0059598065687986868	0.06808393379898435	3.5603886768075932e-005	-1	
0.0053273158482142861	0.068172607710846531	2.7072678697530171e-005	-1	
0.0056065937500000005	0.068000000000000005	3.2542846535482535e-005	-1	
0.0050480379464285718	0.068211823139139746	2.3670131971604382e-005	-1	
0.004675667410714286	0.06835138725821148	1.9225269496888913e-005	-1	
0.0040492839386686253	0.069369182335988863	1.0955842769786472e-005	-1	
0.003189943985303304	0.069566208512683053	6.5565434007327433e-006	-1	
0	0.064881472377232144	0	-1	
5.5875179824970394e-005	0.064832726422991066	2.5186658662002817e-009	-1	
0.000136276046756183	0.064810873712946901	1.494661576474383e-008	-1	
0.00019317741215514044	0.064871734824958588	3.0255885508283901e-008	-1	
0.0002700102302166687	0.064898525002034552	5.9328282663283752e-008	-1	
0.00039340624999999998	0.065000000000000002	1.2753384811066071e-007	-1	
0.00042437085520213619	0.065163417450838285	1.5093502980306746e-007	-1	
0.00041795177144864396	0.065331812687413143	1.4850370878047325e-007	-1	
0.00042863556384048929	0.065611636467560616	1.5971302995225233e-007	-1	
0.00036859895726036048	0.066130258928571425	1.2000758355716943e-007	-1	
0.0018828883928571427	0.067583387807794271	3.1123863224950058e-006	-1	
0.00095181776202021948	0.067280396893550073	7.9284335313166692e-007	-1	
0.0013243325892857143	0.067567865280316664	1.5143695436739716e-006	-1	
0.0030000000000000001	0.068000000000000005	7.8556066978953713e-006	-1	
0.0022552589285714285	0.068000000000000005	4.3173887248190357e-006	-1	
0.00060081389782677577	0.067201059231986535	3.157415411993045e-007	-1	
0.0002885449471482625	0.066869741071428568	7.3618452115079249e-008	-1	
0.0041171116071428574	0.067578471652392849	1.6895044044601537e-005	-1	
0.0037447410714285716	0.068000000000000005	1.2715435518411461e-005	-1	
0.0027407767857142861	0.081600000000000006	0	-1	
0.0011420854120480213	0.073429250331456503	3.1233430688988264e-007	-1	
0.00094910684754636145	0.072257888392857156	3.0717050498954629e-007	-1	
0	0.074800000000000005	0	-1	
0	0.076494741071428576	0	-1	
0.0021451258556957004	0.080752067592727711	6.2149434743273392e-008	-1	
0.0014433049868711808	0.080302801396228252	4.7430015344526539e-008	-1	
0.0011829819970196739	0.079798604393683942	4.9314045881819868e-008	-1	
0	0.078189482142857147	0	-1	
0.0022522772161796671	0.070352590622753203	2.7247154368363794e-006	-1	
0.001006183787403797	0.070986832589285717	4.665814094939387e-007	-1	
0.021509877517461432	0.081321964644072556	9.4479326067544554e-009	-1	
0.021426242258967124	0.081405834261098722	8.4972600345100083e-009	-1	
0.021609506945248304	0.081386018888603168	4.9795802457113514e-009	-1	
0.0218	0.081499297328404025	0	-1	
0.021691047156554569	0.081459463849748892	1.8898784258486654e-009	-1	
0.021099029017857145	0.081600000000000006	0	-1	
0.021269012834821431	0.081600000000000006	0	-1	
0.0048618526785714289	0.068000000000000005	2.3055223620403419e-005	-1	
0.0044894821428571432	0.068000000000000005	1.9138353968112378e-005	-1	
0.0058074964165632167	0.067870193728069114	3.7961516172359505e-005	-1	
0.0057299897697833321	0.067898525002034554	3.6027019199192901e-005	-1	
0.0060000000000000001	0.067932746651785725	4.093893536616322e-005	-1	
0.0059598829022641285	0.067909637834821443	4.0476884150737788e-005	-1	
0.0058882089215220946	0.067887381890356854	3.9309917583961184e-005	-1	
0.0060257113204749083	0.067955855468750007	3.9851815999654689e-005	-1	
0.0060337323061091241	0.067989482142857147	3.8724466176559368e-005	-1	
0.0060268904464657212	0.068026890446465718	3.754789238855289e-005	-1	
0.0041171116071428574	0.068422322904619859	1.4428608200149448e-005	-1	
0.0058393253348214295	0.068052694432930536	3.4925949007684328e-005	-1	
0.0057927790178571434	0.068000000000000005	3.5269891679596707e-005	-1	
0.0059091448102678579	0.068044417734724416	3.602368604482125e-005	-1	
0.0059894821428571436	0.068033732306109124	3.721539700030723e-005	-1	
0.005955691127232144	0.068025762562764783	3.7098623293556162e-005	-1	
0.0033723705357142858	0.068703651254608089	8.9032583383504432e-006	-1	
0.0023480418774714873	0.069304511530314153	3.7300331291107916e-006	-1	
0.0024999264014661758	0.068638153450685871	4.8789002308053989e-006	-1	
0	0.064930218331473222	0	-1	
4.3553424597627153e-005	0.064905845354352676	1.5433071788414175e-009	-1	
0.00011417186595798879	0.064891205808218999	1.0590203712064983e-008	-1	
0.0001606746651785714	0.064946330850040451	2.1111242035260477e-008	-1	
0.00020722098214285713	0.065000000000000002	3.533029003300346e-008	-1	
0.0002700102302166687	0.065101474997965453	6.0671542151967116e-008	-1	
0.00027668817637542401	0.065239928210789902	6.4548335832196213e-008	-1	
0.00025929534149929552	0.065388613194216044	5.7363896557800633e-008	-1	
0.00015904962619213788	0.065535880850091349	2.1817858095712051e-008	-1	
0	0.065760517857142861	0	-1	
0	0.066500000000000004	0	-1	
0.001510517857142857	0.068000000000000005	1.8945093970008016e-006	-1	
0.00080209252277309545	0.067723773494979336	5.4279389644732107e-007	-1	
0.00057663224123672687	0.067560104388903683	2.837298048441237e-007	-1	
0.0011381473214285714	0.068000000000000005	1.0669732828779392e-006	-1	
0.0018546699751149625	0.068412884404504548	2.7269180488603355e-006	-1	
0.00026815468968046968	0.067338303643372108	6.232739681477295e-008	-1	
0	0.067239482142857146	0	-1	
0.0020608415178571433	0.081600000000000006	0	-1	
0	0.073105258928571434	0	-1	
0	0.071410517857142863	0	-1	
0.0016293232156825419	0.08125193858508796	1.5013978539238096e-008	-1	
0.0014366283275353761	0.080870197288564455	2.5167792325411421e-008	-1	
0.00097463852988112899	0.080622698924371683	1.6617111078414182e-008	-1	
0	0.079884223214285718	0	-1	
0.00054318466655322889	0.080358245503446946	7.2585692097884532e-009	-1	
0.0017353938503788808	0.069435817891636789	1.9680777948317275e-006	-1	
0.00075047618799653655	0.069925452052513534	3.3907264921914527e-007	-1	
0	0.070563147321428571	0	-1	
0.021438996651785714	0.081600000000000006	0	-1	
0.021588291962574863	0.081493689185750215	2.7148223382798502e-009	-1	
0.0218	0.081578964285714275	0	-1	
0.021755749836748016	0.081555749836748029	2.451251756699047e-010	-1	
0.021690408413772455	0.081529775663952184	9.9349021603022541e-010	-1	
0.0058393253348214295	0.067946330850040454	3.7102584349539586e-005	-1	
0.005955749836748017	0.067955749836748028	3.9168101840057371e-005	-1	
0.0060000000000000001	0.067978964285714288	3.9476812705381074e-005	-1	
0.0059091448102678579	0.067959452516424934	3.8108860234112386e-005	-1	
0.0060000000000000001	0.068000000000000005	3.8580844590729921e-005	-1	
0.0058858716517857148	0.068000000000000005	3.6718085419413421e-005	-1	
0.005932417968750001	0.068000000000000005	3.745982393885821e-005	-1	
0.0059789642857142862	0.068000000000000005	3.8250221789646444e-005	-1	
0.0020439172258068382	0.068890481030202691	3.0671513491786524e-006	-1	
0	0.064978964285714286	0	-1	
4.4250163251984459e-005	0.064955749836748025	1.6028559451945825e-009	-1	
9.0855189732142849e-005	0.064959452516424931	6.7574257526995972e-009	-1	
0.00011412834821428571	0.065000000000000002	1.0712835248751522e-008	-1	
0.0001606746651785714	0.065053669149959553	2.1362442433910506e-008	-1	
0.00019250358343678411	0.065129806271930893	3.0910580248769708e-008	-1	
0.00018910060827894418	0.065256392036946928	3.0186726125541403e-008	-1	
0.00015783061921831405	0.065357736302247615	2.1223436090103921e-008	-1	
0	0.065390776785714283	0	-1	
0.0013243325892857143	0.06832538315320176	1.3924276976667371e-006	-1	
0.00076577678571428586	0.068000000000000005	4.8086455973344625e-007	-1	
0.00054175866871070198	0.067823001511502293	2.4448520674644494e-007	-1	
0.0003178885194357879	0.067594548116751141	8.5779234906631143e-008	-1	
0.00038331768124663722	0.067735501552094166	1.2323628349964859e-007	-1	
0.00080619150487553151	0.068324492697326933	5.1138016900985199e-007	-1	
0.0015323862817989602	0.068843055803844797	1.7227027010113843e-006	-1	
0	0.067424352678571442	0	-1	
0.0001634380897109207	0.067577404286721821	2.2712826717684432e-008	-1	
0.0013809062500000002	0.081600000000000006	0	-1	
0.0012109224330357144	0.08134024782848874	6.388206631679246e-009	-1	
0.00098376682151710224	0.081128668016620581	8.0565164210615308e-009	-1	
0.00049884369546853509	0.080795057050277189	3.7936158325927747e-009	-1	
0	0.080307908482142865	0	-1	
0.00025843909904659608	0.080692446656865494	1.2048130969675566e-009	-1	
0.00098868396557177832	0.069183538795481545	6.780010304464314e-007	-1	
0	0.069715776785714292	0	-1	
0.00037605859168618835	0.069242085613602219	9.6626269078202625e-008	-1	
0.021608980468750004	0.081600000000000006	0	-1	
0.0218	0.081600000000000006	0	-1	
0.021778964285714287	0.081600000000000006	0	-1	
0.021693972377232151	0.081600000000000006	0	-1	
0	0.065000000000000002	0	-1	
2.1035714285714294e-005	0.065000000000000002	3.6388782085563168e-010	-1	
6.7582031250000002e-005	0.065000000000000002	3.756083411492495e-009	-1	
9.0855189732142849e-005	0.065040547483575073	6.8206271401281426e-009	-1	
0.00011179107847790601	0.065112618109643153	1.0404236625450638e-008	-1	
0.00012751396536786662	0.065191973677205875	1.3648426950649106e-008	-1	
0.00010078196385060581	0.065268327559688935	8.5905112899132541e-009	-1	
0	0.065205906250000001	0	-1	
0.0010436760029561174	0.068573920938869007	8.3084531168828774e-007	-1	
0.00067268415178571431	0.068168878801073307	3.6282429953466037e-007	-1	
0.00057959151785714287	0.068000000000000005	2.7445960959243114e-007	-1	
0.00036169563546900488	0.067841361616752846	1.0867322482043474e-007	-1	
0.00039340624999999998	0.068000000000000005	1.2632335009110717e-007	-1	
0.00023658699860420448	0.067726982662322688	4.6975167573954884e-008	-1	
0.00025774801403310337	0.067811886913175565	5.5309249191115785e-008	-1	
0.00060256753229142852	0.068348517181199636	2.8489333153156719e-007	-1	
0.00068745349989035804	0.068650698986700426	3.5511677525729814e-007	-1	
0	0.067609223214285724	0	-1	
0.00010078196385061608	0.067731672440311114	8.523056493024564e-009	-1	
0.0010409386160714286	0.081600000000000006	0	-1	
0.00071657858656610498	0.081381543685190821	1.9732490716719245e-009	-1	
0.00062020586327820009	0.081184873766286303	2.6940503257583405e-009	-1	
0.00032531929918220106	0.081095259260071884	9.4827293257064687e-010	-1	
0.0001854499236457318	0.080943436383928577	4.263392420699249e-010	-1	
0	0.080731593749999997	0	-1	
0	0.068868406250000014	0	-1	
0.00027902404165393849	0.06872089406794632	5.8118018148872549e-008	-1	
0	0.065021035714285719	0	-1	
4.4250163251984459e-005	0.065044250163251979	1.61768001943823e-009	-1	
4.0117097735871719e-005	0.065090362165178564	1.3370166345369852e-009	-1	
5.3337216295790558e-005	0.065159688616071437	2.3804912718643493e-009	-1	
0	0.06511347098214286	0	-1	
0.00041857414390970924	0.068156368511536392	1.405385094772383e-007	-1	
0.00027001023021666875	0.067898525002034554	6.0175432169586002e-008	-1	
0.00020722098214285715	0.068000000000000005	3.5031034138724782e-008	-1	
0.00027001023021666875	0.068101474997965455	5.881843985365226e-008	-1	
0.00012751396536778983	0.067808026322794146	1.3538583890850247e-008	-1	
0.00019250358343679325	0.067870193728069142	3.0676227204799728e-008	-1	
0.0004458650761772502	0.068450313097479801	1.5371857910692286e-007	-1	
0.00034197239796952898	0.06829499284851541	9.2197495339925476e-008	-1	
0	0.067794093750000006	0	-1	
5.3337216295766584e-005	0.067840311383928584	2.3614898508930464e-009	-1	
0.00070097098214285725	0.081600000000000006	0	-1	
0.00051896920597543222	0.081475975096799533	5.9169305484352009e-010	-1	
0.00033490806424185291	0.081301467124902549	5.7469336775237132e-010	-1	
0.00016408955488915217	0.081224172399388977	1.9159415082600996e-010	-1	
0	0.081155279017857143	0	-1	
0	0.068656563616071448	0	-1	
0.0001227500886063533	0.068527472877802476	1.1559446943680473e-008	-1	
0.00026037522588478589	0.068472931314960739	5.2350113098898285e-008	-1	
0	0.065067253348214282	0	-1	
0.0001606746651785714	0.067946330850040454	2.1189035369353203e-008	-1	
0.00011412834821428572	0.068000000000000005	1.062533137999609e-008	-1	
0.0001606746651785714	0.068053669149959556	2.0930574609539008e-008	-1	
0.00022638066241535595	0.068280150180023563	4.0454546262324305e-008	-1	
0.00017277680246823143	0.068176668875745194	2.3871932195347617e-008	-1	
0.00011179107847792373	0.06788738189035684	1.0322028084213588e-008	-1	
0.00017434078115138721	0.068388714595415984	2.3678593362384752e-008	-1	
0	0.067886529017857147	0	-1	
4.0117097735871712e-005	0.067909637834821429	1.3263596810134594e-009	-1	
0.00036100334821428573	0.081600000000000006	0	-1	
0.00031850739397321434	0.081488240933945549	1.971616113250421e-010	-1	
0.00015884522967717806	0.081365928865607784	1.0702199969383128e-010	-1	
0	0.081261200334821412	0	-1	
7.9207116548566699e-005	0.081337827009164074	3.091605952222766e-011	-1	
0	0.068444720982142868	0	-1	
9.0855189732142862e-005	0.067959452516424934	6.7655727814244081e-009	-1	
9.0855189732142876e-005	0.068040547483575076	6.7057824754595836e-009	-1	
6.7582031250000015e-005	0.068000000000000005	3.7260763785095831e-009	-1	
7.009421367079465e-005	0.068109687936881491	3.9605009617185044e-009	-1	
0.00011003743999779859	0.068286933153846555	9.5310882988285827e-009	-1	
5.0222302669632265e-005	0.068179917689732139	2.0147428831853071e-009	-1	
0	0.067932746651785725	0	-1	
4.4250163251984459e-005	0.067955749836748028	1.6046812193073727e-009	-1	
0.00027601143973214289	0.081600000000000006	0	-1	
0.00019976785238319823	0.081502273618478907	6.1670985643845903e-011	-1	
0.00010835728091856802	0.081466621322727251	2.6004056807776192e-011	-1	
6.0075759079962234e-005	0.081420082310267872	1.1523661661114718e-011	-1	
0	0.081367121651785723	0	-1	
0	0.068232878348214288	0	-1	
4.2840097860185799e-005	0.068042840097860185	1.4901506077901114e-009	-1	
2.1035714285714294e-005	0.068000000000000005	3.6095242112332518e-010	-1	
0	0.068126957031250004	0	-1	
0	0.06807399637276787	0	-1	
0	0.067978964285714288	0	-1	
0.00019101953125	0.081600000000000006	0	-1	
0.00010680717519634962	0.081533662968023266	1.2484945854215463e-011	-1	
4.9924027924362453e-005	0.081499523297991081	4.3937369096267256e-012	-1	
0	0.081473042968750006	0	-1	
0	0.068021035714285721	0	-1	
0	0.068000000000000005	0	-1	
0.00010602762276785716	0.081600000000000006	0	-1	
4.4250163251984459e-005	0.081555749836748029	1.6292999006209352e-012	-1	
0	0.081526003627232141	0	-1	
2.1035714285714294e-005	0.081600000000000006	0	-1	
0	0.081578964285714275	0	-1	
0	0.081600000000000006	0	-1	
11661
1	0	2	14	-1	0	-1	0
4	1	2	14	-1	-1	-1	0
3	1	4	14	-1	-1	-1	0
2	5	4	14	0	-1	-1	0
3	4	7	14	-1	-1	-1	0
3	7	6	14	-1	-1	-1	0
8	4	5	14	-1	-1	-1	0
7	4	8	14	-1	-1	-1	0
5	9	8	14	0	-1	-1	0
6	7	11	14	-1	-1	-1	0
8	12	7	14	-1	-1	-1	0
10	6	11	14	-1	-1	-1	0
13	8	9	14	-1	-1	-1	0
12	11	7	14	-1	-1	-1	0
8	13	12	14	-1	-1	-1	0
13	9	14	14	-1	0	-1	0
10	11	16	14	-1	-1	-1	0
17	11	12	14	-1	-1	-1	0
15	10	16	14	-1	-1	-1	0
13	17	12	14	-1	-1	-1	0
16	11	17	14	-1	-1	-1	0
13	14	18	14	-1	-1	-1	0
17	13	18	14	-1	-1	-1	0
19	18	14	14	-1	-1	0	0
21	15	16	14	-1	-1	-1	0
21	16	17	14	-1	-1	-1	0
21	20	15	14	-1	-1	-1	0
22	17	18	14	-1	-1	-1	0
17	22	21	14	-1	-1	-1	0
23	18	19	14	-1	-1	-1	0
24	23	19	14	-1	-1	0	0
18	23	22	14	-1	-1	-1	0
21	26	20	14	-1	-1	-1	0
22	27	21	14	-1	-1	-1	0
20	26	25	14	-1	-1	-1	0
22	23	28	14	-1	-1	-1	0
27	26	21	14	-1	-1	-1	0
23	24	29	14	-1	-1	-1	0
28	27	22	14	-1	-1	-1	0
28	23	29	14	-1	-1	-1	0
26	32	25	14	-1	-1	-1	0
29	24	30	14	-1	0	-1	0
33	26	27	14	-1	-1	-1	0
31	25	32	14	-1	-1	-1	0
28	33	27	14	-1	-1	-1	0
28	29	34	14	-1	-1	-1	0
26	33	32	14	-1	-1	-1	0
29	30	34	14	-1	-1	-1	0
33	28	34	14	-1	-1	-1	0
34	30	35	14	-1	0	-1	0
37	31	32	14	-1	-1	-1	0
37	32	33	14	-1	-1	-1	0
37	36	31	14	-1	-1	-1	0
33	34	38	14	-1	-1	-1	0
37	33	38	14	-1	-1	-1	0
39	34	35	14	-1	-1	-1	0
34	39	38	14	-1	-1	-1	0
39	35	40	14	-1	0	-1	0
36	37	42	14	-1	-1	-1	0
37	38	42	14	-1	-1	-1	0
42	41	36	14	-1	-1	-1	0
38	39	42	14	-1	-1	-1	0
40	43	39	14	-1	-1	-1	0
43	42	39	14	-1	-1	-1	0
43	40	45	14	-1	-1	-1	0
40	44	45	14	0	-1	-1	0
41	42	48	14	-1	-1	-1	0
42	43	48	14	-1	-1	-1	0
46	41	47	14	-1	-1	-1	0
48	43	45	14	-1	-1	-1	0
48	47	41	14	-1	-1	-1	0
51	45	44	14	-1	-1	-1	0
44	49	50	14	0	-1	-1	0
44	50	51	14	-1	-1	-1	0
45	53	48	14	-1	-1	-1	0
46	47	55	14	-1	-1	-1	0
51	52	45	14	-1	-1	-1	0
48	53	47	14	-1	-1	-1	0
45	52	53	14	-1	-1	-1	0
55	54	46	14	-1	-1	-1	0
55	47	53	14	-1	-1	-1	0
50	49	57	14	-1	-1	-1	0
51	50	58	14	-1	-1	-1	0
57	49	56	14	-1	0	-1	0
60	52	51	14	-1	-1	-1	0
50	57	59	14	-1	-1	-1	0
53	52	61	14	-1	-1	-1	0
50	59	58	14	-1	-1	-1	0
53	61	55	14	-1	-1	-1	0
58	60	51	14	-1	-1	-1	0
63	54	55	14	-1	-1	-1	0
52	60	61	14	-1	-1	-1	0
57	56	66	14	-1	-1	-1	0
63	62	54	14	-1	-1	-1	0
55	61	64	14	-1	-1	-1	0
55	64	63	14	-1	-1	-1	0
57	67	59	14	-1	-1	-1	0
68	58	59	14	-1	-1	-1	0
60	58	68	14	-1	-1	-1	0
56	65	66	14	0	-1	-1	0
67	57	66	14	-1	-1	-1	0
70	61	60	14	-1	-1	-1	0
61	70	64	14	-1	-1	-1	0
59	67	69	14	-1	-1	-1	0
68	59	69	14	-1	-1	-1	0
63	72	62	14	-1	-1	-1	0
60	68	70	14	-1	-1	-1	0
64	73	63	14	-1	-1	-1	0
77	66	65	14	-1	-1	-1	0
72	71	62	14	-1	-1	-1	0
70	75	64	14	-1	-1	-1	0
74	72	63	14	-1	-1	-1	0
73	74	63	14	-1	-1	-1	0
67	66	78	14	-1	-1	-1	0
73	64	75	14	-1	-1	-1	0
79	69	67	14	-1	-1	-1	0
65	76	77	14	0	-1	-1	0
80	70	68	14	-1	-1	-1	0
68	69	81	14	-1	-1	-1	0
66	77	78	14	-1	-1	-1	0
67	78	79	14	-1	-1	-1	0
80	75	70	14	-1	-1	-1	0
72	83	71	14	-1	-1	-1	0
79	81	69	14	-1	-1	-1	0
81	80	68	14	-1	-1	-1	0
74	84	72	14	-1	-1	-1	0
73	85	74	14	-1	-1	-1	0
73	75	86	14	-1	-1	-1	0
82	71	83	14	-1	-1	-1	0
83	72	84	14	-1	-1	-1	0
80	86	75	14	-1	-1	-1	0
76	90	77	14	-1	-1	-1	0
86	85	73	14	-1	-1	-1	0
87	84	74	14	-1	-1	-1	0
77	91	78	14	-1	-1	-1	0
74	85	88	14	-1	-1	-1	0
87	74	88	14	-1	-1	-1	0
92	79	78	14	-1	-1	-1	0
81	79	94	14	-1	-1	-1	0
76	89	90	14	0	-1	-1	0
96	80	81	14	-1	-1	-1	0
77	90	91	14	-1	-1	-1	0
95	86	80	14	-1	-1	-1	0
78	91	93	14	-1	-1	-1	0
78	93	92	14	-1	-1	-1	0
99	82	83	14	-1	-1	-1	0
94	79	92	14	-1	-1	-1	0
84	99	83	14	-1	-1	-1	0
95	80	96	14	-1	-1	-1	0
81	94	97	14	-1	-1	-1	0
101	84	87	14	-1	-1	-1	0
86	103	85	14	-1	-1	-1	0
81	97	96	14	-1	-1	-1	0
85	102	88	14	-1	-1	-1	0
98	82	99	14	-1	-1	-1	0
88	105	87	14	-1	-1	-1	0
99	84	100	14	-1	-1	-1	0
95	104	86	14	-1	-1	-1	0
100	84	101	14	-1	-1	-1	0
90	89	108	14	-1	-1	-1	0
91	90	109	14	-1	-1	-1	0
103	102	85	14	-1	-1	-1	0
101	87	105	14	-1	-1	-1	0
103	86	104	14	-1	-1	-1	0
93	91	111	14	-1	-1	-1	0
106	88	102	14	-1	-1	-1	0
112	92	93	14	-1	-1	-1	0
94	92	112	14	-1	-1	-1	0
106	105	88	14	-1	-1	-1	0
107	108	89	14	-1	-1	0	0
94	114	97	14	-1	-1	-1	0
116	95	96	14	-1	-1	-1	0
108	110	90	14	-1	-1	-1	0
109	90	110	14	-1	-1	-1	0
117	96	97	14	-1	-1	-1	0
111	91	109	14	-1	-1	-1	0
95	115	104	14	-1	-1	-1	0
111	113	93	14	-1	-1	-1	0
98	99	120	14	-1	-1	-1	0
113	112	93	14	-1	-1	-1	0
99	100	120	14	-1	-1	-1	0
112	114	94	14	-1	-1	-1	0
101	121	100	14	-1	-1	-1	0
116	115	95	14	-1	-1	-1	0
105	123	101	14	-1	-1	-1	0
117	116	96	14	-1	-1	-1	0
114	118	97	14	-1	-1	-1	0
126	102	103	14	-1	-1	-1	0
97	118	117	14	-1	-1	-1	0
125	106	102	14	-1	-1	-1	0
127	103	104	14	-1	-1	-1	0
120	119	98	14	-1	-1	-1	0
106	129	105	14	-1	-1	-1	0
120	100	122	14	-1	-1	-1	0
122	100	121	14	-1	-1	-1	0
121	101	124	14	-1	-1	-1	0
127	104	115	14	-1	-1	-1	0
132	108	107	14	-1	-1	-1	0
124	101	123	14	-1	-1	-1	0
133	110	108	14	-1	-1	-1	0
110	134	109	14	-1	-1	-1	0
102	126	125	14	-1	-1	-1	0
134	111	109	14	-1	-1	-1	0
129	123	105	14	-1	-1	-1	0
126	103	128	14	-1	-1	-1	0
103	127	128	14	-1	-1	-1	0
113	111	136	14	-1	-1	-1	0
130	106	125	14	-1	-1	-1	0
137	112	113	14	-1	-1	-1	0
138	114	112	14	-1	-1	-1	0
106	130	129	14	-1	-1	-1	0
118	114	138	14	-1	-1	-1	0
131	132	107	14	-1	-1	0	0
115	116	140	14	-1	-1	-1	0
132	133	108	14	-1	-1	-1	0
117	142	116	14	-1	-1	-1	0
135	110	133	14	-1	-1	-1	0
117	118	143	14	-1	-1	-1	0
134	110	135	14	-1	-1	-1	0
136	111	134	14	-1	-1	-1	0
141	127	115	14	-1	-1	-1	0
120	146	119	14	-1	-1	-1	0
137	138	112	14	-1	-1	-1	0
122	146	120	14	-1	-1	-1	0
113	136	139	14	-1	-1	-1	0
137	113	139	14	-1	-1	-1	0
121	147	122	14	-1	-1	-1	0
124	147	121	14	-1	-1	-1	0
115	140	141	14	-1	-1	-1	0
149	124	123	14	-1	-1	-1	0
116	142	140	14	-1	-1	-1	0
118	138	144	14	-1	-1	-1	0
149	123	129	14	-1	-1	-1	0
142	117	143	14	-1	-1	-1	0
151	125	126	14	-1	-1	-1	0
144	143	118	14	-1	-1	-1	0
151	130	125	14	-1	-1	-1	0
154	126	128	14	-1	-1	-1	0
128	127	155	14	-1	-1	-1	0
146	145	119	14	-1	-1	-1	0
122	148	146	14	-1	-1	-1	0
157	129	130	14	-1	-1	-1	0
148	122	147	14	-1	-1	-1	0
150	147	124	14	-1	-1	-1	0
150	124	149	14	-1	-1	-1	0
127	141	155	14	-1	-1	-1	0
131	161	132	14	-1	-1	-1	0
132	161	133	14	-1	-1	-1	0
126	152	151	14	-1	-1	-1	0
162	135	133	14	-1	-1	-1	0
153	152	126	14	-1	-1	-1	0
126	154	153	14	-1	-1	-1	0
165	134	135	14	-1	-1	-1	0
136	134	164	14	-1	-1	-1	0
129	158	149	14	-1	-1	-1	0
154	128	156	14	-1	-1	-1	0
155	156	128	14	-1	-1	-1	0
130	151	159	14	-1	-1	-1	0
136	167	139	14	-1	-1	-1	0
137	168	138	14	-1	-1	-1	0
139	168	137	14	-1	-1	-1	0
129	157	158	14	-1	-1	-1	0
130	159	157	14	-1	-1	-1	0
138	168	144	14	-1	-1	-1	0
141	140	170	14	-1	-1	-1	0
161	131	160	14	-1	0	-1	0
140	142	171	14	-1	-1	-1	0
161	163	133	14	-1	-1	-1	0
133	163	162	14	-1	-1	-1	0
142	143	174	14	-1	-1	-1	0
174	143	144	14	-1	-1	-1	0
165	164	134	14	-1	-1	-1	0
135	162	166	14	-1	-1	-1	0
135	166	165	14	-1	-1	-1	0
136	164	167	14	-1	-1	-1	0
141	173	155	14	-1	-1	-1	0
146	178	145	14	-1	-1	-1	0
178	146	148	14	-1	-1	-1	0
148	147	180	14	-1	-1	-1	0
139	167	169	14	-1	-1	-1	0
179	147	150	14	-1	-1	-1	0
168	139	169	14	-1	-1	-1	0
182	150	149	14	-1	-1	-1	0
170	140	171	14	-1	-1	-1	0
172	141	170	14	-1	-1	-1	0
141	172	173	14	-1	-1	-1	0
171	142	174	14	-1	-1	-1	0
151	152	184	14	-1	-1	-1	0
176	144	168	14	-1	-1	-1	0
158	182	149	14	-1	-1	-1	0
152	153	185	14	-1	-1	-1	0
144	175	174	14	-1	-1	-1	0
184	159	151	14	-1	-1	-1	0
187	153	154	14	-1	-1	-1	0
176	175	144	14	-1	-1	-1	0
188	154	156	14	-1	-1	-1	0
178	177	145	14	-1	-1	-1	0
189	156	155	14	-1	-1	-1	0
147	179	180	14	-1	-1	-1	0
181	178	148	14	-1	-1	-1	0
157	159	191	12	-1	-1	-1	0
158	157	192	12	-1	-1	-1	0
180	181	148	14	-1	-1	-1	0
150	183	179	14	-1	-1	-1	0
182	183	150	14	-1	-1	-1	0
173	189	155	14	-1	-1	-1	0
161	160	196	14	-1	-1	-1	0
161	196	163	14	-1	-1	-1	0
184	152	185	14	-1	-1	-1	0
163	197	162	14	-1	-1	-1	0
153	186	185	14	-1	-1	-1	0
166	162	197	14	-1	-1	-1	0
187	186	153	14	-1	-1	-1	0
187	154	188	14	-1	-1	-1	0
165	200	164	14	-1	-1	-1	0
167	164	201	14	-1	-1	-1	0
202	165	166	14	-1	-1	-1	0
158	193	182	12	-1	-1	-1	0
188	156	190	14	-1	-1	-1	0
189	190	156	14	-1	-1	-1	0
159	184	194	12	-1	-1	-1	0
191	192	157	12	-1	-1	-1	0
169	167	205	14	-1	-1	-1	0
158	192	193	12	-1	-1	-1	0
168	169	206	14	-1	-1	-1	0
191	159	194	12	-1	-1	-1	0
170	208	172	14	-1	-1	-1	0
209	170	171	14	-1	-1	-1	0
160	195	196	14	0	-1	-1	0
176	168	207	14	-1	-1	-1	0
171	174	211	14	-1	-1	-1	0
198	163	196	14	-1	-1	-1	0
172	213	173	14	-1	-1	-1	0
197	163	199	14	-1	-1	-1	0
163	198	199	14	-1	-1	-1	0
174	175	211	14	-1	-1	-1	0
200	201	164	14	-1	-1	-1	0
203	166	197	14	-1	-1	-1	0
175	176	215	14	-1	-1	-1	0
202	200	165	14	0	-1	-1	0
202	166	203	14	-1	-1	0	0
201	204	167	14	-1	-1	-1	0
177	178	218	14	-1	-1	-1	0
173	214	189	14	-1	-1	-1	0
167	204	205	14	-1	-1	-1	0
218	178	181	14	-1	-1	-1	0
180	179	219	14	-1	-1	-1	0
169	205	206	14	-1	-1	-1	0
206	207	168	14	-1	-1	-1	0
180	221	181	14	-1	-1	-1	0
183	220	179	14	-1	-1	-1	0
208	170	209	14	-1	-1	-1	0
183	182	223	12	-1	-1	-1	0
210	209	171	14	-1	-1	-1	0
211	210	171	14	-1	-1	-1	0
212	172	208	14	-1	-1	-1	0
185	225	184	12	-1	-1	-1	0
213	172	212	14	-1	-1	-1	0
185	186	226	12	-1	-1	-1	0
182	193	223	12	-1	-1	-1	0
207	216	176	14	-1	-1	-1	0
213	214	173	14	-1	-1	-1	0
175	215	211	14	-1	-1	-1	0
228	186	187	14	-1	-1	-1	0
194	184	225	12	-1	-1	-1	0
188	229	187	14	-1	-1	-1	0
216	215	176	14	-1	-1	-1	0
188	190	230	14	-1	-1	-1	0
232	190	189	14	-1	-1	-1	0
218	217	177	14	-1	-1	-1	0
192	191	234	12	-1	-1	-1	0
179	220	219	14	-1	-1	-1	0
194	235	191	12	-1	-1	-1	0
221	180	219	14	-1	-1	-1	0
181	222	218	14	-1	-1	-1	0
192	236	193	12	-1	-1	-1	0
181	221	222	14	-1	-1	-1	0
220	183	224	12	-1	-1	-1	0
195	239	196	14	-1	-1	-1	0
224	183	223	12	-1	-1	-1	0
198	196	239	14	-1	-1	-1	0
232	189	214	14	-1	-1	-1	0
225	185	226	12	-1	-1	-1	0
199	241	197	14	-1	-1	-1	0
227	226	186	12	-1	-1	-1	0
198	242	199	14	-1	-1	-1	0
197	240	203	14	-1	0	-1	0
186	228	227	12	-1	-1	-1	0
187	229	228	14	-1	-1	-1	0
200	244	201	14	0	-1	-1	0
231	229	188	14	-1	-1	-1	0
244	204	201	14	-1	-1	-1	0
230	231	188	14	-1	-1	-1	0
236	223	193	12	-1	-1	-1	0
230	190	233	14	-1	-1	-1	0
225	235	194	12	-1	-1	-1	0
245	205	204	14	-1	-1	-1	0
232	233	190	14	-1	-1	-1	0
247	206	205	14	-1	-1	-1	0
234	191	235	12	-1	-1	-1	0
206	247	207	14	-1	-1	-1	0
234	237	192	12	-1	-1	-1	0
236	192	237	12	-1	-1	-1	0
209	251	208	14	-1	-1	-1	0
250	212	208	14	-1	-1	-1	0
209	210	252	14	-1	-1	-1	0
248	216	207	14	-1	-1	-1	0
238	239	195	14	-1	-1	0	0
210	211	254	14	-1	-1	-1	0
197	241	240	14	-1	-1	-1	0
198	239	242	14	-1	-1	-1	0
213	212	255	14	-1	-1	-1	0
211	215	254	14	-1	-1	-1	0
199	243	241	14	-1	-1	-1	0
214	213	257	14	-1	-1	-1	0
243	199	242	14	-1	-1	-1	0
260	215	216	14	-1	-1	-1	0
244	245	204	14	0	-1	-1	0
245	246	205	14	-1	-1	-1	0
205	246	247	14	-1	-1	-1	0
218	263	217	14	-1	-1	-1	0
263	218	222	14	-1	-1	-1	0
219	220	264	14	-1	-1	-1	0
207	249	248	14	-1	-1	-1	0
249	207	247	14	-1	-1	-1	0
214	259	232	14	-1	-1	-1	0
264	221	219	14	-1	-1	-1	0
222	221	266	14	-1	-1	-1	0
224	265	220	12	-1	-1	-1	0
251	250	208	14	-1	-1	-1	0
252	251	209	14	-1	-1	-1	0
210	253	252	14	-1	-1	-1	0
224	223	269	12	-1	-1	-1	0
210	254	253	14	-1	-1	-1	0
256	212	250	14	-1	-1	-1	0
225	226	270	12	-1	-1	-1	0
255	212	256	14	-1	-1	-1	0
259	233	232	14	-1	-1	-1	0
227	271	226	12	-1	-1	-1	0
216	248	261	14	-1	-1	-1	0
255	258	213	14	-1	-1	-1	0
227	228	272	12	-1	-1	-1	0
269	223	236	12	-1	-1	-1	0
257	213	258	14	-1	-1	-1	0
254	215	260	14	-1	-1	-1	0
214	257	259	14	-1	-1	-1	0
235	225	270	12	-1	-1	-1	0
228	229	274	14	-1	-1	-1	0
229	231	276	14	-1	-1	-1	0
216	261	260	14	-1	-1	-1	0
230	278	231	14	-1	-1	-1	0
230	233	277	14	-1	-1	-1	0
263	262	217	14	-1	-1	-1	0
220	265	264	12	-1	-1	-1	0
267	221	264	14	-1	-1	-1	0
235	283	234	12	-1	-1	-1	0
222	268	263	14	-1	-1	-1	0
234	282	237	12	-1	-1	-1	0
266	221	267	14	-1	-1	-1	0
268	222	266	14	-1	-1	-1	0
285	236	237	12	-1	-1	-1	0
265	224	269	12	-1	-1	-1	0
226	271	270	12	-1	-1	-1	0
238	290	239	14	-1	-1	-1	0
271	227	273	12	-1	-1	-1	0
242	239	290	14	-1	-1	-1	0
259	280	233	14	-1	-1	-1	0
241	291	240	14	-1	0	-1	0
272	273	227	12	-1	-1	-1	0
228	275	272	12	-1	-1	-1	0
290	243	242	14	-1	-1	-1	0
292	241	243	14	-1	-1	-1	0
275	228	274	12	-1	-1	-1	0
229	276	274	14	-1	-1	-1	0
230	277	278	14	-1	-1	-1	0
246	245	294	14	-1	0	-1	0
276	231	279	14	-1	-1	-1	0
278	279	231	14	-1	-1	-1	0
295	247	246	14	-1	-1	-1	0
235	270	284	12	-1	-1	-1	0
280	277	233	14	-1	-1	-1	0
295	249	247	14	-1	-1	-1	0
236	286	269	12	-1	-1	-1	0
296	248	249	14	-1	-1	-1	0
234	281	282	12	-1	-1	-1	0
281	234	283	12	-1	-1	-1	0
298	250	251	14	-1	-1	-1	0
235	284	283	12	-1	-1	-1	0
300	251	252	14	-1	-1	-1	0
248	296	261	14	-1	-1	-1	0
250	299	256	14	-1	-1	-1	0
252	253	301	14	-1	-1	-1	0
288	237	282	12	-1	-1	-1	0
286	236	285	12	-1	-1	-1	0
237	287	285	12	-1	-1	-1	0
303	253	254	14	-1	-1	-1	0
288	287	237	12	-1	-1	-1	0
255	256	305	14	-1	-1	-1	0
303	254	260	14	-1	-1	-1	0
304	258	255	14	-1	-1	-1	0
238	289	290	14	0	-1	-1	0
258	307	257	14	-1	-1	-1	0
259	257	308	14	-1	-1	-1	0
292	291	241	14	-1	-1	-1	0
293	243	290	14	-1	-1	-1	0
243	293	292	14	-1	-1	-1	0
313	260	261	14	-1	-1	-1	0
295	246	294	14	-1	-1	-1	0
262	263	315	14	-1	-1	-1	0
295	297	249	14	-1	-1	-1	0
296	249	297	14	-1	-1	-1	0
265	316	264	12	-1	-1	-1	0
315	263	268	14	-1	-1	-1	0
316	267	264	12	-1	-1	-1	0
250	298	299	14	-1	-1	-1	0
300	298	251	14	-1	-1	-1	0
280	259	311	14	-1	-1	-1	0
269	318	265	12	-1	-1	-1	0
266	267	319	14	-1	-1	-1	0
252	301	300	14	-1	-1	-1	0
320	268	266	14	-1	-1	-1	0
301	253	302	14	-1	-1	-1	0
303	302	253	14	-1	-1	-1	0
299	306	256	14	-1	-1	-1	0
304	255	305	14	-1	-1	-1	0
271	324	270	12	-1	-1	-1	0
306	305	256	14	-1	-1	-1	0
273	325	271	12	-1	-1	-1	0
261	296	313	14	-1	-1	-1	0
258	304	309	14	-1	-1	-1	0
327	273	272	12	-1	-1	-1	0
308	257	307	14	-1	-1	-1	0
275	327	272	12	-1	-1	-1	0
303	260	312	14	-1	-1	-1	0
307	258	310	14	-1	-1	-1	0
310	258	309	14	-1	-1	-1	0
270	324	284	12	-1	-1	-1	0
286	323	269	12	-1	-1	-1	0
311	259	308	14	-1	-1	-1	0
274	330	275	12	-1	-1	-1	0
274	276	329	14	-1	-1	-1	0
276	279	329	14	-1	-1	-1	0
312	260	313	14	-1	-1	-1	0
277	333	278	14	-1	-1	-1	0
332	277	280	14	-1	-1	-1	0
334	279	278	14	-1	-1	-1	0
262	315	314	14	-1	-1	-1	0
265	317	316	12	-1	-1	-1	0
317	265	318	12	-1	-1	-1	0
281	283	337	12	-1	-1	-1	0
281	339	282	12	-1	-1	-1	0
316	321	267	12	-1	-1	-1	0
315	268	322	14	-1	-1	-1	0
319	320	266	14	-1	-1	-1	0
267	321	319	12	-1	-1	-1	0
283	284	342	12	-1	-1	-1	0
340	288	282	12	-1	-1	-1	0
269	323	318	12	-1	-1	-1	0
320	322	268	14	-1	-1	-1	0
285	345	286	12	-1	-1	-1	0
345	285	287	12	-1	-1	-1	0
326	324	271	12	-1	-1	-1	0
325	326	271	12	-1	-1	-1	0
287	288	348	12	-1	-1	-1	0
328	325	273	12	-1	-1	-1	0
280	311	336	14	-1	-1	-1	0
327	328	273	12	-1	-1	-1	0
289	352	290	14	-1	-1	-1	0
331	327	275	12	-1	-1	-1	0
274	329	330	12	-1	-1	-1	0
290	352	293	14	-1	-1	-1	0
353	291	292	14	0	-1	-1	0
330	331	275	12	-1	-1	-1	0
292	293	355	14	-1	-1	-1	0
332	333	277	14	-1	-1	-1	0
335	329	279	14	-1	-1	-1	0
333	334	278	14	-1	-1	-1	0
294	356	295	14	0	-1	-1	0
334	335	279	14	-1	-1	-1	0
356	297	295	14	-1	-1	-1	0
280	336	332	14	-1	-1	-1	0
357	296	297	14	-1	-1	-1	0
322	314	315	14	-1	-1	-1	0
284	324	344	12	-1	-1	-1	0
347	323	286	12	-1	-1	-1	0
281	337	338	12	-1	-1	-1	0
299	298	359	14	-1	-1	-1	0
300	359	298	14	-1	-1	-1	0
339	281	338	12	-1	-1	-1	0
282	339	340	12	-1	-1	-1	0
283	341	337	12	-1	-1	-1	0
362	300	301	14	-1	-1	-1	0
299	360	306	14	-1	-1	-1	0
283	342	341	12	-1	-1	-1	0
357	313	296	14	-1	-1	-1	0
301	302	364	14	-1	-1	-1	0
343	342	284	12	-1	-1	-1	0
365	302	303	14	-1	-1	-1	0
344	343	284	12	-1	-1	-1	0
304	305	368	14	-1	-1	-1	0
286	345	346	12	-1	-1	-1	0
288	340	350	12	-1	-1	-1	0
286	346	347	12	-1	-1	-1	0
369	305	306	14	-1	-1	-1	0
309	304	368	14	-1	-1	-1	0
345	287	349	12	-1	-1	-1	0
367	303	312	14	-1	-1	-1	0
349	287	348	12	-1	-1	-1	0
348	288	350	12	-1	-1	-1	0
371	308	307	14	-1	-1	-1	0
307	310	372	14	-1	-1	-1	0
289	351	352	14	0	-1	-1	0
373	311	308	14	-1	-1	-1	0
374	310	309	12	-1	-1	-1	0
353	292	354	14	-1	-1	-1	0
293	352	355	14	-1	-1	-1	0
354	292	355	14	-1	-1	-1	0
368	326	309	12	-1	-1	-1	0
312	313	378	14	-1	-1	-1	0
326	374	309	12	-1	-1	-1	0
356	358	297	14	-1	-1	-1	0
297	358	357	14	-1	-1	-1	0
317	381	316	12	-1	-1	-1	0
314	322	380	14	-1	-1	-1	0
382	317	318	12	-1	-1	-1	0
321	316	381	12	-1	-1	-1	0
359	361	299	14	-1	-1	-1	0
299	361	360	14	-1	-1	-1	0
300	362	359	14	-1	-1	-1	0
336	311	376	14	-1	-1	-1	0
320	319	385	14	-1	-1	-1	0
325	374	326	12	-1	-1	-1	0
318	323	384	12	-1	-1	-1	0
386	319	321	12	-1	-1	-1	0
362	301	363	14	-1	-1	-1	0
325	328	374	12	-1	-1	-1	0
364	363	301	14	-1	-1	-1	0
387	322	320	14	-1	-1	-1	0
364	302	366	14	-1	-1	-1	0
302	365	366	14	-1	-1	-1	0
365	303	367	14	-1	-1	-1	0
370	306	360	14	-1	-1	-1	0
326	391	324	12	-1	-1	-1	0
369	368	305	14	-1	-1	-1	0
306	370	369	14	-1	-1	-1	0
328	327	392	12	-1	-1	-1	0
313	357	379	14	-1	-1	-1	0
392	327	331	12	-1	-1	-1	0
372	371	307	14	-1	-1	-1	0
373	308	371	14	-1	-1	-1	0
329	393	330	12	-1	-1	-1	0
312	377	367	14	-1	-1	-1	0
331	330	394	12	-1	-1	-1	0
393	329	335	12	-1	-1	-1	0
344	370	343	12	-1	-1	-1	0
391	344	324	12	-1	-1	-1	0
310	375	372	12	-1	-1	-1	0
374	375	310	12	-1	-1	-1	0
376	311	373	14	-1	-1	-1	0
323	347	390	12	-1	-1	-1	0
332	395	333	14	-1	-1	-1	0
336	395	332	14	-1	-1	-1	0
333	396	334	14	-1	-1	-1	0
335	334	396	14	-1	-1	-1	0
378	377	312	14	-1	-1	-1	0
313	379	378	14	-1	-1	-1	0
337	399	338	12	-1	-1	-1	0
339	338	400	14	-1	-1	-1	0
375	374	328	12	-1	-1	-1	0
337	341	399	12	-1	-1	-1	0
317	382	381	12	-1	-1	-1	0
340	339	402	14	-1	-1	-1	0
318	383	382	12	-1	-1	-1	0
344	369	370	12	-1	-1	-1	0
384	383	318	12	-1	-1	-1	0
368	391	326	12	-1	-1	-1	0
405	341	342	12	-1	-1	-1	0
388	321	381	12	-1	-1	-1	0
319	386	385	12	-1	-1	-1	0
322	389	380	14	-1	-1	-1	0
387	320	385	14	-1	-1	-1	0
408	342	343	12	-1	-1	-1	0
340	404	350	14	-1	-1	-1	0
388	386	321	12	-1	-1	-1	0
328	392	375	12	-1	-1	-1	0
323	390	384	12	-1	-1	-1	0
389	322	387	14	-1	-1	-1	0
345	411	346	12	-1	-1	-1	0
344	391	369	12	-1	-1	-1	0
349	410	345	12	-1	-1	-1	0
412	347	346	12	-1	-1	-1	0
336	376	398	14	-1	-1	-1	0
349	348	414	12	-1	-1	-1	0
350	414	348	12	-1	-1	-1	0
394	392	331	12	-1	-1	-1	0
330	393	394	12	-1	-1	-1	0
417	352	351	14	-1	-1	0	0
370	409	343	12	-1	-1	-1	0
333	395	396	14	-1	-1	-1	0
393	335	397	12	-1	-1	-1	0
352	418	355	14	-1	-1	-1	0
353	354	419	14	-1	-1	0	0
369	391	368	12	-1	-1	-1	0
335	396	397	12	-1	-1	-1	0
355	420	354	14	-1	-1	-1	0
395	336	398	14	-1	-1	-1	0
361	409	360	14	-1	-1	-1	0
358	356	422	14	-1	0	-1	0
357	358	423	14	-1	-1	-1	0
338	399	401	14	-1	-1	-1	0
409	370	360	14	-1	-1	-1	0
401	400	338	14	-1	-1	-1	0
400	403	339	14	-1	-1	-1	0
402	339	403	14	-1	-1	-1	0
361	359	425	14	-1	-1	-1	0
402	404	340	14	-1	-1	-1	0
362	425	359	14	-1	-1	-1	0
406	399	341	12	-1	-1	-1	0
413	390	347	12	-1	-1	-1	0
405	406	341	12	-1	-1	-1	0
363	428	362	14	-1	-1	-1	0
407	405	342	12	-1	-1	-1	0
364	429	363	14	-1	-1	-1	0
342	408	407	12	-1	-1	-1	0
408	343	409	12	-1	-1	-1	0
424	379	357	14	-1	-1	-1	0
364	366	431	14	-1	-1	-1	0
432	366	365	14	-1	-1	-1	0
365	367	432	14	-1	-1	-1	0
410	411	345	12	-1	-1	-1	0
412	346	411	12	-1	-1	-1	0
350	404	416	14	-1	-1	-1	0
413	347	412	12	-1	-1	-1	0
349	415	410	12	-1	-1	-1	0
414	415	349	12	-1	-1	-1	0
377	435	367	14	-1	-1	-1	0
436	371	372	14	-1	-1	-1	0
416	414	350	14	-1	-1	-1	0
436	373	371	14	-1	-1	-1	0
375	437	372	12	-1	-1	-1	0
352	417	418	14	-1	-1	-1	0
376	373	438	14	-1	-1	-1	0
396	395	398	12	-1	-1	-1	0
398	397	396	12	-1	-1	-1	0
419	354	420	14	-1	-1	-1	0
355	418	421	14	-1	-1	-1	0
439	377	378	14	-1	-1	-1	0
421	420	355	14	-1	-1	-1	0
409	361	427	14	-1	-1	-1	0
441	378	379	14	-1	-1	-1	0
423	358	422	14	-1	-1	-1	0
437	375	392	12	-1	-1	-1	0
357	423	424	14	-1	-1	-1	0
443	381	382	12	-1	-1	-1	0
444	382	383	12	-1	-1	-1	0
389	442	380	14	-1	-1	-1	0
398	376	438	14	-1	-1	-1	0
388	381	443	12	-1	-1	-1	0
445	383	384	12	-1	-1	-1	0
361	425	426	14	-1	-1	-1	0
361	426	427	14	-1	-1	-1	0
428	425	362	14	-1	-1	-1	0
386	446	385	12	-1	-1	-1	0
387	385	447	14	-1	-1	-1	0
430	428	363	14	-1	-1	-1	0
386	388	448	12	-1	-1	-1	0
363	429	430	14	-1	-1	-1	0
394	437	392	12	-1	-1	-1	0
447	389	387	14	-1	-1	-1	0
364	431	429	14	-1	-1	-1	0
433	431	366	14	-1	-1	-1	0
433	366	432	14	-1	-1	-1	0
397	398	438	12	-1	-1	-1	0
367	434	432	14	-1	-1	-1	0
435	434	367	14	-1	-1	-1	0
393	451	394	12	-1	-1	-1	0
393	397	451	12	-1	-1	-1	0
441	379	424	14	-1	-1	-1	0
436	372	437	12	-1	-1	-1	0
438	373	436	14	-1	-1	-1	0
452	401	399	14	-1	-1	-1	0
440	435	377	14	-1	-1	-1	0
453	400	401	14	-1	-1	-1	0
440	377	439	14	-1	-1	-1	0
399	406	452	14	-1	-1	-1	0
454	403	400	14	-1	-1	-1	0
439	378	441	14	-1	-1	-1	0
456	402	403	14	-1	-1	-1	0
402	456	404	14	-1	-1	-1	0
443	382	444	12	-1	-1	-1	0
383	445	444	12	-1	-1	-1	0
461	406	405	12	-1	-1	-1	0
405	407	461	12	-1	-1	-1	0
385	446	447	12	-1	-1	-1	0
463	407	408	12	-1	-1	-1	0
416	404	460	14	-1	-1	-1	0
446	386	448	12	-1	-1	-1	0
388	443	449	12	-1	-1	-1	0
450	442	389	14	-1	-1	-1	0
437	394	451	12	-1	-1	-1	0
409	466	408	12	-1	-1	-1	0
449	448	388	12	-1	-1	-1	0
447	450	389	14	-1	-1	-1	0
397	438	451	12	-1	-1	-1	0
469	411	410	12	-1	-1	-1	0
412	411	471	12	-1	-1	-1	0
415	470	410	12	-1	-1	-1	0
413	412	473	12	-1	-1	-1	0
415	414	475	14	-1	-1	-1	0
468	409	427	14	-1	-1	-1	0
416	475	414	14	-1	-1	-1	0
400	453	454	14	-1	-1	-1	0
455	401	452	14	-1	-1	-1	0
417	477	418	14	0	-1	-1	0
401	455	453	14	-1	-1	-1	0
457	403	454	14	-1	-1	-1	0
457	456	403	14	-1	-1	-1	0
477	421	418	14	-1	-1	-1	0
420	478	419	14	-1	0	-1	0
458	404	456	14	-1	-1	-1	0
406	462	452	14	-1	-1	-1	0
421	479	420	14	-1	-1	-1	0
404	458	459	14	-1	-1	-1	0
404	459	460	14	-1	-1	-1	0
451	436	437	12	-1	-1	-1	0
438	436	451	12	-1	-1	-1	0
422	481	423	14	0	-1	-1	0
424	423	482	14	-1	-1	-1	0
462	406	461	14	-1	-1	-1	0
461	407	464	12	-1	-1	-1	0
425	484	426	14	-1	-1	-1	0
407	463	465	12	-1	-1	-1	0
407	465	464	12	-1	-1	-1	0
428	484	425	14	-1	-1	-1	0
467	463	408	12	-1	-1	-1	0
485	427	426	14	-1	-1	-1	0
408	466	467	12	-1	-1	-1	0
468	466	409	12	-1	-1	-1	0
428	430	487	14	-1	-1	-1	0
489	430	429	14	-1	-1	-1	0
483	441	424	14	-1	-1	-1	0
431	488	429	14	-1	-1	-1	0
469	410	470	12	-1	-1	-1	0
475	416	460	14	-1	-1	-1	0
411	469	472	12	-1	-1	-1	0
472	471	411	12	-1	-1	-1	0
433	492	431	14	-1	-1	-1	0
471	474	412	12	-1	-1	-1	0
433	432	493	14	-1	-1	-1	0
412	474	473	12	-1	-1	-1	0
432	434	494	14	-1	-1	-1	0
415	476	470	14	-1	-1	-1	0
483	439	441	14	-1	-1	-1	0
435	495	434	14	-1	-1	-1	0
415	475	476	14	-1	-1	-1	0
440	496	435	14	-1	-1	-1	0
458	456	457	14	-1	-1	-1	0
440	439	497	14	-1	-1	-1	0
420	479	478	14	-1	-1	-1	0
477	480	421	14	0	-1	-1	0
479	421	480	14	-1	-1	-1	0
468	427	486	14	-1	-1	-1	0
482	423	481	14	-1	-1	-1	0
501	443	444	12	-1	-1	-1	0
424	482	483	14	-1	-1	-1	0
445	501	444	12	-1	-1	-1	0
500	442	450	14	-1	-1	-1	0
501	449	443	12	-1	-1	-1	0
426	484	485	14	-1	-1	-1	0
446	448	503	12	-1	-1	-1	0
504	447	446	12	-1	-1	-1	0
486	427	485	14	-1	-1	-1	0
484	428	487	14	-1	-1	-1	0
504	450	447	12	-1	-1	-1	0
448	449	505	12	-1	-1	-1	0
489	429	488	14	-1	-1	-1	0
430	490	487	14	-1	-1	-1	0
490	430	489	14	-1	-1	-1	0
491	488	431	14	-1	-1	-1	0
507	455	452	14	-1	-1	-1	0
431	492	491	14	-1	-1	-1	0
508	454	453	14	-1	-1	-1	0
453	455	508	14	-1	-1	-1	0
492	433	493	14	-1	-1	-1	0
493	432	494	14	-1	-1	-1	0
497	439	483	14	-1	-1	-1	0
462	507	452	14	-1	-1	-1	0
457	454	510	14	-1	-1	-1	0
494	434	495	14	-1	-1	-1	0
435	496	495	14	-1	-1	-1	0
457	514	458	14	-1	-1	-1	0
458	515	459	14	-1	-1	-1	0
498	496	440	14	-1	-1	-1	0
516	460	459	14	-1	-1	-1	0
499	440	497	14	-1	-1	-1	0
499	498	440	14	-1	-1	-1	0
519	462	461	14	-1	-1	-1	0
461	464	519	14	-1	-1	-1	0
445	502	501	12	-1	-1	-1	0
463	520	465	12	-1	-1	-1	0
465	521	464	12	-1	-1	-1	0
463	467	520	12	-1	-1	-1	0
518	475	460	14	-1	-1	-1	0
446	503	504	12	-1	-1	-1	0
449	501	505	12	-1	-1	-1	0
505	503	448	12	-1	-1	-1	0
500	450	506	12	-1	-1	-1	0
524	467	466	12	-1	-1	-1	0
466	468	524	12	-1	-1	-1	0
450	504	506	12	-1	-1	-1	0
529	469	470	12	-1	-1	-1	0
476	475	518	14	-1	-1	-1	0
528	472	469	12	-1	-1	-1	0
508	509	454	14	-1	-1	-1	0
507	511	455	14	-1	-1	-1	0
510	454	509	14	-1	-1	-1	0
531	471	472	12	-1	-1	-1	0
508	455	512	14	-1	-1	-1	0
530	470	476	14	-1	-1	-1	0
471	531	474	12	-1	-1	-1	0
511	513	455	14	-1	-1	-1	0
468	486	526	14	-1	-1	-1	0
455	513	512	14	-1	-1	-1	0
474	533	473	12	-1	-1	-1	0
514	457	510	14	-1	-1	-1	0
515	458	514	14	-1	-1	-1	0
519	507	462	14	-1	-1	-1	0
517	459	515	14	-1	-1	-1	0
516	459	517	14	-1	-1	-1	0
478	479	537	14	-1	-1	0	0
518	460	516	14	-1	-1	-1	0
480	538	479	14	0	-1	-1	0
481	539	482	14	0	-1	-1	0
482	540	483	14	-1	-1	-1	0
464	522	519	14	-1	-1	-1	0
521	522	464	14	-1	-1	-1	0
523	465	520	12	-1	-1	-1	0
502	505	501	12	-1	-1	-1	0
465	523	521	12	-1	-1	-1	0
542	485	484	14	-1	-1	-1	0
525	520	467	12	-1	-1	-1	0
542	484	487	14	-1	-1	-1	0
543	486	485	14	-1	-1	-1	0
525	467	524	12	-1	-1	-1	0
468	527	524	12	-1	-1	-1	0
540	497	483	14	-1	-1	-1	0
468	526	527	12	-1	-1	-1	0
490	546	487	14	-1	-1	-1	0
488	548	489	14	-1	-1	-1	0
547	488	491	14	-1	-1	-1	0
469	529	528	12	-1	-1	-1	0
490	489	549	14	-1	-1	-1	0
529	470	530	14	-1	-1	-1	0
476	518	536	14	-1	-1	-1	0
532	472	528	12	-1	-1	-1	0
532	531	472	12	-1	-1	-1	0
553	491	492	14	-1	-1	-1	0
492	493	554	14	-1	-1	-1	0
534	474	531	12	-1	-1	-1	0
476	535	530	14	-1	-1	-1	0
474	534	533	12	-1	-1	-1	0
493	494	555	14	-1	-1	-1	0
495	556	494	14	-1	-1	-1	0
535	476	536	14	-1	-1	-1	0
496	557	495	14	-1	-1	-1	0
507	519	522	14	-1	-1	-1	0
498	557	496	14	-1	-1	-1	0
538	537	479	14	-1	-1	-1	0
558	499	497	14	-1	-1	-1	0
499	559	498	14	-1	-1	-1	0
486	545	526	14	-1	-1	-1	0
539	541	482	14	-1	-1	-1	0
541	540	482	14	-1	-1	-1	0
507	550	511	14	-1	-1	-1	0
502	561	505	12	-1	-1	-1	0
505	561	503	12	-1	-1	-1	0
503	562	504	12	-1	-1	-1	0
485	542	544	14	-1	-1	-1	0
504	562	506	12	-1	-1	-1	0
544	543	485	14	-1	-1	-1	0
513	511	548	14	-1	-1	-1	0
486	543	545	14	-1	-1	-1	0
546	542	487	14	-1	-1	-1	0
527	525	524	12	-1	-1	-1	0
512	513	552	14	-1	-1	-1	0
507	522	550	14	-1	-1	-1	0
508	563	509	14	-1	-1	-1	0
510	509	564	14	-1	-1	-1	0
547	548	488	14	-1	-1	-1	0
512	563	508	14	-1	-1	-1	0
550	489	548	14	-1	-1	-1	0
551	546	490	14	-1	-1	-1	0
550	549	489	14	-1	-1	-1	0
510	565	514	14	-1	-1	-1	0
490	549	551	14	-1	-1	-1	0
552	547	491	14	-1	-1	-1	0
540	558	497	14	-1	-1	-1	0
491	553	552	14	-1	-1	-1	0
515	514	567	14	-1	-1	-1	0
554	553	492	14	-1	-1	-1	0
568	517	515	14	-1	-1	-1	0
493	555	554	14	-1	-1	-1	0
569	516	517	14	-1	-1	-1	0
516	569	518	14	-1	-1	-1	0
494	556	555	14	-1	-1	-1	0
557	556	495	14	-1	-1	-1	0
513	548	547	14	-1	-1	-1	0
511	550	548	14	-1	-1	-1	0
513	547	552	14	-1	-1	-1	0
571	523	520	12	-1	-1	-1	0
557	498	559	14	-1	-1	-1	0
572	522	521	14	-1	-1	-1	0
571	520	525	12	-1	-1	-1	0
499	558	560	14	-1	-1	-1	0
521	523	573	12	-1	-1	-1	0
499	560	559	14	-1	-1	-1	0
518	569	536	14	-1	-1	-1	0
562	503	561	12	-1	-1	-1	0
563	512	552	14	-1	-1	-1	0
527	576	525	12	-1	-1	-1	0
526	578	527	12	-1	-1	-1	0
544	542	546	14	-1	-1	-1	0
563	564	509	14	-1	-1	-1	0
529	579	528	12	-1	-1	-1	0
579	532	528	12	-1	-1	-1	0
541	558	540	14	-1	-1	-1	0
580	529	530	14	-1	-1	-1	0
564	566	510	14	-1	-1	-1	0
565	510	566	14	-1	-1	-1	0
531	532	583	12	-1	-1	-1	0
565	567	514	14	-1	-1	-1	0
550	522	574	14	-1	-1	-1	0
535	582	530	14	-1	-1	-1	0
531	583	534	12	-1	-1	-1	0
526	545	577	14	-1	-1	-1	0
515	567	568	14	-1	-1	-1	0
533	534	585	12	-1	-1	-1	0
568	570	517	14	-1	-1	-1	0
570	569	517	14	-1	-1	-1	0
588	535	536	14	-1	-1	-1	0
538	591	537	14	0	0	-1	0
572	521	573	14	-1	-1	-1	0
574	522	572	14	-1	-1	-1	0
563	552	553	14	-1	-1	-1	0
571	575	523	12	-1	-1	-1	0
575	573	523	12	-1	-1	-1	0
525	576	571	12	-1	-1	-1	0
539	592	541	14	0	-1	-1	0
549	550	574	14	-1	-1	-1	0
526	577	578	12	-1	-1	-1	0
576	527	578	12	-1	-1	-1	0
544	594	543	14	-1	-1	-1	0
545	543	595	14	-1	-1	-1	0
544	546	597	14	-1	-1	-1	0
579	529	581	12	-1	-1	-1	0
529	580	581	14	-1	-1	-1	0
580	530	582	14	-1	-1	-1	0
593	558	541	14	-1	-1	-1	0
546	551	597	14	-1	-1	-1	0
584	532	579	12	-1	-1	-1	0
536	569	590	14	-1	-1	-1	0
549	598	551	14	-1	-1	-1	0
584	583	532	12	-1	-1	-1	0
586	534	583	12	-1	-1	-1	0
582	535	587	14	-1	-1	-1	0
534	586	585	12	-1	-1	-1	0
554	600	553	14	-1	-1	-1	0
554	555	601	14	-1	-1	-1	0
587	535	588	14	-1	-1	-1	0
589	588	536	14	-1	-1	-1	0
556	602	555	14	-1	-1	-1	0
553	599	563	14	-1	-1	-1	0
590	589	536	14	-1	-1	-1	0
556	557	603	14	-1	-1	-1	0
545	595	577	14	-1	-1	-1	0
605	557	559	14	-1	-1	-1	0
574	598	549	14	-1	-1	-1	0
558	606	560	14	-1	-1	-1	0
593	541	592	14	-1	-1	-1	0
560	607	559	14	-1	-1	-1	0
563	599	564	14	-1	-1	-1	0
569	570	590	14	-1	-1	-1	0
595	543	594	14	-1	-1	-1	0
596	594	544	14	-1	-1	-1	0
544	597	596	14	-1	-1	-1	0
566	564	610	14	-1	-1	-1	0
611	567	565	14	-1	-1	-1	0
566	613	565	14	-1	-1	-1	0
567	611	568	14	-1	-1	-1	0
598	597	551	14	-1	-1	-1	0
600	599	553	14	-1	-1	-1	0
616	570	568	14	-1	-1	-1	0
601	600	554	14	-1	-1	-1	0
593	606	558	14	-1	-1	-1	0
601	555	602	14	-1	-1	-1	0
603	602	556	14	-1	-1	-1	0
604	603	557	14	-1	-1	-1	0
573	619	572	14	-1	-1	-1	0
575	571	618	12	-1	-1	-1	0
576	618	571	12	-1	-1	-1	0
557	605	604	14	-1	-1	-1	0
620	574	572	14	-1	-1	-1	0
573	575	621	12	-1	-1	-1	0
559	607	605	14	-1	-1	-1	0
618	576	578	12	-1	-1	-1	0
564	599	610	14	-1	-1	-1	0
560	608	607	14	-1	-1	-1	0
609	560	606	14	-1	-1	-1	0
609	608	560	14	-1	-1	-1	0
617	590	570	14	-1	-1	-1	0
578	577	624	12	-1	-1	-1	0
581	625	579	12	-1	-1	-1	0
626	581	580	14	-1	-1	-1	0
625	584	579	12	-1	-1	-1	0
611	565	612	14	-1	-1	-1	0
582	627	580	14	-1	-1	-1	0
612	565	613	14	-1	-1	-1	0
566	610	615	14	-1	-1	-1	0
598	574	620	14	-1	-1	-1	0
613	566	614	14	-1	-1	-1	0
616	568	611	14	-1	-1	-1	0
623	577	595	14	-1	-1	-1	0
566	615	614	14	-1	-1	-1	0
631	583	584	12	-1	-1	-1	0
582	587	630	14	-1	-1	-1	0
631	586	583	12	-1	-1	-1	0
632	585	586	12	-1	-1	-1	0
570	616	617	14	-1	-1	-1	0
599	600	610	14	-1	-1	-1	0
635	587	588	14	-1	-1	-1	0
619	620	572	14	-1	-1	-1	0
589	636	588	14	-1	-1	-1	0
621	619	573	14	-1	-1	-1	0
622	575	618	12	-1	-1	-1	0
589	590	637	14	-1	-1	-1	0
575	622	621	12	-1	-1	-1	0
578	624	618	12	-1	-1	-1	0
593	592	639	14	-1	0	-1	0
623	624	577	12	-1	-1	-1	0
641	595	594	14	-1	-1	-1	0
642	594	596	14	-1	-1	-1	0
627	626	580	14	-1	-1	-1	0
628	625	581	12	-1	-1	-1	0
626	628	581	14	-1	-1	-1	0
644	596	597	14	-1	-1	-1	0
627	582	629	14	-1	-1	-1	0
616	611	612	14	-1	-1	-1	0
593	640	606	14	-1	-1	-1	0
597	598	644	14	-1	-1	-1	0
584	625	631	12	-1	-1	-1	0
629	582	630	14	-1	-1	-1	0
590	617	637	14	-1	-1	-1	0
600	601	646	14	-1	-1	-1	0
586	631	633	12	-1	-1	-1	0
601	602	648	14	-1	-1	-1	0
587	634	630	14	-1	-1	-1	0
633	632	586	12	-1	-1	-1	0
602	603	649	14	-1	-1	-1	0
606	640	609	14	-1	-1	-1	0
634	587	635	14	-1	-1	-1	0
610	600	646	14	-1	-1	-1	0
604	650	603	14	-1	-1	-1	0
641	623	595	14	-1	-1	-1	0
635	588	636	14	-1	-1	-1	0
604	605	651	14	-1	-1	-1	0
645	598	620	14	-1	-1	-1	0
636	589	638	14	-1	-1	-1	0
652	605	607	14	-1	-1	-1	0
637	638	589	14	-1	-1	-1	0
622	618	624	12	-1	-1	-1	0
653	607	608	14	-1	-1	-1	0
609	655	608	14	-1	-1	-1	0
640	593	639	14	-1	-1	-1	0
642	641	594	14	-1	-1	-1	0
643	642	596	14	-1	-1	-1	0
657	615	610	14	-1	-1	-1	0
643	596	644	14	-1	-1	-1	0
659	612	613	14	-1	-1	-1	0
612	658	616	14	-1	-1	-1	0
614	660	613	14	-1	-1	-1	0
598	645	644	14	-1	-1	-1	0
615	662	614	14	-1	-1	-1	0
658	617	616	14	-1	-1	-1	0
646	601	647	14	-1	-1	-1	0
648	647	601	14	-1	-1	-1	0
649	648	602	14	-1	-1	-1	0
603	650	649	14	-1	-1	-1	0
665	620	619	14	-1	-1	-1	0
640	656	609	14	-1	-1	-1	0
621	665	619	14	-1	-1	-1	0
650	604	651	14	-1	-1	-1	0
652	651	605	14	-1	-1	-1	0
621	622	666	12	-1	-1	-1	0
653	652	607	14	-1	-1	-1	0
610	646	657	14	-1	-1	-1	0
622	624	667	12	-1	-1	-1	0
624	623	667	12	-1	-1	-1	0
653	608	654	14	-1	-1	-1	0
655	654	608	14	-1	-1	-1	0
637	617	664	14	-1	-1	-1	0
656	655	609	14	-1	-1	-1	0
628	669	625	12	-1	-1	-1	0
627	671	626	14	-1	-1	-1	0
670	628	626	14	-1	-1	-1	0
625	669	631	12	-1	-1	-1	0
629	672	627	14	-1	-1	-1	0
658	612	659	14	-1	-1	-1	0
620	665	645	14	-1	-1	-1	0
623	641	668	14	-1	-1	-1	0
659	613	660	14	-1	-1	-1	0
669	633	631	12	-1	-1	-1	0
630	675	629	14	-1	-1	-1	0
660	614	661	14	-1	-1	-1	0
615	657	663	14	-1	-1	-1	0
662	661	614	14	-1	-1	-1	0
664	617	658	14	-1	-1	-1	0
630	634	676	14	-1	-1	-1	0
663	662	615	14	-1	-1	-1	0
677	632	633	12	-1	-1	-1	0
679	634	635	14	-1	-1	-1	0
642	668	641	14	-1	-1	-1	0
680	635	636	14	-1	-1	-1	0
666	665	621	14	-1	-1	-1	0
667	666	622	12	-1	-1	-1	0
638	681	636	14	-1	-1	-1	0
682	638	637	14	-1	-1	-1	0
667	623	668	12	-1	-1	-1	0
639	684	640	14	0	-1	-1	0
671	670	626	14	-1	-1	-1	0
685	642	643	14	-1	-1	-1	0
672	671	627	14	-1	-1	-1	0
669	628	673	12	-1	-1	-1	0
670	673	628	14	-1	-1	-1	0
686	643	644	14	-1	-1	-1	0
672	629	674	14	-1	-1	-1	0
644	645	686	14	-1	-1	-1	0
675	674	629	14	-1	-1	-1	0
669	678	633	12	-1	-1	-1	0
640	684	656	14	-1	-1	-1	0
646	647	688	14	-1	-1	-1	0
676	675	630	14	-1	-1	-1	0
664	682	637	14	-1	-1	-1	0
648	689	647	14	-1	-1	-1	0
648	649	690	14	-1	-1	-1	0
678	677	633	12	-1	-1	-1	0
679	676	634	14	-1	-1	-1	0
657	646	688	14	-1	-1	-1	0
692	649	650	14	-1	-1	-1	0
650	651	692	14	-1	-1	-1	0
680	679	635	14	-1	-1	-1	0
685	668	642	14	-1	-1	-1	0
651	652	694	14	-1	-1	-1	0
681	680	636	14	-1	-1	-1	0
687	645	665	14	-1	-1	-1	0
653	694	652	14	-1	-1	-1	0
653	654	695	14	-1	-1	-1	0
683	681	638	14	-1	-1	-1	0
683	638	682	14	-1	-1	-1	0
654	655	697	14	-1	-1	-1	0
656	699	655	14	-1	-1	-1	0
686	685	643	14	-1	-1	-1	0
687	665	666	14	-1	-1	-1	0
686	645	687	14	-1	-1	-1	0
703	658	659	14	-1	-1	-1	0
669	673	678	12	-1	-1	-1	0
701	663	657	14	-1	-1	-1	0
659	660	704	14	-1	-1	-1	0
688	647	689	14	-1	-1	-1	0
703	664	658	14	-1	-1	-1	0
705	660	661	14	-1	-1	-1	0
689	648	690	14	-1	-1	-1	0
690	649	691	14	-1	-1	-1	0
693	691	649	14	-1	-1	-1	0
649	692	693	14	-1	-1	-1	0
651	694	692	14	-1	-1	-1	0
684	700	656	14	0	-1	-1	0
667	707	666	12	-1	-1	-1	0
707	667	668	12	-1	-1	-1	0
653	696	694	14	-1	-1	-1	0
653	695	696	14	-1	-1	-1	0
695	654	697	14	-1	-1	-1	0
657	688	702	14	-1	-1	-1	0
671	708	670	14	-1	-1	-1	0
655	698	697	14	-1	-1	-1	0
673	670	708	14	-1	-1	-1	0
709	671	672	14	-1	-1	-1	0
699	698	655	14	-1	-1	-1	0
706	682	664	14	-1	-1	-1	0
699	656	700	14	-1	-1	-1	0
674	709	672	14	-1	-1	-1	0
668	685	707	12	-1	-1	-1	0
702	701	657	14	-1	-1	-1	0
707	687	666	14	-1	-1	-1	0
673	711	678	12	-1	-1	-1	0
703	659	704	14	-1	-1	-1	0
678	712	677	12	-1	-1	-1	0
660	705	704	14	-1	-1	-1	0
703	706	664	14	-1	-1	-1	0
707	685	686	14	-1	-1	-1	0
713	683	682	14	-1	-1	-1	0
686	687	707	14	-1	-1	-1	0
692	694	696	14	-1	-1	-1	0
671	710	708	14	-1	-1	-1	0
671	709	710	14	-1	-1	-1	0
689	714	688	14	-1	-1	-1	0
711	673	708	14	-1	-1	-1	0
689	690	714	14	-1	-1	-1	0
716	690	691	14	-1	-1	-1	0
712	678	711	12	-1	-1	-1	0
713	682	706	14	-1	-1	-1	0
717	691	693	14	-1	-1	-1	0
693	692	718	14	-1	-1	-1	0
702	688	714	14	-1	-1	-1	0
692	696	718	14	-1	-1	-1	0
721	695	697	14	-1	-1	-1	0
704	706	703	14	-1	-1	-1	0
696	695	723	14	-1	-1	-1	0
698	721	697	14	-1	-1	-1	0
714	690	715	14	-1	-1	-1	0
715	690	716	14	-1	-1	-1	0
725	698	699	14	-1	-1	-1	0
717	716	691	14	-1	-1	-1	0
700	727	699	14	0	-1	-1	0
719	717	693	14	-1	-1	-1	0
720	693	718	14	-1	-1	-1	0
719	693	720	14	-1	-1	-1	0
702	729	701	14	-1	-1	-1	0
696	724	718	14	-1	-1	-1	0
721	722	695	14	-1	-1	-1	0
695	722	723	14	-1	-1	-1	0
731	704	705	14	-1	-1	-1	0
704	731	706	14	-1	-1	-1	0
724	696	723	14	-1	-1	-1	0
721	698	726	14	-1	-1	-1	0
702	714	730	14	-1	-1	-1	0
726	698	725	14	-1	-1	-1	0
710	732	708	14	-1	-1	-1	0
713	706	731	14	-1	-1	-1	0
732	711	708	14	-1	-1	-1	0
699	728	725	14	-1	-1	-1	0
727	728	699	14	-1	-1	-1	0
712	711	733	12	-1	-1	-1	0
729	702	730	14	-1	-1	-1	0
720	718	724	14	-1	-1	-1	0
714	715	734	14	-1	-1	-1	0
716	735	715	14	-1	-1	-1	0
722	721	726	14	-1	-1	-1	0
716	717	737	14	-1	-1	-1	0
719	737	717	14	-1	-1	-1	0
732	733	711	14	-1	-1	-1	0
739	719	720	14	-1	-1	-1	0
730	714	734	14	-1	-1	-1	0
741	720	724	14	-1	-1	-1	0
736	734	715	14	-1	-1	-1	0
715	735	736	14	-1	-1	-1	0
742	723	722	14	-1	-1	-1	0
723	741	724	14	-1	-1	-1	0
738	735	716	14	-1	-1	-1	0
743	722	726	14	-1	-1	-1	0
737	738	716	14	-1	-1	-1	0
744	726	725	14	-1	-1	-1	0
737	719	740	14	-1	-1	-1	0
740	719	739	14	-1	-1	-1	0
728	745	725	14	-1	-1	-1	0
720	741	739	14	-1	-1	-1	0
747	728	727	14	-1	-1	0	0
741	723	742	14	-1	-1	-1	0
729	730	748	14	-1	-1	-1	0
743	742	722	14	-1	-1	-1	0
734	750	730	14	-1	-1	-1	0
744	725	745	14	-1	-1	-1	0
746	743	726	14	-1	-1	-1	0
726	744	746	14	-1	-1	-1	0
736	750	734	14	-1	-1	-1	0
745	728	747	14	-1	-1	-1	0
751	736	735	14	-1	-1	-1	0
751	735	738	14	-1	-1	-1	0
730	749	748	14	-1	-1	-1	0
737	753	738	14	-1	-1	-1	0
730	750	749	14	-1	-1	-1	0
737	740	753	14	-1	-1	-1	0
740	739	756	14	-1	-1	-1	0
755	739	741	14	-1	-1	-1	0
736	752	750	14	-1	-1	-1	0
751	752	736	14	-1	-1	-1	0
741	742	759	14	-1	-1	-1	0
751	738	754	14	-1	-1	-1	0
738	753	754	14	-1	-1	-1	0
743	760	742	14	-1	-1	-1	0
743	746	761	14	-1	-1	-1	0
755	756	739	14	-1	-1	-1	0
740	758	753	14	-1	-1	-1	0
762	744	745	14	-1	-1	-1	0
744	762	746	14	-1	-1	-1	0
756	757	740	14	-1	-1	-1	0
740	757	758	14	-1	-1	-1	0
741	759	755	14	-1	-1	-1	0
747	763	745	14	-1	-1	-1	0
742	760	759	14	-1	-1	-1	0
743	761	760	14	-1	-1	-1	0
750	766	749	14	-1	-1	-1	0
753	758	754	14	-1	-1	-1	0
752	766	750	14	-1	-1	-1	0
762	761	746	14	-1	-1	-1	0
751	767	752	14	-1	-1	-1	0
762	745	764	14	-1	-1	-1	0
763	764	745	14	-1	-1	-1	0
768	751	754	14	-1	-1	-1	0
765	763	747	14	-1	-1	0	0
758	768	754	14	-1	-1	-1	0
756	755	770	14	-1	-1	-1	0
772	757	756	14	-1	-1	-1	0
755	759	771	14	-1	-1	-1	0
768	767	751	14	-1	-1	-1	0
752	769	766	14	-1	-1	-1	0
752	767	769	14	-1	-1	-1	0
758	757	775	14	-1	-1	-1	0
760	771	759	14	-1	-1	-1	0
765	764	763	14	-1	-1	-1	0
771	770	755	14	-1	-1	-1	0
778	760	761	14	-1	-1	-1	0
770	773	756	14	-1	-1	-1	0
756	773	772	14	-1	-1	-1	0
776	768	758	14	-1	-1	-1	0
762	779	761	14	-1	-1	-1	0
757	772	774	14	-1	-1	-1	0
762	764	779	14	-1	-1	-1	0
775	757	774	14	-1	-1	-1	0
771	760	777	14	-1	-1	-1	0
758	775	776	14	-1	-1	-1	0
777	760	778	14	-1	-1	-1	0
780	764	765	14	-1	-1	-1	0
768	784	767	14	-1	-1	-1	0
778	761	779	14	-1	-1	-1	0
769	767	783	14	-1	-1	-1	0
781	779	764	14	-1	-1	-1	0
764	780	781	14	-1	-1	-1	0
770	771	786	14	-1	-1	-1	0
782	780	765	14	-1	-1	0	0
776	785	768	14	-1	-1	-1	0
770	787	773	14	-1	-1	-1	0
772	773	788	14	-1	-1	-1	0
786	771	777	14	-1	-1	-1	0
784	783	767	14	-1	-1	-1	0
772	789	774	14	-1	-1	-1	0
768	785	784	14	-1	-1	-1	0
775	774	792	14	-1	-1	-1	0
787	770	786	14	-1	-1	-1	0
775	793	776	14	-1	-1	-1	0
789	772	788	14	-1	-1	-1	0
787	790	773	14	-1	-1	-1	0
777	778	796	14	-1	-1	-1	0
773	790	788	14	-1	-1	-1	0
774	789	791	14	-1	-1	-1	0
776	795	785	14	-1	-1	-1	0
779	799	778	14	-1	-1	-1	0
774	791	792	14	-1	-1	-1	0
781	799	779	14	-1	-1	-1	0
777	797	786	14	-1	-1	-1	0
780	800	781	14	-1	-1	-1	0
794	775	792	14	-1	-1	-1	0
800	780	782	14	-1	-1	-1	0
794	793	775	14	-1	-1	-1	0
795	776	793	14	-1	-1	-1	0
784	803	783	14	-1	-1	-1	0
777	796	797	14	-1	-1	-1	0
786	797	787	14	-1	-1	-1	0
796	778	798	14	-1	-1	-1	0
803	784	785	14	-1	-1	-1	0
778	799	798	14	-1	-1	-1	0
801	799	781	14	-1	-1	-1	0
801	781	800	14	-1	-1	-1	0
787	806	790	14	-1	-1	-1	0
802	800	782	14	-1	-1	0	0
805	785	795	14	-1	-1	-1	0
808	789	788	14	-1	-1	-1	0
807	788	790	14	-1	-1	-1	0
789	810	791	14	-1	-1	-1	0
787	797	806	14	-1	-1	-1	0
785	804	803	14	-1	-1	-1	0
785	805	804	14	-1	-1	-1	0
792	791	813	14	-1	-1	-1	0
792	814	794	14	-1	-1	-1	0
816	793	794	14	-1	-1	-1	0
807	808	788	14	-1	-1	-1	0
795	793	815	14	-1	-1	-1	0
808	809	789	14	-1	-1	-1	0
811	790	806	14	-1	-1	-1	0
789	809	810	14	-1	-1	-1	0
812	807	790	14	-1	-1	-1	0
797	796	820	14	-1	-1	-1	0
790	811	812	14	-1	-1	-1	0
819	796	798	14	-1	-1	-1	0
813	791	810	14	-1	-1	-1	0
805	795	815	14	-1	-1	-1	0
798	799	822	14	-1	-1	-1	0
813	814	792	14	-1	-1	-1	0
822	799	801	14	-1	-1	-1	0
793	816	815	14	-1	-1	-1	0
821	806	797	14	-1	-1	-1	0
801	800	824	14	-1	-1	-1	0
794	814	817	14	-1	-1	-1	0
802	823	800	14	-1	-1	-1	0
816	794	818	14	-1	-1	-1	0
817	818	794	14	-1	-1	-1	0
796	819	820	14	-1	-1	-1	0
805	827	804	14	-1	-1	-1	0
820	821	797	14	-1	-1	-1	0
811	806	821	14	-1	-1	-1	0
798	822	819	14	-1	-1	-1	0
829	808	807	14	-1	-1	-1	0
830	809	808	14	-1	-1	-1	0
823	824	800	14	-1	-1	-1	0
824	822	801	14	-1	-1	-1	0
807	812	829	14	-1	-1	-1	0
805	815	828	14	-1	-1	-1	0
831	810	809	14	-1	-1	-1	0
823	802	826	14	-1	-1	-1	0
825	826	802	14	-1	-1	0	0
813	810	834	14	-1	-1	-1	0
811	836	812	14	-1	-1	-1	0
805	828	827	14	-1	-1	-1	0
811	821	835	14	-1	-1	-1	0
829	830	808	14	-1	-1	-1	0
814	813	840	14	-1	-1	-1	0
814	840	817	14	-1	-1	-1	0
809	830	832	14	-1	-1	-1	0
809	832	831	14	-1	-1	-1	0
841	815	816	14	-1	-1	-1	0
833	810	831	14	-1	-1	-1	0
810	833	834	14	-1	-1	-1	0
843	816	818	14	-1	-1	-1	0
812	837	829	14	-1	-1	-1	0
818	817	845	14	-1	-1	-1	0
811	835	836	14	-1	-1	-1	0
841	828	815	14	-1	-1	-1	0
813	834	839	14	-1	-1	-1	0
819	847	820	14	-1	-1	-1	0
838	812	836	14	-1	-1	-1	0
838	837	812	14	-1	-1	-1	0
819	822	847	14	-1	-1	-1	0
821	820	847	14	-1	-1	-1	0
840	813	839	14	-1	-1	-1	0
824	850	822	14	-1	-1	-1	0
851	824	823	14	-1	-1	-1	0
841	816	842	14	-1	-1	-1	0
851	823	826	14	-1	-1	-1	0
844	817	840	14	-1	-1	-1	0
842	816	843	14	-1	-1	-1	0
853	826	825	14	-1	-1	-1	0
849	835	821	14	-1	-1	-1	0
844	845	817	14	-1	-1	-1	0
846	843	818	14	-1	-1	-1	0
828	854	827	14	-1	-1	-1	0
845	846	818	14	-1	-1	-1	0
829	856	830	14	-1	-1	-1	0
821	847	848	14	-1	-1	-1	0
848	849	821	14	-1	-1	-1	0
847	822	850	14	-1	-1	-1	0
830	858	832	14	-1	-1	-1	0
831	832	860	14	-1	-1	-1	0
829	837	857	14	-1	-1	-1	0
841	855	828	14	-1	-1	-1	0
851	850	824	14	-1	-1	-1	0
831	861	833	14	-1	-1	-1	0
826	853	851	14	-1	-1	-1	0
825	852	853	14	0	-1	-1	0
833	864	834	14	-1	-1	-1	0
866	836	835	14	-1	-1	-1	0
828	855	854	14	-1	-1	-1	0
834	865	839	14	-1	-1	-1	0
836	868	838	14	-1	-1	-1	0
856	829	857	14	-1	-1	-1	0
859	830	856	14	-1	-1	-1	0
837	838	870	14	-1	-1	-1	0
859	858	830	14	-1	-1	-1	0
835	849	866	14	-1	-1	-1	0
839	872	840	14	-1	-1	-1	0
831	860	861	14	-1	-1	-1	0
832	858	862	14	-1	-1	-1	0
832	863	860	14	-1	-1	-1	0
840	872	844	14	-1	-1	-1	0
863	832	862	14	-1	-1	-1	0
875	841	842	14	-1	-1	-1	0
833	861	864	14	-1	-1	-1	0
842	843	875	14	-1	-1	-1	0
869	857	837	14	-1	-1	-1	0
864	865	834	14	-1	-1	-1	0
843	846	876	14	-1	-1	-1	0
844	877	845	14	-1	-1	-1	0
866	867	836	14	-1	-1	-1	0
846	845	878	14	-1	-1	-1	0
874	855	841	14	-1	-1	-1	0
836	867	868	14	-1	-1	-1	0
870	869	837	14	-1	-1	-1	0
847	881	848	14	-1	-1	-1	0
838	868	871	14	-1	-1	-1	0
865	873	839	14	-1	-1	-1	0
850	881	847	14	-1	-1	-1	0
849	848	882	14	-1	-1	-1	0
838	871	870	14	-1	-1	-1	0
872	839	873	14	-1	-1	-1	0
850	851	884	14	-1	-1	-1	0
853	884	851	14	-1	-1	-1	0
875	874	841	14	-1	-1	-1	0
886	853	852	14	-1	-1	-1	0
843	876	875	14	-1	-1	-1	0
844	872	877	14	-1	-1	-1	0
849	883	866	14	-1	-1	-1	0
855	889	854	14	-1	-1	-1	0
877	878	845	14	-1	-1	-1	0
879	876	846	14	-1	-1	-1	0
846	878	880	14	-1	-1	-1	0
891	856	857	14	-1	-1	-1	0
879	846	880	14	-1	-1	-1	0
892	859	856	14	-1	-1	-1	0
858	859	894	14	-1	-1	-1	0
881	882	848	14	-1	-1	-1	0
894	862	858	14	-1	-1	-1	0
882	883	849	14	-1	-1	-1	0
881	850	884	14	-1	-1	-1	0
896	861	860	14	-1	-1	-1	0
863	896	860	14	-1	-1	-1	0
857	869	893	14	-1	-1	-1	0
855	874	890	14	-1	-1	-1	0
897	864	861	14	-1	-1	-1	0
885	887	852	14	-1	-1	0	0
863	862	899	14	-1	-1	-1	0
884	853	888	14	-1	-1	-1	0
886	852	887	14	-1	-1	-1	0
888	853	886	14	-1	-1	-1	0
902	865	864	14	-1	-1	-1	0
890	889	855	14	-1	-1	-1	0
867	866	904	14	-1	-1	-1	0
856	891	892	14	-1	-1	-1	0
905	868	867	14	-1	-1	-1	0
891	857	893	14	-1	-1	-1	0
873	865	903	14	-1	-1	-1	0
892	895	859	14	-1	-1	-1	0
908	871	868	14	-1	-1	-1	0
882	881	884	14	-1	-1	-1	0
859	895	894	14	-1	-1	-1	0
870	910	869	14	-1	-1	-1	0
911	870	871	14	-1	-1	-1	0
904	866	883	14	-1	-1	-1	0
862	894	898	14	-1	-1	-1	0
861	896	897	14	-1	-1	-1	0
873	913	872	14	-1	-1	-1	0
899	862	898	14	-1	-1	-1	0
901	896	863	14	-1	-1	-1	0
877	872	913	14	-1	-1	-1	0
899	900	863	14	-1	-1	-1	0
897	902	864	14	-1	-1	-1	0
874	875	915	14	-1	-1	-1	0
863	900	901	14	-1	-1	-1	0
917	875	876	14	-1	-1	-1	0
865	902	903	14	-1	-1	-1	0
869	909	893	14	-1	-1	-1	0
879	918	876	14	-1	-1	-1	0
919	878	877	14	-1	-1	-1	0
867	904	906	14	-1	-1	-1	0
919	880	878	14	-1	-1	-1	0
906	905	867	14	-1	-1	-1	0
907	868	905	14	-1	-1	-1	0
890	874	916	14	-1	-1	-1	0
922	879	880	4	-1	-1	-1	0
868	907	908	14	-1	-1	-1	0
898	894	895	14	-1	-1	-1	0
910	909	869	14	-1	-1	-1	0
882	924	883	14	-1	-1	-1	0
903	914	873	14	-1	-1	-1	0
910	870	911	14	-1	-1	-1	0
884	925	882	14	-1	-1	-1	0
912	871	908	14	-1	-1	-1	0
911	871	912	14	-1	-1	-1	0
888	927	884	14	-1	-1	-1	0
873	914	913	14	-1	-1	-1	0
929	887	885	14	-1	-1	-1	0
886	887	930	14	-1	-1	-1	0
888	886	930	14	-1	-1	-1	0
916	874	915	14	-1	-1	-1	0
917	915	875	14	-1	-1	-1	0
913	920	877	14	-1	-1	-1	0
932	889	890	14	-1	-1	-1	0
876	918	917	14	-1	-1	-1	0
883	926	904	14	-1	-1	-1	0
919	877	920	14	-1	-1	-1	0
891	935	892	14	-1	-1	-1	0
918	879	921	4	-1	-1	-1	0
891	893	936	14	-1	-1	-1	0
919	923	880	4	-1	-1	-1	0
921	879	922	4	-1	-1	-1	0
895	892	937	14	-1	-1	-1	0
923	922	880	4	-1	-1	-1	0
938	898	895	14	-1	-1	-1	0
924	882	925	14	-1	-1	-1	0
897	896	939	14	-1	-1	-1	0
926	883	924	14	-1	-1	-1	0
925	884	927	14	-1	-1	-1	0
901	939	896	14	-1	-1	-1	0
909	936	893	14	-1	-1	-1	0
898	942	899	14	-1	-1	-1	0
934	890	916	14	-1	-1	-1	0
902	897	941	14	-1	-1	-1	0
929	885	928	14	-1	0	-1	0
899	943	900	14	-1	-1	-1	0
927	888	930	14	-1	-1	-1	0
945	901	900	14	-1	-1	-1	0
931	887	929	14	-1	-1	-1	0
931	930	887	14	-1	-1	-1	0
902	947	903	14	-1	-1	-1	0
890	933	932	14	-1	-1	-1	0
933	890	934	14	-1	-1	-1	0
904	948	906	14	-1	-1	-1	0
949	905	906	14	-1	-1	-1	0
905	950	907	14	-1	-1	-1	0
936	935	891	14	-1	-1	-1	0
947	914	903	14	-1	-1	-1	0
935	937	892	14	-1	-1	-1	0
907	953	908	14	-1	-1	-1	0
938	895	937	14	-1	-1	-1	0
908	954	912	14	-1	-1	-1	0
909	910	956	4	-1	-1	-1	0
940	897	939	14	-1	-1	-1	0
898	938	942	14	-1	-1	-1	0
911	957	910	4	-1	-1	-1	0
926	948	904	14	-1	-1	-1	0
897	940	941	14	-1	-1	-1	0
958	911	912	4	-1	-1	-1	0
942	944	899	14	-1	-1	-1	0
944	943	899	14	-1	-1	-1	0
946	939	901	14	-1	-1	-1	0
960	913	914	14	-1	-1	-1	0
943	945	900	14	-1	-1	-1	0
902	941	947	14	-1	-1	-1	0
946	901	945	14	-1	-1	-1	0
913	960	920	14	-1	-1	-1	0
962	915	917	14	-1	-1	-1	0
915	963	916	14	-1	-1	-1	0
918	962	917	14	-1	-1	-1	0
955	936	909	4	-1	-1	-1	0
921	965	918	4	-1	-1	-1	0
950	905	949	14	-1	-1	-1	0
952	906	948	14	-1	-1	-1	0
951	949	906	14	-1	-1	-1	0
919	920	967	4	-1	-1	-1	0
951	906	952	14	-1	-1	-1	0
923	919	967	4	-1	-1	-1	0
950	953	907	14	-1	-1	-1	0
921	922	969	4	-1	-1	-1	0
964	934	916	14	-1	-1	-1	0
954	908	953	14	-1	-1	-1	0
971	922	923	4	-1	-1	-1	0
909	956	955	4	-1	-1	-1	0
914	947	961	14	-1	-1	-1	0
925	974	924	14	-1	-1	-1	0
910	957	956	4	-1	-1	-1	0
974	926	924	14	-1	-1	-1	0
959	912	954	4	-1	-1	-1	0
958	957	911	4	-1	-1	-1	0
974	925	927	14	-1	-1	-1	0
912	959	958	4	-1	-1	-1	0
930	977	927	14	-1	-1	-1	0
960	914	961	14	-1	-1	-1	0
979	929	928	14	-1	-1	-1	0
977	930	931	14	-1	-1	-1	0
915	962	963	14	-1	-1	-1	0
980	931	929	14	-1	-1	-1	0
964	916	963	14	-1	-1	-1	0
918	966	962	14	-1	-1	-1	0
960	968	920	4	-1	-1	-1	0
933	983	932	14	-1	-1	-1	0
918	965	966	4	-1	-1	-1	0
926	976	948	14	-1	-1	-1	0
934	984	933	14	-1	-1	-1	0
968	967	920	4	-1	-1	-1	0
970	965	921	4	-1	-1	-1	0
935	936	988	4	-1	-1	-1	0
937	935	987	4	-1	-1	-1	0
921	969	970	4	-1	-1	-1	0
922	972	969	4	-1	-1	-1	0
967	973	923	4	-1	-1	-1	0
937	989	938	4	-1	-1	-1	0
922	971	972	4	-1	-1	-1	0
973	971	923	4	-1	-1	-1	0
938	990	942	4	-1	-1	-1	0
991	940	939	14	-1	-1	-1	0
992	941	940	14	-1	-1	-1	0
926	974	975	14	-1	-1	-1	0
991	939	946	14	-1	-1	-1	0
975	976	926	14	-1	-1	-1	0
927	977	974	14	-1	-1	-1	0
988	936	955	4	-1	-1	-1	0
941	993	947	14	-1	-1	-1	0
944	942	995	4	-1	-1	-1	0
944	996	943	14	-1	-1	-1	0
945	943	996	14	-1	-1	-1	0
934	964	986	14	-1	-1	-1	0
978	979	928	14	-1	-1	0	0
980	929	979	14	-1	-1	-1	0
945	998	946	14	-1	-1	-1	0
982	977	931	14	-1	-1	-1	0
962	966	963	14	-1	-1	-1	0
931	980	981	14	-1	-1	-1	0
931	981	982	14	-1	-1	-1	0
949	1000	950	14	-1	-1	-1	0
999	952	948	14	-1	-1	-1	0
993	961	947	14	-1	-1	-1	0
1001	949	951	14	-1	-1	-1	0
985	983	933	14	-1	-1	-1	0
985	933	984	14	-1	-1	-1	0
984	934	986	14	-1	-1	-1	0
950	1002	953	14	-1	-1	-1	0
952	1004	951	14	-1	-1	-1	0
968	973	967	4	-1	-1	-1	0
988	987	935	4	-1	-1	-1	0
937	987	989	4	-1	-1	-1	0
954	953	1007	14	-1	-1	-1	0
990	938	989	4	-1	-1	-1	0
956	1009	955	4	-1	-1	-1	0
959	954	1008	4	-1	-1	-1	0
940	991	992	14	-1	-1	-1	0
976	999	948	14	-1	-1	-1	0
1010	956	957	4	-1	-1	-1	0
957	958	1011	4	-1	-1	-1	0
992	994	941	14	-1	-1	-1	0
990	995	942	4	-1	-1	-1	0
959	1011	958	4	-1	-1	-1	0
993	941	994	14	-1	-1	-1	0
982	975	974	14	-1	-1	-1	0
974	977	982	14	-1	-1	-1	0
998	991	946	14	-1	-1	-1	0
961	1015	960	4	-1	-1	-1	0
995	997	944	4	-1	-1	-1	0
996	944	997	4	-1	-1	-1	0
996	998	945	14	-1	-1	-1	0
960	1015	968	4	-1	-1	-1	0
1017	964	963	14	-1	-1	-1	0
963	966	1017	14	-1	-1	-1	0
949	1001	1000	14	-1	-1	-1	0
1019	966	965	4	-1	-1	-1	0
1009	988	955	4	-1	-1	-1	0
1000	1003	950	14	-1	-1	-1	0
970	1019	965	4	-1	-1	-1	0
1003	1002	950	14	-1	-1	-1	0
1001	951	1004	14	-1	-1	-1	0
999	1005	952	14	-1	-1	-1	0
973	968	1021	4	-1	-1	-1	0
969	1023	970	4	-1	-1	-1	0
1007	953	1002	14	-1	-1	-1	0
952	1006	1004	14	-1	-1	-1	0
1005	1006	952	14	-1	-1	-1	0
969	972	1022	4	-1	-1	-1	0
986	964	1018	14	-1	-1	-1	0
1026	972	971	4	-1	-1	-1	0
1007	1008	954	4	-1	-1	-1	0
961	993	1016	4	-1	-1	-1	0
973	1026	971	4	-1	-1	-1	0
1009	956	1010	4	-1	-1	-1	0
975	1027	976	14	-1	-1	-1	0
1012	1010	957	4	-1	-1	-1	0
1011	1012	957	4	-1	-1	-1	0
1008	1013	959	4	-1	-1	-1	0
1011	959	1014	4	-1	-1	-1	0
982	1027	975	14	-1	-1	-1	0
1013	1014	959	4	-1	-1	-1	0
978	1031	979	14	-1	-1	-1	0
1032	980	979	14	-1	-1	-1	0
1015	961	1016	4	-1	-1	-1	0
980	1033	981	14	-1	-1	-1	0
1021	987	988	4	-1	-1	-1	0
987	1020	989	4	-1	-1	-1	0
981	1034	982	14	-1	-1	-1	0
1018	964	1017	14	-1	-1	-1	0
995	990	1016	4	-1	-1	-1	0
1019	1017	966	4	-1	-1	-1	0
1012	969	1022	4	-1	-1	-1	0
973	1021	1009	4	-1	-1	-1	0
1015	1020	968	4	-1	-1	-1	0
983	985	1035	14	-1	-1	-1	0
976	1029	999	14	-1	-1	-1	0
969	1012	1023	4	-1	-1	-1	0
985	984	1036	14	-1	-1	-1	0
986	1036	984	14	-1	-1	-1	0
1009	1026	973	4	-1	-1	-1	0
1021	968	1020	4	-1	-1	-1	0
1025	1019	970	4	-1	-1	-1	0
970	1023	1024	4	-1	-1	-1	0
1009	1021	988	4	-1	-1	-1	0
1039	990	989	4	-1	-1	-1	0
1024	1025	970	4	-1	-1	-1	0
972	1026	1022	4	-1	-1	-1	0
1040	992	991	14	-1	-1	-1	0
1040	994	992	14	-1	-1	-1	0
1021	1020	987	4	-1	-1	-1	0
993	994	1041	4	-1	-1	-1	0
998	1040	991	14	-1	-1	-1	0
997	994	1040	4	-1	-1	-1	0
976	1027	1028	14	-1	-1	-1	0
994	997	1041	4	-1	-1	-1	0
997	995	1041	4	-1	-1	-1	0
1005	999	1029	14	-1	-1	-1	0
996	997	1040	4	-1	-1	-1	0
1028	1029	976	14	-1	-1	-1	0
1040	998	996	4	-1	-1	-1	0
1031	978	1030	14	-1	0	-1	0
1009	1010	1022	4	-1	-1	-1	0
979	1031	1032	14	-1	-1	-1	0
1018	1038	986	14	-1	-1	-1	0
1042	1000	1001	14	-1	-1	-1	0
1034	1027	982	14	-1	-1	-1	0
1012	1022	1010	4	-1	-1	-1	0
1039	1016	990	4	-1	-1	-1	0
1000	1042	1003	14	-1	-1	-1	0
1032	1033	980	14	-1	-1	-1	0
1004	1043	1001	14	-1	-1	-1	0
1033	1034	981	14	-1	-1	-1	0
1020	1039	989	4	-1	-1	-1	0
1003	1045	1002	14	-1	-1	-1	0
1016	993	1041	4	-1	-1	-1	0
1016	1041	995	4	-1	-1	-1	0
1043	1004	1006	14	-1	-1	-1	0
1007	1002	1044	14	-1	-1	-1	0
1035	985	1037	14	-1	-1	-1	0
1026	1009	1022	4	-1	-1	-1	0
1036	1037	985	14	-1	-1	-1	0
1006	1005	1048	14	-1	-1	-1	0
1038	1036	986	14	-1	-1	-1	0
1008	1007	1053	4	-1	-1	-1	0
1015	1016	1039	4	-1	-1	-1	0
1015	1039	1020	4	-1	-1	-1	0
1013	1008	1054	4	-1	-1	-1	0
1012	1011	1055	4	-1	-1	-1	0
1055	1011	1014	4	-1	-1	-1	0
1029	1047	1005	14	-1	-1	-1	0
1013	1058	1014	4	-1	-1	-1	0
1001	1043	1042	14	-1	-1	-1	0
1012	1055	1023	4	-1	-1	-1	0
1042	1046	1003	14	-1	-1	-1	0
1045	1044	1002	14	-1	-1	-1	0
1045	1003	1046	14	-1	-1	-1	0
1061	1018	1017	4	-1	-1	-1	0
1019	1061	1017	4	-1	-1	-1	0
1005	1047	1049	14	-1	-1	-1	0
1043	1006	1052	14	-1	-1	-1	0
1048	1005	1049	14	-1	-1	-1	0
1044	1053	1007	4	-1	-1	-1	0
1025	1061	1019	4	-1	-1	-1	0
1006	1048	1051	14	-1	-1	-1	0
1051	1050	1006	14	-1	-1	-1	0
1050	1052	1006	14	-1	-1	-1	0
1063	1024	1023	4	-1	-1	-1	0
1025	1024	1065	4	-1	-1	-1	0
1054	1008	1053	4	-1	-1	-1	0
1018	1062	1038	4	-1	-1	-1	0
1028	1027	1067	14	-1	-1	-1	0
1013	1054	1057	4	-1	-1	-1	0
1057	1056	1013	4	-1	-1	-1	0
1028	1069	1029	14	-1	-1	-1	0
1013	1056	1058	4	-1	-1	-1	0
1027	1034	1067	14	-1	-1	-1	0
1055	1014	1059	4	-1	-1	-1	0
1043	1046	1042	14	-1	-1	-1	0
1014	1058	1060	4	-1	-1	-1	0
1071	1031	1030	14	-1	-1	-1	0
1060	1059	1014	4	-1	-1	-1	0
1031	1071	1032	14	-1	-1	-1	0
1072	1033	1032	14	-1	-1	-1	0
1033	1073	1034	14	-1	-1	-1	0
1018	1061	1062	4	-1	-1	-1	0
1063	1023	1055	4	-1	-1	-1	0
1029	1069	1047	14	-1	-1	-1	0
1035	1037	1074	14	-1	-1	-1	0
1036	1075	1037	14	-1	-1	-1	0
1076	1036	1038	14	-1	-1	-1	0
1063	1064	1024	4	-1	-1	-1	0
1025	1066	1061	4	-1	-1	-1	0
1065	1024	1064	4	-1	-1	-1	0
1066	1025	1065	4	-1	-1	-1	0
1067	1068	1028	14	-1	-1	-1	0
1028	1068	1069	14	-1	-1	-1	0
1046	1043	1079	14	-1	-1	-1	0
1082	1044	1045	14	-1	-1	-1	0
1071	1030	1070	14	-1	0	-1	0
1067	1034	1073	14	-1	-1	-1	0
1083	1045	1046	14	-1	-1	-1	0
1071	1072	1032	14	-1	-1	-1	0
1080	1043	1052	14	-1	-1	-1	0
1063	1055	1059	4	-1	-1	-1	0
1081	1053	1044	4	-1	-1	-1	0
1078	1038	1062	4	-1	-1	-1	0
1073	1033	1072	14	-1	-1	-1	0
1047	1085	1049	14	-1	-1	-1	0
1087	1048	1049	14	-1	-1	-1	0
1048	1086	1051	14	-1	-1	-1	0
1036	1076	1075	14	-1	-1	-1	0
1037	1077	1074	14	-1	-1	-1	0
1062	1061	1066	4	-1	-1	-1	0
1077	1037	1075	14	-1	-1	-1	0
1089	1052	1050	14	-1	-1	-1	0
1038	1078	1076	4	-1	-1	-1	0
1050	1051	1091	14	-1	-1	-1	0
1085	1047	1069	14	-1	-1	-1	0
1095	1054	1053	4	-1	-1	-1	0
1080	1079	1043	14	-1	-1	-1	0
1082	1081	1044	4	-1	-1	-1	0
1097	1057	1054	4	-1	-1	-1	0
1079	1084	1046	14	-1	-1	-1	0
1082	1045	1083	14	-1	-1	-1	0
1057	1098	1056	4	-1	-1	-1	0
1083	1046	1084	14	-1	-1	-1	0
1099	1058	1056	4	-1	-1	-1	0
1060	1058	1101	4	-1	-1	-1	0
1086	1048	1087	14	-1	-1	-1	0
1059	1060	1102	4	-1	-1	-1	0
1088	1049	1085	14	-1	-1	-1	0
1049	1088	1087	14	-1	-1	-1	0
1052	1093	1080	14	-1	-1	-1	0
1051	1086	1092	14	-1	-1	-1	0
1050	1090	1089	14	-1	-1	-1	0
1081	1095	1053	4	-1	-1	-1	0
1090	1050	1091	14	-1	-1	-1	0
1066	1103	1062	4	-1	-1	-1	0
1104	1065	1064	4	-1	-1	-1	0
1091	1051	1092	14	-1	-1	-1	0
1094	1052	1089	14	-1	-1	-1	0
1105	1066	1065	4	-1	-1	-1	0
1052	1094	1093	14	-1	-1	-1	0
1067	1107	1068	14	-1	-1	-1	0
1078	1062	1103	4	-1	-1	-1	0
1054	1095	1096	4	-1	-1	-1	0
1108	1069	1068	14	-1	-1	-1	0
1073	1106	1067	14	-1	-1	-1	0
1096	1097	1054	4	-1	-1	-1	0
1110	1071	1070	14	-1	-1	-1	0
1073	1072	1106	14	-1	-1	-1	0
1099	1056	1098	4	-1	-1	-1	0
1100	1057	1097	4	-1	-1	-1	0
1072	1071	1112	14	-1	-1	-1	0
1100	1098	1057	4	-1	-1	-1	0
1058	1099	1101	4	-1	-1	-1	0
1069	1108	1085	14	-1	-1	-1	0
1102	1060	1101	4	-1	-1	-1	0
1074	1077	1113	14	-1	-1	-1	0
1076	1114	1075	14	-1	-1	-1	0
1115	1077	1075	14	-1	-1	-1	0
1078	1116	1076	4	-1	-1	-1	0
1104	1105	1065	4	-1	-1	-1	0
1105	1103	1066	4	-1	-1	-1	0
1118	1079	1080	14	-1	-1	-1	0
1106	1107	1067	14	-1	-1	-1	0
1079	1118	1084	14	-1	-1	-1	0
1107	1108	1068	14	-1	-1	-1	0
1081	1082	1121	4	-1	-1	-1	0
1083	1122	1082	14	-1	-1	-1	0
1070	1109	1110	14	0	-1	-1	0
1072	1112	1106	14	-1	-1	-1	0
1084	1123	1083	14	-1	-1	-1	0
1119	1080	1093	14	-1	-1	-1	0
1111	1071	1110	14	-1	-1	-1	0
1111	1112	1071	14	-1	-1	-1	0
1120	1095	1081	4	-1	-1	-1	0
1103	1117	1078	4	-1	-1	-1	0
1126	1088	1085	14	-1	-1	-1	0
1087	1127	1086	14	-1	-1	-1	0
1087	1088	1128	14	-1	-1	-1	0
1075	1114	1115	14	-1	-1	-1	0
1113	1077	1115	14	-1	-1	-1	0
1127	1092	1086	14	-1	-1	-1	0
1116	1114	1076	4	-1	-1	-1	0
1130	1089	1090	14	-1	-1	-1	0
1117	1116	1078	4	-1	-1	-1	0
1132	1090	1091	14	-1	-1	-1	0
1089	1131	1094	14	-1	-1	-1	0
1134	1091	1092	14	-1	-1	-1	0
1080	1119	1118	14	-1	-1	-1	0
1085	1108	1126	14	-1	-1	-1	0
1121	1120	1081	4	-1	-1	-1	0
1136	1093	1094	14	-1	-1	-1	0
1082	1122	1121	4	-1	-1	-1	0
1105	1117	1103	4	-1	-1	-1	0
1118	1125	1084	14	-1	-1	-1	0
1122	1083	1123	14	-1	-1	-1	0
1095	1138	1096	4	-1	-1	-1	0
1084	1124	1123	14	-1	-1	-1	0
1097	1096	1139	4	-1	-1	-1	0
1125	1124	1084	14	-1	-1	-1	0
1140	1100	1097	4	-1	-1	-1	0
1142	1099	1098	4	-1	-1	-1	0
1100	1143	1098	4	-1	-1	-1	0
1088	1126	1128	14	-1	-1	-1	0
1087	1129	1127	14	-1	-1	-1	0
1087	1128	1129	14	-1	-1	-1	0
1101	1099	1144	4	-1	-1	-1	0
1119	1093	1136	14	-1	-1	-1	0
1102	1101	1146	4	-1	-1	-1	0
1130	1131	1089	14	-1	-1	-1	0
1095	1120	1138	4	-1	-1	-1	0
1130	1090	1133	14	-1	-1	-1	0
1092	1127	1135	14	-1	-1	-1	0
1132	1133	1090	14	-1	-1	-1	0
1147	1105	1104	4	-1	-1	-1	0
1091	1134	1132	14	-1	-1	-1	0
1148	1107	1106	14	-1	-1	-1	0
1135	1134	1092	14	-1	-1	-1	0
1137	1094	1131	14	-1	-1	-1	0
1107	1149	1108	14	-1	-1	-1	0
1106	1112	1148	14	-1	-1	-1	0
1137	1136	1094	14	-1	-1	-1	0
1117	1105	1147	4	-1	-1	-1	0
1152	1110	1109	14	-1	-1	-1	0
1096	1138	1139	4	-1	-1	-1	0
1111	1110	1153	14	-1	-1	-1	0
1154	1112	1111	14	-1	-1	-1	0
1141	1097	1139	4	-1	-1	-1	0
1140	1097	1141	4	-1	-1	-1	0
1143	1100	1140	4	-1	-1	-1	0
1143	1142	1098	4	-1	-1	-1	0
1115	1155	1113	14	-1	-1	-1	0
1126	1108	1149	14	-1	-1	-1	0
1116	1156	1114	4	-1	-1	-1	0
1145	1099	1142	4	-1	-1	-1	0
1157	1115	1114	14	-1	-1	-1	0
1145	1144	1099	4	-1	-1	-1	0
1117	1158	1116	4	-1	-1	-1	0
1144	1146	1101	4	-1	-1	-1	0
1161	1118	1119	14	-1	-1	-1	0
1160	1125	1118	14	-1	-1	-1	0
1107	1148	1150	14	-1	-1	-1	0
1121	1164	1120	4	-1	-1	-1	0
1149	1107	1150	14	-1	-1	-1	0
1121	1122	1165	4	-1	-1	-1	0
1166	1122	1123	14	-1	-1	-1	0
1109	1151	1152	14	0	-1	-1	0
1166	1123	1124	14	-1	-1	-1	0
1154	1148	1112	14	-1	-1	-1	0
1152	1153	1110	14	-1	-1	-1	0
1167	1124	1125	14	-1	-1	-1	0
1136	1162	1119	14	-1	-1	-1	0
1154	1111	1153	14	-1	-1	-1	0
1163	1138	1120	4	-1	-1	-1	0
1159	1117	1147	4	-1	-1	-1	0
1172	1128	1126	14	-1	-1	-1	0
1115	1157	1155	14	-1	-1	-1	0
1114	1156	1157	4	-1	-1	-1	0
1127	1129	1173	14	-1	-1	-1	0
1158	1156	1116	4	-1	-1	-1	0
1128	1174	1129	14	-1	-1	-1	0
1158	1117	1159	4	-1	-1	-1	0
1135	1127	1173	14	-1	-1	-1	0
1177	1131	1130	14	-1	-1	-1	0
1160	1118	1161	14	-1	-1	-1	0
1133	1177	1130	14	-1	-1	-1	0
1119	1162	1161	14	-1	-1	-1	0
1179	1133	1132	5	-1	-1	-1	0
1170	1126	1149	14	-1	-1	-1	0
1180	1132	1134	5	-1	-1	-1	0
1131	1178	1137	14	-1	-1	-1	0
1164	1163	1120	4	-1	-1	-1	0
1121	1165	1164	4	-1	-1	-1	0
1134	1135	1182	5	-1	-1	-1	0
1122	1166	1165	4	-1	-1	-1	0
1169	1125	1160	14	-1	-1	-1	0
1136	1137	1184	14	-1	-1	-1	0
1124	1167	1166	14	-1	-1	-1	0
1168	1167	1125	14	-1	-1	-1	0
1169	1168	1125	14	-1	-1	-1	0
1186	1139	1138	4	-1	-1	-1	0
1171	1126	1170	14	-1	-1	-1	0
1188	1141	1139	4	-1	-1	-1	0
1149	1150	1170	14	-1	-1	-1	0
1171	1172	1126	14	-1	-1	-1	0
1140	1141	1189	4	-1	-1	-1	0
1140	1190	1143	4	-1	-1	-1	0
1128	1172	1174	14	-1	-1	-1	0
1192	1142	1143	4	-1	-1	-1	0
1129	1174	1175	14	-1	-1	-1	0
1129	1176	1173	14	-1	-1	-1	0
1176	1129	1175	14	-1	-1	-1	0
1142	1193	1145	4	-1	-1	-1	0
1184	1162	1136	14	-1	-1	-1	0
1194	1146	1144	4	-1	-1	-1	0
1195	1144	1145	4	-1	-1	-1	0
1177	1178	1131	14	-1	-1	-1	0
1138	1163	1187	4	-1	-1	-1	0
1181	1177	1133	5	-1	-1	-1	0
1180	1179	1132	5	-1	-1	-1	0
1173	1183	1135	5	-1	-1	-1	0
1133	1179	1181	5	-1	-1	-1	0
1148	1198	1150	14	-1	-1	-1	0
1134	1182	1180	5	-1	-1	-1	0
1137	1178	1185	14	-1	-1	-1	0
1198	1148	1154	14	-1	-1	-1	0
1183	1182	1135	5	-1	-1	-1	0
1152	1151	1202	14	-1	-1	-1	0
1185	1184	1137	14	-1	-1	-1	0
1153	1152	1203	14	-1	-1	-1	0
1204	1154	1153	14	-1	-1	-1	0
1186	1138	1187	4	-1	-1	-1	0
1186	1188	1139	4	-1	-1	-1	0
1155	1157	1205	14	-1	-1	-1	0
1140	1189	1190	4	-1	-1	-1	0
1207	1157	1156	4	-1	-1	-1	0
1206	1156	1158	4	-1	-1	-1	0
1170	1150	1200	14	-1	-1	-1	0
1188	1191	1141	4	-1	-1	-1	0
1189	1141	1191	4	-1	-1	-1	0
1159	1206	1158	4	-1	-1	-1	0
1192	1143	1190	4	-1	-1	-1	0
1192	1193	1142	4	-1	-1	-1	0
1160	1161	1208	14	-1	-1	-1	0
1162	1209	1161	14	-1	-1	-1	0
1194	1144	1195	4	-1	-1	-1	0
1145	1193	1196	4	-1	-1	-1	0
1145	1197	1195	4	-1	-1	-1	0
1160	1208	1169	14	-1	-1	-1	0
1145	1196	1197	4	-1	-1	-1	0
1164	1212	1163	4	-1	-1	-1	0
1170	1200	1171	14	-1	-1	-1	0
1164	1165	1213	4	-1	-1	-1	0
1214	1165	1166	4	-1	-1	-1	0
1150	1198	1199	14	-1	-1	-1	0
1214	1166	1167	4	-1	-1	-1	0
1199	1200	1150	14	-1	-1	-1	0
1167	1168	1215	4	-1	-1	-1	0
1217	1168	1169	14	-1	-1	-1	0
1202	1151	1201	14	-1	0	-1	0
1198	1154	1204	14	-1	-1	-1	0
1210	1162	1184	14	-1	-1	-1	0
1202	1203	1152	14	-1	-1	-1	0
1203	1204	1153	14	-1	-1	-1	0
1163	1212	1187	4	-1	-1	-1	0
1219	1172	1171	14	-1	-1	-1	0
1172	1223	1174	14	-1	-1	-1	0
1207	1205	1157	4	-1	-1	-1	0
1206	1207	1156	4	-1	-1	-1	0
1176	1224	1173	5	-1	-1	-1	0
1174	1225	1175	14	-1	-1	-1	0
1176	1175	1226	14	-1	-1	-1	0
1161	1209	1208	14	-1	-1	-1	0
1183	1173	1224	5	-1	-1	-1	0
1162	1211	1209	14	-1	-1	-1	0
1228	1178	1177	5	-1	-1	-1	0
1162	1210	1211	14	-1	-1	-1	0
1177	1181	1228	5	-1	-1	-1	0
1213	1212	1164	4	-1	-1	-1	0
1181	1179	1230	5	-1	-1	-1	0
1231	1179	1180	5	-1	-1	-1	0
1171	1200	1221	14	-1	-1	-1	0
1178	1229	1185	5	-1	-1	-1	0
1165	1214	1213	4	-1	-1	-1	0
1180	1182	1232	5	-1	-1	-1	0
1169	1208	1218	14	-1	-1	-1	0
1214	1167	1215	4	-1	-1	-1	0
1233	1182	1183	5	-1	-1	-1	0
1168	1216	1215	4	-1	-1	-1	0
1217	1216	1168	4	-1	-1	-1	0
1217	1169	1218	14	-1	-1	-1	0
1184	1185	1235	14	-1	-1	-1	0
1219	1171	1220	14	-1	-1	-1	0
1187	1238	1186	4	-1	-1	-1	0
1221	1220	1171	14	-1	-1	-1	0
1188	1186	1238	4	-1	-1	-1	0
1222	1172	1219	14	-1	-1	-1	0
1222	1223	1172	14	-1	-1	-1	0
1191	1188	1240	4	-1	-1	-1	0
1190	1189	1242	4	-1	-1	-1	0
1189	1191	1241	4	-1	-1	-1	0
1225	1174	1223	14	-1	-1	-1	0
1192	1190	1243	4	-1	-1	-1	0
1226	1175	1225	14	-1	-1	-1	0
1224	1176	1227	5	-1	-1	-1	0
1192	1243	1193	4	-1	-1	-1	0
1226	1227	1176	5	-1	-1	-1	0
1236	1210	1184	14	-1	-1	-1	0
1229	1178	1228	5	-1	-1	-1	0
1193	1247	1196	4	-1	-1	-1	0
1195	1248	1194	4	-1	-1	-1	0
1239	1187	1212	4	-1	-1	-1	0
1230	1228	1181	5	-1	-1	-1	0
1248	1195	1197	4	-1	-1	-1	0
1230	1179	1231	5	-1	-1	-1	0
1224	1234	1183	5	-1	-1	-1	0
1196	1250	1197	4	-1	-1	-1	0
1232	1231	1180	5	-1	-1	-1	0
1233	1232	1182	5	-1	-1	-1	0
1198	1252	1199	14	-1	-1	-1	0
1233	1183	1234	5	-1	-1	-1	0
1229	1237	1185	5	-1	-1	-1	0
1200	1199	1255	14	-1	-1	-1	0
1204	1253	1198	14	-1	-1	-1	0
1236	1184	1235	14	-1	-1	-1	0
1185	1237	1235	5	-1	-1	-1	0
1258	1202	1201	14	-1	-1	-1	0
1203	1202	1259	14	-1	-1	-1	0
1238	1187	1239	4	-1	-1	-1	0
1240	1188	1238	4	-1	-1	-1	0
1203	1260	1204	14	-1	-1	-1	0
1241	1242	1189	4	-1	-1	-1	0
1244	1190	1242	4	-1	-1	-1	0
1245	1191	1240	4	-1	-1	-1	0
1244	1243	1190	4	-1	-1	-1	0
1256	1221	1200	14	-1	-1	-1	0
1241	1191	1245	4	-1	-1	-1	0
1209	1263	1208	14	-1	-1	-1	0
1246	1193	1243	4	-1	-1	-1	0
1263	1209	1211	14	-1	-1	-1	0
1211	1210	1264	14	-1	-1	-1	0
1246	1247	1193	4	-1	-1	-1	0
1262	1218	1208	14	-1	-1	-1	0
1267	1212	1213	4	-1	-1	-1	0
1196	1247	1249	4	-1	-1	-1	0
1213	1214	1267	4	-1	-1	-1	0
1196	1249	1250	4	-1	-1	-1	0
1215	1267	1214	4	-1	-1	-1	0
1197	1251	1248	4	-1	-1	-1	0
1197	1250	1251	4	-1	-1	-1	0
1216	1269	1215	4	-1	-1	-1	0
1252	1198	1253	14	-1	-1	-1	0
1217	1270	1216	4	-1	-1	-1	0
1254	1199	1252	14	-1	-1	-1	0
1217	1218	1272	14	-1	-1	-1	0
1199	1254	1255	14	-1	-1	-1	0
1255	1256	1200	14	-1	-1	-1	0
1236	1265	1210	14	-1	-1	-1	0
1220	1273	1219	14	-1	-1	-1	0
1219	1273	1222	14	-1	-1	-1	0
1275	1220	1221	14	-1	-1	-1	0
1257	1258	1201	14	-1	-1	0	0
1204	1260	1253	14	-1	-1	-1	0
1239	1212	1267	4	-1	-1	-1	0
1202	1258	1259	14	-1	-1	-1	0
1203	1259	1261	14	-1	-1	-1	0
1223	1222	1279	14	-1	-1	-1	0
1261	1260	1203	14	-1	-1	-1	0
1223	1281	1225	14	-1	-1	-1	0
1263	1262	1208	14	-1	-1	-1	0
1227	1283	1224	5	-1	-1	-1	0
1226	1225	1284	14	-1	-1	-1	0
1227	1226	1285	5	-1	-1	-1	0
1265	1264	1210	14	-1	-1	-1	0
1266	1263	1211	14	-1	-1	-1	0
1224	1283	1234	5	-1	-1	-1	0
1266	1211	1264	14	-1	-1	-1	0
1229	1228	1287	5	-1	-1	-1	0
1230	1288	1228	5	-1	-1	-1	0
1267	1215	1268	4	-1	-1	-1	0
1290	1230	1231	5	-1	-1	-1	0
1262	1272	1218	14	-1	-1	-1	0
1269	1268	1215	4	-1	-1	-1	0
1231	1232	1291	5	-1	-1	-1	0
1278	1221	1256	14	-1	-1	-1	0
1229	1289	1237	5	-1	-1	-1	0
1271	1269	1216	4	-1	-1	-1	0
1216	1270	1271	4	-1	-1	-1	0
1293	1232	1233	5	-1	-1	-1	0
1217	1272	1270	4	-1	-1	-1	0
1233	1234	1295	5	-1	-1	-1	0
1297	1236	1235	5	-1	-1	-1	0
1275	1274	1220	14	-1	-1	-1	0
1235	1237	1297	5	-1	-1	-1	0
1220	1276	1273	14	-1	-1	-1	0
1274	1276	1220	14	-1	-1	-1	0
1275	1221	1277	14	-1	-1	-1	0
1280	1222	1273	14	-1	-1	-1	0
1221	1278	1277	14	-1	-1	-1	0
1238	1300	1240	4	-1	-1	-1	0
1238	1239	1301	4	-1	-1	-1	0
1279	1222	1280	14	-1	-1	-1	0
1279	1282	1223	14	-1	-1	-1	0
1223	1282	1281	14	-1	-1	-1	0
1304	1242	1241	5	-1	-1	-1	0
1240	1303	1245	4	-1	-1	-1	0
1281	1284	1225	14	-1	-1	-1	0
1241	1245	1305	5	-1	-1	-1	0
1244	1242	1306	5	-1	-1	-1	0
1244	1307	1243	4	-1	-1	-1	0
1284	1285	1226	5	-1	-1	-1	0
1246	1243	1307	4	-1	-1	-1	0
1283	1227	1286	5	-1	-1	-1	0
1286	1227	1285	5	-1	-1	-1	0
1236	1298	1265	5	-1	-1	-1	0
1247	1246	1309	4	-1	-1	-1	0
1288	1287	1228	5	-1	-1	-1	0
1287	1289	1229	5	-1	-1	-1	0
1310	1249	1247	4	-1	-1	-1	0
1290	1288	1230	5	-1	-1	-1	0
1239	1267	1302	4	-1	-1	-1	0
1250	1249	1313	4	-1	-1	-1	0
1231	1292	1290	5	-1	-1	-1	0
1296	1234	1283	5	-1	-1	-1	0
1231	1291	1292	5	-1	-1	-1	0
1250	1314	1251	4	-1	-1	-1	0
1291	1232	1293	5	-1	-1	-1	0
1293	1233	1294	5	-1	-1	-1	0
1252	1315	1254	14	-1	-1	-1	0
1253	1316	1252	14	-1	-1	-1	0
1295	1294	1233	5	-1	-1	-1	0
1234	1296	1295	5	-1	-1	-1	0
1289	1299	1237	5	-1	-1	-1	0
1254	1318	1255	14	-1	-1	-1	0
1317	1253	1260	14	-1	-1	-1	0
1255	1319	1256	14	-1	-1	-1	0
1297	1298	1236	5	-1	-1	-1	0
1297	1237	1299	5	-1	-1	-1	0
1258	1257	1322	14	-1	-1	-1	0
1261	1317	1260	14	-1	-1	-1	0
1238	1301	1300	4	-1	-1	-1	0
1258	1323	1259	14	-1	-1	-1	0
1239	1302	1301	4	-1	-1	-1	0
1300	1303	1240	4	-1	-1	-1	0
1259	1323	1261	14	-1	-1	-1	0
1305	1304	1241	5	-1	-1	-1	0
1326	1262	1263	14	-1	-1	-1	0
1306	1242	1304	5	-1	-1	-1	0
1303	1305	1245	5	-1	-1	-1	0
1320	1278	1256	14	-1	-1	-1	0
1263	1266	1328	14	-1	-1	-1	0
1329	1264	1265	14	-1	-1	-1	0
1308	1244	1306	5	-1	-1	-1	0
1266	1264	1329	14	-1	-1	-1	0
1308	1307	1244	5	-1	-1	-1	0
1262	1327	1272	14	-1	-1	-1	0
1267	1268	1332	4	-1	-1	-1	0
1246	1307	1309	4	-1	-1	-1	0
1311	1247	1309	4	-1	-1	-1	0
1311	1310	1247	4	-1	-1	-1	0
1312	1249	1310	4	-1	-1	-1	0
1268	1269	1334	4	-1	-1	-1	0
1249	1312	1313	4	-1	-1	-1	0
1271	1335	1269	4	-1	-1	-1	0
1314	1250	1313	4	-1	-1	-1	0
1271	1270	1337	4	-1	-1	-1	0
1336	1270	1272	4	-1	-1	-1	0
1315	1252	1316	14	-1	-1	-1	0
1253	1317	1316	14	-1	-1	-1	0
1290	1292	1305	5	-1	-1	-1	0
1254	1315	1318	14	-1	-1	-1	0
1276	1339	1273	14	-1	-1	-1	0
1275	1340	1274	14	-1	-1	-1	0
1276	1274	1341	14	-1	-1	-1	0
1255	1318	1319	14	-1	-1	-1	0
1280	1273	1339	14	-1	-1	-1	0
1330	1265	1298	5	-1	-1	-1	0
1275	1277	1343	14	-1	-1	-1	0
1256	1319	1320	14	-1	-1	-1	0
1321	1322	1257	14	-1	-1	0	0
1292	1304	1305	5	-1	-1	-1	0
1277	1278	1346	14	-1	-1	-1	0
1267	1332	1302	4	-1	-1	-1	0
1258	1322	1323	14	-1	-1	-1	0
1325	1317	1261	14	-1	-1	-1	0
1323	1324	1261	14	-1	-1	-1	0
1349	1279	1280	14	-1	-1	-1	0
1325	1261	1324	14	-1	-1	-1	0
1279	1349	1282	14	-1	-1	-1	0
1352	1281	1282	14	-1	-1	-1	0
1326	1327	1262	14	-1	-1	-1	0
1263	1328	1326	14	-1	-1	-1	0
1353	1284	1281	14	-1	-1	-1	0
1329	1265	1330	5	-1	-1	-1	0
1283	1286	1356	5	-1	-1	-1	0
1328	1266	1331	14	-1	-1	-1	0
1331	1266	1329	14	-1	-1	-1	0
1358	1285	1284	5	-1	-1	-1	0
1359	1286	1285	5	-1	-1	-1	0
1332	1268	1333	4	-1	-1	-1	0
1336	1272	1327	4	-1	-1	-1	0
1268	1334	1333	4	-1	-1	-1	0
1357	1296	1283	5	-1	-1	-1	0
1362	1289	1287	5	-1	-1	-1	0
1269	1335	1334	4	-1	-1	-1	0
1288	1364	1287	5	-1	-1	-1	0
1270	1336	1337	4	-1	-1	-1	0
1271	1338	1335	4	-1	-1	-1	0
1366	1288	1290	5	-1	-1	-1	0
1347	1278	1320	14	-1	-1	-1	0
1337	1338	1271	4	-1	-1	-1	0
1362	1299	1289	5	-1	-1	-1	0
1367	1292	1291	5	-1	-1	-1	0
1293	1367	1291	5	-1	-1	-1	0
1293	1294	1368	5	-1	-1	-1	0
1340	1342	1274	14	-1	-1	-1	0
1342	1341	1274	14	-1	-1	-1	0
1343	1340	1275	14	-1	-1	-1	0
1305	1366	1290	5	-1	-1	-1	0
1294	1295	1369	5	-1	-1	-1	0
1296	1371	1295	5	-1	-1	-1	0
1344	1339	1276	14	-1	-1	-1	0
1345	1276	1341	14	-1	-1	-1	0
1292	1367	1304	5	-1	-1	-1	0
1276	1345	1344	14	-1	-1	-1	0
1343	1277	1346	14	-1	-1	-1	0
1297	1373	1298	5	-1	-1	-1	0
1297	1299	1373	5	-1	-1	-1	0
1339	1350	1280	14	-1	-1	-1	0
1348	1346	1278	14	-1	-1	-1	0
1278	1347	1348	14	-1	-1	-1	0
1366	1305	1303	5	-1	-1	-1	0
1301	1376	1300	4	-1	-1	-1	0
1304	1367	1306	5	-1	-1	-1	0
1303	1300	1376	4	-1	-1	-1	0
1301	1302	1377	4	-1	-1	-1	0
1280	1351	1349	14	-1	-1	-1	0
1280	1350	1351	14	-1	-1	-1	0
1354	1282	1349	14	-1	-1	-1	0
1353	1281	1352	14	-1	-1	-1	0
1352	1282	1354	14	-1	-1	-1	0
1379	1308	1306	5	-1	-1	-1	0
1356	1355	1283	5	-1	-1	-1	0
1353	1358	1284	5	-1	-1	-1	0
1380	1307	1308	5	-1	-1	-1	0
1283	1355	1357	5	-1	-1	-1	0
1380	1309	1307	5	-1	-1	-1	0
1381	1311	1309	5	-1	-1	-1	0
1374	1330	1298	5	-1	-1	-1	0
1358	1359	1285	5	-1	-1	-1	0
1361	1356	1286	5	-1	-1	-1	0
1310	1311	1382	4	-1	-1	-1	0
1310	1383	1312	4	-1	-1	-1	0
1286	1359	1360	5	-1	-1	-1	0
1360	1361	1286	5	-1	-1	-1	0
1385	1313	1312	4	-1	-1	-1	0
1362	1287	1363	5	-1	-1	-1	0
1378	1302	1332	4	-1	-1	-1	0
1314	1313	1386	4	-1	-1	-1	0
1363	1287	1364	5	-1	-1	-1	0
1364	1288	1365	5	-1	-1	-1	0
1365	1288	1366	5	-1	-1	-1	0
1315	1316	1389	14	-1	-1	-1	0
1315	1387	1318	14	-1	-1	-1	0
1391	1316	1317	14	-1	-1	-1	0
1296	1357	1372	5	-1	-1	-1	0
1368	1367	1293	5	-1	-1	-1	0
1393	1319	1318	14	-1	-1	-1	0
1294	1370	1368	5	-1	-1	-1	0
1319	1393	1320	14	-1	-1	-1	0
1294	1369	1370	5	-1	-1	-1	0
1391	1317	1325	14	-1	-1	-1	0
1362	1373	1299	5	-1	-1	-1	0
1295	1371	1369	5	-1	-1	-1	0
1396	1322	1321	14	-1	-1	-1	0
1372	1371	1296	5	-1	-1	-1	0
1323	1322	1398	14	-1	-1	-1	0
1366	1303	1376	5	-1	-1	-1	0
1375	1298	1373	5	-1	-1	-1	0
1399	1324	1323	14	-1	-1	-1	0
1374	1298	1375	5	-1	-1	-1	0
1324	1400	1325	14	-1	-1	-1	0
1367	1379	1306	5	-1	-1	-1	0
1377	1376	1301	4	-1	-1	-1	0
1326	1402	1327	14	-1	-1	-1	0
1402	1326	1328	14	-1	-1	-1	0
1302	1378	1377	4	-1	-1	-1	0
1320	1394	1347	14	-1	-1	-1	0
1402	1328	1331	14	-1	-1	-1	0
1330	1404	1329	5	-1	-1	-1	0
1329	1404	1331	5	-1	-1	-1	0
1403	1336	1327	4	-1	-1	-1	0
1379	1380	1308	5	-1	-1	-1	0
1380	1381	1309	5	-1	-1	-1	0
1406	1332	1333	4	-1	-1	-1	0
1333	1334	1406	4	-1	-1	-1	0
1310	1382	1383	4	-1	-1	-1	0
1311	1381	1384	5	-1	-1	-1	0
1334	1335	1407	4	-1	-1	-1	0
1311	1384	1382	5	-1	-1	-1	0
1312	1383	1385	4	-1	-1	-1	0
1408	1335	1338	4	-1	-1	-1	0
1409	1337	1336	4	-1	-1	-1	0
1385	1386	1313	4	-1	-1	-1	0
1410	1338	1337	4	-1	-1	-1	0
1315	1388	1387	14	-1	-1	-1	0
1388	1315	1389	14	-1	-1	-1	0
1316	1390	1389	14	-1	-1	-1	0
1339	1344	1413	14	-1	-1	-1	0
1340	1414	1342	14	-1	-1	-1	0
1390	1316	1391	14	-1	-1	-1	0
1392	1318	1387	14	-1	-1	-1	0
1340	1343	1414	14	-1	-1	-1	0
1342	1416	1341	14	-1	-1	-1	0
1415	1345	1341	14	-1	-1	-1	0
1339	1412	1350	14	-1	-1	-1	0
1318	1392	1393	14	-1	-1	-1	0
1364	1365	1377	5	-1	-1	-1	0
1320	1393	1394	14	-1	-1	-1	0
1376	1365	1366	5	-1	-1	-1	0
1346	1419	1343	14	-1	-1	-1	0
1330	1374	1405	5	-1	-1	-1	0
1344	1345	1422	14	-1	-1	-1	0
1321	1395	1397	14	0	-1	-1	0
1321	1397	1396	14	-1	-1	-1	0
1367	1368	1379	5	-1	-1	-1	0
1406	1378	1332	4	-1	-1	-1	0
1322	1396	1398	14	-1	-1	-1	0
1325	1401	1391	14	-1	-1	-1	0
1365	1376	1377	5	-1	-1	-1	0
1426	1346	1348	14	-1	-1	-1	0
1399	1323	1398	14	-1	-1	-1	0
1428	1348	1347	14	-1	-1	-1	0
1400	1324	1399	14	-1	-1	-1	0
1401	1325	1400	14	-1	-1	-1	0
1349	1351	1430	14	-1	-1	-1	0
1350	1431	1351	14	-1	-1	-1	0
1327	1402	1403	4	-1	-1	-1	0
1354	1349	1430	14	-1	-1	-1	0
1404	1402	1331	4	-1	-1	-1	0
1404	1330	1405	5	-1	-1	-1	0
1352	1434	1353	14	-1	-1	-1	0
1354	1433	1352	14	-1	-1	-1	0
1358	1353	1435	5	-1	-1	-1	0
1334	1407	1406	4	-1	-1	-1	0
1403	1409	1336	4	-1	-1	-1	0
1356	1438	1355	5	-1	-1	-1	0
1408	1407	1335	4	-1	-1	-1	0
1439	1357	1355	5	-1	-1	-1	0
1410	1337	1409	4	-1	-1	-1	0
1408	1338	1411	4	-1	-1	-1	0
1440	1356	1361	5	-1	-1	-1	0
1338	1410	1411	4	-1	-1	-1	0
1442	1359	1358	5	-1	-1	-1	0
1359	1443	1360	5	-1	-1	-1	0
1412	1339	1413	14	-1	-1	-1	0
1361	1360	1444	5	-1	-1	-1	0
1347	1394	1427	14	-1	-1	-1	0
1372	1357	1441	5	-1	-1	-1	0
1341	1416	1415	14	-1	-1	-1	0
1363	1447	1362	5	-1	-1	-1	0
1418	1342	1414	14	-1	-1	-1	0
1363	1364	1448	5	-1	-1	-1	0
1417	1416	1342	14	-1	-1	-1	0
1418	1417	1342	14	-1	-1	-1	0
1421	1414	1343	14	-1	-1	-1	0
1344	1422	1413	14	-1	-1	-1	0
1373	1362	1447	5	-1	-1	-1	0
1420	1343	1419	14	-1	-1	-1	0
1415	1423	1345	14	-1	-1	-1	0
1343	1420	1421	14	-1	-1	-1	0
1370	1450	1368	5	-1	-1	-1	0
1448	1364	1377	5	-1	-1	-1	0
1346	1425	1419	14	-1	-1	-1	0
1345	1424	1422	14	-1	-1	-1	0
1345	1423	1424	14	-1	-1	-1	0
1412	1431	1350	14	-1	-1	-1	0
1373	1447	1375	5	-1	-1	-1	0
1371	1372	1452	5	-1	-1	-1	0
1425	1346	1426	14	-1	-1	-1	0
1450	1379	1368	5	-1	-1	-1	0
1347	1427	1428	14	-1	-1	-1	0
1453	1374	1375	5	-1	-1	-1	0
1429	1426	1348	14	-1	-1	-1	0
1448	1377	1378	4	-1	-1	-1	0
1429	1348	1428	14	-1	-1	-1	0
1403	1402	1404	4	-1	-1	-1	0
1403	1404	1405	4	-1	-1	-1	0
1351	1432	1430	14	-1	-1	-1	0
1432	1351	1431	14	-1	-1	-1	0
1379	1456	1380	5	-1	-1	-1	0
1405	1409	1403	4	-1	-1	-1	0
1456	1381	1380	5	-1	-1	-1	0
1434	1352	1433	14	-1	-1	-1	0
1437	1354	1430	14	-1	-1	-1	0
1384	1381	1457	5	-1	-1	-1	0
1353	1434	1435	5	-1	-1	-1	0
1354	1436	1433	14	-1	-1	-1	0
1382	1459	1383	4	-1	-1	-1	0
1458	1382	1384	5	-1	-1	-1	0
1354	1437	1436	14	-1	-1	-1	0
1461	1385	1383	4	-1	-1	-1	0
1439	1355	1438	5	-1	-1	-1	0
1405	1374	1453	5	-1	-1	-1	0
1378	1406	1448	4	-1	-1	-1	0
1440	1438	1356	5	-1	-1	-1	0
1386	1385	1463	4	-1	-1	-1	0
1435	1442	1358	5	-1	-1	-1	0
1357	1439	1441	5	-1	-1	-1	0
1464	1387	1388	14	-1	-1	-1	0
1387	1465	1392	14	-1	-1	-1	0
1388	1389	1467	14	-1	-1	-1	0
1359	1442	1443	5	-1	-1	-1	0
1445	1440	1361	5	-1	-1	-1	0
1360	1443	1444	5	-1	-1	-1	0
1390	1468	1389	14	-1	-1	-1	0
1391	1470	1390	14	-1	-1	-1	0
1446	1361	1444	5	-1	-1	-1	0
1445	1361	1446	5	-1	-1	-1	0
1393	1392	1473	14	-1	-1	-1	0
1449	1447	1363	5	-1	-1	-1	0
1473	1394	1393	14	-1	-1	-1	0
1448	1449	1363	5	-1	-1	-1	0
1449	1406	1407	4	-1	-1	-1	0
1391	1401	1471	14	-1	-1	-1	0
1452	1372	1441	5	-1	-1	-1	0
1397	1395	1474	14	-1	-1	-1	0
1453	1409	1405	4	-1	-1	-1	0
1396	1397	1476	14	-1	-1	-1	0
1396	1476	1398	14	-1	-1	-1	0
1370	1451	1450	5	-1	-1	-1	0
1410	1409	1453	4	-1	-1	-1	0
1408	1411	1455	4	-1	-1	-1	0
1410	1454	1411	4	-1	-1	-1	0
1479	1399	1398	14	-1	-1	-1	0
1455	1375	1447	5	-1	-1	-1	0
1399	1480	1400	14	-1	-1	-1	0
1401	1400	1481	14	-1	-1	-1	0
1453	1375	1454	5	-1	-1	-1	0
1455	1454	1375	5	-1	-1	-1	0
1450	1456	1379	5	-1	-1	-1	0
1456	1457	1381	5	-1	-1	-1	0
1394	1473	1427	14	-1	-1	-1	0
1483	1407	1408	4	-1	-1	-1	0
1382	1458	1459	5	-1	-1	-1	0
1383	1459	1460	4	-1	-1	-1	0
1457	1462	1384	5	-1	-1	-1	0
1406	1449	1448	4	-1	-1	-1	0
1458	1384	1462	5	-1	-1	-1	0
1383	1460	1461	4	-1	-1	-1	0
1385	1461	1463	4	-1	-1	-1	0
1412	1413	1485	14	-1	-1	-1	0
1387	1464	1465	14	-1	-1	-1	0
1410	1453	1454	4	-1	-1	-1	0
1464	1388	1466	14	-1	-1	-1	0
1488	1415	1416	14	-1	-1	-1	0
1418	1414	1487	14	-1	-1	-1	0
1455	1411	1454	4	-1	-1	-1	0
1422	1486	1413	14	-1	-1	-1	0
1466	1388	1467	14	-1	-1	-1	0
1487	1414	1421	14	-1	-1	-1	0
1490	1416	1417	14	-1	-1	-1	0
1468	1467	1389	14	-1	-1	-1	0
1417	1418	1491	14	-1	-1	-1	0
1415	1489	1423	14	-1	-1	-1	0
1412	1484	1431	14	-1	-1	-1	0
1469	1468	1390	14	-1	-1	-1	0
1465	1472	1392	14	-1	-1	-1	0
1469	1390	1470	14	-1	-1	-1	0
1470	1391	1471	14	-1	-1	-1	0
1494	1420	1419	14	-1	-1	-1	0
1392	1472	1473	14	-1	-1	-1	0
1496	1421	1420	0	-1	-1	-1	1.176470588235293
1425	1494	1419	14	-1	-1	-1	0
1449	1407	1483	4	-1	-1	-1	0
1395	1475	1474	14	0	-1	-1	0
1422	1424	1498	14	-1	-1	-1	0
1408	1455	1483	4	-1	-1	-1	0
1499	1424	1423	14	-1	-1	-1	0
1397	1474	1478	14	-1	-1	-1	0
1476	1397	1477	14	-1	-1	-1	0
1425	1426	1501	14	-1	-1	-1	0
1477	1397	1478	14	-1	-1	-1	0
1476	1479	1398	14	-1	-1	-1	0
1401	1482	1471	14	-1	-1	-1	0
1426	1429	1502	14	-1	-1	-1	0
1479	1480	1399	14	-1	-1	-1	0
1504	1428	1427	14	-1	-1	-1	0
1400	1480	1481	14	-1	-1	-1	0
1428	1505	1429	14	-1	-1	-1	0
1481	1482	1401	14	-1	-1	-1	0
1430	1432	1510	14	-1	-1	-1	0
1431	1511	1432	14	-1	-1	-1	0
1430	1509	1437	14	-1	-1	-1	0
1483	1447	1449	5	-1	-1	-1	0
1434	1433	1513	14	-1	-1	-1	0
1484	1412	1485	14	-1	-1	-1	0
1513	1433	1436	14	-1	-1	-1	0
1435	1434	1514	5	-1	-1	-1	0
1485	1413	1486	14	-1	-1	-1	0
1455	1447	1483	5	-1	-1	-1	0
1516	1436	1437	14	-1	-1	-1	0
1488	1489	1415	14	-1	-1	-1	0
1435	1515	1442	5	-1	-1	-1	0
1488	1416	1490	14	-1	-1	-1	0
1519	1439	1438	5	-1	-1	-1	0
1491	1490	1417	14	-1	-1	-1	0
1440	1520	1438	5	-1	-1	-1	0
1487	1493	1418	0	-1	-1	-1	1.176470588235293
1491	1418	1492	0	-1	-1	-1	1.176470588235293
1441	1439	1521	5	-1	-1	-1	0
1418	1493	1492	0	-1	-1	-1	1.176470588235293
1427	1473	1503	14	-1	-1	-1	0
1497	1487	1421	0	-1	-1	-1	1.176470588235293
1520	1440	1445	5	-1	-1	-1	0
1498	1486	1422	14	-1	-1	-1	0
1420	1494	1495	0	-1	-1	-1	1.176470588235293
1524	1443	1442	5	-1	-1	-1	0
1499	1423	1489	14	-1	-1	-1	0
1495	1496	1420	0	-1	-1	-1	1.176470588235293
1525	1444	1443	5	-1	-1	-1	0
1497	1421	1496	0	-1	-1	-1	1.176470588235293
1452	1441	1523	5	-1	-1	-1	0
1527	1446	1444	5	-1	-1	-1	0
1445	1446	1528	5	-1	-1	-1	0
1425	1501	1494	14	-1	-1	-1	0
1498	1424	1500	14	-1	-1	-1	0
1424	1499	1500	14	-1	-1	-1	0
1431	1484	1511	14	-1	-1	-1	0
1474	1475	1478	14	-1	-1	-1	0
1501	1426	1502	14	-1	-1	-1	0
1477	1479	1476	14	-1	-1	-1	0
1450	1451	1531	5	-1	-1	-1	0
1503	1504	1427	14	-1	-1	-1	0
1450	1531	1456	5	-1	-1	-1	0
1428	1504	1505	14	-1	-1	-1	0
1502	1429	1506	14	-1	-1	-1	0
1429	1505	1507	14	-1	-1	-1	0
1429	1508	1506	14	-1	-1	-1	0
1457	1456	1531	5	-1	-1	-1	0
1507	1508	1429	14	-1	-1	-1	0
1472	1503	1473	14	-1	-1	-1	0
1509	1430	1510	14	-1	-1	-1	0
1458	1534	1459	5	-1	-1	-1	0
1533	1462	1457	5	-1	-1	-1	0
1512	1510	1432	14	-1	-1	-1	0
1459	1536	1460	4	-1	-1	-1	0
1462	1535	1458	5	-1	-1	-1	0
1512	1432	1511	14	-1	-1	-1	0
1537	1461	1460	4	-1	-1	-1	0
1434	1513	1514	5	-1	-1	-1	0
1538	1463	1461	4	-1	-1	-1	0
1435	1514	1515	5	-1	-1	-1	0
1518	1437	1509	14	-1	-1	-1	0
1436	1516	1513	14	-1	-1	-1	0
1464	1539	1465	14	-1	-1	-1	0
1464	1466	1539	14	-1	-1	-1	0
1517	1437	1518	14	-1	-1	-1	0
1517	1516	1437	14	-1	-1	-1	0
1466	1467	1542	14	-1	-1	-1	0
1493	1487	1497	0	-1	-1	-1	1.176470588235293
1465	1540	1472	14	-1	-1	-1	0
1520	1519	1438	5	-1	-1	-1	0
1467	1468	1543	14	-1	-1	-1	0
1522	1439	1519	5	-1	-1	-1	0
1515	1524	1442	5	-1	-1	-1	0
1469	1545	1468	14	-1	-1	-1	0
1522	1521	1439	5	-1	-1	-1	0
1521	1523	1441	5	-1	-1	-1	0
1470	1547	1469	14	-1	-1	-1	0
1548	1470	1471	14	-1	-1	-1	0
1443	1524	1526	5	-1	-1	-1	0
1445	1529	1520	5	-1	-1	-1	0
1525	1443	1526	5	-1	-1	-1	0
1525	1527	1444	5	-1	-1	-1	0
1445	1528	1529	5	-1	-1	-1	0
1527	1530	1446	5	-1	-1	-1	0
1471	1482	1550	14	-1	-1	-1	0
1528	1446	1530	5	-1	-1	-1	0
1552	1478	1475	14	-1	-1	-1	0
1477	1478	1555	14	-1	-1	-1	0
1554	1479	1477	14	-1	-1	-1	0
1532	1531	1451	5	-1	-1	-1	0
1479	1557	1480	14	-1	-1	-1	0
1481	1480	1558	14	-1	-1	-1	0
1533	1457	1531	5	-1	-1	-1	0
1559	1482	1481	14	-1	-1	-1	0
1472	1551	1503	14	-1	-1	-1	0
1535	1534	1458	5	-1	-1	-1	0
1534	1536	1459	5	-1	-1	-1	0
1533	1535	1462	5	-1	-1	-1	0
1485	1562	1484	14	-1	-1	-1	0
1537	1460	1536	4	-1	-1	-1	0
1485	1486	1564	14	-1	-1	-1	0
1538	1461	1537	4	-1	-1	-1	0
1540	1465	1539	14	-1	-1	-1	0
1488	1490	1567	14	-1	-1	-1	0
1488	1568	1489	14	-1	-1	-1	0
1541	1539	1466	14	-1	-1	-1	0
1542	1541	1466	14	-1	-1	-1	0
1498	1565	1486	14	-1	-1	-1	0
1543	1542	1467	14	-1	-1	-1	0
1571	1490	1491	14	-1	-1	-1	0
1543	1468	1544	14	-1	-1	-1	0
1491	1492	1573	0	-1	-1	-1	1.176470588235293
1511	1484	1561	14	-1	-1	-1	0
1499	1489	1569	14	-1	-1	-1	0
1544	1468	1545	14	-1	-1	-1	0
1575	1492	1493	0	-1	-1	-1	1.176470588235293
1545	1469	1546	14	-1	-1	-1	0
1547	1546	1469	14	-1	-1	-1	0
1551	1472	1540	14	-1	-1	-1	0
1547	1470	1548	14	-1	-1	-1	0
1495	1494	1578	0	-1	-1	-1	1.176470588235293
1577	1493	1497	0	-1	-1	-1	1.176470588235293
1549	1548	1471	14	-1	-1	-1	0
1497	1496	1577	0	-1	-1	-1	1.176470588235293
1550	1549	1471	14	-1	-1	-1	0
1496	1495	1580	0	-1	-1	-1	1.176470588235293
1578	1494	1501	0	-1	-1	-1	1.176470588235293
1498	1500	1581	14	-1	-1	-1	0
1553	1552	1475	14	-1	-1	0	0
1499	1583	1500	14	-1	-1	-1	0
1478	1552	1556	14	-1	-1	-1	0
1554	1477	1555	14	-1	-1	-1	0
1502	1586	1501	0	-1	-1	-1	1.176470588235293
1556	1555	1478	14	-1	-1	-1	0
1479	1554	1557	14	-1	-1	-1	0
1560	1550	1482	14	-1	-1	-1	0
1587	1502	1506	0	-1	-1	-1	1.176470588235293
1558	1480	1557	14	-1	-1	-1	0
1503	1588	1504	14	-1	-1	-1	0
1532	1533	1531	5	-1	-1	-1	0
1559	1481	1558	14	-1	-1	-1	0
1505	1504	1589	14	-1	-1	-1	0
1559	1560	1482	14	-1	-1	-1	0
1590	1507	1505	14	-1	-1	-1	0
1506	1508	1591	0	-1	-1	-1	1.176470588235293
1561	1484	1562	14	-1	-1	-1	0
1592	1508	1507	14	-1	-1	-1	0
1563	1562	1485	14	-1	-1	-1	0
1563	1485	1564	14	-1	-1	-1	0
1509	1510	1594	14	-1	-1	-1	0
1566	1564	1486	14	-1	-1	-1	0
1566	1486	1565	14	-1	-1	-1	0
1595	1510	1512	14	-1	-1	-1	0
1512	1511	1596	14	-1	-1	-1	0
1509	1594	1518	14	-1	-1	-1	0
1567	1568	1488	14	-1	-1	-1	0
1569	1489	1568	14	-1	-1	-1	0
1599	1514	1513	5	-1	-1	-1	0
1567	1490	1570	14	-1	-1	-1	0
1599	1513	1516	5	-1	-1	-1	0
1515	1514	1600	5	-1	-1	-1	0
1490	1572	1570	14	-1	-1	-1	0
1572	1490	1571	14	-1	-1	-1	0
1491	1573	1571	0	-1	-1	-1	1.176470588235293
1516	1517	1602	5	-1	-1	-1	0
1574	1573	1492	0	-1	-1	-1	1.176470588235293
1604	1517	1518	14	-1	-1	-1	0
1515	1601	1524	5	-1	-1	-1	0
1492	1575	1574	0	-1	-1	-1	1.176470588235293
1503	1551	1588	14	-1	-1	-1	0
1576	1575	1493	0	-1	-1	-1	1.176470588235293
1581	1565	1498	14	-1	-1	-1	0
1606	1519	1520	5	-1	-1	-1	0
1576	1493	1577	0	-1	-1	-1	1.176470588235293
1519	1607	1522	5	-1	-1	-1	0
1569	1582	1499	14	-1	-1	-1	0
1495	1578	1579	0	-1	-1	-1	1.176470588235293
1524	1601	1526	5	-1	-1	-1	0
1608	1523	1521	5	-1	-1	-1	0
1609	1521	1522	5	-1	-1	-1	0
1580	1577	1496	0	-1	-1	-1	1.176470588235293
1579	1580	1495	0	-1	-1	-1	1.176470588235293
1606	1520	1529	5	-1	-1	-1	0
1526	1612	1525	5	-1	-1	-1	0
1499	1582	1583	14	-1	-1	-1	0
1527	1525	1612	5	-1	-1	-1	0
1578	1501	1586	0	-1	-1	-1	1.176470588235293
1585	1581	1500	14	-1	-1	-1	0
1583	1584	1500	14	-1	-1	-1	0
1511	1561	1596	14	-1	-1	-1	0
1500	1584	1585	14	-1	-1	-1	0
1530	1527	1614	5	-1	-1	-1	0
1529	1528	1616	5	-1	-1	-1	0
1528	1530	1615	5	-1	-1	-1	0
1586	1502	1587	0	-1	-1	-1	1.176470588235293
1588	1589	1504	14	-1	-1	-1	0
1587	1506	1591	0	-1	-1	-1	1.176470588235293
1589	1590	1505	14	-1	-1	-1	0
1533	1532	1620	5	-1	-1	-1	0
1535	1533	1620	5	-1	-1	-1	0
1507	1590	1592	14	-1	-1	-1	0
1535	1621	1534	5	-1	-1	-1	0
1591	1508	1593	0	-1	-1	-1	1.176470588235293
1534	1622	1536	5	-1	-1	-1	0
1593	1508	1592	0	-1	-1	-1	1.176470588235293
1624	1537	1536	4	-1	-1	-1	0
1510	1595	1594	14	-1	-1	-1	0
1625	1538	1537	4	-1	-1	-1	0
1597	1595	1512	14	-1	-1	-1	0
1626	1540	1539	14	-1	-1	-1	0
1598	1512	1596	14	-1	-1	-1	0
1627	1539	1541	14	-1	-1	-1	0
1598	1597	1512	14	-1	-1	-1	0
1629	1541	1542	14	-1	-1	-1	0
1514	1599	1600	5	-1	-1	-1	0
1600	1601	1515	5	-1	-1	-1	0
1542	1543	1631	14	-1	-1	-1	0
1518	1594	1605	14	-1	-1	-1	0
1599	1516	1602	5	-1	-1	-1	0
1544	1631	1543	14	-1	-1	-1	0
1628	1551	1540	14	-1	-1	-1	0
1517	1603	1602	5	-1	-1	-1	0
1545	1634	1544	14	-1	-1	-1	0
1604	1603	1517	5	-1	-1	-1	0
1635	1545	1546	14	-1	-1	-1	0
1604	1518	1605	14	-1	-1	-1	0
1546	1547	1636	14	-1	-1	-1	0
1606	1607	1519	5	-1	-1	-1	0
1638	1547	1548	14	-1	-1	-1	0
1548	1549	1639	14	-1	-1	-1	0
1608	1521	1609	5	-1	-1	-1	0
1522	1607	1610	5	-1	-1	-1	0
1613	1526	1601	5	-1	-1	-1	0
1549	1550	1641	14	-1	-1	-1	0
1522	1611	1609	5	-1	-1	-1	0
1522	1610	1611	5	-1	-1	-1	0
1553	1644	1552	14	-1	-1	-1	0
1612	1526	1613	5	-1	-1	-1	0
1552	1644	1556	14	-1	-1	-1	0
1606	1529	1617	5	-1	-1	-1	0
1560	1642	1550	14	-1	-1	-1	0
1614	1527	1612	5	-1	-1	-1	0
1555	1647	1554	14	-1	-1	-1	0
1648	1557	1554	14	-1	-1	-1	0
1615	1616	1528	5	-1	-1	-1	0
1556	1649	1555	14	-1	-1	-1	0
1618	1529	1616	5	-1	-1	-1	0
1619	1530	1614	5	-1	-1	-1	0
1558	1557	1648	14	-1	-1	-1	0
1615	1530	1619	5	-1	-1	-1	0
1618	1617	1529	5	-1	-1	-1	0
1559	1558	1653	14	-1	-1	-1	0
1559	1656	1560	14	-1	-1	-1	0
1623	1535	1620	5	-1	-1	-1	0
1621	1622	1534	5	-1	-1	-1	0
1621	1535	1623	5	-1	-1	-1	0
1643	1588	1551	14	-1	-1	-1	0
1536	1622	1624	5	-1	-1	-1	0
1561	1562	1659	14	-1	-1	-1	0
1563	1660	1562	14	-1	-1	-1	0
1537	1624	1625	4	-1	-1	-1	0
1661	1563	1564	14	-1	-1	-1	0
1539	1627	1626	14	-1	-1	-1	0
1566	1662	1564	14	-1	-1	-1	0
1540	1626	1628	14	-1	-1	-1	0
1663	1566	1565	14	-1	-1	-1	0
1629	1627	1541	14	-1	-1	-1	0
1567	1666	1568	14	-1	-1	-1	0
1542	1632	1629	14	-1	-1	-1	0
1542	1631	1630	14	-1	-1	-1	0
1667	1567	1570	14	-1	-1	-1	0
1632	1542	1630	14	-1	-1	-1	0
1568	1668	1569	14	-1	-1	-1	0
1544	1633	1631	14	-1	-1	-1	0
1565	1581	1663	14	-1	-1	-1	0
1633	1544	1634	14	-1	-1	-1	0
1670	1570	1572	14	-1	-1	-1	0
1671	1572	1571	0	-1	-1	-1	1.176470588235293
1635	1634	1545	14	-1	-1	-1	0
1658	1596	1561	14	-1	-1	-1	0
1671	1571	1573	0	-1	-1	-1	1.176470588235293
1635	1546	1636	14	-1	-1	-1	0
1569	1668	1582	14	-1	-1	-1	0
1636	1547	1637	14	-1	-1	-1	0
1574	1674	1573	0	-1	-1	-1	1.176470588235293
1551	1628	1643	14	-1	-1	-1	0
1638	1637	1547	14	-1	-1	-1	0
1639	1638	1548	14	-1	-1	-1	0
1676	1574	1575	0	-1	-1	-1	1.176470588235293
1640	1639	1549	14	-1	-1	-1	0
1677	1575	1576	0	-1	-1	-1	1.176470588235293
1663	1581	1585	14	-1	-1	-1	0
1641	1640	1549	14	-1	-1	-1	0
1606	1617	1607	5	-1	-1	-1	0
1678	1576	1577	0	-1	-1	-1	1.176470588235293
1642	1641	1550	14	-1	-1	-1	0
1580	1679	1577	0	-1	-1	-1	1.176470588235293
1578	1681	1579	0	-1	-1	-1	1.176470588235293
1579	1682	1580	0	-1	-1	-1	1.176470588235293
1553	1646	1644	14	-1	-1	-1	0
1645	1646	1553	14	-1	-1	0	0
1578	1586	1680	0	-1	-1	-1	1.176470588235293
1583	1582	1684	14	-1	-1	-1	0
1647	1648	1554	14	-1	-1	-1	0
1650	1647	1555	14	-1	-1	-1	0
1556	1644	1652	14	-1	-1	-1	0
1584	1583	1686	14	-1	-1	-1	0
1587	1680	1586	0	-1	-1	-1	1.176470588235293
1649	1650	1555	14	-1	-1	-1	0
1585	1584	1687	14	-1	-1	-1	0
1651	1649	1556	14	-1	-1	-1	0
1652	1651	1556	14	-1	-1	-1	0
1657	1642	1560	14	-1	-1	-1	0
1648	1654	1558	14	-1	-1	-1	0
1655	1653	1558	14	-1	-1	-1	0
1654	1655	1558	14	-1	-1	-1	0
1587	1591	1690	0	-1	-1	-1	1.176470588235293
1656	1559	1653	14	-1	-1	-1	0
1693	1589	1588	14	-1	-1	-1	0
1589	1694	1590	14	-1	-1	-1	0
1657	1560	1656	14	-1	-1	-1	0
1690	1591	1593	0	-1	-1	-1	1.176470588235293
1592	1590	1695	14	-1	-1	-1	0
1659	1658	1561	14	-1	-1	-1	0
1592	1696	1593	0	-1	-1	-1	1.176470588235293
1660	1659	1562	14	-1	-1	-1	0
1661	1660	1563	14	-1	-1	-1	0
1564	1662	1661	14	-1	-1	-1	0
1595	1699	1594	14	-1	-1	-1	0
1699	1595	1597	14	-1	-1	-1	0
1566	1664	1662	14	-1	-1	-1	0
1566	1663	1665	14	-1	-1	-1	0
1598	1596	1701	14	-1	-1	-1	0
1566	1665	1664	14	-1	-1	-1	0
1597	1598	1702	14	-1	-1	-1	0
1594	1698	1605	14	-1	-1	-1	0
1568	1666	1669	14	-1	-1	-1	0
1567	1667	1666	14	-1	-1	-1	0
1600	1599	1705	5	-1	-1	-1	0
1668	1568	1669	14	-1	-1	-1	0
1602	1705	1599	5	-1	-1	-1	0
1705	1601	1600	5	-1	-1	-1	0
1667	1570	1670	14	-1	-1	-1	0
1603	1707	1602	5	-1	-1	-1	0
1572	1672	1670	0	-1	-1	-1	1.176470588235293
1572	1671	1672	0	-1	-1	-1	1.176470588235293
1604	1708	1603	5	-1	-1	-1	0
1573	1673	1671	0	-1	-1	-1	1.176470588235293
1604	1605	1710	14	-1	-1	-1	0
1613	1601	1705	5	-1	-1	-1	0
1573	1674	1673	0	-1	-1	-1	1.176470588235293
1574	1675	1674	0	-1	-1	-1	1.176470588235293
1692	1588	1643	14	-1	-1	-1	0
1675	1574	1676	0	-1	-1	-1	1.176470588235293
1676	1575	1677	0	-1	-1	-1	1.176470588235293
1607	1712	1610	5	-1	-1	-1	0
1609	1713	1608	5	-1	-1	-1	0
1677	1576	1678	0	-1	-1	-1	1.176470588235293
1713	1609	1611	5	-1	-1	-1	0
1577	1679	1678	0	-1	-1	-1	1.176470588235293
1685	1582	1668	14	-1	-1	-1	0
1711	1607	1617	5	-1	-1	-1	0
1610	1715	1611	5	-1	-1	-1	0
1663	1585	1688	14	-1	-1	-1	0
1680	1681	1578	0	-1	-1	-1	1.176470588235293
1644	1646	1652	14	-1	-1	-1	0
1682	1579	1681	0	-1	-1	-1	1.176470588235293
1683	1679	1580	0	-1	-1	-1	1.176470588235293
1612	1613	1718	5	-1	-1	-1	0
1612	1717	1614	5	-1	-1	-1	0
1580	1682	1683	0	-1	-1	-1	1.176470588235293
1685	1684	1582	14	-1	-1	-1	0
1721	1616	1615	6	-1	-1	-1	0
1684	1686	1583	14	-1	-1	-1	0
1614	1720	1619	5	-1	-1	-1	0
1658	1700	1596	14	-1	-1	-1	0
1615	1619	1722	6	-1	-1	-1	0
1686	1687	1584	14	-1	-1	-1	0
1618	1616	1723	6	-1	-1	-1	0
1680	1587	1691	0	-1	-1	-1	1.176470588235293
1618	1724	1617	5	-1	-1	-1	0
1585	1687	1689	14	-1	-1	-1	0
1688	1585	1689	14	-1	-1	-1	0
1587	1690	1691	0	-1	-1	-1	1.176470588235293
1726	1622	1621	5	-1	-1	-1	0
1623	1726	1621	5	-1	-1	-1	0
1727	1624	1622	5	-1	-1	-1	0
1588	1692	1693	14	-1	-1	-1	0
1693	1694	1589	14	-1	-1	-1	0
1728	1625	1624	4	-1	-1	-1	0
1590	1694	1695	14	-1	-1	-1	0
1690	1593	1697	0	-1	-1	-1	1.176470588235293
1729	1626	1627	14	-1	-1	-1	0
1695	1696	1592	0	-1	-1	-1	1.176470588235293
1729	1628	1626	14	-1	-1	-1	0
1730	1627	1629	14	-1	-1	-1	0
1697	1593	1696	0	-1	-1	-1	1.176470588235293
1594	1699	1698	14	-1	-1	-1	0
1632	1733	1629	14	-1	-1	-1	0
1630	1734	1632	14	-1	-1	-1	0
1735	1630	1631	14	-1	-1	-1	0
1701	1596	1700	14	-1	-1	-1	0
1703	1699	1597	14	-1	-1	-1	0
1633	1735	1631	14	-1	-1	-1	0
1703	1597	1702	14	-1	-1	-1	0
1701	1704	1598	14	-1	-1	-1	0
1628	1732	1643	14	-1	-1	-1	0
1737	1633	1634	0	-1	-1	-1	1.176470588235293
1704	1702	1598	14	-1	-1	-1	0
1634	1635	1739	0	-1	-1	-1	1.176470588235293
1636	1740	1635	0	-1	-1	-1	1.176470588235293
1705	1602	1706	5	-1	-1	-1	0
1698	1710	1605	14	-1	-1	-1	0
1741	1636	1637	0	-1	-1	-1	1.176470588235293
1707	1706	1602	5	-1	-1	-1	0
1663	1688	1665	14	-1	-1	-1	0
1672	1671	1673	0	-1	-1	-1	1.176470588235293
1637	1638	1743	14	-1	-1	-1	0
1709	1707	1603	5	-1	-1	-1	0
1603	1708	1709	5	-1	-1	-1	0
1638	1639	1744	14	-1	-1	-1	0
1604	1710	1708	5	-1	-1	-1	0
1639	1640	1745	14	-1	-1	-1	0
1746	1640	1641	14	-1	-1	-1	0
1711	1712	1607	5	-1	-1	-1	0
1747	1641	1642	14	-1	-1	-1	0
1610	1712	1714	5	-1	-1	-1	0
1613	1705	1719	5	-1	-1	-1	0
1610	1714	1715	5	-1	-1	-1	0
1611	1716	1713	5	-1	-1	-1	0
1611	1715	1716	5	-1	-1	-1	0
1646	1645	1753	14	-1	-1	-1	0
1612	1718	1717	5	-1	-1	-1	0
1648	1647	1754	14	-1	-1	-1	0
1657	1750	1642	14	-1	-1	-1	0
1613	1719	1718	5	-1	-1	-1	0
1717	1720	1614	5	-1	-1	-1	0
1753	1652	1646	14	-1	-1	-1	0
1650	1755	1647	14	-1	-1	-1	0
1711	1617	1724	5	-1	-1	-1	0
1691	1681	1680	0	-1	-1	-1	1.176470588235293
1650	1649	1758	14	-1	-1	-1	0
1722	1721	1615	6	-1	-1	-1	0
1651	1758	1649	14	-1	-1	-1	0
1648	1757	1654	14	-1	-1	-1	0
1723	1616	1721	6	-1	-1	-1	0
1720	1722	1619	6	-1	-1	-1	0
1651	1652	1761	14	-1	-1	-1	0
1725	1618	1723	6	-1	-1	-1	0
1725	1724	1618	6	-1	-1	-1	0
1763	1653	1655	14	-1	-1	-1	0
1653	1764	1656	14	-1	-1	-1	0
1726	1727	1622	5	-1	-1	-1	0
1767	1655	1654	14	-1	-1	-1	0
1657	1656	1764	14	-1	-1	-1	0
1727	1728	1624	5	-1	-1	-1	0
1729	1627	1730	14	-1	-1	-1	0
1692	1643	1751	14	-1	-1	-1	0
1659	1771	1658	6	-1	-1	-1	0
1628	1729	1731	14	-1	-1	-1	0
1732	1628	1731	14	-1	-1	-1	0
1772	1659	1660	6	-1	-1	-1	0
1773	1660	1661	6	-1	-1	-1	0
1733	1730	1629	14	-1	-1	-1	0
1735	1734	1630	14	-1	-1	-1	0
1774	1661	1662	6	-1	-1	-1	0
1775	1662	1664	6	-1	-1	-1	0
1733	1632	1736	14	-1	-1	-1	0
1632	1734	1736	14	-1	-1	-1	0
1738	1735	1633	0	-1	-1	-1	1.176470588235293
1664	1665	1777	14	-1	-1	-1	0
1738	1633	1737	0	-1	-1	-1	1.176470588235293
1634	1739	1737	0	-1	-1	-1	1.176470588235293
1666	1667	1780	14	-1	-1	-1	0
1635	1740	1739	0	-1	-1	-1	1.176470588235293
1669	1666	1781	14	-1	-1	-1	0
1740	1636	1741	0	-1	-1	-1	1.176470588235293
1782	1667	1670	14	-1	-1	-1	0
1783	1668	1669	14	-1	-1	-1	0
1741	1637	1742	0	-1	-1	-1	1.176470588235293
1743	1742	1637	0	-1	-1	-1	1.176470588235293
1744	1743	1638	14	-1	-1	-1	0
1751	1643	1732	14	-1	-1	-1	0
1785	1670	1672	0	-1	-1	-1	1.176470588235293
1744	1639	1745	14	-1	-1	-1	0
1658	1770	1700	6	-1	-1	-1	0
1746	1745	1640	14	-1	-1	-1	0
1673	1786	1672	0	-1	-1	-1	1.176470588235293
1665	1688	1779	14	-1	-1	-1	0
1674	1787	1673	0	-1	-1	-1	1.176470588235293
1746	1641	1748	14	-1	-1	-1	0
1747	1748	1641	14	-1	-1	-1	0
1685	1668	1783	14	-1	-1	-1	0
1788	1674	1675	0	-1	-1	-1	1.176470588235293
1749	1747	1642	14	-1	-1	-1	0
1675	1676	1790	0	-1	-1	-1	1.176470588235293
1750	1749	1642	14	-1	-1	-1	0
1676	1677	1791	0	-1	-1	-1	1.176470588235293
1677	1678	1794	0	-1	-1	-1	1.176470588235293
1752	1753	1645	14	-1	-1	0	0
1679	1795	1678	0	-1	-1	-1	1.176470588235293
1647	1755	1754	14	-1	-1	-1	0
1796	1679	1683	0	-1	-1	-1	1.176470588235293
1754	1756	1648	14	-1	-1	-1	0
1681	1797	1682	0	-1	-1	-1	1.176470588235293
1756	1757	1648	14	-1	-1	-1	0
1799	1683	1682	0	-1	-1	-1	1.176470588235293
1759	1755	1650	14	-1	-1	-1	0
1652	1753	1762	14	-1	-1	-1	0
1758	1759	1650	14	-1	-1	-1	0
1651	1760	1758	14	-1	-1	-1	0
1685	1801	1684	14	-1	-1	-1	0
1681	1691	1798	0	-1	-1	-1	1.176470588235293
1686	1684	1800	14	-1	-1	-1	0
1657	1764	1750	14	-1	-1	-1	0
1651	1761	1760	14	-1	-1	-1	0
1652	1762	1761	14	-1	-1	-1	0
1687	1686	1804	14	-1	-1	-1	0
1757	1766	1654	14	-1	-1	-1	0
1764	1653	1763	14	-1	-1	-1	0
1689	1687	1805	14	-1	-1	-1	0
1688	1689	1806	14	-1	-1	-1	0
1766	1765	1654	14	-1	-1	-1	0
1654	1765	1767	14	-1	-1	-1	0
1763	1655	1769	14	-1	-1	-1	0
1655	1767	1768	14	-1	-1	-1	0
1691	1690	1809	0	-1	-1	-1	1.176470588235293
1655	1768	1769	14	-1	-1	-1	0
1810	1693	1692	14	-1	-1	-1	0
1809	1690	1697	0	-1	-1	-1	1.176470588235293
1694	1693	1811	14	-1	-1	-1	0
1771	1770	1658	6	-1	-1	-1	0
1811	1695	1694	14	-1	-1	-1	0
1771	1659	1772	6	-1	-1	-1	0
1695	1812	1696	0	-1	-1	-1	1.176470588235293
1660	1773	1772	6	-1	-1	-1	0
1697	1696	1813	0	-1	-1	-1	1.176470588235293
1661	1774	1773	6	-1	-1	-1	0
1775	1774	1662	6	-1	-1	-1	0
1814	1698	1699	14	-1	-1	-1	0
1776	1775	1664	6	-1	-1	-1	0
1777	1776	1664	6	-1	-1	-1	0
1682	1797	1738	0	-1	-1	-1	1.176470588235293
1699	1703	1816	14	-1	-1	-1	0
1796	1683	1739	0	-1	-1	-1	1.176470588235293
1817	1701	1700	6	-1	-1	-1	0
1738	1799	1682	0	-1	-1	-1	1.176470588235293
1665	1778	1777	14	-1	-1	-1	0
1799	1739	1683	0	-1	-1	-1	1.176470588235293
1778	1665	1779	14	-1	-1	-1	0
1698	1815	1710	14	-1	-1	-1	0
1701	1818	1704	6	-1	-1	-1	0
1703	1702	1819	14	-1	-1	-1	0
1819	1702	1704	14	-1	-1	-1	0
1781	1666	1780	14	-1	-1	-1	0
1667	1782	1780	14	-1	-1	-1	0
1705	1706	1822	5	-1	-1	-1	0
1784	1669	1781	14	-1	-1	-1	0
1784	1783	1669	14	-1	-1	-1	0
1706	1707	1824	5	-1	-1	-1	0
1785	1782	1670	0	-1	-1	-1	1.176470588235293
1709	1825	1707	5	-1	-1	-1	0
1672	1786	1785	0	-1	-1	-1	1.176470588235293
1709	1708	1827	5	-1	-1	-1	0
1826	1708	1710	5	-1	-1	-1	0
1786	1673	1787	0	-1	-1	-1	1.176470588235293
1705	1822	1719	5	-1	-1	-1	0
1674	1788	1787	0	-1	-1	-1	1.176470588235293
1712	1711	1829	5	-1	-1	-1	0
1788	1675	1789	0	-1	-1	-1	1.176470588235293
1692	1751	1810	14	-1	-1	-1	0
1789	1675	1790	0	-1	-1	-1	1.176470588235293
1830	1714	1712	5	-1	-1	-1	0
1792	1790	1676	0	-1	-1	-1	1.176470588235293
1791	1792	1676	0	-1	-1	-1	1.176470588235293
1791	1677	1793	0	-1	-1	-1	1.176470588235293
1715	1714	1833	5	-1	-1	-1	0
1724	1829	1711	5	-1	-1	-1	0
1793	1677	1794	0	-1	-1	-1	1.176470588235293
1715	1834	1716	5	-1	-1	-1	0
1734	1735	1797	0	-1	-1	-1	1.176470588235293
1678	1795	1794	0	-1	-1	-1	1.176470588235293
1734	1798	1736	0	-1	-1	-1	1.176470588235293
1796	1795	1679	0	-1	-1	-1	1.176470588235293
1718	1835	1717	5	-1	-1	-1	0
1735	1738	1797	0	-1	-1	-1	1.176470588235293
1783	1803	1685	14	-1	-1	-1	0
1720	1717	1835	5	-1	-1	-1	0
1718	1719	1836	5	-1	-1	-1	0
1806	1779	1688	14	-1	-1	-1	0
1737	1799	1738	0	-1	-1	-1	1.176470588235293
1737	1739	1799	0	-1	-1	-1	1.176470588235293
1740	1796	1739	0	-1	-1	-1	1.176470588235293
1681	1798	1797	0	-1	-1	-1	1.176470588235293
1740	1741	1796	0	-1	-1	-1	1.176470588235293
1838	1722	1720	6	-1	-1	-1	0
1839	1721	1722	6	-1	-1	-1	0
1721	1840	1723	6	-1	-1	-1	0
1800	1684	1801	14	-1	-1	-1	0
1700	1770	1817	6	-1	-1	-1	0
1802	1801	1685	14	-1	-1	-1	0
1800	1804	1686	14	-1	-1	-1	0
1803	1802	1685	14	-1	-1	-1	0
1842	1725	1723	6	-1	-1	-1	0
1843	1724	1725	6	-1	-1	-1	0
1805	1687	1804	14	-1	-1	-1	0
1691	1809	1798	0	-1	-1	-1	1.176470588235293
1807	1689	1805	14	-1	-1	-1	0
1689	1808	1806	14	-1	-1	-1	0
1844	1729	1730	14	-1	-1	-1	0
1731	1729	1844	14	-1	-1	-1	0
1808	1689	1807	14	-1	-1	-1	0
1845	1730	1733	14	-1	-1	-1	0
1731	1846	1732	14	-1	-1	-1	0
1810	1811	1693	14	-1	-1	-1	0
1811	1812	1695	0	-1	-1	-1	1.176470588235293
1736	1848	1733	14	-1	-1	-1	0
1813	1809	1697	0	-1	-1	-1	1.176470588235293
1812	1813	1696	0	-1	-1	-1	1.176470588235293
1814	1815	1698	14	-1	-1	-1	0
1797	1798	1734	0	-1	-1	-1	1.176470588235293
1699	1816	1814	14	-1	-1	-1	0
1751	1732	1847	14	-1	-1	-1	0
1849	1741	1742	0	-1	-1	-1	1.176470588235293
1743	1850	1742	0	-1	-1	-1	1.176470588235293
1817	1818	1701	6	-1	-1	-1	0
1744	1852	1743	14	-1	-1	-1	0
1703	1820	1816	14	-1	-1	-1	0
1820	1703	1819	14	-1	-1	-1	0
1744	1745	1854	14	-1	-1	-1	0
1821	1704	1818	6	-1	-1	-1	0
1819	1704	1821	6	-1	-1	-1	0
1745	1746	1854	14	-1	-1	-1	0
1748	1854	1746	14	-1	-1	-1	0
1748	1747	1855	14	-1	-1	-1	0
1826	1710	1815	5	-1	-1	-1	0
1822	1706	1823	5	-1	-1	-1	0
1747	1749	1856	14	-1	-1	-1	0
1706	1824	1823	5	-1	-1	-1	0
1707	1825	1824	5	-1	-1	-1	0
1749	1750	1859	14	-1	-1	-1	0
1708	1826	1827	5	-1	-1	-1	0
1709	1828	1825	5	-1	-1	-1	0
1827	1828	1709	5	-1	-1	-1	0
1752	1864	1753	14	-1	-1	-1	0
1831	1712	1829	5	-1	-1	-1	0
1831	1830	1712	5	-1	-1	-1	0
1750	1764	1860	14	-1	-1	-1	0
1755	1866	1754	14	-1	-1	-1	0
1865	1756	1754	14	-1	-1	-1	0
1832	1714	1830	5	-1	-1	-1	0
1837	1719	1822	5	-1	-1	-1	0
1714	1832	1833	5	-1	-1	-1	0
1753	1864	1762	14	-1	-1	-1	0
1798	1848	1736	0	-1	-1	-1	1.176470588235293
1834	1715	1833	5	-1	-1	-1	0
1868	1755	1759	14	-1	-1	-1	0
1756	1869	1757	14	-1	-1	-1	0
1796	1741	1849	0	-1	-1	-1	1.176470588235293
1860	1764	1763	14	-1	-1	-1	0
1758	1871	1759	14	-1	-1	-1	0
1758	1760	1871	14	-1	-1	-1	0
1836	1835	1718	5	-1	-1	-1	0
1769	1860	1763	14	-1	-1	-1	0
1719	1837	1836	5	-1	-1	-1	0
1766	1757	1870	14	-1	-1	-1	0
1838	1720	1835	6	-1	-1	-1	0
1761	1873	1760	14	-1	-1	-1	0
1843	1829	1724	6	-1	-1	-1	0
1875	1761	1762	14	-1	-1	-1	0
1839	1840	1721	6	-1	-1	-1	0
1722	1838	1841	6	-1	-1	-1	0
1841	1839	1722	6	-1	-1	-1	0
1840	1842	1723	6	-1	-1	-1	0
1877	1767	1765	14	-1	-1	-1	0
1879	1765	1766	14	-1	-1	-1	0
1842	1843	1725	6	-1	-1	-1	0
1882	1768	1767	14	-1	-1	-1	0
1845	1844	1730	14	-1	-1	-1	0
1846	1731	1844	14	-1	-1	-1	0
1884	1769	1768	14	-1	-1	-1	0
1862	1810	1751	14	-1	-1	-1	0
1846	1847	1732	14	-1	-1	-1	0
1848	1845	1733	14	-1	-1	-1	0
1771	1888	1770	6	-1	-1	-1	0
1771	1772	1889	6	-1	-1	-1	0
1890	1772	1773	6	-1	-1	-1	0
1773	1774	1890	6	-1	-1	-1	0
1892	1774	1775	6	-1	-1	-1	0
1742	1851	1849	0	-1	-1	-1	1.176470588235293
1850	1851	1742	0	-1	-1	-1	1.176470588235293
1775	1776	1894	6	-1	-1	-1	0
1852	1850	1743	0	-1	-1	-1	1.176470588235293
1777	1895	1776	6	-1	-1	-1	0
1852	1744	1853	14	-1	-1	-1	0
1853	1744	1854	14	-1	-1	-1	0
1778	1896	1777	14	-1	-1	-1	0
1779	1897	1778	14	-1	-1	-1	0
1809	1848	1798	0	-1	-1	-1	1.176470588235293
1747	1856	1855	14	-1	-1	-1	0
1751	1847	1862	14	-1	-1	-1	0
1855	1857	1748	14	-1	-1	-1	0
1781	1780	1899	14	-1	-1	-1	0
1748	1858	1854	14	-1	-1	-1	0
1782	1899	1780	14	-1	-1	-1	0
1748	1857	1858	14	-1	-1	-1	0
1859	1856	1749	14	-1	-1	-1	0
1900	1784	1781	14	-1	-1	-1	0
1782	1785	1901	0	-1	-1	-1	1.176470588235293
1784	1902	1783	14	-1	-1	-1	0
1750	1861	1859	14	-1	-1	-1	0
1750	1860	1861	14	-1	-1	-1	0
1903	1785	1786	0	-1	-1	-1	1.176470588235293
1817	1770	1887	6	-1	-1	-1	0
1903	1786	1787	0	-1	-1	-1	1.176470588235293
1904	1787	1788	0	-1	-1	-1	1.176470588235293
1863	1864	1752	14	-1	-1	0	0
1779	1806	1898	14	-1	-1	-1	0
1811	1810	1862	0	-1	-1	-1	1.176470588235293
1906	1788	1789	14	-1	-1	-1	0
1754	1866	1865	14	-1	-1	-1	0
1812	1811	1862	0	-1	-1	-1	1.176470588235293
1790	1907	1789	14	-1	-1	-1	0
1867	1866	1755	14	-1	-1	-1	0
1902	1803	1783	14	-1	-1	-1	0
1755	1868	1867	14	-1	-1	-1	0
1790	1792	1908	14	-1	-1	-1	0
1756	1865	1869	14	-1	-1	-1	0
1792	1791	1909	0	-1	-1	-1	1.176470588235293
1793	1909	1791	0	-1	-1	-1	1.176470588235293
1757	1869	1870	14	-1	-1	-1	0
1759	1872	1868	14	-1	-1	-1	0
1794	1912	1793	0	-1	-1	-1	1.176470588235293
1872	1759	1871	14	-1	-1	-1	0
1913	1794	1795	0	-1	-1	-1	1.176470588235293
1876	1762	1864	14	-1	-1	-1	0
1871	1760	1874	14	-1	-1	-1	0
1796	1914	1795	0	-1	-1	-1	1.176470588235293
1760	1873	1874	14	-1	-1	-1	0
1873	1761	1875	14	-1	-1	-1	0
1875	1762	1876	14	-1	-1	-1	0
1885	1860	1769	14	-1	-1	-1	0
1870	1880	1766	14	-1	-1	-1	0
1915	1800	1801	14	-1	-1	-1	0
1804	1800	1915	14	-1	-1	-1	0
1916	1801	1802	14	-1	-1	-1	0
1877	1765	1878	14	-1	-1	-1	0
1802	1803	1917	14	-1	-1	-1	0
1765	1879	1878	14	-1	-1	-1	0
1767	1877	1881	14	-1	-1	-1	0
1766	1880	1879	14	-1	-1	-1	0
1804	1919	1805	14	-1	-1	-1	0
1767	1881	1883	14	-1	-1	-1	0
1920	1807	1805	14	-1	-1	-1	0
1882	1767	1883	14	-1	-1	-1	0
1884	1768	1882	14	-1	-1	-1	0
1844	1845	1846	14	-1	-1	-1	0
1806	1808	1921	14	-1	-1	-1	0
1807	1923	1808	14	-1	-1	-1	0
1886	1769	1884	14	-1	-1	-1	0
1886	1885	1769	14	-1	-1	-1	0
1888	1887	1770	6	-1	-1	-1	0
1809	1813	1924	0	-1	-1	-1	1.176470588235293
1888	1771	1889	6	-1	-1	-1	0
1813	1812	1925	0	-1	-1	-1	1.176470588235293
1891	1889	1772	6	-1	-1	-1	0
1890	1891	1772	6	-1	-1	-1	0
1814	1926	1815	14	-1	-1	-1	0
1926	1814	1816	14	-1	-1	-1	0
1890	1774	1892	6	-1	-1	-1	0
1914	1796	1849	0	-1	-1	-1	1.176470588235293
1775	1893	1892	6	-1	-1	-1	0
1820	1926	1816	14	-1	-1	-1	0
1893	1775	1894	6	-1	-1	-1	0
1817	1928	1818	6	-1	-1	-1	0
1858	1853	1854	14	-1	-1	-1	0
1894	1776	1895	6	-1	-1	-1	0
1927	1826	1815	5	-1	-1	-1	0
1895	1777	1896	6	-1	-1	-1	0
1929	1821	1818	6	-1	-1	-1	0
1820	1819	1931	6	-1	-1	-1	0
1838	1891	1841	6	-1	-1	-1	0
1896	1778	1897	14	-1	-1	-1	0
1821	1931	1819	6	-1	-1	-1	0
1892	1839	1841	6	-1	-1	-1	0
1897	1779	1898	14	-1	-1	-1	0
1933	1822	1823	5	-1	-1	-1	0
1900	1781	1899	14	-1	-1	-1	0
1823	1824	1933	5	-1	-1	-1	0
1809	1924	1848	0	-1	-1	-1	1.176470588235293
1899	1782	1901	0	-1	-1	-1	1.176470588235293
1824	1825	1934	5	-1	-1	-1	0
1902	1784	1900	14	-1	-1	-1	0
1935	1825	1828	5	-1	-1	-1	0
1785	1903	1901	0	-1	-1	-1	1.176470588235293
1936	1827	1826	5	-1	-1	-1	0
1937	1828	1827	5	-1	-1	-1	0
1933	1837	1822	5	-1	-1	-1	0
1787	1904	1903	0	-1	-1	-1	1.176470588235293
1904	1788	1905	14	-1	-1	-1	0
1906	1905	1788	14	-1	-1	-1	0
1939	1831	1829	6	-1	-1	-1	0
1862	1925	1812	0	-1	-1	-1	1.176470588235293
1830	1831	1940	5	-1	-1	-1	0
1907	1906	1789	14	-1	-1	-1	0
1830	1941	1832	5	-1	-1	-1	0
1908	1907	1790	14	-1	-1	-1	0
1885	1861	1860	14	-1	-1	-1	0
1943	1833	1832	5	-1	-1	-1	0
1792	1910	1908	14	-1	-1	-1	0
1910	1792	1909	14	-1	-1	-1	0
1843	1939	1829	6	-1	-1	-1	0
1834	1833	1944	5	-1	-1	-1	0
1909	1793	1911	0	-1	-1	-1	1.176470588235293
1845	1924	1846	14	-1	-1	-1	0
1912	1911	1793	0	-1	-1	-1	1.176470588235293
1945	1835	1836	6	-1	-1	-1	0
1845	1848	1924	14	-1	-1	-1	0
1925	1847	1846	14	-1	-1	-1	0
1835	1945	1838	6	-1	-1	-1	0
1913	1912	1794	0	-1	-1	-1	1.176470588235293
1947	1836	1837	5	-1	-1	-1	0
1841	1891	1890	6	-1	-1	-1	0
1913	1795	1914	0	-1	-1	-1	1.176470588235293
1902	1918	1803	14	-1	-1	-1	0
1841	1890	1892	6	-1	-1	-1	0
1806	1922	1898	14	-1	-1	-1	0
1839	1948	1840	6	-1	-1	-1	0
1805	1919	1907	14	-1	-1	-1	0
1840	1949	1842	6	-1	-1	-1	0
1915	1801	1916	14	-1	-1	-1	0
1817	1887	1928	6	-1	-1	-1	0
1805	1907	1920	14	-1	-1	-1	0
1925	1862	1847	14	-1	-1	-1	0
1802	1917	1916	14	-1	-1	-1	0
1842	1951	1843	6	-1	-1	-1	0
1917	1803	1918	14	-1	-1	-1	0
1915	1919	1804	14	-1	-1	-1	0
1922	1806	1921	14	-1	-1	-1	0
1807	1920	1923	14	-1	-1	-1	0
1921	1808	1923	14	-1	-1	-1	0
1851	1953	1849	0	-1	-1	-1	1.176470588235293
1954	1851	1850	0	-1	-1	-1	1.176470588235293
1954	1850	1852	0	-1	-1	-1	1.176470588235293
1925	1924	1813	0	-1	-1	-1	1.176470588235293
1957	1852	1853	14	-1	-1	-1	0
1815	1926	1927	5	-1	-1	-1	0
1853	1858	1957	14	-1	-1	-1	0
1856	1958	1855	14	-1	-1	-1	0
1857	1855	1959	14	-1	-1	-1	0
1945	1891	1838	6	-1	-1	-1	0
1859	1960	1856	14	-1	-1	-1	0
1857	1961	1858	14	-1	-1	-1	0
1930	1818	1928	6	-1	-1	-1	0
1929	1818	1930	6	-1	-1	-1	0
1926	1820	1931	5	-1	-1	-1	0
1892	1948	1839	6	-1	-1	-1	0
1821	1929	1932	6	-1	-1	-1	0
1861	1963	1859	14	-1	-1	-1	0
1931	1821	1932	6	-1	-1	-1	0
1927	1936	1826	5	-1	-1	-1	0
1824	1934	1933	5	-1	-1	-1	0
1863	1967	1864	14	-1	-1	-1	0
1935	1934	1825	5	-1	-1	-1	0
1924	1925	1846	14	-1	-1	-1	0
1937	1827	1936	5	-1	-1	-1	0
1866	1969	1865	14	-1	-1	-1	0
1935	1828	1938	5	-1	-1	-1	0
1828	1937	1938	5	-1	-1	-1	0
1970	1869	1865	14	-1	-1	-1	0
1972	1866	1867	14	-1	-1	-1	0
1967	1876	1864	14	-1	-1	-1	0
1867	1868	1973	14	-1	-1	-1	0
1869	1970	1870	14	-1	-1	-1	0
1861	1885	1965	14	-1	-1	-1	0
1830	1940	1941	5	-1	-1	-1	0
1831	1939	1942	6	-1	-1	-1	0
1831	1942	1940	6	-1	-1	-1	0
1832	1941	1943	5	-1	-1	-1	0
1868	1872	1976	14	-1	-1	-1	0
1849	1953	1914	0	-1	-1	-1	1.176470588235293
1837	1933	1947	5	-1	-1	-1	0
1943	1944	1833	5	-1	-1	-1	0
1979	1872	1871	14	-1	-1	-1	0
1979	1871	1874	14	-1	-1	-1	0
1905	1917	1904	14	-1	-1	-1	0
1891	1946	1889	6	-1	-1	-1	0
1915	1905	1906	14	-1	-1	-1	0
1977	1880	1870	14	-1	-1	-1	0
1946	1945	1836	6	-1	-1	-1	0
1874	1873	1982	14	-1	-1	-1	0
1947	1946	1836	6	-1	-1	-1	0
1875	1981	1873	14	-1	-1	-1	0
1919	1906	1907	14	-1	-1	-1	0
1892	1893	1948	6	-1	-1	-1	0
1951	1939	1843	6	-1	-1	-1	0
1907	1908	1920	14	-1	-1	-1	0
1915	1916	1905	14	-1	-1	-1	0
1886	1965	1885	14	-1	-1	-1	0
1875	1876	1986	14	-1	-1	-1	0
1893	1894	1950	6	-1	-1	-1	0
1950	1840	1948	6	-1	-1	-1	0
1905	1916	1917	14	-1	-1	-1	0
1908	1910	1920	14	-1	-1	-1	0
1840	1950	1949	6	-1	-1	-1	0
1906	1919	1915	14	-1	-1	-1	0
1952	1842	1949	6	-1	-1	-1	0
1878	1988	1877	14	-1	-1	-1	0
1952	1951	1842	6	-1	-1	-1	0
1878	1879	1990	14	-1	-1	-1	0
1881	1877	1989	14	-1	-1	-1	0
1880	1992	1879	14	-1	-1	-1	0
1910	1923	1920	14	-1	-1	-1	0
1910	1921	1923	14	-1	-1	-1	0
1883	1881	1994	14	-1	-1	-1	0
1851	1955	1953	0	-1	-1	-1	1.176470588235293
1882	1883	1996	14	-1	-1	-1	0
1882	1995	1884	14	-1	-1	-1	0
1954	1956	1851	0	-1	-1	-1	1.176470588235293
1851	1956	1955	0	-1	-1	-1	1.176470588235293
1852	1957	1954	0	-1	-1	-1	1.176470588235293
1884	2000	1886	14	-1	-1	-1	0
1959	1855	1958	14	-1	-1	-1	0
1856	1960	1958	14	-1	-1	-1	0
1857	1959	1961	14	-1	-1	-1	0
2002	1887	1888	6	-1	-1	-1	0
1957	1858	1962	14	-1	-1	-1	0
2002	1888	1889	6	-1	-1	-1	0
1858	1961	1962	14	-1	-1	-1	0
1946	1891	1945	6	-1	-1	-1	0
1963	1960	1859	14	-1	-1	-1	0
1927	1926	1931	5	-1	-1	-1	0
1963	1861	1964	14	-1	-1	-1	0
1927	1931	1932	5	-1	-1	-1	0
1965	1964	1861	14	-1	-1	-1	0
1948	1893	1950	6	-1	-1	-1	0
2004	1894	1895	6	-1	-1	-1	0
1932	1936	1927	5	-1	-1	-1	0
1895	1896	2005	6	-1	-1	-1	0
1968	1863	1966	14	-1	0	-1	0
1863	1968	1967	14	-1	-1	-1	0
1897	2007	1896	14	-1	-1	-1	0
2007	1897	1898	14	-1	-1	-1	0
1970	1865	1969	14	-1	-1	-1	0
1866	1971	1969	14	-1	-1	-1	0
1972	1971	1866	14	-1	-1	-1	0
1900	1899	2010	0	-1	-1	-1	1.176470588235293
1901	2010	1899	0	-1	-1	-1	1.176470588235293
1900	2010	1902	14	-1	-1	-1	0
1867	1974	1972	14	-1	-1	-1	0
1973	1974	1867	14	-1	-1	-1	0
1903	2011	1901	0	-1	-1	-1	1.176470588235293
1868	1975	1973	14	-1	-1	-1	0
2002	1928	1887	6	-1	-1	-1	0
1870	1970	1978	14	-1	-1	-1	0
2011	1903	1904	0	-1	-1	-1	1.176470588235293
1868	1976	1975	14	-1	-1	-1	0
1978	1977	1870	14	-1	-1	-1	0
1980	1976	1872	14	-1	-1	-1	0
1922	2009	1898	14	-1	-1	-1	0
1902	2010	1918	14	-1	-1	-1	0
1967	1987	1876	14	-1	-1	-1	0
1910	1909	2012	14	-1	-1	-1	0
1979	1980	1872	14	-1	-1	-1	0
1904	1917	2011	14	-1	-1	-1	0
1911	2012	1909	14	-1	-1	-1	0
1979	1874	1983	14	-1	-1	-1	0
1912	2013	1911	0	-1	-1	-1	1.176470588235293
1873	1981	1982	14	-1	-1	-1	0
2003	1889	1946	6	-1	-1	-1	0
1913	2015	1912	0	-1	-1	-1	1.176470588235293
1982	1984	1874	14	-1	-1	-1	0
1985	1983	1874	14	-1	-1	-1	0
1875	1986	1981	14	-1	-1	-1	0
1984	1985	1874	14	-1	-1	-1	0
1921	1910	2012	14	-1	-1	-1	0
2017	1913	1914	0	-1	-1	-1	1.176470588235293
1918	2011	1917	14	-1	-1	-1	0
1894	2004	1950	6	-1	-1	-1	0
1987	1986	1876	14	-1	-1	-1	0
1880	1977	1993	14	-1	-1	-1	0
2001	1965	1886	14	-1	-1	-1	0
1988	1989	1877	14	-1	-1	-1	0
1921	2012	1922	14	-1	-1	-1	0
1878	1991	1988	14	-1	-1	-1	0
1878	1990	1991	14	-1	-1	-1	0
1990	1879	1992	14	-1	-1	-1	0
1994	1881	1989	14	-1	-1	-1	0
1880	1993	1992	14	-1	-1	-1	0
1996	1995	1882	14	-1	-1	-1	0
1883	1994	1997	14	-1	-1	-1	0
1928	2019	1930	6	-1	-1	-1	0
1999	1996	1883	14	-1	-1	-1	0
1883	1997	1998	14	-1	-1	-1	0
2000	1884	1995	14	-1	-1	-1	0
2020	1929	1930	6	-1	-1	-1	0
1999	1883	1998	14	-1	-1	-1	0
1932	1929	2020	6	-1	-1	-1	0
2017	1914	1953	0	-1	-1	-1	1.176470588235293
1886	2000	2001	14	-1	-1	-1	0
2020	1936	1932	5	-1	-1	-1	0
2023	1933	1934	5	-1	-1	-1	0
1937	1936	2020	5	-1	-1	-1	0
2024	1934	1935	5	-1	-1	-1	0
2002	1889	2003	6	-1	-1	-1	0
1935	1938	2022	5	-1	-1	-1	0
1937	2021	1938	5	-1	-1	-1	0
2003	1946	1947	6	-1	-1	-1	0
1933	2023	1947	5	-1	-1	-1	0
2006	2004	1895	6	-1	-1	-1	0
1942	1939	2025	6	-1	-1	-1	0
1895	2005	2006	6	-1	-1	-1	0
2026	1940	1942	6	-1	-1	-1	0
1940	2027	1941	5	-1	-1	-1	0
2008	2005	1896	6	-1	-1	-1	0
2007	2008	1896	14	-1	-1	-1	0
2029	1943	1941	5	-1	-1	-1	0
2009	2007	1898	14	-1	-1	-1	0
1951	2025	1939	6	-1	-1	-1	0
1944	1943	2031	5	-1	-1	-1	0
1901	2011	2010	0	-1	-1	-1	1.176470588235293
1950	2032	1949	6	-1	-1	-1	0
2033	1952	1949	6	-1	-1	-1	0
1952	2034	1951	6	-1	-1	-1	0
1911	2014	2012	14	-1	-1	-1	0
2013	2014	1911	14	-1	-1	-1	0
2010	2011	1918	14	-1	-1	-1	0
2015	2013	1912	0	-1	-1	-1	1.176470588235293
1955	2036	1953	0	-1	-1	-1	1.176470588235293
2009	1922	2014	14	-1	-1	-1	0
1913	2017	2016	0	-1	-1	-1	1.176470588235293
2018	2015	1913	0	-1	-1	-1	1.176470588235293
1954	2037	1956	0	-1	-1	-1	1.176470588235293
2016	2018	1913	0	-1	-1	-1	1.176470588235293
2014	1922	2012	14	-1	-1	-1	0
2038	1954	1957	0	-1	-1	-1	1.176470588235293
1928	2002	2019	6	-1	-1	-1	0
1955	1956	2039	0	-1	-1	-1	1.176470588235293
1962	2038	1957	0	-1	-1	-1	1.176470588235293
2041	1959	1958	14	-1	-1	-1	0
2041	1958	1960	14	-1	-1	-1	0
1959	2043	1961	14	-1	-1	-1	0
2044	1960	1963	14	-1	-1	-1	0
1961	2045	1962	14	-1	-1	-1	0
2020	1930	2021	6	-1	-1	-1	0
2022	1930	2019	6	-1	-1	-1	0
2046	1963	1964	14	-1	-1	-1	0
2022	2021	1930	6	-1	-1	-1	0
1947	2023	2003	6	-1	-1	-1	0
2047	1964	1965	14	-1	-1	-1	0
1937	2020	2021	5	-1	-1	-1	0
2022	1938	2021	5	-1	-1	-1	0
1935	2022	2024	5	-1	-1	-1	0
2023	1934	2024	5	-1	-1	-1	0
2048	1968	1966	14	-1	-1	0	0
1967	1968	2049	14	-1	-1	-1	0
1950	2004	2032	6	-1	-1	-1	0
1970	1969	2052	14	-1	-1	-1	0
1971	2051	1969	14	-1	-1	-1	0
1940	2026	2027	6	-1	-1	-1	0
1941	2027	2028	5	-1	-1	-1	0
2025	2030	1942	6	-1	-1	-1	0
1941	2028	2029	5	-1	-1	-1	0
1972	2055	1971	14	-1	-1	-1	0
2026	1942	2030	6	-1	-1	-1	0
2053	1978	1970	14	-1	-1	-1	0
1974	2056	1972	14	-1	-1	-1	0
1943	2029	2031	5	-1	-1	-1	0
1987	1967	2049	14	-1	-1	-1	0
1975	2057	1973	14	-1	-1	-1	0
1974	1973	2058	14	-1	-1	-1	0
2036	2017	1953	0	-1	-1	-1	1.176470588235293
2025	1951	2034	6	-1	-1	-1	0
1965	2001	2047	14	-1	-1	-1	0
2062	1975	1976	14	-1	-1	-1	0
2033	1949	2032	6	-1	-1	-1	0
1977	1978	2064	14	-1	-1	-1	0
1980	2063	1976	14	-1	-1	-1	0
2033	2035	1952	6	-1	-1	-1	0
1952	2035	2034	6	-1	-1	-1	0
2003	2019	2002	6	-1	-1	-1	0
1979	2067	1980	14	-1	-1	-1	0
2067	1979	1983	14	-1	-1	-1	0
2038	2037	1954	0	-1	-1	-1	1.176470588235293
1955	2039	2036	0	-1	-1	-1	1.176470588235293
2069	1982	1981	14	-1	-1	-1	0
2040	1956	2037	0	-1	-1	-1	1.176470588235293
1956	2040	2039	0	-1	-1	-1	1.176470588235293
2065	1993	1977	14	-1	-1	-1	0
1981	1986	2069	14	-1	-1	-1	0
1982	2071	1984	14	-1	-1	-1	0
2042	1959	2041	14	-1	-1	-1	0
2072	1983	1985	14	-1	-1	-1	0
1959	2042	2043	14	-1	-1	-1	0
1985	1984	2076	14	-1	-1	-1	0
2044	2041	1960	14	-1	-1	-1	0
2045	2038	1962	0	-1	-1	-1	1.176470588235293
2023	2019	2003	6	-1	-1	-1	0
1961	2043	2045	14	-1	-1	-1	0
1963	2046	2044	14	-1	-1	-1	0
1986	1987	2080	14	-1	-1	-1	0
2047	2046	1964	14	-1	-1	-1	0
1988	2084	1989	14	-1	-1	-1	0
1988	1991	2082	14	-1	-1	-1	0
2022	2019	2024	6	-1	-1	-1	0
2024	2019	2023	6	-1	-1	-1	0
2048	2050	1968	14	-1	-1	-1	0
2049	1968	2050	14	-1	-1	-1	0
2086	1994	1989	14	-1	-1	-1	0
1990	2089	1991	14	-1	-1	-1	0
1992	2088	1990	14	-1	-1	-1	0
1969	2051	2052	14	-1	-1	-1	0
2053	1970	2052	14	-1	-1	-1	0
2051	1971	2054	14	-1	-1	-1	0
1992	1993	2092	14	-1	-1	-1	0
2054	1971	2055	14	-1	-1	-1	0
2055	1972	2056	14	-1	-1	-1	0
1994	2094	1997	14	-1	-1	-1	0
2096	1995	1996	14	-1	-1	-1	0
2057	2058	1973	14	-1	-1	-1	0
2056	1974	2060	14	-1	-1	-1	0
2095	2000	1995	14	-1	-1	-1	0
2058	2059	1974	14	-1	-1	-1	0
1975	2061	2057	14	-1	-1	-1	0
2060	1974	2059	14	-1	-1	-1	0
1996	1999	2099	14	-1	-1	-1	0
2100	1998	1997	14	-1	-1	-1	0
2066	1978	2053	14	-1	-1	-1	0
2062	2061	1975	14	-1	-1	-1	0
2102	1999	1998	14	-1	-1	-1	0
2062	1976	2063	14	-1	-1	-1	0
2104	2001	2000	14	-1	-1	-1	0
2064	2065	1977	14	-1	-1	-1	0
1978	2066	2064	14	-1	-1	-1	0
2068	2063	1980	14	-1	-1	-1	0
2068	1980	2067	14	-1	-1	-1	0
2080	1987	2049	14	-1	-1	-1	0
2004	2006	2106	6	-1	-1	-1	0
2005	2108	2006	6	-1	-1	-1	0
2005	2008	2108	6	-1	-1	-1	0
2069	2070	1982	14	-1	-1	-1	0
2070	2071	1982	14	-1	-1	-1	0
1983	2073	2067	14	-1	-1	-1	0
2008	2007	2110	14	-1	-1	-1	0
2007	2009	2110	14	-1	-1	-1	0
2073	1983	2072	14	-1	-1	-1	0
2071	2075	1984	14	-1	-1	-1	0
2075	2074	1984	14	-1	-1	-1	0
1984	2074	2076	14	-1	-1	-1	0
2072	1985	2078	14	-1	-1	-1	0
2014	2113	2009	14	-1	-1	-1	0
2081	2069	1986	14	-1	-1	-1	0
2076	2077	1985	14	-1	-1	-1	0
1985	2077	2078	14	-1	-1	-1	0
2115	2014	2013	14	-1	-1	-1	0
2004	2107	2032	6	-1	-1	-1	0
2013	2015	2116	0	-1	-1	-1	1.176470588235293
2079	1986	2080	14	-1	-1	-1	0
1986	2079	2081	14	-1	-1	-1	0
2116	2015	2018	0	-1	-1	-1	1.176470588235293
2065	2092	1993	14	-1	-1	-1	0
2117	2018	2016	0	-1	-1	-1	1.176470588235293
2016	2017	2119	0	-1	-1	-1	1.176470588235293
1988	2082	2083	14	-1	-1	-1	0
2001	2105	2047	14	-1	-1	-1	0
1988	2083	2084	14	-1	-1	-1	0
2085	1989	2084	14	-1	-1	-1	0
2085	2086	1989	14	-1	-1	-1	0
1991	2090	2082	14	-1	-1	-1	0
1990	2088	2087	14	-1	-1	-1	0
2087	2089	1990	14	-1	-1	-1	0
2089	2091	1991	14	-1	-1	-1	0
2033	2032	2107	6	-1	-1	-1	0
1992	2092	2088	14	-1	-1	-1	0
2090	1991	2091	14	-1	-1	-1	0
2119	2017	2036	0	-1	-1	-1	1.176470588235293
1994	2086	2093	14	-1	-1	-1	0
2097	2039	2040	0	-1	-1	-1	1.176470588235293
2026	2123	2027	6	-1	-1	-1	0
2122	2030	2025	6	-1	-1	-1	0
2030	2124	2026	6	-1	-1	-1	0
2027	2125	2028	5	-1	-1	-1	0
2093	2094	1994	14	-1	-1	-1	0
2122	2025	2034	6	-1	-1	-1	0
2126	2029	2028	5	-1	-1	-1	0
2127	2031	2029	5	-1	-1	-1	0
2097	2095	1995	14	-1	-1	-1	0
2096	2097	1995	14	-1	-1	-1	0
2096	1996	2098	14	-1	-1	-1	0
1997	2094	2100	14	-1	-1	-1	0
2099	2098	1996	14	-1	-1	-1	0
2129	2034	2035	6	-1	-1	-1	0
2000	2095	2104	14	-1	-1	-1	0
2101	1998	2100	14	-1	-1	-1	0
2103	2099	1999	14	-1	-1	-1	0
2102	1998	2101	14	-1	-1	-1	0
2103	1999	2102	14	-1	-1	-1	0
2036	2039	2130	0	-1	-1	-1	1.176470588235293
2037	2038	2132	0	-1	-1	-1	1.176470588235293
2068	2067	2073	14	-1	-1	-1	0
2001	2104	2105	14	-1	-1	-1	0
2037	2133	2040	0	-1	-1	-1	1.176470588235293
2045	2132	2038	0	-1	-1	-1	1.176470588235293
2004	2106	2107	6	-1	-1	-1	0
2042	2041	2136	14	-1	-1	-1	0
2136	2041	2044	14	-1	-1	-1	0
2109	2106	2006	6	-1	-1	-1	0
2043	2042	2137	14	-1	-1	-1	0
2109	2006	2108	6	-1	-1	-1	0
2138	2045	2043	14	-1	-1	-1	0
2111	2108	2008	6	-1	-1	-1	0
2111	2008	2110	14	-1	-1	-1	0
2044	2046	2140	14	-1	-1	-1	0
2112	2110	2009	14	-1	-1	-1	0
2112	2009	2114	14	-1	-1	-1	0
2046	2047	2142	14	-1	-1	-1	0
2114	2009	2113	14	-1	-1	-1	0
2014	2115	2113	14	-1	-1	-1	0
2048	2145	2050	14	-1	-1	-1	0
2115	2013	2116	14	-1	-1	-1	0
2049	2050	2146	14	-1	-1	-1	0
2052	2051	2148	14	-1	-1	-1	0
2117	2016	2118	0	-1	-1	-1	1.176470588235293
2054	2148	2051	14	-1	-1	-1	0
2119	2118	2016	0	-1	-1	-1	1.176470588235293
2121	2116	2018	0	-1	-1	-1	1.176470588235293
2120	2018	2117	0	-1	-1	-1	1.176470588235293
2150	2053	2052	14	-1	-1	-1	0
2121	2018	2120	0	-1	-1	-1	1.176470588235293
2055	2153	2054	14	-1	-1	-1	0
2154	2055	2056	14	-1	-1	-1	0
2033	2107	2128	6	-1	-1	-1	0
2150	2066	2053	14	-1	-1	-1	0
2134	2039	2097	0	-1	-1	-1	1.176470588235293
2154	2056	2060	14	-1	-1	-1	0
2058	2057	2156	14	-1	-1	-1	0
2135	2097	2040	0	-1	-1	-1	1.176470588235293
2057	2061	2155	14	-1	-1	-1	0
2124	2123	2026	6	-1	-1	-1	0
2059	2058	2157	14	-1	-1	-1	0
2146	2080	2049	14	-1	-1	-1	0
2123	2125	2027	6	-1	-1	-1	0
2122	2124	2030	6	-1	-1	-1	0
2159	2060	2059	1	-1	-1	-1	-1.176470588235293
2126	2028	2125	5	-1	-1	-1	0
2127	2029	2126	5	-1	-1	-1	0
2062	2161	2061	14	-1	-1	-1	0
2129	2122	2034	6	-1	-1	-1	0
2119	2036	2131	0	-1	-1	-1	1.176470588235293
2162	2062	2063	14	-1	-1	-1	0
2143	2047	2105	14	-1	-1	-1	0
2166	2065	2064	14	-1	-1	-1	0
2166	2064	2066	14	-1	-1	-1	0
2165	2063	2068	14	-1	-1	-1	0
2130	2131	2036	0	-1	-1	-1	1.176470588235293
2037	2132	2133	0	-1	-1	-1	1.176470588235293
2039	2134	2130	0	-1	-1	-1	1.176470588235293
2068	2073	2165	14	-1	-1	-1	0
2135	2040	2133	0	-1	-1	-1	1.176470588235293
2070	2069	2171	14	-1	-1	-1	0
2070	2173	2071	14	-1	-1	-1	0
2136	2137	2042	14	-1	-1	-1	0
2132	2045	2141	0	-1	-1	-1	1.176470588235293
2137	2138	2043	14	-1	-1	-1	0
2044	2139	2136	14	-1	-1	-1	0
2075	2071	2174	14	-1	-1	-1	0
2175	2073	2072	14	-1	-1	-1	0
2081	2172	2069	14	-1	-1	-1	0
2044	2140	2139	14	-1	-1	-1	0
2141	2045	2138	0	-1	-1	-1	1.176470588235293
2078	2175	2072	14	-1	-1	-1	0
2176	2076	2074	14	-1	-1	-1	0
2169	2092	2065	14	-1	-1	-1	0
2097	2096	2134	14	-1	-1	-1	0
2095	2097	2135	14	-1	-1	-1	0
2178	2074	2075	14	-1	-1	-1	0
2140	2046	2142	14	-1	-1	-1	0
2143	2142	2047	14	-1	-1	-1	0
2111	2110	2112	14	-1	-1	-1	0
2135	2104	2095	14	-1	-1	-1	0
2181	2077	2076	14	-1	-1	-1	0
2145	2048	2144	14	-1	0	-1	0
2183	2078	2077	14	-1	-1	-1	0
2147	2050	2145	14	-1	-1	-1	0
2147	2146	2050	14	-1	-1	-1	0
2188	2079	2080	14	-1	-1	-1	0
2079	2187	2081	14	-1	-1	-1	0
2052	2148	2149	14	-1	-1	-1	0
2151	2052	2149	14	-1	-1	-1	0
2052	2151	2150	14	-1	-1	-1	0
2054	2152	2148	14	-1	-1	-1	0
2082	2191	2083	14	-1	-1	-1	0
2152	2054	2153	14	-1	-1	-1	0
2084	2083	2192	14	-1	-1	-1	0
2154	2153	2055	14	-1	-1	-1	0
2193	2085	2084	14	-1	-1	-1	0
2082	2090	2191	14	-1	-1	-1	0
2085	2195	2086	14	-1	-1	-1	0
2156	2057	2155	14	-1	-1	-1	0
2156	2157	2058	14	-1	-1	-1	0
2060	2160	2154	1	-1	-1	-1	-1.176470588235293
2089	2087	2198	14	-1	-1	-1	0
2157	2158	2059	1	-1	-1	-1	-1.176470588235293
2087	2088	2200	14	-1	-1	-1	0
2159	2059	2158	1	-1	-1	-1	-1.176470588235293
2093	2086	2197	14	-1	-1	-1	0
2161	2155	2061	14	-1	-1	-1	0
2160	2060	2159	1	-1	-1	-1	-1.176470588235293
2088	2092	2201	14	-1	-1	-1	0
2091	2089	2202	14	-1	-1	-1	0
2091	2204	2090	1	-1	-1	-1	-1.176470588235293
2161	2062	2163	14	-1	-1	-1	0
2170	2066	2150	14	-1	-1	-1	0
2162	2163	2062	14	-1	-1	-1	0
2063	2164	2162	14	-1	-1	-1	0
2165	2164	2063	14	-1	-1	-1	0
2093	2208	2094	14	-1	-1	-1	0
2065	2166	2167	14	-1	-1	-1	0
2168	2065	2167	14	-1	-1	-1	0
2166	2066	2170	14	-1	-1	-1	0
2065	2168	2169	14	-1	-1	-1	0
2100	2094	2210	14	-1	-1	-1	0
2211	2096	2098	14	-1	-1	-1	0
2099	2212	2098	14	-1	-1	-1	0
2136	2139	2137	14	-1	-1	-1	0
2171	2069	2172	14	-1	-1	-1	0
2165	2073	2175	14	-1	-1	-1	0
2070	2171	2173	14	-1	-1	-1	0
2188	2080	2146	14	-1	-1	-1	0
2103	2215	2099	14	-1	-1	-1	0
2216	2101	2100	14	-1	-1	-1	0
2071	2173	2174	14	-1	-1	-1	0
2218	2102	2101	14	-1	-1	-1	0
2219	2103	2102	14	-1	-1	-1	0
2176	2074	2177	14	-1	-1	-1	0
2174	2179	2075	14	-1	-1	-1	0
2074	2178	2177	14	-1	-1	-1	0
2104	2222	2105	14	-1	-1	-1	0
2179	2178	2075	14	-1	-1	-1	0
2076	2176	2180	14	-1	-1	-1	0
2184	2175	2078	14	-1	-1	-1	0
2076	2180	2182	14	-1	-1	-1	0
2181	2076	2182	14	-1	-1	-1	0
2227	2107	2106	6	-1	-1	-1	0
2183	2077	2181	14	-1	-1	-1	0
2134	2096	2211	14	-1	-1	-1	0
2109	2226	2106	6	-1	-1	-1	0
2081	2190	2172	14	-1	-1	-1	0
2108	2228	2109	6	-1	-1	-1	0
2185	2078	2183	14	-1	-1	-1	0
2078	2185	2184	14	-1	-1	-1	0
2111	2228	2108	6	-1	-1	-1	0
2079	2186	2187	14	-1	-1	-1	0
2188	2186	2079	14	-1	-1	-1	0
2111	2112	2231	14	-1	-1	-1	0
2081	2187	2189	14	-1	-1	-1	0
2112	2114	2232	14	-1	-1	-1	0
2190	2081	2189	14	-1	-1	-1	0
2233	2113	2115	14	-1	-1	-1	0
2113	2234	2114	14	-1	-1	-1	0
2223	2104	2135	14	-1	-1	-1	0
2201	2092	2169	14	-1	-1	-1	0
2107	2227	2128	6	-1	-1	-1	0
2116	2233	2115	14	-1	-1	-1	0
2084	2192	2193	14	-1	-1	-1	0
2191	2192	2083	14	-1	-1	-1	0
2116	2121	2233	14	-1	-1	-1	0
2236	2117	2118	0	-1	-1	-1	1.176470588235293
2130	2211	2131	0	-1	-1	-1	1.176470588235293
2194	2085	2193	14	-1	-1	-1	0
2117	2236	2120	0	-1	-1	-1	1.176470588235293
2105	2225	2143	14	-1	-1	-1	0
2195	2085	2194	14	-1	-1	-1	0
2237	2118	2119	0	-1	-1	-1	1.176470588235293
2130	2134	2211	0	-1	-1	-1	1.176470588235293
2195	2196	2086	14	-1	-1	-1	0
2196	2197	2086	14	-1	-1	-1	0
2120	2241	2121	0	-1	-1	-1	1.176470588235293
2199	2198	2087	14	-1	-1	-1	0
2200	2199	2087	14	-1	-1	-1	0
2205	2191	2090	1	-1	-1	-1	-1.176470588235293
2124	2122	2243	6	-1	-1	-1	0
2201	2200	2088	14	-1	-1	-1	0
2089	2198	2203	14	-1	-1	-1	0
2131	2240	2119	0	-1	-1	-1	1.176470588235293
2135	2133	2223	0	-1	-1	-1	1.176470588235293
2124	2244	2123	6	-1	-1	-1	0
2123	2245	2125	6	-1	-1	-1	0
2122	2129	2243	6	-1	-1	-1	0
2202	2089	2203	14	-1	-1	-1	0
2093	2197	2207	14	-1	-1	-1	0
2247	2126	2125	5	-1	-1	-1	0
2205	2090	2204	1	-1	-1	-1	-1.176470588235293
2206	2091	2202	1	-1	-1	-1	-1.176470588235293
2204	2091	2206	1	-1	-1	-1	-1.176470588235293
2248	2127	2126	5	-1	-1	-1	0
2207	2208	2093	14	-1	-1	-1	0
2094	2208	2209	14	-1	-1	-1	0
2209	2210	2094	14	-1	-1	-1	0
2133	2132	2251	0	-1	-1	-1	1.176470588235293
2098	2213	2211	14	-1	-1	-1	0
2212	2213	2098	14	-1	-1	-1	0
2132	2141	2251	0	-1	-1	-1	1.176470588235293
2099	2214	2212	14	-1	-1	-1	0
2210	2216	2100	14	-1	-1	-1	0
2099	2215	2214	14	-1	-1	-1	0
2137	2139	2253	14	-1	-1	-1	0
2138	2137	2254	14	-1	-1	-1	0
2141	2138	2255	0	-1	-1	-1	1.176470588235293
2216	2217	2101	14	-1	-1	-1	0
2140	2256	2139	14	-1	-1	-1	0
2101	2217	2218	14	-1	-1	-1	0
2221	2215	2103	14	-1	-1	-1	0
2257	2140	2142	14	-1	-1	-1	0
2102	2218	2220	14	-1	-1	-1	0
2102	2220	2219	14	-1	-1	-1	0
2219	2221	2103	14	-1	-1	-1	0
2142	2143	2259	14	-1	-1	-1	0
2222	2104	2224	14	-1	-1	-1	0
2145	2144	2262	14	-1	-1	-1	0
2224	2104	2223	14	-1	-1	-1	0
2225	2105	2222	14	-1	-1	-1	0
2145	2263	2147	14	-1	-1	-1	0
2131	2211	2213	0	-1	-1	-1	1.176470588235293
2147	2264	2146	14	-1	-1	-1	0
2227	2106	2226	6	-1	-1	-1	0
2266	2149	2148	14	-1	-1	-1	0
2230	2226	2109	6	-1	-1	-1	0
2229	2109	2228	6	-1	-1	-1	0
2152	2266	2148	14	-1	-1	-1	0
2151	2149	2267	14	-1	-1	-1	0
2229	2230	2109	6	-1	-1	-1	0
2151	2268	2150	14	-1	-1	-1	0
2228	2111	2231	6	-1	-1	-1	0
2270	2152	2153	1	-1	-1	-1	-1.176470588235293
2112	2232	2231	14	-1	-1	-1	0
2153	2154	2272	1	-1	-1	-1	-1.176470588235293
2113	2233	2234	14	-1	-1	-1	0
2114	2235	2232	14	-1	-1	-1	0
2235	2114	2234	14	-1	-1	-1	0
2156	2155	2273	14	-1	-1	-1	0
2240	2131	2213	0	-1	-1	-1	1.176470588235293
2154	2160	2272	1	-1	-1	-1	-1.176470588235293
2156	2275	2157	14	-1	-1	-1	0
2150	2268	2170	14	-1	-1	-1	0
2155	2161	2273	14	-1	-1	-1	0
2157	2276	2158	1	-1	-1	-1	-1.176470588235293
2118	2238	2236	0	-1	-1	-1	1.176470588235293
2118	2237	2239	0	-1	-1	-1	1.176470588235293
2277	2159	2158	1	-1	-1	-1	-1.176470588235293
2239	2238	2118	0	-1	-1	-1	1.176470588235293
2237	2119	2240	0	-1	-1	-1	1.176470588235293
2233	2121	2242	14	-1	-1	-1	0
2236	2241	2120	0	-1	-1	-1	1.176470588235293
2163	2273	2161	14	-1	-1	-1	0
2160	2159	2279	1	-1	-1	-1	-1.176470588235293
2264	2188	2146	14	-1	-1	-1	0
2241	2242	2121	14	-1	-1	-1	0
2250	2128	2227	6	-1	-1	-1	0
2163	2162	2280	14	-1	-1	-1	0
2162	2164	2281	14	-1	-1	-1	0
2252	2223	2133	0	-1	-1	-1	1.176470588235293
2244	2245	2123	6	-1	-1	-1	0
2165	2284	2164	14	-1	-1	-1	0
2246	2124	2243	6	-1	-1	-1	0
2244	2124	2246	6	-1	-1	-1	0
2125	2245	2247	6	-1	-1	-1	0
2167	2166	2286	14	-1	-1	-1	0
2126	2247	2248	5	-1	-1	-1	0
2167	2287	2168	14	-1	-1	-1	0
2166	2170	2286	14	-1	-1	-1	0
2165	2175	2285	14	-1	-1	-1	0
2289	2169	2168	14	-1	-1	-1	0
2128	2250	2249	6	-1	-1	-1	0
2225	2260	2143	14	-1	-1	-1	0
2171	2172	2292	14	-1	-1	-1	0
2252	2133	2251	0	-1	-1	-1	1.176470588235293
2171	2293	2173	14	-1	-1	-1	0
2293	2174	2173	14	-1	-1	-1	0
2254	2137	2253	14	-1	-1	-1	0
2184	2285	2175	14	-1	-1	-1	0
2255	2138	2254	0	-1	-1	-1	1.176470588235293
2139	2256	2253	14	-1	-1	-1	0
2174	2296	2179	14	-1	-1	-1	0
2258	2251	2141	0	-1	-1	-1	1.176470588235293
2177	2298	2176	14	-1	-1	-1	0
2257	2256	2140	14	-1	-1	-1	0
2255	2258	2141	0	-1	-1	-1	1.176470588235293
2177	2178	2300	14	-1	-1	-1	0
2180	2176	2299	14	-1	-1	-1	0
2295	2172	2190	14	-1	-1	-1	0
2142	2259	2257	14	-1	-1	-1	0
2179	2302	2178	14	-1	-1	-1	0
2169	2290	2201	14	-1	-1	-1	0
2260	2259	2143	14	-1	-1	-1	0
2182	2180	2304	14	-1	-1	-1	0
2144	2261	2262	14	0	-1	-1	0
2181	2305	2183	14	-1	-1	-1	0
2181	2182	2306	14	-1	-1	-1	0
2262	2263	2145	14	-1	-1	-1	0
2265	2147	2263	14	-1	-1	-1	0
2147	2265	2264	14	-1	-1	-1	0
2183	2310	2185	14	-1	-1	-1	0
2185	2311	2184	14	-1	-1	-1	0
2266	2267	2149	14	-1	-1	-1	0
2186	2313	2187	14	-1	-1	-1	0
2151	2267	2269	14	-1	-1	-1	0
2314	2186	2188	14	-1	-1	-1	0
2268	2151	2269	14	-1	-1	-1	0
2271	2266	2152	1	-1	-1	-1	-1.176470588235293
2315	2189	2187	14	-1	-1	-1	0
2271	2152	2270	1	-1	-1	-1	-1.176470588235293
2153	2272	2270	1	-1	-1	-1	-1.176470588235293
2318	2190	2189	14	-1	-1	-1	0
2252	2224	2223	0	-1	-1	-1	1.176470588235293
2192	2191	2320	1	-1	-1	-1	-1.176470588235293
2274	2156	2273	14	-1	-1	-1	0
2275	2156	2274	14	-1	-1	-1	0
2321	2193	2192	1	-1	-1	-1	-1.176470588235293
2275	2276	2157	1	-1	-1	-1	-1.176470588235293
2242	2234	2233	14	-1	-1	-1	0
2322	2194	2193	1	-1	-1	-1	-1.176470588235293
2160	2279	2272	1	-1	-1	-1	-1.176470588235293
2276	2278	2158	1	-1	-1	-1	-1.176470588235293
2194	2323	2195	1	-1	-1	-1	-1.176470588235293
2158	2278	2277	1	-1	-1	-1	-1.176470588235293
2195	2324	2196	14	-1	-1	-1	0
2279	2159	2277	1	-1	-1	-1	-1.176470588235293
2320	2191	2205	1	-1	-1	-1	-1.176470588235293
2326	2197	2196	14	-1	-1	-1	0
2163	2283	2273	14	-1	-1	-1	0
2162	2281	2280	14	-1	-1	-1	0
2199	2328	2198	14	-1	-1	-1	0
2280	2282	2163	14	-1	-1	-1	0
2329	2199	2200	14	-1	-1	-1	0
2163	2282	2283	14	-1	-1	-1	0
2281	2164	2284	14	-1	-1	-1	0
2198	2328	2203	14	-1	-1	-1	0
2291	2170	2268	14	-1	-1	-1	0
2197	2327	2207	14	-1	-1	-1	0
2331	2200	2201	14	-1	-1	-1	0
2285	2284	2165	14	-1	-1	-1	0
2202	2203	2332	1	-1	-1	-1	-1.176470588235293
2287	2167	2286	14	-1	-1	-1	0
2206	2202	2332	1	-1	-1	-1	-1.176470588235293
2287	2288	2168	14	-1	-1	-1	0
2205	2204	2334	1	-1	-1	-1	-1.176470588235293
2206	2334	2204	1	-1	-1	-1	-1.176470588235293
2289	2168	2288	14	-1	-1	-1	0
2291	2286	2170	14	-1	-1	-1	0
2207	2339	2208	14	-1	-1	-1	0
2290	2169	2289	14	-1	-1	-1	0
2293	2171	2292	14	-1	-1	-1	0
2172	2294	2292	14	-1	-1	-1	0
2209	2208	2342	14	-1	-1	-1	0
2295	2294	2172	14	-1	-1	-1	0
2210	2209	2343	14	-1	-1	-1	0
2174	2293	2297	14	-1	-1	-1	0
2297	2296	2174	14	-1	-1	-1	0
2264	2316	2188	14	-1	-1	-1	0
2210	2344	2216	14	-1	-1	-1	0
2212	2346	2213	14	-1	-1	-1	0
2214	2346	2212	14	-1	-1	-1	0
2298	2299	2176	14	-1	-1	-1	0
2215	2347	2214	14	-1	-1	-1	0
2177	2301	2298	14	-1	-1	-1	0
2179	2296	2303	14	-1	-1	-1	0
2177	2300	2301	14	-1	-1	-1	0
2300	2178	2302	14	-1	-1	-1	0
2285	2184	2311	14	-1	-1	-1	0
2304	2180	2299	14	-1	-1	-1	0
2179	2303	2302	14	-1	-1	-1	0
2351	2217	2216	14	-1	-1	-1	0
2221	2349	2215	14	-1	-1	-1	0
2352	2218	2217	14	-1	-1	-1	0
2353	2220	2218	14	-1	-1	-1	0
2306	2305	2181	14	-1	-1	-1	0
2182	2304	2307	14	-1	-1	-1	0
2221	2219	2355	14	-1	-1	-1	0
2220	2356	2219	14	-1	-1	-1	0
2309	2306	2182	14	-1	-1	-1	0
2182	2307	2308	14	-1	-1	-1	0
2310	2183	2305	14	-1	-1	-1	0
2213	2346	2240	0	-1	-1	-1	1.176470588235293
2309	2182	2308	14	-1	-1	-1	0
2190	2319	2295	14	-1	-1	-1	0
2360	2222	2224	14	-1	-1	-1	0
2312	2185	2310	14	-1	-1	-1	0
2225	2222	2360	14	-1	-1	-1	0
2312	2311	2185	14	-1	-1	-1	0
2313	2186	2314	14	-1	-1	-1	0
2315	2187	2313	14	-1	-1	-1	0
2226	2363	2227	6	-1	-1	-1	0
2316	2314	2188	14	-1	-1	-1	0
2363	2226	2230	6	-1	-1	-1	0
2315	2317	2189	14	-1	-1	-1	0
2201	2290	2331	14	-1	-1	-1	0
2228	2365	2229	6	-1	-1	-1	0
2231	2365	2228	6	-1	-1	-1	0
2189	2317	2318	14	-1	-1	-1	0
2229	2366	2230	6	-1	-1	-1	0
2319	2190	2318	14	-1	-1	-1	0
2283	2274	2273	14	-1	-1	-1	0
2232	2370	2231	14	-1	-1	-1	0
2320	2321	2192	1	-1	-1	-1	-1.176470588235293
2322	2193	2321	1	-1	-1	-1	-1.176470588235293
2224	2252	2361	0	-1	-1	-1	1.176470588235293
2372	2232	2235	14	-1	-1	-1	0
2323	2194	2322	1	-1	-1	-1	-1.176470588235293
2227	2364	2250	6	-1	-1	-1	0
2195	2323	2325	1	-1	-1	-1	-1.176470588235293
2234	2374	2235	14	-1	-1	-1	0
2324	2195	2325	1	-1	-1	-1	-1.176470588235293
2324	2326	2196	14	-1	-1	-1	0
2225	2362	2260	14	-1	-1	-1	0
2375	2236	2238	0	-1	-1	-1	1.176470588235293
2373	2234	2242	14	-1	-1	-1	0
2326	2327	2197	14	-1	-1	-1	0
2376	2239	2237	0	-1	-1	-1	1.176470588235293
2236	2375	2241	0	-1	-1	-1	1.176470588235293
2240	2376	2237	0	-1	-1	-1	1.176470588235293
2239	2378	2238	0	-1	-1	-1	1.176470588235293
2328	2199	2330	14	-1	-1	-1	0
2330	2199	2329	14	-1	-1	-1	0
2200	2331	2329	14	-1	-1	-1	0
2320	2205	2335	1	-1	-1	-1	-1.176470588235293
2286	2291	2287	14	-1	-1	-1	0
2333	2203	2328	1	-1	-1	-1	-1.176470588235293
2361	2252	2251	0	-1	-1	-1	1.176470588235293
2242	2241	2381	14	-1	-1	-1	0
2332	2203	2333	1	-1	-1	-1	-1.176470588235293
2258	2361	2251	0	-1	-1	-1	1.176470588235293
2382	2245	2244	6	-1	-1	-1	0
2246	2382	2244	6	-1	-1	-1	0
2207	2327	2340	14	-1	-1	-1	0
2334	2336	2205	1	-1	-1	-1	-1.176470588235293
2383	2247	2245	6	-1	-1	-1	0
2206	2332	2338	1	-1	-1	-1	-1.176470588235293
2205	2336	2335	1	-1	-1	-1	-1.176470588235293
2334	2206	2337	1	-1	-1	-1	-1.176470588235293
2384	2248	2247	5	-1	-1	-1	0
2337	2206	2338	1	-1	-1	-1	-1.176470588235293
2249	2250	2386	6	-1	-1	-1	0
2339	2207	2340	14	-1	-1	-1	0
2208	2339	2341	14	-1	-1	-1	0
2208	2341	2342	14	-1	-1	-1	0
2209	2342	2343	14	-1	-1	-1	0
2387	2254	2253	14	-1	-1	-1	0
2256	2387	2253	14	-1	-1	-1	0
2254	2388	2255	0	-1	-1	-1	1.176470588235293
2345	2210	2343	14	-1	-1	-1	0
2345	2344	2210	14	-1	-1	-1	0
2255	2389	2258	0	-1	-1	-1	1.176470588235293
2390	2256	2257	14	-1	-1	-1	0
2390	2257	2259	14	-1	-1	-1	0
2214	2347	2346	14	-1	-1	-1	0
2350	2216	2344	14	-1	-1	-1	0
2259	2260	2391	14	-1	-1	-1	0
2347	2215	2348	14	-1	-1	-1	0
2348	2215	2349	14	-1	-1	-1	0
2261	2393	2262	14	-1	-1	-1	0
2216	2350	2351	14	-1	-1	-1	0
2263	2262	2394	14	-1	-1	-1	0
2217	2351	2352	14	-1	-1	-1	0
2395	2265	2263	14	-1	-1	-1	0
2218	2352	2354	14	-1	-1	-1	0
2264	2265	2396	14	-1	-1	-1	0
2353	2218	2354	14	-1	-1	-1	0
2221	2358	2349	14	-1	-1	-1	0
2356	2355	2219	14	-1	-1	-1	0
2357	2220	2353	14	-1	-1	-1	0
2267	2266	2399	1	-1	-1	-1	-1.176470588235293
2357	2356	2220	14	-1	-1	-1	0
2359	2221	2355	14	-1	-1	-1	0
2266	2271	2399	1	-1	-1	-1	-1.176470588235293
2267	2400	2269	1	-1	-1	-1	-1.176470588235293
2359	2358	2221	14	-1	-1	-1	0
2269	2401	2268	14	-1	-1	-1	0
2270	2402	2271	1	-1	-1	-1	-1.176470588235293
2270	2272	2402	1	-1	-1	-1	-1.176470588235293
2224	2361	2360	0	-1	-1	-1	1.176470588235293
2362	2225	2360	14	-1	-1	-1	0
2364	2227	2363	6	-1	-1	-1	0
2405	2275	2274	14	-1	-1	-1	0
2279	2404	2272	1	-1	-1	-1	-1.176470588235293
2406	2276	2275	1	-1	-1	-1	-1.176470588235293
2367	2363	2230	6	-1	-1	-1	0
2291	2268	2401	14	-1	-1	-1	0
2406	2278	2276	1	-1	-1	-1	-1.176470588235293
2366	2229	2365	6	-1	-1	-1	0
2278	2407	2277	1	-1	-1	-1	-1.176470588235293
2274	2283	2405	14	-1	-1	-1	0
2376	2240	2346	0	-1	-1	-1	1.176470588235293
2408	2279	2277	1	-1	-1	-1	-1.176470588235293
2230	2366	2368	6	-1	-1	-1	0
2369	2365	2231	6	-1	-1	-1	0
2367	2230	2368	6	-1	-1	-1	0
2231	2370	2369	14	-1	-1	-1	0
2232	2371	2370	14	-1	-1	-1	0
2281	2413	2280	14	-1	-1	-1	0
2372	2371	2232	14	-1	-1	-1	0
2282	2280	2414	14	-1	-1	-1	0
2396	2316	2264	14	-1	-1	-1	0
2284	2415	2281	14	-1	-1	-1	0
2282	2416	2283	14	-1	-1	-1	0
2372	2235	2374	14	-1	-1	-1	0
2373	2374	2234	14	-1	-1	-1	0
2285	2418	2284	14	-1	-1	-1	0
2377	2375	2238	0	-1	-1	-1	1.176470588235293
2238	2378	2377	0	-1	-1	-1	1.176470588235293
2379	2239	2376	0	-1	-1	-1	1.176470588235293
2420	2288	2287	14	-1	-1	-1	0
2373	2242	2381	14	-1	-1	-1	0
2239	2380	2378	0	-1	-1	-1	1.176470588235293
2241	2375	2381	14	-1	-1	-1	0
2380	2239	2379	0	-1	-1	-1	1.176470588235293
2291	2421	2287	14	-1	-1	-1	0
2289	2288	2422	14	-1	-1	-1	0
2364	2386	2250	6	-1	-1	-1	0
2290	2289	2423	14	-1	-1	-1	0
2338	2332	2333	1	-1	-1	-1	-1.176470588235293
2337	2336	2334	1	-1	-1	-1	-1.176470588235293
2361	2258	2389	0	-1	-1	-1	1.176470588235293
2293	2292	2425	14	-1	-1	-1	0
2382	2383	2245	6	-1	-1	-1	0
2294	2424	2292	14	-1	-1	-1	0
2362	2391	2260	14	-1	-1	-1	0
2384	2247	2383	6	-1	-1	-1	0
2311	2419	2285	14	-1	-1	-1	0
2297	2293	2426	14	-1	-1	-1	0
2295	2428	2294	14	-1	-1	-1	0
2249	2386	2385	6	-1	-1	-1	0
2430	2296	2297	14	-1	-1	-1	0
2387	2388	2254	0	-1	-1	-1	1.176470588235293
2431	2303	2296	14	-1	-1	-1	0
2255	2388	2389	0	-1	-1	-1	1.176470588235293
2298	2435	2299	14	-1	-1	-1	0
2298	2301	2433	14	-1	-1	-1	0
2256	2390	2387	14	-1	-1	-1	0
2391	2390	2259	14	-1	-1	-1	0
2437	2304	2299	14	-1	-1	-1	0
2300	2440	2301	14	-1	-1	-1	0
2302	2439	2300	14	-1	-1	-1	0
2319	2429	2295	14	-1	-1	-1	0
2423	2331	2290	14	-1	-1	-1	0
2261	2392	2393	14	0	-1	-1	0
2302	2303	2443	14	-1	-1	-1	0
2262	2393	2394	14	-1	-1	-1	0
2394	2395	2263	14	-1	-1	-1	0
2304	2445	2307	14	-1	-1	-1	0
2265	2395	2398	14	-1	-1	-1	0
2447	2305	2306	14	-1	-1	-1	0
2397	2396	2265	14	-1	-1	-1	0
2398	2397	2265	14	-1	-1	-1	0
2446	2310	2305	14	-1	-1	-1	0
2306	2309	2450	14	-1	-1	-1	0
2451	2308	2307	14	-1	-1	-1	0
2399	2400	2267	1	-1	-1	-1	-1.176470588235293
2376	2346	2347	0	-1	-1	-1	1.176470588235293
2453	2309	2308	14	-1	-1	-1	0
2400	2401	2269	1	-1	-1	-1	-1.176470588235293
2336	2337	2400	1	-1	-1	-1	-1.176470588235293
2403	2399	2271	1	-1	-1	-1	-1.176470588235293
2403	2335	2336	1	-1	-1	-1	-1.176470588235293
2271	2402	2403	1	-1	-1	-1	-1.176470588235293
2310	2455	2312	14	-1	-1	-1	0
2402	2272	2404	1	-1	-1	-1	-1.176470588235293
2311	2312	2456	14	-1	-1	-1	0
2315	2313	2458	14	-1	-1	-1	0
2459	2313	2314	14	-1	-1	-1	0
2275	2405	2406	1	-1	-1	-1	-1.176470588235293
2314	2316	2461	14	-1	-1	-1	0
2277	2407	2408	1	-1	-1	-1	-1.176470588235293
2278	2409	2407	1	-1	-1	-1	-1.176470588235293
2406	2410	2278	1	-1	-1	-1	-1.176470588235293
2279	2412	2404	1	-1	-1	-1	-1.176470588235293
2463	2317	2315	14	-1	-1	-1	0
2278	2410	2409	1	-1	-1	-1	-1.176470588235293
2279	2408	2411	1	-1	-1	-1	-1.176470588235293
2317	2466	2318	14	-1	-1	-1	0
2279	2411	2412	1	-1	-1	-1	-1.176470588235293
2319	2318	2467	14	-1	-1	-1	0
2405	2283	2417	14	-1	-1	-1	0
2414	2280	2413	14	-1	-1	-1	0
2413	2281	2415	14	-1	-1	-1	0
2389	2360	2361	0	-1	-1	-1	1.176470588235293
2360	2389	2362	0	-1	-1	-1	1.176470588235293
2321	2320	2470	1	-1	-1	-1	-1.176470588235293
2282	2414	2416	14	-1	-1	-1	0
2291	2401	2421	14	-1	-1	-1	0
2322	2321	2471	1	-1	-1	-1	-1.176470588235293
2283	2416	2417	14	-1	-1	-1	0
2471	2323	2322	1	-1	-1	-1	-1.176470588235293
2418	2415	2284	14	-1	-1	-1	0
2473	2325	2323	1	-1	-1	-1	-1.176470588235293
2418	2285	2419	14	-1	-1	-1	0
2474	2326	2324	14	-1	-1	-1	0
2324	2325	2475	1	-1	-1	-1	-1.176470588235293
2335	2470	2320	1	-1	-1	-1	-1.176470588235293
2421	2420	2287	14	-1	-1	-1	0
2420	2422	2288	14	-1	-1	-1	0
2479	2327	2326	14	-1	-1	-1	0
2422	2423	2289	14	-1	-1	-1	0
2336	2400	2399	1	-1	-1	-1	-1.176470588235293
2336	2399	2403	1	-1	-1	-1	-1.176470588235293
2362	2389	2388	0	-1	-1	-1	1.176470588235293
2330	2481	2328	1	-1	-1	-1	-1.176470588235293
2388	2391	2362	0	-1	-1	-1	1.176470588235293
2482	2330	2329	14	-1	-1	-1	0
2292	2424	2425	14	-1	-1	-1	0
2329	2331	2482	14	-1	-1	-1	0
2328	2481	2333	1	-1	-1	-1	-1.176470588235293
2425	2426	2293	14	-1	-1	-1	0
2424	2294	2427	14	-1	-1	-1	0
2327	2480	2340	14	-1	-1	-1	0
2427	2294	2428	14	-1	-1	-1	0
2428	2295	2429	14	-1	-1	-1	0
2426	2432	2297	14	-1	-1	-1	0
2338	2333	2484	1	-1	-1	-1	-1.176470588235293
2430	2431	2296	14	-1	-1	-1	0
2432	2430	2297	14	-1	-1	-1	0
2337	2338	2485	1	-1	-1	-1	-1.176470588235293
2486	2339	2340	14	-1	-1	-1	0
2298	2433	2434	14	-1	-1	-1	0
2388	2387	2391	0	-1	-1	-1	1.176470588235293
2486	2341	2339	14	-1	-1	-1	0
2298	2434	2435	14	-1	-1	-1	0
2387	2390	2391	0	-1	-1	-1	1.176470588235293
2436	2299	2435	14	-1	-1	-1	0
2342	2341	2488	14	-1	-1	-1	0
2436	2437	2299	14	-1	-1	-1	0
2342	2490	2343	14	-1	-1	-1	0
2433	2301	2441	14	-1	-1	-1	0
2396	2464	2316	14	-1	-1	-1	0
2300	2439	2438	14	-1	-1	-1	0
2431	2443	2303	14	-1	-1	-1	0
2438	2440	2300	14	-1	-1	-1	0
2345	2343	2491	14	-1	-1	-1	0
2492	2344	2345	14	-1	-1	-1	0
2440	2442	2301	14	-1	-1	-1	0
2439	2302	2443	14	-1	-1	-1	0
2441	2301	2442	14	-1	-1	-1	0
2304	2437	2444	14	-1	-1	-1	0
2456	2419	2311	14	-1	-1	-1	0
2344	2492	2350	14	-1	-1	-1	0
2348	2494	2347	0	-1	-1	-1	1.176470588235293
2348	2349	2495	14	-1	-1	-1	0
2444	2445	2304	14	-1	-1	-1	0
2448	2446	2305	14	-1	-1	-1	0
2447	2448	2305	14	-1	-1	-1	0
2351	2350	2500	14	-1	-1	-1	0
2447	2306	2449	14	-1	-1	-1	0
2307	2445	2451	14	-1	-1	-1	0
2352	2351	2501	14	-1	-1	-1	0
2349	2358	2497	14	-1	-1	-1	0
2450	2449	2306	14	-1	-1	-1	0
2335	2403	2470	1	-1	-1	-1	-1.176470588235293
2502	2354	2352	14	-1	-1	-1	0
2402	2404	2403	1	-1	-1	-1	-1.176470588235293
2354	2503	2353	14	-1	-1	-1	0
2446	2455	2310	14	-1	-1	-1	0
2452	2308	2451	14	-1	-1	-1	0
2454	2450	2309	14	-1	-1	-1	0
2453	2308	2452	14	-1	-1	-1	0
2353	2505	2357	14	-1	-1	-1	0
2454	2309	2453	14	-1	-1	-1	0
2376	2347	2494	0	-1	-1	-1	1.176470588235293
2429	2319	2469	14	-1	-1	-1	0
2356	2508	2355	14	-1	-1	-1	0
2337	2485	2400	1	-1	-1	-1	-1.176470588235293
2510	2356	2357	14	-1	-1	-1	0
2355	2509	2359	14	-1	-1	-1	0
2312	2455	2457	14	-1	-1	-1	0
2312	2457	2456	14	-1	-1	-1	0
2358	2359	2514	14	-1	-1	-1	0
2459	2458	2313	14	-1	-1	-1	0
2460	2459	2314	14	-1	-1	-1	0
2315	2458	2462	14	-1	-1	-1	0
2314	2461	2460	14	-1	-1	-1	0
2423	2482	2331	14	-1	-1	-1	0
2463	2315	2462	14	-1	-1	-1	0
2461	2316	2464	14	-1	-1	-1	0
2363	2516	2364	6	-1	-1	-1	0
2463	2465	2317	14	-1	-1	-1	0
2504	2370	2371	14	-1	-1	-1	0
2363	2367	2516	6	-1	-1	-1	0
2317	2465	2466	14	-1	-1	-1	0
2371	2372	2505	14	-1	-1	-1	0
2376	2494	2379	0	-1	-1	-1	1.176470588235293
2518	2366	2365	6	-1	-1	-1	0
2466	2467	2318	14	-1	-1	-1	0
2369	2518	2365	6	-1	-1	-1	0
2366	2518	2368	6	-1	-1	-1	0
2467	2468	2319	14	-1	-1	-1	0
2379	2496	2380	0	-1	-1	-1	1.176470588235293
2367	2368	2520	6	-1	-1	-1	0
2469	2319	2468	14	-1	-1	-1	0
2374	2512	2372	14	-1	-1	-1	0
2523	2369	2370	14	-1	-1	-1	0
2470	2471	2321	1	-1	-1	-1	-1.176470588235293
2472	2323	2471	1	-1	-1	-1	-1.176470588235293
2386	2364	2517	6	-1	-1	-1	0
2472	2473	2323	1	-1	-1	-1	-1.176470588235293
2524	2374	2373	14	-1	-1	-1	0
2324	2475	2474	1	-1	-1	-1	-1.176470588235293
2325	2473	2476	1	-1	-1	-1	-1.176470588235293
2476	2475	2325	1	-1	-1	-1	-1.176470588235293
2375	2377	2525	14	-1	-1	-1	0
2470	2403	2404	1	-1	-1	-1	-1.176470588235293
2524	2373	2381	14	-1	-1	-1	0
2478	2326	2474	14	-1	-1	-1	0
2381	2375	2525	14	-1	-1	-1	0
2477	2326	2478	14	-1	-1	-1	0
2377	2378	2526	0	-1	-1	-1	1.176470588235293
2326	2477	2479	14	-1	-1	-1	0
2485	2401	2400	1	-1	-1	-1	-1.176470588235293
2479	2480	2327	14	-1	-1	-1	0
2404	2412	2470	1	-1	-1	-1	-1.176470588235293
2380	2529	2378	0	-1	-1	-1	1.176470588235293
2330	2483	2481	1	-1	-1	-1	-1.176470588235293
2482	2483	2330	1	-1	-1	-1	-1.176470588235293
2484	2333	2481	1	-1	-1	-1	-1.176470588235293
2532	2385	2386	6	-1	-1	-1	0
2485	2421	2401	1	-1	-1	-1	-1.176470588235293
2485	2338	2484	1	-1	-1	-1	-1.176470588235293
2480	2487	2340	14	-1	-1	-1	0
2340	2487	2486	14	-1	-1	-1	0
2341	2486	2489	14	-1	-1	-1	0
2488	2341	2489	14	-1	-1	-1	0
2393	2392	2534	14	-1	-1	-1	0
2488	2490	2342	14	-1	-1	-1	0
2393	2534	2394	14	-1	-1	-1	0
2491	2343	2490	14	-1	-1	-1	0
2394	2535	2395	14	-1	-1	-1	0
2422	2420	2483	1	-1	-1	-1	-1.176470588235293
2423	2422	2482	1	-1	-1	-1	-1.176470588235293
2398	2395	2536	14	-1	-1	-1	0
2493	2345	2491	14	-1	-1	-1	0
2396	2397	2537	14	-1	-1	-1	0
2345	2493	2492	14	-1	-1	-1	0
2538	2397	2398	14	-1	-1	-1	0
2494	2348	2496	0	-1	-1	-1	1.176470588235293
2496	2348	2495	0	-1	-1	-1	1.176470588235293
2499	2350	2492	14	-1	-1	-1	0
2349	2498	2495	14	-1	-1	-1	0
2349	2497	2498	14	-1	-1	-1	0
2500	2350	2499	14	-1	-1	-1	0
2351	2500	2501	14	-1	-1	-1	0
2470	2412	2471	1	-1	-1	-1	-1.176470588235293
2542	2406	2405	1	-1	-1	-1	-1.176470588235293
2352	2501	2502	14	-1	-1	-1	0
2406	2543	2410	1	-1	-1	-1	-1.176470588235293
2544	2408	2407	1	-1	-1	-1	-1.176470588235293
2504	2353	2503	14	-1	-1	-1	0
2407	2409	2545	1	-1	-1	-1	-1.176470588235293
2504	2505	2353	14	-1	-1	-1	0
2502	2507	2354	14	-1	-1	-1	0
2506	2503	2354	14	-1	-1	-1	0
2417	2542	2405	1	-1	-1	-1	-1.176470588235293
2546	2411	2408	1	-1	-1	-1	-1.176470588235293
2409	2410	2547	1	-1	-1	-1	-1.176470588235293
2507	2506	2354	14	-1	-1	-1	0
2513	2497	2358	14	-1	-1	-1	0
2496	2379	2494	0	-1	-1	-1	1.176470588235293
2508	2509	2355	14	-1	-1	-1	0
2412	2411	2549	1	-1	-1	-1	-1.176470588235293
2508	2356	2510	14	-1	-1	-1	0
2512	2357	2505	14	-1	-1	-1	0
2551	2414	2413	14	-1	-1	-1	0
2357	2511	2510	14	-1	-1	-1	0
2551	2413	2415	14	-1	-1	-1	0
2512	2511	2357	14	-1	-1	-1	0
2504	2371	2505	14	-1	-1	-1	0
2359	2509	2515	14	-1	-1	-1	0
2414	2553	2416	14	-1	-1	-1	0
2514	2513	2358	14	-1	-1	-1	0
2483	2482	2422	1	-1	-1	-1	-1.176470588235293
2554	2415	2418	14	-1	-1	-1	0
2514	2359	2515	14	-1	-1	-1	0
2416	2555	2417	14	-1	-1	-1	0
2505	2372	2512	14	-1	-1	-1	0
2556	2418	2419	14	-1	-1	-1	0
2504	2523	2370	14	-1	-1	-1	0
2516	2517	2364	6	-1	-1	-1	0
2396	2537	2464	14	-1	-1	-1	0
2420	2421	2557	1	-1	-1	-1	-1.176470588235293
2519	2516	2367	6	-1	-1	-1	0
2496	2530	2380	0	-1	-1	-1	1.176470588235293
2367	2520	2519	6	-1	-1	-1	0
2518	2521	2368	6	-1	-1	-1	0
2425	2424	2558	14	-1	-1	-1	0
2427	2558	2424	14	-1	-1	-1	0
2520	2368	2522	6	-1	-1	-1	0
2369	2523	2518	6	-1	-1	-1	0
2374	2524	2512	14	-1	-1	-1	0
2560	2426	2425	14	-1	-1	-1	0
2521	2522	2368	6	-1	-1	-1	0
2432	2426	2560	14	-1	-1	-1	0
2428	2563	2427	14	-1	-1	-1	0
2564	2428	2429	14	-1	-1	-1	0
2565	2431	2430	14	-1	-1	-1	0
2565	2430	2432	14	-1	-1	-1	0
2377	2527	2525	14	-1	-1	-1	0
2524	2381	2525	14	-1	-1	-1	0
2527	2377	2526	14	-1	-1	-1	0
2456	2556	2419	14	-1	-1	-1	0
2471	2412	2549	1	-1	-1	-1	-1.176470588235293
2378	2528	2526	0	-1	-1	-1	1.176470588235293
2529	2528	2378	0	-1	-1	-1	1.176470588235293
2386	2517	2532	6	-1	-1	-1	0
2433	2570	2434	14	-1	-1	-1	0
2380	2530	2529	0	-1	-1	-1	1.176470588235293
2434	2571	2435	14	-1	-1	-1	0
2431	2568	2443	14	-1	-1	-1	0
2572	2436	2435	14	-1	-1	-1	0
2433	2441	2570	14	-1	-1	-1	0
2436	2574	2437	14	-1	-1	-1	0
2531	2385	2532	6	-1	-1	-1	0
2440	2438	2577	14	-1	-1	-1	0
2438	2439	2579	14	-1	-1	-1	0
2444	2437	2576	14	-1	-1	-1	0
2534	2392	2533	14	-1	0	-1	0
2557	2483	2420	1	-1	-1	-1	-1.176470588235293
2439	2443	2580	14	-1	-1	-1	0
2564	2429	2469	14	-1	-1	-1	0
2485	2557	2421	1	-1	-1	-1	-1.176470588235293
2535	2394	2534	14	-1	-1	-1	0
2442	2440	2581	14	-1	-1	-1	0
2536	2395	2535	14	-1	-1	-1	0
2442	2583	2441	2	-1	-1	-1	1.1764705882352926
2539	2537	2397	14	-1	-1	-1	0
2540	2398	2536	14	-1	-1	-1	0
2397	2538	2539	14	-1	-1	-1	0
2444	2587	2445	14	-1	-1	-1	0
2398	2541	2538	14	-1	-1	-1	0
2541	2398	2540	14	-1	-1	-1	0
2446	2448	2590	14	-1	-1	-1	0
2451	2445	2589	14	-1	-1	-1	0
2448	2447	2591	14	-1	-1	-1	0
2592	2447	2449	14	-1	-1	-1	0
2590	2455	2446	14	-1	-1	-1	0
2542	2543	2406	1	-1	-1	-1	-1.176470588235293
2450	2593	2449	14	-1	-1	-1	0
2549	2472	2471	1	-1	-1	-1	-1.176470588235293
2545	2544	2407	1	-1	-1	-1	-1.176470588235293
2544	2546	2408	1	-1	-1	-1	-1.176470588235293
2454	2596	2450	14	-1	-1	-1	0
2597	2452	2451	14	-1	-1	-1	0
2548	2410	2543	1	-1	-1	-1	-1.176470588235293
2409	2547	2545	1	-1	-1	-1	-1.176470588235293
2599	2453	2452	14	-1	-1	-1	0
2410	2548	2547	1	-1	-1	-1	-1.176470588235293
2546	2550	2411	1	-1	-1	-1	-1.176470588235293
2600	2454	2453	14	-1	-1	-1	0
2549	2411	2550	1	-1	-1	-1	-1.176470588235293
2555	2542	2417	1	-1	-1	-1	-1.176470588235293
2455	2603	2457	14	-1	-1	-1	0
2552	2414	2551	14	-1	-1	-1	0
2606	2456	2457	14	-1	-1	-1	0
2414	2552	2553	14	-1	-1	-1	0
2554	2551	2415	14	-1	-1	-1	0
2483	2557	2481	1	-1	-1	-1	-1.176470588235293
2484	2481	2557	1	-1	-1	-1	-1.176470588235293
2416	2553	2555	14	-1	-1	-1	0
2557	2485	2484	1	-1	-1	-1	-1.176470588235293
2458	2459	2610	14	-1	-1	-1	0
2418	2556	2554	14	-1	-1	-1	0
2609	2462	2458	14	-1	-1	-1	0
2523	2504	2503	14	-1	-1	-1	0
2459	2460	2611	14	-1	-1	-1	0
2506	2523	2503	14	-1	-1	-1	0
2612	2460	2461	14	-1	-1	-1	0
2613	2461	2464	14	-1	-1	-1	0
2462	2616	2463	14	-1	-1	-1	0
2425	2558	2559	14	-1	-1	-1	0
2448	2547	2548	1	-1	-1	-1	-1.176470588235293
2463	2617	2465	14	-1	-1	-1	0
2561	2425	2559	14	-1	-1	-1	0
2425	2561	2560	14	-1	-1	-1	0
2427	2562	2558	14	-1	-1	-1	0
2466	2465	2619	14	-1	-1	-1	0
2506	2521	2523	6	-1	-1	-1	0
2562	2427	2563	14	-1	-1	-1	0
2467	2466	2620	14	-1	-1	-1	0
2564	2563	2428	14	-1	-1	-1	0
2468	2467	2621	14	-1	-1	-1	0
2623	2469	2468	2	-1	-1	-1	1.1764705882352926
2569	2432	2560	14	-1	-1	-1	0
2521	2518	2523	6	-1	-1	-1	0
2431	2565	2566	14	-1	-1	-1	0
2567	2431	2566	14	-1	-1	-1	0
2431	2567	2568	14	-1	-1	-1	0
2565	2432	2569	14	-1	-1	-1	0
2625	2473	2472	1	-1	-1	-1	-1.176470588235293
2570	2571	2434	14	-1	-1	-1	0
2626	2476	2473	1	-1	-1	-1	-1.176470588235293
2527	2524	2525	14	-1	-1	-1	0
2627	2474	2475	1	-1	-1	-1	-1.176470588235293
2435	2571	2572	14	-1	-1	-1	0
2627	2478	2474	1	-1	-1	-1	-1.176470588235293
2476	2629	2475	1	-1	-1	-1	-1.176470588235293
2573	2436	2572	14	-1	-1	-1	0
2574	2436	2573	14	-1	-1	-1	0
2590	2448	2548	1	-1	-1	-1	-1.176470588235293
2574	2575	2437	14	-1	-1	-1	0
2591	2547	2448	1	-1	-1	-1	-1.176470588235293
2631	2479	2477	14	-1	-1	-1	0
2477	2478	2632	14	-1	-1	-1	0
2575	2576	2437	14	-1	-1	-1	0
2580	2443	2568	14	-1	-1	-1	0
2578	2577	2438	14	-1	-1	-1	0
2479	2634	2480	14	-1	-1	-1	0
2579	2578	2438	14	-1	-1	-1	0
2584	2570	2441	2	-1	-1	-1	1.1764705882352926
2580	2579	2439	14	-1	-1	-1	0
2440	2577	2582	14	-1	-1	-1	0
2480	2635	2487	14	-1	-1	-1	0
2581	2440	2582	14	-1	-1	-1	0
2444	2576	2586	14	-1	-1	-1	0
2584	2441	2583	2	-1	-1	-1	1.1764705882352926
2585	2442	2581	2	-1	-1	-1	1.1764705882352926
2583	2442	2585	2	-1	-1	-1	1.1764705882352926
2487	2637	2486	14	-1	-1	-1	0
2486	2638	2489	14	-1	-1	-1	0
2613	2464	2537	14	-1	-1	-1	0
2488	2489	2639	14	-1	-1	-1	0
2586	2587	2444	14	-1	-1	-1	0
2490	2488	2640	14	-1	-1	-1	0
2556	2456	2607	14	-1	-1	-1	0
2445	2587	2588	14	-1	-1	-1	0
2588	2589	2445	14	-1	-1	-1	0
2491	2490	2643	14	-1	-1	-1	0
2491	2646	2493	14	-1	-1	-1	0
2591	2447	2592	14	-1	-1	-1	0
2492	2493	2647	14	-1	-1	-1	0
2449	2594	2592	14	-1	-1	-1	0
2593	2594	2449	14	-1	-1	-1	0
2589	2597	2451	14	-1	-1	-1	0
2492	2647	2499	14	-1	-1	-1	0
2450	2595	2593	14	-1	-1	-1	0
2496	2495	2649	0	-1	-1	-1	1.176470588235293
2450	2596	2595	14	-1	-1	-1	0
2495	2498	2649	0	-1	-1	-1	1.176470588235293
2650	2498	2497	14	-1	-1	-1	0
2625	2472	2549	1	-1	-1	-1	-1.176470588235293
2597	2598	2452	14	-1	-1	-1	0
2604	2455	2590	14	-1	-1	-1	0
2452	2598	2599	14	-1	-1	-1	0
2652	2500	2499	14	-1	-1	-1	0
2602	2596	2454	14	-1	-1	-1	0
2453	2599	2601	14	-1	-1	-1	0
2453	2601	2600	14	-1	-1	-1	0
2500	2655	2501	14	-1	-1	-1	0
2600	2602	2454	14	-1	-1	-1	0
2469	2624	2564	2	-1	-1	-1	1.1764705882352926
2657	2502	2501	14	-1	-1	-1	0
2497	2513	2650	14	-1	-1	-1	0
2455	2605	2603	14	-1	-1	-1	0
2605	2455	2604	14	-1	-1	-1	0
2502	2658	2507	14	-1	-1	-1	0
2608	2457	2603	14	-1	-1	-1	0
2606	2607	2456	14	-1	-1	-1	0
2457	2608	2606	14	-1	-1	-1	0
2507	2659	2506	6	-1	-1	-1	0
2496	2649	2530	0	-1	-1	-1	1.176470588235293
2458	2610	2609	14	-1	-1	-1	0
2661	2509	2508	14	-1	-1	-1	0
2661	2508	2510	14	-1	-1	-1	0
2610	2459	2611	14	-1	-1	-1	0
2611	2460	2612	14	-1	-1	-1	0
2663	2510	2511	14	-1	-1	-1	0
2662	2515	2509	14	-1	-1	-1	0
2659	2521	2506	6	-1	-1	-1	0
2462	2609	2615	14	-1	-1	-1	0
2512	2664	2511	14	-1	-1	-1	0
2612	2461	2614	14	-1	-1	-1	0
2461	2613	2614	14	-1	-1	-1	0
2514	2666	2513	14	-1	-1	-1	0
2462	2615	2616	14	-1	-1	-1	0
2616	2618	2463	14	-1	-1	-1	0
2514	2515	2668	14	-1	-1	-1	0
2617	2463	2618	14	-1	-1	-1	0
2524	2664	2512	14	-1	-1	-1	0
2617	2619	2465	14	-1	-1	-1	0
2659	2522	2521	6	-1	-1	-1	0
2517	2516	2670	6	-1	-1	-1	0
2516	2519	2670	6	-1	-1	-1	0
2620	2466	2619	14	-1	-1	-1	0
2620	2621	2467	14	-1	-1	-1	0
2621	2622	2468	2	-1	-1	-1	1.1764705882352926
2674	2519	2520	6	-1	-1	-1	0
2623	2468	2622	2	-1	-1	-1	1.1764705882352926
2624	2469	2623	2	-1	-1	-1	1.1764705882352926
2520	2522	2675	6	-1	-1	-1	0
2672	2532	2517	6	-1	-1	-1	0
2625	2549	2550	1	-1	-1	-1	-1.176470588235293
2626	2473	2625	1	-1	-1	-1	-1.176470588235293
2524	2527	2678	14	-1	-1	-1	0
2475	2628	2627	1	-1	-1	-1	-1.176470588235293
2475	2629	2628	1	-1	-1	-1	-1.176470588235293
2630	2476	2626	1	-1	-1	-1	-1.176470588235293
2679	2527	2526	14	-1	-1	-1	0
2526	2528	2679	14	-1	-1	-1	0
2476	2630	2629	1	-1	-1	-1	-1.176470588235293
2478	2627	2633	1	-1	-1	-1	-1.176470588235293
2529	2681	2528	0	-1	-1	-1	1.176470588235293
2631	2477	2632	14	-1	-1	-1	0
2529	2530	2682	0	-1	-1	-1	1.176470588235293
2478	2633	2632	1	-1	-1	-1	-1.176470588235293
2631	2634	2479	14	-1	-1	-1	0
2531	2532	2685	6	-1	-1	-1	0
2634	2636	2480	14	-1	-1	-1	0
2635	2480	2636	14	-1	-1	-1	0
2533	2687	2534	14	-1	-1	-1	0
2535	2534	2687	14	-1	-1	-1	0
2487	2635	2637	14	-1	-1	-1	0
2688	2536	2535	14	-1	-1	-1	0
2486	2637	2638	14	-1	-1	-1	0
2540	2536	2689	14	-1	-1	-1	0
2539	2690	2537	14	-1	-1	-1	0
2639	2640	2488	14	-1	-1	-1	0
2691	2539	2538	14	-1	-1	-1	0
2638	2641	2489	14	-1	-1	-1	0
2642	2639	2489	14	-1	-1	-1	0
2692	2538	2541	14	-1	-1	-1	0
2489	2641	2642	14	-1	-1	-1	0
2644	2490	2640	14	-1	-1	-1	0
2540	2694	2541	14	-1	-1	-1	0
2644	2643	2490	14	-1	-1	-1	0
2645	2491	2643	14	-1	-1	-1	0
2645	2646	2491	14	-1	-1	-1	0
2543	2542	2697	1	-1	-1	-1	-1.176470588235293
2648	2493	2646	14	-1	-1	-1	0
2647	2493	2648	14	-1	-1	-1	0
2543	2698	2548	1	-1	-1	-1	-1.176470588235293
2546	2544	2699	1	-1	-1	-1	-1.176470588235293
2700	2544	2545	1	-1	-1	-1	-1.176470588235293
2545	2547	2701	1	-1	-1	-1	-1.176470588235293
2555	2697	2542	1	-1	-1	-1	-1.176470588235293
2649	2498	2651	0	-1	-1	-1	1.176470588235293
2651	2498	2650	0	-1	-1	-1	1.176470588235293
2653	2499	2647	14	-1	-1	-1	0
2546	2704	2550	1	-1	-1	-1	-1.176470588235293
2653	2652	2499	14	-1	-1	-1	0
2500	2652	2654	14	-1	-1	-1	0
2655	2500	2654	14	-1	-1	-1	0
2552	2551	2707	14	-1	-1	-1	0
2554	2707	2551	14	-1	-1	-1	0
2655	2656	2501	14	-1	-1	-1	0
2553	2552	2708	14	-1	-1	-1	0
2501	2656	2657	14	-1	-1	-1	0
2709	2555	2553	14	-1	-1	-1	0
2658	2502	2657	14	-1	-1	-1	0
2554	2556	2711	14	-1	-1	-1	0
2507	2658	2660	6	-1	-1	-1	0
2659	2507	2660	6	-1	-1	-1	0
2530	2649	2651	0	-1	-1	-1	1.176470588235293
2650	2513	2667	14	-1	-1	-1	0
2713	2559	2558	14	-1	-1	-1	0
2662	2509	2661	14	-1	-1	-1	0
2562	2713	2558	14	-1	-1	-1	0
2663	2661	2510	14	-1	-1	-1	0
2714	2561	2559	14	-1	-1	-1	0
2590	2548	2698	1	-1	-1	-1	-1.176470588235293
2561	2715	2560	14	-1	-1	-1	0
2547	2591	2701	1	-1	-1	-1	-1.176470588235293
2665	2663	2511	14	-1	-1	-1	0
2690	2613	2537	14	-1	-1	-1	0
2665	2511	2664	14	-1	-1	-1	0
2717	2562	2563	2	-1	-1	-1	1.1764705882352926
2715	2569	2560	14	-1	-1	-1	0
2669	2515	2662	14	-1	-1	-1	0
2563	2564	2719	2	-1	-1	-1	1.1764705882352926
2513	2666	2667	14	-1	-1	-1	0
2668	2666	2514	14	-1	-1	-1	0
2566	2565	2720	14	-1	-1	-1	0
2669	2668	2515	14	-1	-1	-1	0
2567	2566	2721	14	-1	-1	-1	0
2720	2565	2569	14	-1	-1	-1	0
2676	2522	2659	6	-1	-1	-1	0
2671	2517	2670	6	-1	-1	-1	0
2723	2568	2567	14	-1	-1	-1	0
2672	2517	2671	6	-1	-1	-1	0
2673	2670	2519	6	-1	-1	-1	0
2530	2651	2682	0	-1	-1	-1	1.176470588235293
2678	2664	2524	14	-1	-1	-1	0
2673	2519	2674	6	-1	-1	-1	0
2571	2570	2726	2	-1	-1	-1	1.1764705882352926
2675	2674	2520	6	-1	-1	-1	0
2727	2572	2571	2	-1	-1	-1	1.1764705882352926
2568	2724	2580	14	-1	-1	-1	0
2728	2573	2572	2	-1	-1	-1	1.1764705882352926
2607	2711	2556	14	-1	-1	-1	0
2522	2677	2675	6	-1	-1	-1	0
2522	2676	2677	6	-1	-1	-1	0
2573	2729	2574	2	-1	-1	-1	1.1764705882352926
2730	2575	2574	14	-1	-1	-1	0
2584	2726	2570	2	-1	-1	-1	1.1764705882352926
2706	2625	2550	1	-1	-1	-1	-1.176470588235293
2732	2576	2575	14	-1	-1	-1	0
2527	2679	2678	14	-1	-1	-1	0
2701	2591	2592	1	-1	-1	-1	-1.176470588235293
2679	2528	2680	14	-1	-1	-1	0
2633	2627	2628	1	-1	-1	-1	-1.176470588235293
2702	2592	2594	1	-1	-1	-1	-1.176470588235293
2578	2734	2577	14	-1	-1	-1	0
2680	2528	2681	14	-1	-1	-1	0
2685	2532	2672	6	-1	-1	-1	0
2578	2579	2735	14	-1	-1	-1	0
2590	2698	2604	1	-1	-1	-1	-1.176470588235293
2529	2683	2681	0	-1	-1	-1	1.176470588235293
2577	2734	2582	14	-1	-1	-1	0
2683	2529	2682	0	-1	-1	-1	1.176470588235293
2733	2586	2576	14	-1	-1	-1	0
2579	2580	2737	14	-1	-1	-1	0
2685	2684	2531	6	-1	-1	-1	0
2581	2582	2738	2	-1	-1	-1	1.1764705882352926
2585	2581	2738	2	-1	-1	-1	1.1764705882352926
2686	2687	2533	14	-1	-1	0	0
2584	2583	2740	2	-1	-1	-1	1.1764705882352926
2564	2624	2719	2	-1	-1	-1	1.1764705882352926
2585	2740	2583	2	-1	-1	-1	1.1764705882352926
2687	2688	2535	14	-1	-1	-1	0
2688	2689	2536	14	-1	-1	-1	0
2690	2614	2613	14	-1	-1	-1	0
2586	2745	2587	14	-1	-1	-1	0
2691	2538	2692	14	-1	-1	-1	0
2693	2690	2539	14	-1	-1	-1	0
2689	2694	2540	14	-1	-1	-1	0
2693	2539	2691	14	-1	-1	-1	0
2588	2587	2748	14	-1	-1	-1	0
2589	2588	2749	14	-1	-1	-1	0
2695	2692	2541	14	-1	-1	-1	0
2694	2696	2541	14	-1	-1	-1	0
2695	2541	2696	14	-1	-1	-1	0
2589	2750	2597	14	-1	-1	-1	0
2543	2697	2698	1	-1	-1	-1	-1.176470588235293
2593	2752	2594	14	-1	-1	-1	0
2595	2752	2593	14	-1	-1	-1	0
2699	2544	2700	1	-1	-1	-1	-1.176470588235293
2754	2595	2596	14	-1	-1	-1	0
2700	2545	2702	1	-1	-1	-1	-1.176470588235293
2701	2702	2545	1	-1	-1	-1	-1.176470588235293
2699	2705	2546	1	-1	-1	-1	-1.176470588235293
2546	2703	2704	1	-1	-1	-1	-1.176470588235293
2758	2598	2597	14	-1	-1	-1	0
2756	2596	2602	14	-1	-1	-1	0
2705	2703	2546	1	-1	-1	-1	-1.176470588235293
2759	2599	2598	14	-1	-1	-1	0
2760	2601	2599	14	-1	-1	-1	0
2550	2704	2706	1	-1	-1	-1	-1.176470588235293
2601	2763	2600	14	-1	-1	-1	0
2697	2555	2712	1	-1	-1	-1	-1.176470588235293
2602	2600	2762	14	-1	-1	-1	0
2707	2708	2552	14	-1	-1	-1	0
2553	2708	2709	14	-1	-1	-1	0
2554	2710	2707	14	-1	-1	-1	0
2603	2605	2767	14	-1	-1	-1	0
2711	2710	2554	14	-1	-1	-1	0
2712	2555	2709	1	-1	-1	-1	-1.176470588235293
2768	2605	2604	1	-1	-1	-1	-1.176470588235293
2608	2603	2767	14	-1	-1	-1	0
2770	2606	2608	14	-1	-1	-1	0
2607	2606	2771	14	-1	-1	-1	0
2713	2714	2559	14	-1	-1	-1	0
2561	2714	2716	14	-1	-1	-1	0
2715	2561	2716	14	-1	-1	-1	0
2718	2713	2562	2	-1	-1	-1	1.1764705882352926
2609	2610	2775	14	-1	-1	-1	0
2676	2659	2660	6	-1	-1	-1	0
2701	2592	2702	1	-1	-1	-1	-1.176470588235293
2718	2562	2717	2	-1	-1	-1	1.1764705882352926
2615	2609	2774	14	-1	-1	-1	0
2610	2611	2777	14	-1	-1	-1	0
2563	2719	2717	2	-1	-1	-1	1.1764705882352926
2611	2612	2778	14	-1	-1	-1	0
2779	2612	2614	14	-1	-1	-1	0
2721	2566	2720	14	-1	-1	-1	0
2665	2664	2678	14	-1	-1	-1	0
2725	2569	2715	14	-1	-1	-1	0
2721	2722	2567	14	-1	-1	-1	0
2723	2567	2722	14	-1	-1	-1	0
2616	2615	2782	14	-1	-1	-1	0
2725	2720	2569	14	-1	-1	-1	0
2723	2724	2568	14	-1	-1	-1	0
2618	2616	2783	14	-1	-1	-1	0
2617	2618	2784	14	-1	-1	-1	0
2619	2617	2784	14	-1	-1	-1	0
2620	2619	2784	14	-1	-1	-1	0
2726	2727	2571	2	-1	-1	-1	1.1764705882352926
2728	2572	2727	2	-1	-1	-1	1.1764705882352926
2620	2788	2621	14	-1	-1	-1	0
2729	2573	2728	2	-1	-1	-1	1.1764705882352926
2621	2789	2622	2	-1	-1	-1	1.1764705882352926
2574	2729	2731	2	-1	-1	-1	1.1764705882352926
2790	2623	2622	2	-1	-1	-1	1.1764705882352926
2730	2574	2731	2	-1	-1	-1	1.1764705882352926
2730	2732	2575	14	-1	-1	-1	0
2624	2623	2792	2	-1	-1	-1	1.1764705882352926
2724	2737	2580	14	-1	-1	-1	0
2576	2732	2733	14	-1	-1	-1	0
2626	2625	2793	1	-1	-1	-1	-1.176470588235293
2734	2578	2736	14	-1	-1	-1	0
2736	2578	2735	14	-1	-1	-1	0
2753	2702	2594	1	-1	-1	-1	-1.176470588235293
2579	2737	2735	14	-1	-1	-1	0
2630	2626	2795	1	-1	-1	-1	-1.176470588235293
2726	2584	2741	2	-1	-1	-1	1.1764705882352926
2629	2797	2628	1	-1	-1	-1	-1.176470588235293
2739	2582	2734	2	-1	-1	-1	1.1764705882352926
2798	2629	2630	1	-1	-1	-1	-1.176470588235293
2628	2796	2633	1	-1	-1	-1	-1.176470588235293
2738	2582	2739	2	-1	-1	-1	1.1764705882352926
2801	2631	2632	14	-1	-1	-1	0
2586	2733	2746	14	-1	-1	-1	0
2800	2634	2631	14	-1	-1	-1	0
2740	2742	2584	2	-1	-1	-1	1.1764705882352926
2802	2632	2633	1	-1	-1	-1	-1.176470588235293
2584	2742	2741	2	-1	-1	-1	1.1764705882352926
2585	2738	2744	2	-1	-1	-1	1.1764705882352926
2740	2585	2743	2	-1	-1	-1	1.1764705882352926
2768	2604	2698	1	-1	-1	-1	-1.176470588235293
2743	2585	2744	2	-1	-1	-1	1.1764705882352926
2636	2634	2803	14	-1	-1	-1	0
2804	2635	2636	14	-1	-1	-1	0
2745	2586	2746	14	-1	-1	-1	0
2805	2637	2635	14	-1	-1	-1	0
2587	2745	2747	14	-1	-1	-1	0
2587	2747	2748	14	-1	-1	-1	0
2638	2637	2807	14	-1	-1	-1	0
2588	2748	2749	14	-1	-1	-1	0
2690	2781	2614	14	-1	-1	-1	0
2641	2638	2808	14	-1	-1	-1	0
2640	2639	2809	14	-1	-1	-1	0
2751	2589	2749	14	-1	-1	-1	0
2607	2772	2711	14	-1	-1	-1	0
2809	2639	2642	14	-1	-1	-1	0
2751	2750	2589	14	-1	-1	-1	0
2642	2641	2810	14	-1	-1	-1	0
2809	2644	2640	14	-1	-1	-1	0
2594	2752	2753	1	-1	-1	-1	-1.176470588235293
2813	2645	2643	14	-1	-1	-1	0
2595	2754	2752	14	-1	-1	-1	0
2643	2644	2814	14	-1	-1	-1	0
2757	2597	2750	14	-1	-1	-1	0
2754	2596	2755	14	-1	-1	-1	0
2755	2596	2756	14	-1	-1	-1	0
2645	2817	2646	14	-1	-1	-1	0
2648	2646	2818	14	-1	-1	-1	0
2597	2757	2758	14	-1	-1	-1	0
2647	2648	2819	14	-1	-1	-1	0
2598	2758	2759	14	-1	-1	-1	0
2599	2759	2761	14	-1	-1	-1	0
2653	2647	2819	14	-1	-1	-1	0
2760	2599	2761	14	-1	-1	-1	0
2650	2821	2651	0	-1	-1	-1	1.176470588235293
2765	2756	2602	14	-1	-1	-1	0
2793	2625	2706	1	-1	-1	-1	-1.176470588235293
2763	2762	2600	14	-1	-1	-1	0
2708	2707	2710	14	-1	-1	-1	0
2764	2601	2760	14	-1	-1	-1	0
2822	2652	2653	14	-1	-1	-1	0
2764	2763	2601	14	-1	-1	-1	0
2652	2823	2654	14	-1	-1	-1	0
2766	2602	2762	14	-1	-1	-1	0
2765	2602	2766	14	-1	-1	-1	0
2826	2655	2654	14	-1	-1	-1	0
2624	2792	2719	2	-1	-1	-1	1.1764705882352926
2827	2656	2655	14	-1	-1	-1	0
2667	2821	2650	0	-1	-1	-1	1.176470588235293
2605	2769	2767	1	-1	-1	-1	-1.176470588235293
2605	2768	2769	1	-1	-1	-1	-1.176470588235293
2829	2657	2656	14	-1	-1	-1	0
2657	2829	2658	14	-1	-1	-1	0
2770	2771	2606	14	-1	-1	-1	0
2773	2608	2767	14	-1	-1	-1	0
2660	2658	2830	6	-1	-1	-1	0
2607	2771	2772	14	-1	-1	-1	0
2608	2773	2770	14	-1	-1	-1	0
2682	2651	2821	0	-1	-1	-1	1.176470588235293
2702	2753	2700	1	-1	-1	-1	-1.176470588235293
2833	2662	2661	14	-1	-1	-1	0
2834	2661	2663	14	-1	-1	-1	0
2609	2775	2774	14	-1	-1	-1	0
2776	2775	2610	14	-1	-1	-1	0
2834	2663	2665	14	-1	-1	-1	0
2776	2610	2777	14	-1	-1	-1	0
2720	2725	2721	14	-1	-1	-1	0
2662	2835	2669	14	-1	-1	-1	0
2778	2777	2611	14	-1	-1	-1	0
2660	2831	2676	6	-1	-1	-1	0
2612	2779	2778	14	-1	-1	-1	0
2837	2667	2666	14	-1	-1	-1	0
2774	2782	2615	14	-1	-1	-1	0
2666	2668	2837	14	-1	-1	-1	0
2779	2614	2780	14	-1	-1	-1	0
2780	2614	2781	14	-1	-1	-1	0
2669	2839	2668	14	-1	-1	-1	0
2836	2665	2678	14	-1	-1	-1	0
2782	2783	2616	14	-1	-1	-1	0
2840	2671	2670	6	-1	-1	-1	0
2673	2840	2670	6	-1	-1	-1	0
2671	2842	2672	6	-1	-1	-1	0
2682	2821	2683	0	-1	-1	-1	1.176470588235293
2783	2785	2618	14	-1	-1	-1	0
2618	2786	2784	14	-1	-1	-1	0
2618	2785	2786	14	-1	-1	-1	0
2845	2673	2674	6	-1	-1	-1	0
2787	2620	2784	14	-1	-1	-1	0
2679	2836	2678	14	-1	-1	-1	0
2788	2620	2787	14	-1	-1	-1	0
2680	2836	2679	14	-1	-1	-1	0
2674	2675	2847	6	-1	-1	-1	0
2621	2788	2789	2	-1	-1	-1	1.1764705882352926
2675	2677	2847	6	-1	-1	-1	0
2672	2844	2685	6	-1	-1	-1	0
2848	2677	2676	6	-1	-1	-1	0
2789	2791	2622	2	-1	-1	-1	1.1764705882352926
2622	2791	2790	2	-1	-1	-1	1.1764705882352926
2792	2623	2790	2	-1	-1	-1	1.1764705882352926
2684	2685	2844	6	-1	-1	-1	0
2852	2680	2681	14	-1	-1	-1	0
2793	2794	2626	1	-1	-1	-1	-1.176470588235293
2794	2795	2626	1	-1	-1	-1	-1.176470588235293
2853	2681	2683	0	-1	-1	-1	1.176470588235293
2744	2738	2739	2	-1	-1	-1	1.1764705882352926
2796	2628	2797	1	-1	-1	-1	-1.176470588235293
2799	2630	2795	1	-1	-1	-1	-1.176470588235293
2629	2798	2797	1	-1	-1	-1	-1.176470588235293
2743	2742	2740	2	-1	-1	-1	1.1764705882352926
2798	2630	2799	1	-1	-1	-1	-1.176470588235293
2687	2686	2856	14	-1	-1	-1	0
2633	2796	2802	1	-1	-1	-1	-1.176470588235293
2688	2687	2856	14	-1	-1	-1	0
2631	2801	2800	14	-1	-1	-1	0
2802	2801	2632	1	-1	-1	-1	-1.176470588235293
2858	2689	2688	14	-1	-1	-1	0
2803	2634	2800	14	-1	-1	-1	0
2860	2694	2689	14	-1	-1	-1	0
2805	2635	2804	14	-1	-1	-1	0
2636	2803	2806	14	-1	-1	-1	0
2693	2862	2690	14	-1	-1	-1	0
2692	2863	2691	14	-1	-1	-1	0
2804	2636	2806	14	-1	-1	-1	0
2691	2864	2693	14	-1	-1	-1	0
2805	2807	2637	14	-1	-1	-1	0
2807	2808	2638	14	-1	-1	-1	0
2692	2695	2866	14	-1	-1	-1	0
2694	2867	2696	14	-1	-1	-1	0
2695	2696	2868	14	-1	-1	-1	0
2808	2810	2641	14	-1	-1	-1	0
2809	2642	2811	14	-1	-1	-1	0
2642	2810	2812	14	-1	-1	-1	0
2811	2642	2812	14	-1	-1	-1	0
2698	2697	2872	1	-1	-1	-1	-1.176470588235293
2644	2809	2816	14	-1	-1	-1	0
2643	2814	2813	14	-1	-1	-1	0
2700	2874	2699	1	-1	-1	-1	-1.176470588235293
2644	2815	2814	14	-1	-1	-1	0
2813	2817	2645	14	-1	-1	-1	0
2644	2816	2815	14	-1	-1	-1	0
2873	2705	2699	1	-1	-1	-1	-1.176470588235293
2697	2712	2872	1	-1	-1	-1	-1.176470588235293
2817	2818	2646	14	-1	-1	-1	0
2876	2703	2705	1	-1	-1	-1	-1.176470588235293
2703	2877	2704	1	-1	-1	-1	-1.176470588235293
2818	2820	2648	14	-1	-1	-1	0
2820	2819	2648	14	-1	-1	-1	0
2704	2878	2706	1	-1	-1	-1	-1.176470588235293
2822	2823	2652	14	-1	-1	-1	0
2825	2653	2819	14	-1	-1	-1	0
2653	2824	2822	14	-1	-1	-1	0
2709	2708	2883	14	-1	-1	-1	0
2708	2710	2882	14	-1	-1	-1	0
2825	2824	2653	14	-1	-1	-1	0
2823	2826	2654	14	-1	-1	-1	0
2712	2709	2884	1	-1	-1	-1	-1.176470588235293
2711	2885	2710	14	-1	-1	-1	0
2828	2655	2826	14	-1	-1	-1	0
2828	2827	2655	14	-1	-1	-1	0
2656	2827	2829	14	-1	-1	-1	0
2714	2713	2887	2	-1	-1	-1	1.1764705882352926
2658	2829	2830	6	-1	-1	-1	0
2713	2718	2887	2	-1	-1	-1	1.1764705882352926
2714	2888	2716	2	-1	-1	-1	1.1764705882352926
2716	2889	2715	14	-1	-1	-1	0
2660	2830	2831	6	-1	-1	-1	0
2717	2890	2718	2	-1	-1	-1	1.1764705882352926
2833	2661	2832	14	-1	-1	-1	0
2717	2719	2890	2	-1	-1	-1	1.1764705882352926
2667	2838	2821	0	-1	-1	-1	1.176470588235293
2661	2834	2832	14	-1	-1	-1	0
2875	2700	2753	1	-1	-1	-1	-1.176470588235293
2715	2889	2725	14	-1	-1	-1	0
2833	2835	2662	14	-1	-1	-1	0
2781	2690	2862	14	-1	-1	-1	0
2834	2665	2836	14	-1	-1	-1	0
2893	2722	2721	14	-1	-1	-1	0
2768	2698	2872	1	-1	-1	-1	-1.176470588235293
2723	2722	2895	14	-1	-1	-1	0
2725	2894	2721	14	-1	-1	-1	0
2838	2683	2821	0	-1	-1	-1	1.176470588235293
2837	2838	2667	0	-1	-1	-1	1.176470588235293
2839	2669	2835	14	-1	-1	-1	0
2724	2723	2896	14	-1	-1	-1	0
2837	2668	2839	14	-1	-1	-1	0
2727	2726	2897	2	-1	-1	-1	1.1764705882352926
2841	2671	2840	6	-1	-1	-1	0
2728	2727	2898	2	-1	-1	-1	1.1764705882352926
2841	2842	2671	6	-1	-1	-1	0
2831	2848	2676	6	-1	-1	-1	0
2898	2729	2728	2	-1	-1	-1	1.1764705882352926
2737	2724	2896	14	-1	-1	-1	0
2786	2787	2784	14	-1	-1	-1	0
2672	2842	2843	6	-1	-1	-1	0
2840	2673	2845	6	-1	-1	-1	0
2672	2843	2844	6	-1	-1	-1	0
2900	2731	2729	2	-1	-1	-1	1.1764705882352926
2901	2732	2730	14	-1	-1	-1	0
2730	2731	2902	2	-1	-1	-1	1.1764705882352926
2741	2897	2726	2	-1	-1	-1	1.1764705882352926
2845	2674	2846	6	-1	-1	-1	0
2680	2851	2836	14	-1	-1	-1	0
2846	2674	2847	6	-1	-1	-1	0
2772	2885	2711	14	-1	-1	-1	0
2733	2732	2906	14	-1	-1	-1	0
2849	2847	2677	6	-1	-1	-1	0
2742	2743	2888	2	-1	-1	-1	1.1764705882352926
2891	2741	2742	2	-1	-1	-1	1.1764705882352926
2683	2838	2853	0	-1	-1	-1	1.176470588235293
2677	2848	2850	6	-1	-1	-1	0
2849	2677	2850	6	-1	-1	-1	0
2736	2908	2734	2	-1	-1	-1	1.1764705882352926
2706	2881	2793	1	-1	-1	-1	-1.176470588235293
2909	2736	2735	14	-1	-1	-1	0
2735	2737	2909	14	-1	-1	-1	0
2734	2908	2739	2	-1	-1	-1	1.1764705882352926
2844	2854	2684	6	-1	-1	-1	0
2852	2851	2680	14	-1	-1	-1	0
2681	2853	2852	14	-1	-1	-1	0
2746	2733	2907	14	-1	-1	-1	0
2744	2739	2911	2	-1	-1	-1	1.1764705882352926
2857	2686	2855	14	-1	0	-1	0
2743	2744	2912	2	-1	-1	-1	1.1764705882352926
2857	2856	2686	14	-1	-1	-1	0
2856	2859	2688	14	-1	-1	-1	0
2792	2892	2719	2	-1	-1	-1	1.1764705882352926
2913	2745	2746	14	-1	-1	-1	0
2913	2747	2745	14	-1	-1	-1	0
2858	2688	2859	14	-1	-1	-1	0
2689	2858	2861	14	-1	-1	-1	0
2769	2768	2872	1	-1	-1	-1	-1.176470588235293
2748	2747	2915	14	-1	-1	-1	0
2689	2861	2860	14	-1	-1	-1	0
2748	2917	2749	14	-1	-1	-1	0
2751	2749	2918	14	-1	-1	-1	0
2691	2863	2864	14	-1	-1	-1	0
2862	2693	2864	14	-1	-1	-1	0
2865	2863	2692	14	-1	-1	-1	0
2919	2750	2751	14	-1	-1	-1	0
2860	2867	2694	14	-1	-1	-1	0
2866	2865	2692	14	-1	-1	-1	0
2750	2919	2757	14	-1	-1	-1	0
2921	2753	2752	1	-1	-1	-1	-1.176470588235293
2921	2752	2754	1	-1	-1	-1	-1.176470588235293
2695	2869	2866	14	-1	-1	-1	0
2755	2922	2754	1	-1	-1	-1	-1.176470588235293
2868	2869	2695	14	-1	-1	-1	0
2696	2867	2871	14	-1	-1	-1	0
2755	2756	2923	14	-1	-1	-1	0
2696	2870	2868	14	-1	-1	-1	0
2809	2811	2816	14	-1	-1	-1	0
2696	2871	2870	14	-1	-1	-1	0
2758	2757	2928	14	-1	-1	-1	0
2873	2699	2874	1	-1	-1	-1	-1.176470588235293
2759	2758	2929	14	-1	-1	-1	0
2756	2765	2925	14	-1	-1	-1	0
2875	2874	2700	1	-1	-1	-1	-1.176470588235293
2930	2761	2759	14	-1	-1	-1	0
2761	2931	2760	14	-1	-1	-1	0
2877	2703	2876	1	-1	-1	-1	-1.176470588235293
2760	2933	2764	14	-1	-1	-1	0
2879	2705	2873	1	-1	-1	-1	-1.176470588235293
2704	2877	2878	1	-1	-1	-1	-1.176470588235293
2880	2876	2705	1	-1	-1	-1	-1.176470588235293
2763	2936	2762	14	-1	-1	-1	0
2880	2705	2879	1	-1	-1	-1	-1.176470588235293
2881	2706	2878	1	-1	-1	-1	-1.176470588235293
2762	2937	2766	14	-1	-1	-1	0
2938	2763	2764	14	-1	-1	-1	0
2794	2793	2881	1	-1	-1	-1	-1.176470588235293
2886	2872	2712	1	-1	-1	-1	-1.176470588235293
2765	2766	2942	14	-1	-1	-1	0
2708	2882	2883	14	-1	-1	-1	0
2884	2709	2883	1	-1	-1	-1	-1.176470588235293
2885	2882	2710	14	-1	-1	-1	0
2944	2767	2769	1	-1	-1	-1	-1.176470588235293
2884	2886	2712	1	-1	-1	-1	-1.176470588235293
2767	2944	2773	1	-1	-1	-1	-1.176470588235293
2771	2770	2945	14	-1	-1	-1	0
2773	2945	2770	14	-1	-1	-1	0
2887	2888	2714	2	-1	-1	-1	1.1764705882352926
2946	2772	2771	14	-1	-1	-1	0
2888	2889	2716	2	-1	-1	-1	1.1764705882352926
2891	2887	2718	2	-1	-1	-1	1.1764705882352926
2775	2949	2774	14	-1	-1	-1	0
2718	2890	2891	2	-1	-1	-1	1.1764705882352926
2890	2719	2892	2	-1	-1	-1	1.1764705882352926
2775	2776	2951	14	-1	-1	-1	0
2774	2948	2782	14	-1	-1	-1	0
2952	2776	2777	14	-1	-1	-1	0
2725	2889	2894	14	-1	-1	-1	0
2894	2893	2721	14	-1	-1	-1	0
2953	2777	2778	14	-1	-1	-1	0
2893	2895	2722	14	-1	-1	-1	0
2955	2778	2779	14	-1	-1	-1	0
2895	2896	2723	14	-1	-1	-1	0
2956	2779	2780	14	-1	-1	-1	0
2742	2888	2887	2	-1	-1	-1	1.1764705882352926
2833	2832	2852	14	-1	-1	-1	0
2832	2834	2851	14	-1	-1	-1	0
2742	2887	2891	2	-1	-1	-1	1.1764705882352926
2959	2780	2781	14	-1	-1	-1	0
2851	2834	2836	14	-1	-1	-1	0
2897	2898	2727	2	-1	-1	-1	1.1764705882352926
2782	2961	2783	14	-1	-1	-1	0
2899	2729	2898	2	-1	-1	-1	1.1764705882352926
2886	2769	2872	1	-1	-1	-1	-1.176470588235293
2899	2900	2729	2	-1	-1	-1	1.1764705882352926
2741	2891	2897	2	-1	-1	-1	1.1764705882352926
2962	2785	2783	14	-1	-1	-1	0
2730	2902	2901	2	-1	-1	-1	1.1764705882352926
2785	2963	2786	14	-1	-1	-1	0
2731	2900	2903	2	-1	-1	-1	1.1764705882352926
2852	2832	2851	14	-1	-1	-1	0
2903	2902	2731	2	-1	-1	-1	1.1764705882352926
2905	2732	2901	14	-1	-1	-1	0
2787	2786	2965	14	-1	-1	-1	0
2965	2788	2787	14	-1	-1	-1	0
2904	2732	2905	14	-1	-1	-1	0
2732	2904	2906	14	-1	-1	-1	0
2896	2909	2737	14	-1	-1	-1	0
2966	2789	2788	2	-1	-1	-1	1.1764705882352926
2743	2912	2888	2	-1	-1	-1	1.1764705882352926
2966	2791	2789	2	-1	-1	-1	1.1764705882352926
2906	2907	2733	14	-1	-1	-1	0
2791	2967	2790	2	-1	-1	-1	1.1764705882352926
2753	2921	2875	1	-1	-1	-1	-1.176470588235293
2968	2792	2790	2	-1	-1	-1	1.1764705882352926
2736	2910	2908	2	-1	-1	-1	1.1764705882352926
2909	2910	2736	2	-1	-1	-1	1.1764705882352926
2911	2739	2908	2	-1	-1	-1	1.1764705882352926
2795	2794	2973	14	-1	-1	-1	0
2907	2914	2746	14	-1	-1	-1	0
2912	2744	2911	2	-1	-1	-1	1.1764705882352926
2795	2975	2799	14	-1	-1	-1	0
2976	2796	2797	1	-1	-1	-1	-1.176470588235293
2856	2857	2859	14	-1	-1	-1	0
2977	2797	2798	1	-1	-1	-1	-1.176470588235293
2914	2913	2746	14	-1	-1	-1	0
2976	2802	2796	1	-1	-1	-1	-1.176470588235293
2747	2913	2916	14	-1	-1	-1	0
2979	2798	2799	14	-1	-1	-1	0
2915	2747	2916	14	-1	-1	-1	0
2915	2917	2748	14	-1	-1	-1	0
2801	2980	2800	14	-1	-1	-1	0
2803	2800	2980	14	-1	-1	-1	0
2918	2749	2917	14	-1	-1	-1	0
2801	2802	2981	1	-1	-1	-1	-1.176470588235293
2920	2751	2918	14	-1	-1	-1	0
2751	2920	2919	14	-1	-1	-1	0
2982	2806	2803	14	-1	-1	-1	0
2806	2983	2804	14	-1	-1	-1	0
2804	2984	2805	14	-1	-1	-1	0
2921	2754	2922	1	-1	-1	-1	-1.176470588235293
2805	2986	2807	14	-1	-1	-1	0
2769	2886	2944	1	-1	-1	-1	-1.176470588235293
2922	2755	2924	1	-1	-1	-1	-1.176470588235293
2924	2755	2923	1	-1	-1	-1	-1.176470588235293
2987	2808	2807	14	-1	-1	-1	0
2862	2960	2781	14	-1	-1	-1	0
2927	2757	2919	14	-1	-1	-1	0
2885	2772	2946	14	-1	-1	-1	0
2756	2926	2923	14	-1	-1	-1	0
2810	2808	2988	14	-1	-1	-1	0
2756	2925	2926	14	-1	-1	-1	0
2812	2810	2989	14	-1	-1	-1	0
2928	2757	2927	14	-1	-1	-1	0
2811	2812	2991	14	-1	-1	-1	0
2758	2928	2929	14	-1	-1	-1	0
2816	2811	2990	14	-1	-1	-1	0
2759	2929	2930	14	-1	-1	-1	0
2995	2813	2814	7	-1	-1	-1	0
2932	2760	2931	14	-1	-1	-1	0
2994	2817	2813	7	-1	-1	-1	0
2996	2814	2815	7	-1	-1	-1	0
2932	2933	2760	14	-1	-1	-1	0
2934	2931	2761	14	-1	-1	-1	0
2930	2935	2761	14	-1	-1	-1	0
2815	2816	2998	14	-1	-1	-1	0
2935	2934	2761	14	-1	-1	-1	0
2765	2941	2925	14	-1	-1	-1	0
2936	2937	2762	14	-1	-1	-1	0
3000	2818	2817	7	-1	-1	-1	0
2936	2763	2938	14	-1	-1	-1	0
2940	2764	2933	14	-1	-1	-1	0
2818	3001	2820	7	-1	-1	-1	0
2820	3002	2819	14	-1	-1	-1	0
2764	2939	2938	14	-1	-1	-1	0
2940	2939	2764	14	-1	-1	-1	0
2766	2937	2943	14	-1	-1	-1	0
2825	2819	3003	14	-1	-1	-1	0
2974	2794	2881	14	-1	-1	-1	0
2941	2765	2942	14	-1	-1	-1	0
3005	2823	2822	14	-1	-1	-1	0
3005	2822	2824	14	-1	-1	-1	0
2943	2942	2766	14	-1	-1	-1	0
2826	2823	3006	14	-1	-1	-1	0
2792	2972	2892	2	-1	-1	-1	1.1764705882352926
2824	2825	3008	14	-1	-1	-1	0
2945	2946	2771	14	-1	-1	-1	0
2773	2944	2947	1	-1	-1	-1	-1.176470588235293
2947	2945	2773	1	-1	-1	-1	-1.176470588235293
3011	2828	2826	14	-1	-1	-1	0
3012	2829	2827	6	-1	-1	-1	0
2827	2828	3013	6	-1	-1	-1	0
2949	2948	2774	14	-1	-1	-1	0
3012	2830	2829	6	-1	-1	-1	0
2890	2892	2891	2	-1	-1	-1	1.1764705882352926
2949	2775	2950	14	-1	-1	-1	0
2951	2950	2775	14	-1	-1	-1	0
2831	2830	3015	6	-1	-1	-1	0
2952	2951	2776	14	-1	-1	-1	0
2897	2891	2892	2	-1	-1	-1	1.1764705882352926
2952	2777	2953	14	-1	-1	-1	0
2833	3017	2835	14	-1	-1	-1	0
2953	2778	2954	14	-1	-1	-1	0
2955	2954	2778	14	-1	-1	-1	0
2912	2889	2888	2	-1	-1	-1	1.1764705882352926
2955	2779	2957	14	-1	-1	-1	0
2782	2948	2961	14	-1	-1	-1	0
2779	2956	2957	14	-1	-1	-1	0
3018	2839	2835	14	-1	-1	-1	0
2838	2837	3018	0	-1	-1	-1	1.176470588235293
2839	3018	2837	0	-1	-1	-1	1.176470588235293
2958	2956	2780	14	-1	-1	-1	0
2912	2894	2889	2	-1	-1	-1	1.1764705882352926
2831	3016	2848	6	-1	-1	-1	0
2780	2959	2958	14	-1	-1	-1	0
2895	2893	2910	2	-1	-1	-1	1.1764705882352926
2841	2840	3019	6	-1	-1	-1	0
2909	2896	2895	2	-1	-1	-1	1.1764705882352926
2781	2960	2959	14	-1	-1	-1	0
2833	2852	3017	14	-1	-1	-1	0
2841	3020	2842	6	-1	-1	-1	0
2845	3019	2840	6	-1	-1	-1	0
2962	2783	2961	14	-1	-1	-1	0
2842	3022	2843	6	-1	-1	-1	0
3018	2853	2838	0	-1	-1	-1	1.176470588235293
2785	2962	2963	14	-1	-1	-1	0
2843	3024	2844	6	-1	-1	-1	0
2786	2963	2964	14	-1	-1	-1	0
2884	2944	2886	1	-1	-1	-1	-1.176470588235293
2883	2947	2884	1	-1	-1	-1	-1.176470588235293
2910	2909	2895	2	-1	-1	-1	1.1764705882352926
2848	3016	2850	6	-1	-1	-1	0
2965	2786	2964	14	-1	-1	-1	0
2845	2846	3025	6	-1	-1	-1	0
2788	2965	2966	2	-1	-1	-1	1.1764705882352926
3027	2846	2847	6	-1	-1	-1	0
2844	3024	2854	6	-1	-1	-1	0
2853	3017	2852	14	-1	-1	-1	0
2849	3027	2847	6	-1	-1	-1	0
2790	2967	2968	2	-1	-1	-1	1.1764705882352926
2850	3028	2849	6	-1	-1	-1	0
2966	2970	2791	2	-1	-1	-1	1.1764705882352926
2791	2969	2967	2	-1	-1	-1	1.1764705882352926
2791	2970	2969	2	-1	-1	-1	1.1764705882352926
2792	2968	2971	2	-1	-1	-1	1.1764705882352926
2792	2971	2972	2	-1	-1	-1	1.1764705882352926
2794	2974	2973	14	-1	-1	-1	0
2973	2975	2795	14	-1	-1	-1	0
2855	3032	2857	14	-1	-1	-1	0
2859	2857	3033	14	-1	-1	-1	0
2797	2977	2976	1	-1	-1	-1	-1.176470588235293
2858	2859	3034	14	-1	-1	-1	0
2977	2798	2978	14	-1	-1	-1	0
2858	3034	2861	14	-1	-1	-1	0
2975	2979	2799	14	-1	-1	-1	0
2979	2978	2798	14	-1	-1	-1	0
2861	3036	2860	14	-1	-1	-1	0
2802	2976	2981	1	-1	-1	-1	-1.176470588235293
2892	2972	2897	2	-1	-1	-1	1.1764705882352926
2980	2801	2981	1	-1	-1	-1	-1.176470588235293
3035	2867	2860	14	-1	-1	-1	0
2862	2864	3039	14	-1	-1	-1	0
2980	2982	2803	14	-1	-1	-1	0
2897	2972	2898	2	-1	-1	-1	1.1764705882352926
2864	2863	3041	14	-1	-1	-1	0
2865	3040	2863	14	-1	-1	-1	0
2806	2982	2983	14	-1	-1	-1	0
2983	2984	2804	14	-1	-1	-1	0
2984	2985	2805	14	-1	-1	-1	0
2866	3044	2865	14	-1	-1	-1	0
2884	2947	2944	1	-1	-1	-1	-1.176470588235293
2985	2986	2805	14	-1	-1	-1	0
2987	2807	2986	14	-1	-1	-1	0
2869	3045	2866	14	-1	-1	-1	0
2987	2988	2808	14	-1	-1	-1	0
3046	2871	2867	14	-1	-1	-1	0
3047	2869	2868	14	-1	-1	-1	0
2870	3048	2868	14	-1	-1	-1	0
2989	2810	2988	14	-1	-1	-1	0
2991	2990	2811	14	-1	-1	-1	0
3052	2870	2871	14	-1	-1	-1	0
2992	2812	2989	14	-1	-1	-1	0
2812	2993	2991	14	-1	-1	-1	0
2993	2812	2992	14	-1	-1	-1	0
3054	2873	2874	1	-1	-1	-1	-1.176470588235293
2813	2995	2994	7	-1	-1	-1	0
2996	2995	2814	7	-1	-1	-1	0
2999	2816	2990	14	-1	-1	-1	0
2874	2875	3056	1	-1	-1	-1	-1.176470588235293
2873	3054	2879	1	-1	-1	-1	-1.176470588235293
2997	2996	2815	7	-1	-1	-1	0
3057	2877	2876	14	-1	-1	-1	0
2998	2997	2815	7	-1	-1	-1	0
2817	2994	3000	7	-1	-1	-1	0
2816	2999	2998	14	-1	-1	-1	0
2877	3059	2878	14	-1	-1	-1	0
2876	2880	3058	14	-1	-1	-1	0
3001	2818	3000	7	-1	-1	-1	0
2878	3060	2881	14	-1	-1	-1	0
2879	3061	2880	1	-1	-1	-1	-1.176470588235293
3003	2819	3002	14	-1	-1	-1	0
3001	3004	2820	7	-1	-1	-1	0
2820	3004	3002	7	-1	-1	-1	0
3063	2883	2882	14	-1	-1	-1	0
2882	2885	3063	14	-1	-1	-1	0
3007	2823	3005	14	-1	-1	-1	0
2823	3007	3006	14	-1	-1	-1	0
3009	3005	2824	14	-1	-1	-1	0
3003	3010	2825	14	-1	-1	-1	0
3009	2824	3008	14	-1	-1	-1	0
3010	3008	2825	14	-1	-1	-1	0
3011	2826	3006	14	-1	-1	-1	0
2893	2894	3064	2	-1	-1	-1	1.1764705882352926
2921	3056	2875	1	-1	-1	-1	-1.176470588235293
3012	2827	3013	6	-1	-1	-1	0
3011	3014	2828	6	-1	-1	-1	0
2828	3014	3013	6	-1	-1	-1	0
2830	3012	3015	6	-1	-1	-1	0
2960	2862	3038	14	-1	-1	-1	0
3065	2899	2898	2	-1	-1	-1	1.1764705882352926
3015	3016	2831	6	-1	-1	-1	0
3066	2900	2899	2	-1	-1	-1	1.1764705882352926
3064	2910	2893	2	-1	-1	-1	1.1764705882352926
3067	2903	2900	2	-1	-1	-1	1.1764705882352926
2912	3064	2894	2	-1	-1	-1	1.1764705882352926
2835	3017	3018	14	-1	-1	-1	0
3068	2901	2902	2	-1	-1	-1	1.1764705882352926
3068	2905	2901	2	-1	-1	-1	1.1764705882352926
2903	3070	2902	2	-1	-1	-1	1.1764705882352926
2841	3019	3020	6	-1	-1	-1	0
2904	2905	3072	14	-1	-1	-1	0
2910	3064	2908	2	-1	-1	-1	1.1764705882352926
3021	2842	3020	6	-1	-1	-1	0
3073	2906	2904	14	-1	-1	-1	0
2911	2908	3064	2	-1	-1	-1	1.1764705882352926
3021	3022	2842	6	-1	-1	-1	0
3064	2912	2911	2	-1	-1	-1	1.1764705882352926
2843	3022	3023	6	-1	-1	-1	0
2906	3075	2907	14	-1	-1	-1	0
2853	3018	3017	14	-1	-1	-1	0
2845	3025	3019	6	-1	-1	-1	0
2843	3023	3024	6	-1	-1	-1	0
3063	2947	2883	1	-1	-1	-1	-1.176470588235293
2946	3063	2885	14	-1	-1	-1	0
3029	2850	3016	6	-1	-1	-1	0
3025	2846	3026	6	-1	-1	-1	0
2907	3076	2914	14	-1	-1	-1	0
3027	3026	2846	6	-1	-1	-1	0
3027	2849	3028	6	-1	-1	-1	0
2914	3078	2913	14	-1	-1	-1	0
3028	2850	3029	6	-1	-1	-1	0
2913	3079	2916	14	-1	-1	-1	0
3024	3030	2854	6	-1	-1	-1	0
2915	2916	3080	14	-1	-1	-1	0
2915	3081	2917	14	-1	-1	-1	0
2974	2881	3060	14	-1	-1	-1	0
3032	2855	3031	14	-1	0	-1	0
2918	2917	3084	14	-1	-1	-1	0
2857	3032	3033	14	-1	-1	-1	0
2918	3087	2920	14	-1	-1	-1	0
3033	3034	2859	14	-1	-1	-1	0
2919	2920	3088	14	-1	-1	-1	0
3036	3035	2860	14	-1	-1	-1	0
2861	3034	3037	14	-1	-1	-1	0
2921	2922	3090	1	-1	-1	-1	-1.176470588235293
2861	3037	3036	14	-1	-1	-1	0
2919	3088	2927	14	-1	-1	-1	0
2898	2972	3065	2	-1	-1	-1	1.1764705882352926
2924	3090	2922	1	-1	-1	-1	-1.176470588235293
2924	2923	3091	1	-1	-1	-1	-1.176470588235293
3038	2862	3039	14	-1	-1	-1	0
2923	2926	3091	1	-1	-1	-1	-1.176470588235293
2863	3040	3041	14	-1	-1	-1	0
3042	3039	2864	14	-1	-1	-1	0
3094	2926	2925	14	-1	-1	-1	0
3042	2864	3041	14	-1	-1	-1	0
3040	2865	3043	14	-1	-1	-1	0
3035	3046	2867	14	-1	-1	-1	0
3096	2928	2927	14	-1	-1	-1	0
3043	2865	3044	14	-1	-1	-1	0
3063	2946	2945	1	-1	-1	-1	-1.176470588235293
2947	3063	2945	1	-1	-1	-1	-1.176470588235293
3044	2866	3045	14	-1	-1	-1	0
2928	3099	2929	14	-1	-1	-1	0
3101	2930	2929	14	-1	-1	-1	0
2925	2941	3094	14	-1	-1	-1	0
3048	3047	2868	14	-1	-1	-1	0
3045	2869	3050	14	-1	-1	-1	0
3047	3049	2869	14	-1	-1	-1	0
3103	2932	2931	14	-1	-1	-1	0
2930	3102	2935	14	-1	-1	-1	0
2934	3103	2931	14	-1	-1	-1	0
3050	2869	3049	14	-1	-1	-1	0
2870	3051	3048	14	-1	-1	-1	0
2932	3104	2933	14	-1	-1	-1	0
3046	3053	2871	14	-1	-1	-1	0
3052	3051	2870	14	-1	-1	-1	0
3052	2871	3053	14	-1	-1	-1	0
2935	3108	2934	7	-1	-1	-1	0
2933	3106	2940	14	-1	-1	-1	0
2874	3055	3054	1	-1	-1	-1	-1.176470588235293
3110	2937	2936	14	-1	-1	-1	0
3110	2936	2938	14	-1	-1	-1	0
3056	3055	2874	1	-1	-1	-1	-1.176470588235293
3112	2938	2939	14	-1	-1	-1	0
3111	2943	2937	14	-1	-1	-1	0
2876	3058	3057	14	-1	-1	-1	0
2940	3113	2939	14	-1	-1	-1	0
3057	3059	2877	14	-1	-1	-1	0
3054	3061	2879	1	-1	-1	-1	-1.176470588235293
2878	3059	3060	14	-1	-1	-1	0
2942	3117	2941	14	-1	-1	-1	0
3058	2880	3062	14	-1	-1	-1	0
3061	3062	2880	14	-1	-1	-1	0
2942	2943	3119	14	-1	-1	-1	0
2972	2971	3065	2	-1	-1	-1	1.1764705882352926
2948	2949	3122	14	-1	-1	-1	0
3123	2949	2950	14	-1	-1	-1	0
2951	3124	2950	14	-1	-1	-1	0
3125	2951	2952	14	-1	-1	-1	0
3121	2961	2948	14	-1	-1	-1	0
3066	2899	3065	2	-1	-1	-1	1.1764705882352926
2953	3126	2952	14	-1	-1	-1	0
3067	2900	3066	2	-1	-1	-1	1.1764705882352926
2954	3127	2953	14	-1	-1	-1	0
2954	2955	3128	14	-1	-1	-1	0
2902	3069	3068	2	-1	-1	-1	1.1764705882352926
2955	2957	3129	14	-1	-1	-1	0
2902	3070	3069	2	-1	-1	-1	1.1764705882352926
3071	2903	3067	2	-1	-1	-1	1.1764705882352926
2957	2956	3130	14	-1	-1	-1	0
2903	3071	3070	2	-1	-1	-1	1.1764705882352926
3121	2962	2961	14	-1	-1	-1	0
2958	3131	2956	14	-1	-1	-1	0
2905	3068	3074	2	-1	-1	-1	1.1764705882352926
3073	2904	3072	14	-1	-1	-1	0
2958	2959	3134	14	-1	-1	-1	0
2905	3074	3072	2	-1	-1	-1	1.1764705882352926
2960	3135	2959	14	-1	-1	-1	0
3075	2906	3073	14	-1	-1	-1	0
3075	3077	2907	14	-1	-1	-1	0
3076	2907	3077	14	-1	-1	-1	0
2962	3138	2963	14	-1	-1	-1	0
2963	3139	2964	14	-1	-1	-1	0
3090	3056	2921	1	-1	-1	-1	-1.176470588235293
2914	3076	3078	14	-1	-1	-1	0
2964	3140	2965	2	-1	-1	-1	1.1764705882352926
2913	3078	3079	14	-1	-1	-1	0
3140	2966	2965	2	-1	-1	-1	1.1764705882352926
3080	3081	2915	14	-1	-1	-1	0
2966	3141	2970	2	-1	-1	-1	1.1764705882352926
3079	3082	2916	14	-1	-1	-1	0
3142	2968	2967	2	-1	-1	-1	1.1764705882352926
2967	2969	3143	2	-1	-1	-1	1.1764705882352926
3083	3080	2916	14	-1	-1	-1	0
2916	3082	3083	14	-1	-1	-1	0
3144	2971	2968	2	-1	-1	-1	1.1764705882352926
3085	2917	3081	14	-1	-1	-1	0
2969	2970	3145	2	-1	-1	-1	1.1764705882352926
3085	3084	2917	14	-1	-1	-1	0
3086	2918	3084	14	-1	-1	-1	0
3086	3087	2918	14	-1	-1	-1	0
2973	2974	3148	14	-1	-1	-1	0
3089	2920	3087	14	-1	-1	-1	0
2975	2973	3148	14	-1	-1	-1	0
3088	2920	3089	14	-1	-1	-1	0
3151	2979	2975	14	-1	-1	-1	0
3152	2976	2977	1	-1	-1	-1	-1.176470588235293
3090	2924	3092	1	-1	-1	-1	-1.176470588235293
2924	3091	3093	1	-1	-1	-1	-1.176470588235293
2978	3153	2977	14	-1	-1	-1	0
3093	3092	2924	1	-1	-1	-1	-1.176470588235293
2976	3152	2981	1	-1	-1	-1	-1.176470588235293
3155	2978	2979	14	-1	-1	-1	0
3097	2927	3088	14	-1	-1	-1	0
2989	2975	3148	14	-1	-1	-1	0
3091	2926	3095	1	-1	-1	-1	-1.176470588235293
2989	3151	2975	14	-1	-1	-1	0
3095	2926	3094	1	-1	-1	-1	-1.176470588235293
2981	3156	2980	1	-1	-1	-1	-1.176470588235293
2982	2980	3156	1	-1	-1	-1	-1.176470588235293
3097	3096	2927	14	-1	-1	-1	0
2982	3156	2983	14	-1	-1	-1	0
2928	3096	3098	14	-1	-1	-1	0
2985	2984	3153	14	-1	-1	-1	0
2983	3157	2984	14	-1	-1	-1	0
3099	2928	3098	14	-1	-1	-1	0
3154	2986	2985	14	-1	-1	-1	0
3155	2987	2986	14	-1	-1	-1	0
3099	3100	2929	14	-1	-1	-1	0
2988	3151	2989	14	-1	-1	-1	0
3148	2992	2989	14	-1	-1	-1	0
2988	2987	3155	14	-1	-1	-1	0
2929	3100	3101	14	-1	-1	-1	0
3102	2930	3101	14	-1	-1	-1	0
2992	3149	2993	14	-1	-1	-1	0
2960	3038	3136	14	-1	-1	-1	0
2991	2993	3150	14	-1	-1	-1	0
2932	3103	3105	14	-1	-1	-1	0
2990	2991	3159	14	-1	-1	-1	0
2932	3105	3104	14	-1	-1	-1	0
3104	3106	2933	14	-1	-1	-1	0
2934	3107	3103	7	-1	-1	-1	0
2935	3102	3109	7	-1	-1	-1	0
2990	3158	2999	14	-1	-1	-1	0
3108	3107	2934	7	-1	-1	-1	0
2994	2995	3161	7	-1	-1	-1	0
3108	2935	3109	7	-1	-1	-1	0
3162	2995	2996	7	-1	-1	-1	0
3094	2941	3118	14	-1	-1	-1	0
3161	3000	2994	7	-1	-1	-1	0
2996	2997	3164	7	-1	-1	-1	0
3110	3111	2937	14	-1	-1	-1	0
2998	3165	2997	7	-1	-1	-1	0
3112	3110	2938	14	-1	-1	-1	0
3115	2940	3106	14	-1	-1	-1	0
2999	3166	2998	14	-1	-1	-1	0
3114	3112	2939	14	-1	-1	-1	0
3114	2939	3113	14	-1	-1	-1	0
3001	3000	3167	7	-1	-1	-1	0
3116	3113	2940	14	-1	-1	-1	0
3115	3116	2940	14	-1	-1	-1	0
3001	3169	3004	7	-1	-1	-1	0
3120	2943	3111	14	-1	-1	-1	0
3170	3003	3002	7	-1	-1	-1	0
3002	3004	3170	7	-1	-1	-1	0
3118	2941	3117	14	-1	-1	-1	0
3119	3117	2942	14	-1	-1	-1	0
3120	3119	2943	14	-1	-1	-1	0
3065	2971	3147	2	-1	-1	-1	1.1764705882352926
3150	2974	3060	14	-1	-1	-1	0
3003	3171	3010	7	-1	-1	-1	0
3174	3007	3005	14	-1	-1	-1	0
3009	3173	3005	14	-1	-1	-1	0
3007	3175	3006	14	-1	-1	-1	0
3122	3121	2948	14	-1	-1	-1	0
3011	3006	3175	14	-1	-1	-1	0
3009	3008	3177	14	-1	-1	-1	0
3123	3122	2949	14	-1	-1	-1	0
3124	3123	2950	14	-1	-1	-1	0
3177	3008	3010	14	-1	-1	-1	0
3126	3125	2952	14	-1	-1	-1	0
2951	3125	3124	14	-1	-1	-1	0
3011	3180	3014	6	-1	-1	-1	0
3013	3181	3012	6	-1	-1	-1	0
2953	3127	3126	14	-1	-1	-1	0
3015	3012	3181	6	-1	-1	-1	0
3128	3127	2954	14	-1	-1	-1	0
3014	3183	3013	6	-1	-1	-1	0
3074	3068	3069	2	-1	-1	-1	1.1764705882352926
3181	3016	3015	6	-1	-1	-1	0
3128	2955	3129	14	-1	-1	-1	0
3131	3130	2956	14	-1	-1	-1	0
3132	3129	2957	14	-1	-1	-1	0
3132	2957	3130	14	-1	-1	-1	0
3137	2962	3121	14	-1	-1	-1	0
2958	3133	3131	14	-1	-1	-1	0
3186	3020	3019	6	-1	-1	-1	0
3134	3133	2958	14	-1	-1	-1	0
3029	3016	3181	6	-1	-1	-1	0
3021	3020	3187	6	-1	-1	-1	0
3134	2959	3135	14	-1	-1	-1	0
3019	3025	3185	6	-1	-1	-1	0
3022	3021	3188	6	-1	-1	-1	0
2960	3136	3135	14	-1	-1	-1	0
3189	3023	3022	6	-1	-1	-1	0
2962	3137	3138	14	-1	-1	-1	0
3092	3056	3090	1	-1	-1	-1	-1.176470588235293
3024	3023	3192	6	-1	-1	-1	0
2963	3138	3139	14	-1	-1	-1	0
3139	3140	2964	2	-1	-1	-1	1.1764705882352926
3025	3026	3193	6	-1	-1	-1	0
3030	3024	3192	6	-1	-1	-1	0
3140	3141	2966	2	-1	-1	-1	1.1764705882352926
3026	3027	3195	6	-1	-1	-1	0
3195	3027	3028	6	-1	-1	-1	0
3143	3142	2967	2	-1	-1	-1	1.1764705882352926
3028	3029	3197	6	-1	-1	-1	0
3142	3144	2968	2	-1	-1	-1	1.1764705882352926
2969	3145	3143	2	-1	-1	-1	1.1764705882352926
3146	2970	3141	2	-1	-1	-1	1.1764705882352926
2970	3146	3145	2	-1	-1	-1	1.1764705882352926
3144	3147	2971	2	-1	-1	-1	1.1764705882352926
3032	3031	3201	14	-1	-1	-1	0
3032	3202	3033	14	-1	-1	-1	0
3033	3203	3034	14	-1	-1	-1	0
2974	3149	3148	14	-1	-1	-1	0
2974	3150	3149	14	-1	-1	-1	0
3037	3034	3204	14	-1	-1	-1	0
3206	3035	3036	14	-1	-1	-1	0
3066	3065	3147	2	-1	-1	-1	1.1764705882352926
3093	3091	3095	1	-1	-1	-1	-1.176470588235293
3059	3160	3060	14	-1	-1	-1	0
3037	3207	3036	14	-1	-1	-1	0
2977	3153	3152	14	-1	-1	-1	0
2978	3154	3153	14	-1	-1	-1	0
2979	3151	3155	14	-1	-1	-1	0
3035	3205	3046	14	-1	-1	-1	0
3155	3154	2978	14	-1	-1	-1	0
3038	3039	3211	14	-1	-1	-1	0
2992	3148	3149	14	-1	-1	-1	0
2981	3152	3156	1	-1	-1	-1	-1.176470588235293
2985	3153	3154	14	-1	-1	-1	0
3213	3039	3042	14	-1	-1	-1	0
3150	2993	3149	14	-1	-1	-1	0
3153	2984	3157	14	-1	-1	-1	0
3155	3151	2988	14	-1	-1	-1	0
3155	2986	3154	14	-1	-1	-1	0
3041	3040	3214	14	-1	-1	-1	0
3157	2983	3156	14	-1	-1	-1	0
3043	3214	3040	14	-1	-1	-1	0
3216	3042	3041	14	-1	-1	-1	0
3160	2991	3150	14	-1	-1	-1	0
3044	3219	3043	14	-1	-1	-1	0
3158	2990	3159	14	-1	-1	-1	0
3220	3044	3045	14	-1	-1	-1	0
2991	3160	3159	14	-1	-1	-1	0
3220	3045	3050	14	-1	-1	-1	0
3049	3047	3222	14	-1	-1	-1	0
3047	3048	3223	14	-1	-1	-1	0
3161	2995	3162	7	-1	-1	-1	0
3221	3053	3046	14	-1	-1	-1	0
2996	3163	3162	7	-1	-1	-1	0
3166	2999	3158	14	-1	-1	-1	0
3048	3051	3224	14	-1	-1	-1	0
3163	2996	3164	7	-1	-1	-1	0
3226	3050	3049	3	-1	-1	-1	-1.1764705882352928
3164	2997	3165	7	-1	-1	-1	0
3165	2998	3166	7	-1	-1	-1	0
3161	3168	3000	7	-1	-1	-1	0
3052	3228	3051	14	-1	-1	-1	0
3229	3052	3053	14	-1	-1	-1	0
3168	3167	3000	7	-1	-1	-1	0
3001	3167	3169	7	-1	-1	-1	0
3233	3054	3055	1	-1	-1	-1	-1.176470588235293
3170	3171	3003	7	-1	-1	-1	0
3169	3172	3004	7	-1	-1	-1	0
3170	3004	3172	7	-1	-1	-1	0
3056	3235	3055	1	-1	-1	-1	-1.176470588235293
3054	3233	3061	1	-1	-1	-1	-1.176470588235293
3058	3236	3057	14	-1	-1	-1	0
3059	3057	3236	14	-1	-1	-1	0
3005	3173	3174	14	-1	-1	-1	0
3062	3237	3058	14	-1	-1	-1	0
3174	3176	3007	14	-1	-1	-1	0
3007	3176	3175	14	-1	-1	-1	0
3173	3009	3178	14	-1	-1	-1	0
3179	3010	3171	7	-1	-1	-1	0
3062	3061	3239	14	-1	-1	-1	0
3178	3009	3177	14	-1	-1	-1	0
3177	3010	3179	7	-1	-1	-1	0
3011	3175	3180	6	-1	-1	-1	0
3150	3060	3160	14	-1	-1	-1	0
3067	3066	3241	2	-1	-1	-1	1.1764705882352926
3181	3013	3182	6	-1	-1	-1	0
3014	3180	3184	6	-1	-1	-1	0
3183	3182	3013	6	-1	-1	-1	0
3184	3183	3014	6	-1	-1	-1	0
3071	3067	3244	2	-1	-1	-1	1.1764705882352926
3056	3092	3235	1	-1	-1	-1	-1.176470588235293
3070	3246	3069	2	-1	-1	-1	1.1764705882352926
3212	3136	3038	14	-1	-1	-1	0
3247	3070	3071	2	-1	-1	-1	1.1764705882352926
3069	3245	3074	2	-1	-1	-1	1.1764705882352926
3186	3019	3185	6	-1	-1	-1	0
3186	3187	3020	6	-1	-1	-1	0
3249	3073	3072	14	-1	-1	-1	0
3250	3072	3074	2	-1	-1	-1	1.1764705882352926
3187	3188	3021	6	-1	-1	-1	0
3251	3075	3073	14	-1	-1	-1	0
3190	3022	3188	6	-1	-1	-1	0
3190	3189	3022	6	-1	-1	-1	0
3191	3023	3189	6	-1	-1	-1	0
3193	3185	3025	6	-1	-1	-1	0
3077	3075	3252	14	-1	-1	-1	0
3253	3076	3077	14	-1	-1	-1	0
3023	3191	3192	6	-1	-1	-1	0
3254	3078	3076	14	-1	-1	-1	0
3029	3181	3198	6	-1	-1	-1	0
3193	3026	3194	6	-1	-1	-1	0
3079	3078	3256	14	-1	-1	-1	0
3194	3026	3195	6	-1	-1	-1	0
3082	3079	3257	14	-1	-1	-1	0
3081	3080	3258	14	-1	-1	-1	0
3028	3196	3195	6	-1	-1	-1	0
3258	3080	3083	14	-1	-1	-1	0
3030	3192	3199	6	-1	-1	-1	0
3028	3197	3196	6	-1	-1	-1	0
3083	3082	3259	14	-1	-1	-1	0
3029	3198	3197	6	-1	-1	-1	0
3258	3085	3081	14	-1	-1	-1	0
3085	3263	3084	14	-1	-1	-1	0
3031	3200	3201	14	0	-1	-1	0
3262	3086	3084	14	-1	-1	-1	0
3032	3201	3202	14	-1	-1	-1	0
3033	3202	3203	14	-1	-1	-1	0
3086	3266	3087	14	-1	-1	-1	0
3204	3034	3203	14	-1	-1	-1	0
3089	3087	3267	14	-1	-1	-1	0
3088	3089	3268	14	-1	-1	-1	0
3205	3035	3206	14	-1	-1	-1	0
3208	3206	3036	14	-1	-1	-1	0
3204	3210	3037	14	-1	-1	-1	0
3208	3036	3207	14	-1	-1	-1	0
3037	3209	3207	14	-1	-1	-1	0
3097	3088	3268	14	-1	-1	-1	0
3092	3093	3270	1	-1	-1	-1	-1.176470588235293
3242	3066	3147	2	-1	-1	-1	1.1764705882352926
3209	3037	3210	14	-1	-1	-1	0
3238	3160	3059	14	-1	-1	-1	0
3093	3095	3271	1	-1	-1	-1	-1.176470588235293
3212	3038	3211	14	-1	-1	-1	0
3094	3272	3095	1	-1	-1	-1	-1.176470588235293
3157	3152	3153	14	-1	-1	-1	0
3039	3213	3211	14	-1	-1	-1	0
3156	3152	3157	14	-1	-1	-1	0
3273	3096	3097	14	-1	-1	-1	0
3096	3274	3098	14	-1	-1	-1	0
3041	3214	3215	14	-1	-1	-1	0
3216	3213	3042	14	-1	-1	-1	0
3116	3115	3240	14	-1	-1	-1	0
3205	3221	3046	14	-1	-1	-1	0
3217	3041	3215	14	-1	-1	-1	0
3277	3099	3098	14	-1	-1	-1	0
3041	3217	3216	14	-1	-1	-1	0
3043	3218	3214	14	-1	-1	-1	0
3278	3100	3099	14	-1	-1	-1	0
3218	3043	3219	14	-1	-1	-1	0
3280	3101	3100	14	-1	-1	-1	0
3101	3280	3102	14	-1	-1	-1	0
3220	3219	3044	14	-1	-1	-1	0
3118	3272	3094	1	-1	-1	-1	-1.176470588235293
3103	3282	3105	14	-1	-1	-1	0
3109	3102	3281	7	-1	-1	-1	0
3223	3222	3047	14	-1	-1	-1	0
3284	3104	3105	14	-1	-1	-1	0
3107	3283	3103	7	-1	-1	-1	0
3106	3104	3284	14	-1	-1	-1	0
3223	3048	3224	14	-1	-1	-1	0
3222	3225	3049	3	-1	-1	-1	-1.1764705882352928
3050	3227	3220	3	-1	-1	-1	-1.1764705882352928
3226	3049	3225	3	-1	-1	-1	-1.1764705882352928
3108	3287	3107	7	-1	-1	-1	0
3228	3224	3051	14	-1	-1	-1	0
3227	3050	3226	3	-1	-1	-1	-1.1764705882352928
3289	3108	3109	7	-1	-1	-1	0
3232	3053	3221	14	-1	-1	-1	0
3106	3286	3115	14	-1	-1	-1	0
3228	3052	3230	14	-1	-1	-1	0
3229	3230	3052	14	-1	-1	-1	0
3053	3231	3229	14	-1	-1	-1	0
3292	3111	3110	14	-1	-1	-1	0
3293	3110	3112	14	-1	-1	-1	0
3232	3231	3053	14	-1	-1	-1	0
3293	3112	3114	14	-1	-1	-1	0
3114	3113	3295	14	-1	-1	-1	0
3234	3233	3055	1	-1	-1	-1	-1.176470588235293
3055	3235	3234	1	-1	-1	-1	-1.176470588235293
3295	3113	3116	14	-1	-1	-1	0
3111	3294	3120	14	-1	-1	-1	0
3236	3058	3237	14	-1	-1	-1	0
3059	3236	3238	14	-1	-1	-1	0
3061	3233	3239	14	-1	-1	-1	0
3299	3118	3117	14	-1	-1	-1	0
3117	3119	3299	14	-1	-1	-1	0
3240	3237	3062	14	-1	-1	-1	0
3120	3301	3119	14	-1	-1	-1	0
3240	3062	3239	14	-1	-1	-1	0
3302	3121	3122	14	-1	-1	-1	0
3241	3066	3242	2	-1	-1	-1	1.1764705882352926
3122	3123	3304	14	-1	-1	-1	0
3241	3243	3067	2	-1	-1	-1	1.1764705882352926
3123	3124	3305	14	-1	-1	-1	0
3243	3244	3067	2	-1	-1	-1	1.1764705882352926
3307	3124	3125	14	-1	-1	-1	0
3160	3238	3159	14	-1	-1	-1	0
3126	3308	3125	14	-1	-1	-1	0
3245	3069	3246	2	-1	-1	-1	1.1764705882352926
3137	3121	3302	14	-1	-1	-1	0
3309	3126	3127	14	-1	-1	-1	0
3248	3071	3244	2	-1	-1	-1	1.1764705882352926
3070	3247	3246	2	-1	-1	-1	1.1764705882352926
3310	3127	3128	14	-1	-1	-1	0
3247	3071	3248	2	-1	-1	-1	1.1764705882352926
3129	3312	3128	14	-1	-1	-1	0
3074	3245	3250	2	-1	-1	-1	1.1764705882352926
3250	3249	3072	2	-1	-1	-1	1.1764705882352926
3073	3249	3251	14	-1	-1	-1	0
3132	3315	3129	14	-1	-1	-1	0
3252	3075	3251	14	-1	-1	-1	0
3131	3318	3130	14	-1	-1	-1	0
3319	3132	3130	14	-1	-1	-1	0
3254	3076	3253	14	-1	-1	-1	0
3131	3133	3320	14	-1	-1	-1	0
3253	3077	3255	14	-1	-1	-1	0
3077	3252	3255	14	-1	-1	-1	0
3254	3256	3078	14	-1	-1	-1	0
3256	3257	3079	14	-1	-1	-1	0
3240	3115	3237	14	-1	-1	-1	0
3134	3326	3133	14	-1	-1	-1	0
3116	3240	3239	14	-1	-1	-1	0
3092	3270	3235	1	-1	-1	-1	-1.176470588235293
3328	3134	3135	14	-1	-1	-1	0
3257	3259	3082	14	-1	-1	-1	0
3329	3135	3136	14	-1	-1	-1	0
3258	3083	3260	14	-1	-1	-1	0
3311	3145	3146	2	-1	-1	-1	1.1764705882352926
3083	3259	3261	14	-1	-1	-1	0
3260	3083	3261	14	-1	-1	-1	0
3138	3137	3330	14	-1	-1	-1	0
3331	3139	3138	14	-1	-1	-1	0
3085	3258	3265	14	-1	-1	-1	0
3084	3263	3262	14	-1	-1	-1	0
3085	3264	3263	14	-1	-1	-1	0
3139	3333	3140	2	-1	-1	-1	1.1764705882352926
3085	3265	3264	14	-1	-1	-1	0
3141	3140	3333	2	-1	-1	-1	1.1764705882352926
3262	3266	3086	14	-1	-1	-1	0
3266	3267	3087	14	-1	-1	-1	0
3336	3142	3143	2	-1	-1	-1	1.1764705882352926
3141	3334	3146	2	-1	-1	-1	1.1764705882352926
3144	3142	3335	2	-1	-1	-1	1.1764705882352926
3143	3145	3337	2	-1	-1	-1	1.1764705882352926
3267	3269	3089	14	-1	-1	-1	0
3269	3268	3089	14	-1	-1	-1	0
3144	3340	3147	2	-1	-1	-1	1.1764705882352926
3270	3093	3271	1	-1	-1	-1	-1.176470588235293
3271	3095	3272	1	-1	-1	-1	-1.176470588235293
3237	3115	3286	14	-1	-1	-1	0
3276	3097	3268	14	-1	-1	-1	0
3273	3274	3096	14	-1	-1	-1	0
3097	3275	3273	14	-1	-1	-1	0
3276	3275	3097	14	-1	-1	-1	0
3274	3277	3098	14	-1	-1	-1	0
3116	3239	3297	14	-1	-1	-1	0
3279	3099	3277	14	-1	-1	-1	0
3279	3278	3099	14	-1	-1	-1	0
3100	3278	3280	14	-1	-1	-1	0
3344	3158	3159	14	-1	-1	-1	0
3102	3280	3281	7	-1	-1	-1	0
3282	3103	3283	7	-1	-1	-1	0
3158	3344	3166	14	-1	-1	-1	0
3345	3161	3162	7	-1	-1	-1	0
3162	3163	3346	7	-1	-1	-1	0
3285	3105	3282	14	-1	-1	-1	0
3345	3168	3161	7	-1	-1	-1	0
3284	3105	3285	14	-1	-1	-1	0
3163	3164	3348	7	-1	-1	-1	0
3106	3284	3286	14	-1	-1	-1	0
3212	3329	3136	14	-1	-1	-1	0
3283	3107	3288	7	-1	-1	-1	0
3349	3164	3165	7	-1	-1	-1	0
3109	3281	3290	7	-1	-1	-1	0
3165	3166	3350	7	-1	-1	-1	0
3107	3287	3288	7	-1	-1	-1	0
3289	3287	3108	7	-1	-1	-1	0
3109	3290	3289	7	-1	-1	-1	0
3353	3169	3167	7	-1	-1	-1	0
3118	3300	3272	1	-1	-1	-1	-1.176470588235293
3168	3355	3167	7	-1	-1	-1	0
3292	3110	3291	14	-1	-1	-1	0
3110	3293	3291	14	-1	-1	-1	0
3353	3172	3169	7	-1	-1	-1	0
3292	3294	3111	14	-1	-1	-1	0
3170	3358	3171	7	-1	-1	-1	0
3170	3172	3358	7	-1	-1	-1	0
3293	3114	3296	14	-1	-1	-1	0
3296	3114	3295	14	-1	-1	-1	0
3361	3174	3173	14	-1	-1	-1	0
3359	3179	3171	7	-1	-1	-1	0
3116	3298	3295	14	-1	-1	-1	0
3298	3116	3297	14	-1	-1	-1	0
3174	3361	3176	14	-1	-1	-1	0
3173	3178	3361	14	-1	-1	-1	0
3362	3175	3176	6	-1	-1	-1	0
3301	3120	3294	14	-1	-1	-1	0
3362	3180	3175	6	-1	-1	-1	0
3299	3300	3118	1	-1	-1	-1	-1.176470588235293
3119	3301	3299	14	-1	-1	-1	0
3364	3178	3177	7	-1	-1	-1	0
3179	3364	3177	7	-1	-1	-1	0
3122	3303	3302	14	-1	-1	-1	0
3304	3303	3122	14	-1	-1	-1	0
3147	3340	3242	2	-1	-1	-1	1.1764705882352926
3181	3182	3367	6	-1	-1	-1	0
3184	3180	3366	6	-1	-1	-1	0
3304	3123	3305	14	-1	-1	-1	0
3182	3183	3369	6	-1	-1	-1	0
3306	3305	3124	14	-1	-1	-1	0
3184	3370	3183	6	-1	-1	-1	0
3307	3306	3124	14	-1	-1	-1	0
3308	3307	3125	14	-1	-1	-1	0
3238	3344	3159	14	-1	-1	-1	0
3308	3126	3309	14	-1	-1	-1	0
3186	3185	3373	7	-1	-1	-1	0
3181	3367	3198	6	-1	-1	-1	0
3311	3309	3127	14	-1	-1	-1	0
3374	3187	3186	7	-1	-1	-1	0
3310	3311	3127	14	-1	-1	-1	0
3372	3185	3193	7	-1	-1	-1	0
3375	3188	3187	7	-1	-1	-1	0
3310	3128	3313	14	-1	-1	-1	0
3376	3190	3188	7	-1	-1	-1	0
3312	3314	3128	14	-1	-1	-1	0
3314	3313	3128	14	-1	-1	-1	0
3189	3190	3377	6	-1	-1	-1	0
3312	3129	3316	14	-1	-1	-1	0
3189	3378	3191	6	-1	-1	-1	0
3315	3316	3129	14	-1	-1	-1	0
3380	3192	3191	6	-1	-1	-1	0
3233	3234	3297	14	-1	-1	-1	0
3317	3130	3318	14	-1	-1	-1	0
3317	3319	3130	14	-1	-1	-1	0
3193	3194	3381	7	-1	-1	-1	0
3302	3330	3137	14	-1	-1	-1	0
3239	3233	3297	14	-1	-1	-1	0
3315	3132	3323	14	-1	-1	-1	0
3131	3321	3318	14	-1	-1	-1	0
3195	3382	3194	6	-1	-1	-1	0
3380	3199	3192	6	-1	-1	-1	0
3131	3320	3321	14	-1	-1	-1	0
3196	3382	3195	6	-1	-1	-1	0
3132	3319	3322	14	-1	-1	-1	0
3197	3383	3196	6	-1	-1	-1	0
3322	3323	3132	14	-1	-1	-1	0
3324	3320	3133	14	-1	-1	-1	0
3197	3198	3384	6	-1	-1	-1	0
3324	3133	3325	14	-1	-1	-1	0
3258	3260	3265	14	-1	-1	-1	0
3325	3133	3326	14	-1	-1	-1	0
3327	3326	3134	14	-1	-1	-1	0
3388	3201	3200	14	-1	-1	-1	0
3328	3327	3134	14	-1	-1	-1	0
3329	3328	3135	14	-1	-1	-1	0
3391	3202	3201	14	-1	-1	-1	0
3203	3202	3391	14	-1	-1	-1	0
3342	3145	3311	2	-1	-1	-1	1.1764705882352926
3330	3331	3138	14	-1	-1	-1	0
3203	3392	3204	14	-1	-1	-1	0
3343	3311	3146	2	-1	-1	-1	1.1764705882352926
3331	3332	3139	2	-1	-1	-1	1.1764705882352926
3206	3393	3205	14	-1	-1	-1	0
3333	3139	3332	2	-1	-1	-1	1.1764705882352926
3210	3204	3392	14	-1	-1	-1	0
3141	3333	3334	2	-1	-1	-1	1.1764705882352926
3394	3206	3208	14	-1	-1	-1	0
3207	3395	3208	14	-1	-1	-1	0
3209	3396	3207	14	-1	-1	-1	0
3335	3142	3336	2	-1	-1	-1	1.1764705882352926
3336	3143	3338	2	-1	-1	-1	1.1764705882352926
3337	3338	3143	2	-1	-1	-1	1.1764705882352926
3210	3399	3209	14	-1	-1	-1	0
3221	3205	3393	14	-1	-1	-1	0
3335	3341	3144	2	-1	-1	-1	1.1764705882352926
3343	3146	3334	2	-1	-1	-1	1.1764705882352926
3144	3339	3340	2	-1	-1	-1	1.1764705882352926
3341	3339	3144	2	-1	-1	-1	1.1764705882352926
3145	3342	3337	2	-1	-1	-1	1.1764705882352926
3403	3212	3211	14	-1	-1	-1	0
3403	3211	3213	14	-1	-1	-1	0
3234	3298	3297	14	-1	-1	-1	0
3407	3213	3216	14	-1	-1	-1	0
3408	3215	3214	14	-1	-1	-1	0
3218	3408	3214	14	-1	-1	-1	0
3217	3215	3409	14	-1	-1	-1	0
3217	3410	3216	14	-1	-1	-1	0
3393	3232	3221	14	-1	-1	-1	0
3412	3218	3219	3	-1	-1	-1	-1.1764705882352928
3219	3220	3414	3	-1	-1	-1	-1.1764705882352928
3162	3347	3345	7	-1	-1	-1	0
3162	3346	3347	7	-1	-1	-1	0
3346	3163	3348	7	-1	-1	-1	0
3223	3416	3222	14	-1	-1	-1	0
3220	3227	3414	3	-1	-1	-1	-1.1764705882352928
3164	3349	3348	7	-1	-1	-1	0
3344	3352	3166	14	-1	-1	-1	0
3222	3415	3225	3	-1	-1	-1	-1.1764705882352928
3223	3224	3418	14	-1	-1	-1	0
3351	3349	3165	7	-1	-1	-1	0
3165	3350	3351	7	-1	-1	-1	0
3352	3350	3166	7	-1	-1	-1	0
3419	3226	3225	3	-1	-1	-1	-1.1764705882352928
3224	3228	3418	14	-1	-1	-1	0
3357	3168	3345	7	-1	-1	-1	0
3227	3226	3421	3	-1	-1	-1	-1.1764705882352928
3353	3167	3354	7	-1	-1	-1	0
3354	3167	3355	7	-1	-1	-1	0
3230	3418	3228	14	-1	-1	-1	0
3355	3168	3356	7	-1	-1	-1	0
3356	3168	3357	7	-1	-1	-1	0
3230	3229	3422	14	-1	-1	-1	0
3423	3229	3231	14	-1	-1	-1	0
3353	3358	3172	7	-1	-1	-1	0
3360	3171	3358	7	-1	-1	-1	0
3426	3231	3232	14	-1	-1	-1	0
3359	3171	3360	7	-1	-1	-1	0
3234	3235	3429	1	-1	-1	-1	-1.176470588235293
3176	3361	3363	6	-1	-1	-1	0
3363	3362	3176	6	-1	-1	-1	0
3179	3359	3365	7	-1	-1	-1	0
3364	3361	3178	6	-1	-1	-1	0
3236	3237	3431	14	-1	-1	-1	0
3431	3238	3236	14	-1	-1	-1	0
3364	3179	3365	7	-1	-1	-1	0
3180	3362	3366	6	-1	-1	-1	0
3367	3182	3368	6	-1	-1	-1	0
3242	3434	3241	2	-1	-1	-1	1.1764705882352926
3434	3243	3241	2	-1	-1	-1	1.1764705882352926
3182	3369	3368	6	-1	-1	-1	0
3366	3371	3184	6	-1	-1	-1	0
3183	3370	3369	6	-1	-1	-1	0
3244	3243	3436	14	-1	-1	-1	0
3184	3371	3370	6	-1	-1	-1	0
3373	3185	3372	7	-1	-1	-1	0
3439	3245	3246	2	-1	-1	-1	1.1764705882352926
3244	3438	3248	14	-1	-1	-1	0
3374	3186	3373	7	-1	-1	-1	0
3440	3246	3247	2	-1	-1	-1	1.1764705882352926
3439	3250	3245	2	-1	-1	-1	1.1764705882352926
3270	3430	3235	1	-1	-1	-1	-1.176470588235293
3302	3303	3330	14	-1	-1	-1	0
3375	3187	3374	7	-1	-1	-1	0
3442	3247	3248	14	-1	-1	-1	0
3375	3376	3188	7	-1	-1	-1	0
3249	3250	3443	2	-1	-1	-1	1.1764705882352926
3249	3444	3251	14	-1	-1	-1	0
3189	3377	3378	6	-1	-1	-1	0
3190	3376	3379	7	-1	-1	-1	0
3381	3372	3193	7	-1	-1	-1	0
3190	3379	3377	7	-1	-1	-1	0
3252	3251	3444	14	-1	-1	-1	0
3212	3406	3329	14	-1	-1	-1	0
3191	3378	3380	6	-1	-1	-1	0
3385	3198	3367	6	-1	-1	-1	0
3255	3252	3445	14	-1	-1	-1	0
3255	3446	3253	14	-1	-1	-1	0
3253	3447	3254	14	-1	-1	-1	0
3286	3431	3237	14	-1	-1	-1	0
3382	3381	3194	7	-1	-1	-1	0
3254	3449	3256	14	-1	-1	-1	0
3343	3308	3309	14	-1	-1	-1	0
3429	3298	3234	14	-1	-1	-1	0
3382	3196	3383	6	-1	-1	-1	0
3311	3310	3342	14	-1	-1	-1	0
3450	3257	3256	14	-1	-1	-1	0
3311	3343	3309	14	-1	-1	-1	0
3384	3383	3197	6	-1	-1	-1	0
3199	3380	3386	6	-1	-1	-1	0
3198	3385	3384	6	-1	-1	-1	0
3259	3257	3451	14	-1	-1	-1	0
3261	3259	3452	14	-1	-1	-1	0
3260	3261	3454	14	-1	-1	-1	0
3200	3387	3389	14	0	-1	-1	0
3389	3388	3200	14	-1	-1	-1	0
3265	3260	3453	14	-1	-1	-1	0
3201	3388	3390	14	-1	-1	-1	0
3391	3201	3390	14	-1	-1	-1	0
3458	3262	3263	8	-1	-1	-1	0
3457	3266	3262	8	-1	-1	-1	0
3459	3263	3264	8	-1	-1	-1	0
3203	3391	3392	14	-1	-1	-1	0
3264	3265	3461	14	-1	-1	-1	0
3393	3206	3394	14	-1	-1	-1	0
3463	3267	3266	8	-1	-1	-1	0
3207	3396	3395	14	-1	-1	-1	0
3395	3397	3208	14	-1	-1	-1	0
3267	3464	3269	8	-1	-1	-1	0
3208	3398	3394	14	-1	-1	-1	0
3431	3286	3284	14	-1	-1	-1	0
3269	3465	3268	14	-1	-1	-1	0
3433	3284	3285	14	-1	-1	-1	0
3208	3397	3398	14	-1	-1	-1	0
3396	3209	3399	14	-1	-1	-1	0
3402	3210	3392	14	-1	-1	-1	0
3401	3399	3210	14	-1	-1	-1	0
3469	3270	3271	1	-1	-1	-1	-1.176470588235293
3276	3268	3466	14	-1	-1	-1	0
3210	3400	3401	14	-1	-1	-1	0
3271	3272	3469	1	-1	-1	-1	-1.176470588235293
3400	3210	3402	14	-1	-1	-1	0
3344	3238	3432	14	-1	-1	-1	0
3470	3274	3273	14	-1	-1	-1	0
3340	3435	3242	2	-1	-1	-1	1.1764705882352926
3470	3273	3275	14	-1	-1	-1	0
3212	3403	3404	14	-1	-1	-1	0
3212	3404	3405	14	-1	-1	-1	0
3277	3274	3471	14	-1	-1	-1	0
3403	3213	3407	14	-1	-1	-1	0
3212	3405	3406	14	-1	-1	-1	0
3275	3276	3473	14	-1	-1	-1	0
3408	3409	3215	14	-1	-1	-1	0
3476	3279	3277	14	-1	-1	-1	0
3407	3216	3410	14	-1	-1	-1	0
3477	3280	3278	7	-1	-1	-1	0
3278	3279	3478	7	-1	-1	-1	0
3217	3409	3411	14	-1	-1	-1	0
3477	3281	3280	7	-1	-1	-1	0
3410	3217	3411	14	-1	-1	-1	0
3413	3408	3218	3	-1	-1	-1	-1.1764705882352928
3300	3469	3272	1	-1	-1	-1	-1.176470588235293
3413	3218	3412	3	-1	-1	-1	-1.1764705882352928
3219	3414	3412	3	-1	-1	-1	-1.1764705882352928
3282	3283	3481	7	-1	-1	-1	0
3282	3481	3285	7	-1	-1	-1	0
3290	3281	3480	7	-1	-1	-1	0
3232	3393	3427	14	-1	-1	-1	0
3482	3283	3288	7	-1	-1	-1	0
3222	3416	3415	3	-1	-1	-1	-1.1764705882352928
3416	3223	3417	14	-1	-1	-1	0
3417	3223	3418	14	-1	-1	-1	0
3415	3420	3225	3	-1	-1	-1	-1.1764705882352928
3486	3288	3287	7	-1	-1	-1	0
3227	3421	3414	3	-1	-1	-1	-1.1764705882352928
3287	3289	3487	7	-1	-1	-1	0
3225	3420	3419	3	-1	-1	-1	-1.1764705882352928
3421	3226	3419	3	-1	-1	-1	-1.1764705882352928
3290	3490	3289	7	-1	-1	-1	0
3345	3347	3381	7	-1	-1	-1	0
3230	3425	3418	14	-1	-1	-1	0
3229	3423	3422	14	-1	-1	-1	0
3292	3291	3493	14	-1	-1	-1	0
3291	3293	3492	14	-1	-1	-1	0
3422	3424	3230	14	-1	-1	-1	0
3230	3424	3425	14	-1	-1	-1	0
3426	3423	3231	14	-1	-1	-1	0
3292	3494	3294	14	-1	-1	-1	0
3492	3293	3296	14	-1	-1	-1	0
3381	3357	3345	7	-1	-1	-1	0
3428	3426	3232	14	-1	-1	-1	0
3496	3296	3295	14	-1	-1	-1	0
3427	3428	3232	14	-1	-1	-1	0
3363	3361	3364	6	-1	-1	-1	0
3298	3496	3295	14	-1	-1	-1	0
3495	3301	3294	14	-1	-1	-1	0
3363	3364	3365	6	-1	-1	-1	0
3235	3430	3429	1	-1	-1	-1	-1.176470588235293
3300	3299	3495	1	-1	-1	-1	-1.176470588235293
3355	3356	3384	7	-1	-1	-1	0
3299	3301	3495	1	-1	-1	-1	-1.176470588235293
3383	3356	3357	7	-1	-1	-1	0
3347	3372	3381	7	-1	-1	-1	0
3433	3238	3431	14	-1	-1	-1	0
3433	3432	3238	14	-1	-1	-1	0
3304	3500	3303	14	-1	-1	-1	0
3305	3501	3304	14	-1	-1	-1	0
3434	3242	3435	2	-1	-1	-1	1.1764705882352926
3305	3306	3502	14	-1	-1	-1	0
3437	3243	3434	14	-1	-1	-1	0
3243	3437	3436	14	-1	-1	-1	0
3307	3504	3306	14	-1	-1	-1	0
3436	3438	3244	14	-1	-1	-1	0
3357	3381	3382	7	-1	-1	-1	0
3307	3308	3505	14	-1	-1	-1	0
3357	3382	3383	7	-1	-1	-1	0
3356	3383	3384	7	-1	-1	-1	0
3246	3440	3439	2	-1	-1	-1	1.1764705882352926
3438	3442	3248	14	-1	-1	-1	0
3352	3344	3432	14	-1	-1	-1	0
3440	3247	3441	14	-1	-1	-1	0
3442	3441	3247	14	-1	-1	-1	0
3508	3310	3313	14	-1	-1	-1	0
3250	3439	3443	2	-1	-1	-1	1.1764705882352926
3330	3303	3499	14	-1	-1	-1	0
3509	3314	3312	14	-1	-1	-1	0
3444	3249	3443	2	-1	-1	-1	1.1764705882352926
3316	3510	3312	14	-1	-1	-1	0
3314	3511	3313	14	-1	-1	-1	0
3445	3252	3444	14	-1	-1	-1	0
3446	3255	3445	14	-1	-1	-1	0
3446	3447	3253	14	-1	-1	-1	0
3316	3315	3515	14	-1	-1	-1	0
3433	3431	3284	14	-1	-1	-1	0
3447	3448	3254	14	-1	-1	-1	0
3448	3449	3254	14	-1	-1	-1	0
3517	3317	3318	14	-1	-1	-1	0
3323	3515	3315	14	-1	-1	-1	0
3317	3518	3319	14	-1	-1	-1	0
3450	3256	3449	14	-1	-1	-1	0
3506	3308	3343	14	-1	-1	-1	0
3450	3451	3257	14	-1	-1	-1	0
3321	3519	3318	14	-1	-1	-1	0
3342	3310	3508	14	-1	-1	-1	0
3521	3322	3319	14	-1	-1	-1	0
3452	3259	3451	14	-1	-1	-1	0
3320	3522	3321	14	-1	-1	-1	0
3320	3324	3522	14	-1	-1	-1	0
3454	3453	3260	14	-1	-1	-1	0
3270	3468	3430	1	-1	-1	-1	-1.176470588235293
3455	3261	3452	14	-1	-1	-1	0
3524	3323	3322	14	-1	-1	-1	0
3261	3456	3454	14	-1	-1	-1	0
3456	3261	3455	14	-1	-1	-1	0
3325	3527	3324	3	-1	-1	-1	-1.1764705882352928
3262	3458	3457	8	-1	-1	-1	0
3462	3265	3453	14	-1	-1	-1	0
3459	3458	3263	8	-1	-1	-1	0
3325	3326	3529	14	-1	-1	-1	0
3337	3508	3338	2	-1	-1	-1	1.1764705882352926
3460	3459	3264	8	-1	-1	-1	0
3343	3334	3506	2	-1	-1	-1	1.1764705882352926
3326	3327	3531	14	-1	-1	-1	0
3461	3460	3264	8	-1	-1	-1	0
3266	3457	3463	8	-1	-1	-1	0
3337	3342	3508	2	-1	-1	-1	1.1764705882352926
3265	3462	3461	14	-1	-1	-1	0
3327	3328	3534	14	-1	-1	-1	0
3328	3329	3535	14	-1	-1	-1	0
3464	3267	3463	8	-1	-1	-1	0
3331	3330	3536	14	-1	-1	-1	0
3466	3268	3465	14	-1	-1	-1	0
3332	3331	3537	2	-1	-1	-1	1.1764705882352926
3464	3467	3269	8	-1	-1	-1	0
3483	3433	3285	14	-1	-1	-1	0
3269	3467	3465	8	-1	-1	-1	0
3333	3332	3539	2	-1	-1	-1	1.1764705882352926
3334	3333	3539	2	-1	-1	-1	1.1764705882352926
3270	3469	3468	1	-1	-1	-1	-1.176470588235293
3336	3542	3335	2	-1	-1	-1	1.1764705882352926
3427	3393	3394	14	-1	-1	-1	0
3472	3274	3470	14	-1	-1	-1	0
3274	3472	3471	14	-1	-1	-1	0
3541	3341	3335	2	-1	-1	-1	1.1764705882352926
3466	3475	3276	14	-1	-1	-1	0
3338	3544	3336	2	-1	-1	-1	1.1764705882352926
3398	3427	3394	14	-1	-1	-1	0
3474	3470	3275	14	-1	-1	-1	0
3474	3275	3473	14	-1	-1	-1	0
3496	3298	3429	14	-1	-1	-1	0
3476	3277	3471	14	-1	-1	-1	0
3475	3473	3276	14	-1	-1	-1	0
3545	3339	3341	2	-1	-1	-1	1.1764705882352926
3339	3546	3340	2	-1	-1	-1	1.1764705882352926
3477	3278	3478	7	-1	-1	-1	0
3476	3479	3279	7	-1	-1	-1	0
3279	3479	3478	7	-1	-1	-1	0
3281	3477	3480	7	-1	-1	-1	0
3347	3346	3549	7	-1	-1	-1	0
3348	3549	3346	7	-1	-1	-1	0
3283	3482	3481	7	-1	-1	-1	0
3348	3349	3550	7	-1	-1	-1	0
3285	3481	3484	7	-1	-1	-1	0
3349	3351	3552	7	-1	-1	-1	0
3484	3483	3285	7	-1	-1	-1	0
3350	3554	3351	7	-1	-1	-1	0
3350	3352	3554	7	-1	-1	-1	0
3486	3287	3485	7	-1	-1	-1	0
3489	3482	3288	7	-1	-1	-1	0
3287	3487	3485	7	-1	-1	-1	0
3425	3417	3418	14	-1	-1	-1	0
3480	3491	3290	7	-1	-1	-1	0
3488	3288	3486	7	-1	-1	-1	0
3354	3556	3353	7	-1	-1	-1	0
3488	3489	3288	7	-1	-1	-1	0
3490	3487	3289	7	-1	-1	-1	0
3354	3355	3557	7	-1	-1	-1	0
3483	3352	3432	14	-1	-1	-1	0
3469	3300	3498	1	-1	-1	-1	-1.176470588235293
3358	3353	3556	7	-1	-1	-1	0
3347	3549	3372	7	-1	-1	-1	0
3406	3535	3329	14	-1	-1	-1	0
3290	3491	3490	7	-1	-1	-1	0
3358	3556	3360	7	-1	-1	-1	0
3493	3291	3492	14	-1	-1	-1	0
3559	3359	3360	7	-1	-1	-1	0
3292	3493	3494	14	-1	-1	-1	0
3365	3359	3559	7	-1	-1	-1	0
3294	3494	3495	14	-1	-1	-1	0
3497	3492	3296	14	-1	-1	-1	0
3363	3562	3362	6	-1	-1	-1	0
3497	3296	3496	14	-1	-1	-1	0
3562	3366	3362	6	-1	-1	-1	0
3365	3562	3363	6	-1	-1	-1	0
3495	3498	3300	1	-1	-1	-1	-1.176470588235293
3372	3549	3373	7	-1	-1	-1	0
3557	3355	3384	7	-1	-1	-1	0
3564	3367	3368	6	-1	-1	-1	0
3563	3371	3366	6	-1	-1	-1	0
3368	3369	3564	6	-1	-1	-1	0
3499	3303	3500	14	-1	-1	-1	0
3369	3370	3565	6	-1	-1	-1	0
3500	3304	3501	14	-1	-1	-1	0
3566	3370	3371	6	-1	-1	-1	0
3502	3501	3305	14	-1	-1	-1	0
3502	3306	3503	14	-1	-1	-1	0
3504	3503	3306	14	-1	-1	-1	0
3568	3374	3373	7	-1	-1	-1	0
3504	3307	3505	14	-1	-1	-1	0
3564	3385	3367	6	-1	-1	-1	0
3568	3375	3374	7	-1	-1	-1	0
3569	3376	3375	7	-1	-1	-1	0
3505	3308	3507	14	-1	-1	-1	0
3507	3308	3506	14	-1	-1	-1	0
3340	3546	3435	2	-1	-1	-1	1.1764705882352926
3379	3376	3570	7	-1	-1	-1	0
3557	3384	3385	6	-1	-1	-1	0
3377	3572	3378	6	-1	-1	-1	0
3571	3377	3379	7	-1	-1	-1	0
3509	3312	3510	14	-1	-1	-1	0
3574	3380	3378	6	-1	-1	-1	0
3313	3512	3508	14	-1	-1	-1	0
3511	3512	3313	14	-1	-1	-1	0
3509	3514	3314	14	-1	-1	-1	0
3314	3513	3511	14	-1	-1	-1	0
3380	3574	3386	6	-1	-1	-1	0
3314	3514	3513	14	-1	-1	-1	0
3515	3510	3316	14	-1	-1	-1	0
3483	3432	3433	14	-1	-1	-1	0
3516	3317	3517	14	-1	-1	-1	0
3518	3317	3516	14	-1	-1	-1	0
3318	3519	3517	14	-1	-1	-1	0
3389	3387	3578	14	-1	-1	-1	0
3429	3430	3496	14	-1	-1	-1	0
3388	3389	3579	14	-1	-1	-1	0
3579	3390	3388	14	-1	-1	-1	0
3518	3520	3319	14	-1	-1	-1	0
3338	3508	3512	2	-1	-1	-1	1.1764705882352926
3520	3521	3319	14	-1	-1	-1	0
3390	3581	3391	14	-1	-1	-1	0
3321	3522	3519	14	-1	-1	-1	0
3525	3515	3323	14	-1	-1	-1	0
3581	3392	3391	14	-1	-1	-1	0
3499	3536	3330	14	-1	-1	-1	0
3322	3521	3523	14	-1	-1	-1	0
3523	3524	3322	14	-1	-1	-1	0
3323	3524	3526	14	-1	-1	-1	0
3396	3582	3395	14	-1	-1	-1	0
3397	3395	3582	14	-1	-1	-1	0
3528	3522	3324	3	-1	-1	-1	-1.1764705882352928
3323	3526	3525	14	-1	-1	-1	0
3392	3581	3402	14	-1	-1	-1	0
3583	3396	3399	14	-1	-1	-1	0
3398	3397	3584	14	-1	-1	-1	0
3528	3324	3527	3	-1	-1	-1	-1.1764705882352928
3540	3506	3334	2	-1	-1	-1	1.1764705882352926
3527	3325	3530	3	-1	-1	-1	-1.1764705882352928
3530	3325	3529	3	-1	-1	-1	-1.1764705882352928
3326	3532	3529	14	-1	-1	-1	0
3399	3401	3588	14	-1	-1	-1	0
3326	3531	3532	14	-1	-1	-1	0
3483	3554	3352	7	-1	-1	-1	0
3589	3400	3402	14	-1	-1	-1	0
3590	3401	3400	14	-1	-1	-1	0
3533	3531	3327	14	-1	-1	-1	0
3534	3533	3327	14	-1	-1	-1	0
3544	3338	3512	2	-1	-1	-1	1.1764705882352926
3497	3430	3468	14	-1	-1	-1	0
3535	3534	3328	14	-1	-1	-1	0
3404	3403	3593	14	-1	-1	-1	0
3405	3404	3594	14	-1	-1	-1	0
3403	3407	3593	14	-1	-1	-1	0
3536	3537	3331	2	-1	-1	-1	1.1764705882352926
3537	3538	3332	2	-1	-1	-1	1.1764705882352926
3596	3406	3405	14	-1	-1	-1	0
3538	3539	3332	2	-1	-1	-1	1.1764705882352926
3398	3586	3427	14	-1	-1	-1	0
3539	3540	3334	2	-1	-1	-1	1.1764705882352926
3598	3407	3410	14	-1	-1	-1	0
3409	3408	3599	3	-1	-1	-1	-1.1764705882352928
3541	3335	3542	2	-1	-1	-1	1.1764705882352926
3409	3600	3411	3	-1	-1	-1	-1.1764705882352928
3408	3413	3599	3	-1	-1	-1	-1.1764705882352928
3543	3542	3336	2	-1	-1	-1	1.1764705882352926
3411	3601	3410	14	-1	-1	-1	0
3496	3430	3497	14	-1	-1	-1	0
3543	3336	3544	2	-1	-1	-1	1.1764705882352926
3412	3602	3413	3	-1	-1	-1	-1.1764705882352928
3412	3414	3602	3	-1	-1	-1	-1.1764705882352928
3547	3341	3541	2	-1	-1	-1	1.1764705882352926
3546	3339	3545	2	-1	-1	-1	1.1764705882352926
3548	3545	3341	2	-1	-1	-1	1.1764705882352926
3498	3468	3469	1	-1	-1	-1	-1.176470588235293
3605	3415	3416	3	-1	-1	-1	-1.1764705882352928
3548	3341	3547	2	-1	-1	-1	1.1764705882352926
3606	3416	3417	14	-1	-1	-1	0
3421	3604	3414	3	-1	-1	-1	-1.1764705882352928
3605	3420	3415	3	-1	-1	-1	-1.1764705882352928
3428	3427	3586	14	-1	-1	-1	0
3420	3607	3419	3	-1	-1	-1	-1.1764705882352928
3608	3421	3419	3	-1	-1	-1	-1.1764705882352928
3417	3425	3606	14	-1	-1	-1	0
3549	3348	3551	7	-1	-1	-1	0
3551	3348	3550	7	-1	-1	-1	0
3349	3553	3550	7	-1	-1	-1	0
3349	3552	3553	7	-1	-1	-1	0
3423	3613	3422	14	-1	-1	-1	0
3555	3552	3351	7	-1	-1	-1	0
3493	3497	3468	14	-1	-1	-1	0
3468	3498	3493	14	-1	-1	-1	0
3555	3351	3554	7	-1	-1	-1	0
3424	3422	3614	14	-1	-1	-1	0
3426	3615	3423	14	-1	-1	-1	0
3424	3616	3425	14	-1	-1	-1	0
3558	3556	3354	7	-1	-1	-1	0
3557	3558	3354	7	-1	-1	-1	0
3618	3426	3428	14	-1	-1	-1	0
3561	3360	3556	7	-1	-1	-1	0
3559	3360	3560	7	-1	-1	-1	0
3561	3560	3360	7	-1	-1	-1	0
3493	3492	3497	14	-1	-1	-1	0
3498	3494	3493	14	-1	-1	-1	0
3559	3562	3365	6	-1	-1	-1	0
3498	3495	3494	14	-1	-1	-1	0
3549	3568	3373	7	-1	-1	-1	0
3435	3621	3434	14	-1	-1	-1	0
3563	3366	3562	6	-1	-1	-1	0
3437	3434	3621	14	-1	-1	-1	0
3436	3437	3623	14	-1	-1	-1	0
3438	3436	3623	14	-1	-1	-1	0
3369	3565	3564	6	-1	-1	-1	0
3371	3563	3567	6	-1	-1	-1	0
3566	3565	3370	6	-1	-1	-1	0
3566	3371	3567	6	-1	-1	-1	0
3626	3442	3438	14	-1	-1	-1	0
3627	3439	3440	2	-1	-1	-1	1.1764705882352926
3385	3564	3557	6	-1	-1	-1	0
3439	3627	3443	2	-1	-1	-1	1.1764705882352926
3441	3628	3440	14	-1	-1	-1	0
3568	3569	3375	7	-1	-1	-1	0
3452	3438	3623	14	-1	-1	-1	0
3630	3441	3442	14	-1	-1	-1	0
3569	3570	3376	7	-1	-1	-1	0
3452	3626	3438	14	-1	-1	-1	0
3443	3631	3444	2	-1	-1	-1	1.1764705882352926
3377	3571	3572	7	-1	-1	-1	0
3445	3444	3631	2	-1	-1	-1	1.1764705882352926
3483	3484	3554	7	-1	-1	-1	0
3445	3631	3446	14	-1	-1	-1	0
3378	3572	3573	6	-1	-1	-1	0
3448	3447	3628	14	-1	-1	-1	0
3570	3575	3379	7	-1	-1	-1	0
3571	3379	3575	7	-1	-1	-1	0
3378	3573	3574	6	-1	-1	-1	0
3446	3632	3447	14	-1	-1	-1	0
3629	3449	3448	14	-1	-1	-1	0
3630	3450	3449	14	-1	-1	-1	0
3451	3626	3452	14	-1	-1	-1	0
3623	3455	3452	14	-1	-1	-1	0
3451	3450	3630	14	-1	-1	-1	0
3455	3624	3456	14	-1	-1	-1	0
3576	3386	3574	6	-1	-1	-1	0
3454	3456	3625	14	-1	-1	-1	0
3597	3535	3406	14	-1	-1	-1	0
3453	3454	3634	14	-1	-1	-1	0
3577	3578	3387	14	-1	-1	0	0
3578	3580	3389	14	-1	-1	-1	0
3579	3389	3580	14	-1	-1	-1	0
3453	3633	3462	14	-1	-1	-1	0
3581	3390	3579	14	-1	-1	-1	0
3457	3458	3636	8	-1	-1	-1	0
3540	3507	3506	2	-1	-1	-1	1.1764705882352926
3459	3637	3458	8	-1	-1	-1	0
3636	3463	3457	8	-1	-1	-1	0
3459	3460	3639	8	-1	-1	-1	0
3461	3640	3460	8	-1	-1	-1	0
3396	3583	3582	14	-1	-1	-1	0
3397	3582	3585	14	-1	-1	-1	0
3462	3641	3461	14	-1	-1	-1	0
3585	3584	3397	14	-1	-1	-1	0
3587	3398	3584	14	-1	-1	-1	0
3464	3463	3642	8	-1	-1	-1	0
3583	3399	3588	14	-1	-1	-1	0
3587	3586	3398	14	-1	-1	-1	0
3592	3402	3581	14	-1	-1	-1	0
3464	3644	3467	8	-1	-1	-1	0
3645	3466	3465	8	-1	-1	-1	0
3465	3467	3645	8	-1	-1	-1	0
3400	3589	3590	14	-1	-1	-1	0
3588	3401	3591	14	-1	-1	-1	0
3401	3590	3591	14	-1	-1	-1	0
3592	3589	3402	14	-1	-1	-1	0
3466	3646	3475	8	-1	-1	-1	0
3594	3404	3593	14	-1	-1	-1	0
3649	3472	3470	14	-1	-1	-1	0
3470	3474	3648	14	-1	-1	-1	0
3554	3484	3555	7	-1	-1	-1	0
3472	3650	3471	14	-1	-1	-1	0
3594	3595	3405	14	-1	-1	-1	0
3596	3405	3595	14	-1	-1	-1	0
3476	3471	3650	14	-1	-1	-1	0
3598	3593	3407	14	-1	-1	-1	0
3474	3473	3652	14	-1	-1	-1	0
3597	3406	3596	14	-1	-1	-1	0
3652	3473	3475	14	-1	-1	-1	0
3546	3622	3435	14	-1	-1	-1	0
3599	3600	3409	3	-1	-1	-1	-1.1764705882352928
3601	3598	3410	14	-1	-1	-1	0
3476	3655	3479	7	-1	-1	-1	0
3478	3656	3477	7	-1	-1	-1	0
3600	3601	3411	3	-1	-1	-1	-1.1764705882352928
3480	3477	3656	7	-1	-1	-1	0
3603	3599	3413	3	-1	-1	-1	-1.1764705882352928
3479	3658	3478	7	-1	-1	-1	0
3413	3602	3603	3	-1	-1	-1	-1.1764705882352928
3602	3414	3604	3	-1	-1	-1	-1.1764705882352928
3482	3660	3481	7	-1	-1	-1	0
3484	3481	3660	7	-1	-1	-1	0
3656	3491	3480	7	-1	-1	-1	0
3416	3606	3605	3	-1	-1	-1	-1.1764705882352928
3660	3482	3489	7	-1	-1	-1	0
3485	3487	3661	7	-1	-1	-1	0
3485	3662	3486	7	-1	-1	-1	0
3428	3586	3620	14	-1	-1	-1	0
3419	3607	3608	3	-1	-1	-1	-1.1764705882352928
3605	3610	3420	3	-1	-1	-1	-1.1764705882352928
3420	3609	3607	3	-1	-1	-1	-1.1764705882352928
3488	3486	3663	7	-1	-1	-1	0
3421	3612	3604	3	-1	-1	-1	-1.1764705882352928
3420	3610	3609	3	-1	-1	-1	-1.1764705882352928
3421	3608	3611	3	-1	-1	-1	-1.1764705882352928
3487	3490	3665	7	-1	-1	-1	0
3488	3667	3489	7	-1	-1	-1	0
3421	3611	3612	3	-1	-1	-1	-1.1764705882352928
3490	3491	3665	7	-1	-1	-1	0
3606	3425	3617	14	-1	-1	-1	0
3614	3422	3613	14	-1	-1	-1	0
3613	3423	3615	14	-1	-1	-1	0
3424	3614	3616	14	-1	-1	-1	0
3425	3616	3617	14	-1	-1	-1	0
3618	3615	3426	14	-1	-1	-1	0
3428	3619	3618	14	-1	-1	-1	0
3619	3428	3620	14	-1	-1	-1	0
3549	3551	3568	7	-1	-1	-1	0
3499	3500	3670	14	-1	-1	-1	0
3501	3671	3500	14	-1	-1	-1	0
3501	3502	3671	14	-1	-1	-1	0
3502	3503	3672	14	-1	-1	-1	0
3435	3622	3621	14	-1	-1	-1	0
3564	3558	3557	6	-1	-1	-1	0
3504	3673	3503	14	-1	-1	-1	0
3563	3559	3560	6	-1	-1	-1	0
3504	3505	3674	14	-1	-1	-1	0
3625	3437	3621	14	-1	-1	-1	0
3437	3624	3623	14	-1	-1	-1	0
3563	3562	3559	6	-1	-1	-1	0
3437	3625	3624	14	-1	-1	-1	0
3505	3507	3674	14	-1	-1	-1	0
3558	3564	3565	6	-1	-1	-1	0
3561	3567	3560	6	-1	-1	-1	0
3563	3560	3567	6	-1	-1	-1	0
3566	3567	3561	6	-1	-1	-1	0
3440	3628	3627	14	-1	-1	-1	0
3676	3509	3510	14	-1	-1	-1	0
3441	3629	3628	14	-1	-1	-1	0
3442	3626	3630	14	-1	-1	-1	0
3660	3555	3484	7	-1	-1	-1	0
3630	3629	3441	14	-1	-1	-1	0
3509	3677	3514	14	-1	-1	-1	0
3443	3627	3631	2	-1	-1	-1	1.1764705882352926
3455	3623	3624	14	-1	-1	-1	0
3680	3512	3511	14	-1	-1	-1	0
3510	3515	3678	14	-1	-1	-1	0
3660	3489	3555	7	-1	-1	-1	0
3513	3680	3511	14	-1	-1	-1	0
3670	3536	3499	14	-1	-1	-1	0
3625	3456	3624	14	-1	-1	-1	0
3448	3628	3629	14	-1	-1	-1	0
3630	3626	3451	14	-1	-1	-1	0
3628	3447	3632	14	-1	-1	-1	0
3681	3513	3514	14	-1	-1	-1	0
3630	3449	3629	14	-1	-1	-1	0
3632	3446	3631	14	-1	-1	-1	0
3489	3668	3555	7	-1	-1	-1	0
3635	3454	3625	14	-1	-1	-1	0
3686	3516	3517	3	-1	-1	-1	-1.1764705882352928
3633	3453	3634	14	-1	-1	-1	0
3516	3687	3518	3	-1	-1	-1	-1.1764705882352928
3507	3540	3675	2	-1	-1	-1	1.1764705882352926
3454	3635	3634	14	-1	-1	-1	0
3688	3517	3519	3	-1	-1	-1	-1.1764705882352928
3685	3515	3525	14	-1	-1	-1	0
3518	3689	3520	14	-1	-1	-1	0
3636	3458	3637	8	-1	-1	-1	0
3519	3522	3691	3	-1	-1	-1	-1.1764705882352928
3520	3692	3521	14	-1	-1	-1	0
3459	3638	3637	8	-1	-1	-1	0
3641	3462	3633	14	-1	-1	-1	0
3638	3459	3639	8	-1	-1	-1	0
3512	3680	3544	2	-1	-1	-1	1.1764705882352926
3523	3521	3693	14	-1	-1	-1	0
3639	3460	3640	8	-1	-1	-1	0
3523	3694	3524	14	-1	-1	-1	0
3528	3691	3522	3	-1	-1	-1	-1.1764705882352928
3636	3643	3463	8	-1	-1	-1	0
3640	3461	3641	8	-1	-1	-1	0
3524	3697	3526	14	-1	-1	-1	0
3643	3642	3463	8	-1	-1	-1	0
3698	3525	3526	14	-1	-1	-1	0
3642	3644	3464	8	-1	-1	-1	0
3581	3579	3592	14	-1	-1	-1	0
3539	3538	3675	2	-1	-1	-1	1.1764705882352926
3528	3527	3699	3	-1	-1	-1	-1.1764705882352928
3675	3540	3539	2	-1	-1	-1	1.1764705882352926
3530	3699	3527	3	-1	-1	-1	-1.1764705882352928
3645	3646	3466	8	-1	-1	-1	0
3644	3647	3467	8	-1	-1	-1	0
3645	3467	3647	8	-1	-1	-1	0
3530	3529	3702	3	-1	-1	-1	-1.1764705882352928
3529	3532	3702	3	-1	-1	-1	-1.1764705882352928
3470	3648	3649	14	-1	-1	-1	0
3705	3532	3531	14	-1	-1	-1	0
3531	3533	3705	14	-1	-1	-1	0
3649	3651	3472	14	-1	-1	-1	0
3472	3651	3650	14	-1	-1	-1	0
3534	3707	3533	14	-1	-1	-1	0
3555	3668	3552	7	-1	-1	-1	0
3654	3475	3646	8	-1	-1	-1	0
3653	3648	3474	14	-1	-1	-1	0
3534	3535	3709	14	-1	-1	-1	0
3474	3652	3653	14	-1	-1	-1	0
3652	3475	3654	8	-1	-1	-1	0
3476	3650	3655	7	-1	-1	-1	0
3537	3536	3710	2	-1	-1	-1	1.1764705882352926
3593	3598	3594	14	-1	-1	-1	0
3537	3711	3538	2	-1	-1	-1	1.1764705882352926
3656	3478	3657	7	-1	-1	-1	0
3479	3655	3659	7	-1	-1	-1	0
3658	3657	3478	7	-1	-1	-1	0
3586	3587	3620	14	-1	-1	-1	0
3712	3541	3542	2	-1	-1	-1	1.1764705882352926
3659	3658	3479	7	-1	-1	-1	0
3542	3543	3714	2	-1	-1	-1	1.1764705882352926
3541	3712	3547	2	-1	-1	-1	1.1764705882352926
3544	3715	3543	2	-1	-1	-1	1.1764705882352926
3716	3546	3545	14	-1	-1	-1	0
3662	3485	3661	7	-1	-1	-1	0
3602	3604	3603	3	-1	-1	-1	-1.1764705882352928
3545	3548	3717	14	-1	-1	-1	0
3662	3663	3486	7	-1	-1	-1	0
3664	3661	3487	7	-1	-1	-1	0
3547	3718	3548	2	-1	-1	-1	1.1764705882352926
3669	3491	3656	7	-1	-1	-1	0
3664	3487	3665	7	-1	-1	-1	0
3663	3666	3488	7	-1	-1	-1	0
3720	3551	3550	7	-1	-1	-1	0
3667	3488	3666	7	-1	-1	-1	0
3720	3550	3553	7	-1	-1	-1	0
3667	3668	3489	7	-1	-1	-1	0
3669	3665	3491	7	-1	-1	-1	0
3722	3553	3552	7	-1	-1	-1	0
3724	3556	3558	7	-1	-1	-1	0
3721	3568	3551	7	-1	-1	-1	0
3597	3709	3535	14	-1	-1	-1	0
3561	3556	3724	7	-1	-1	-1	0
3670	3500	3671	14	-1	-1	-1	0
3672	3671	3502	14	-1	-1	-1	0
3558	3565	3724	6	-1	-1	-1	0
3673	3672	3503	14	-1	-1	-1	0
3566	3561	3724	6	-1	-1	-1	0
3673	3504	3674	14	-1	-1	-1	0
3724	3565	3566	6	-1	-1	-1	0
3507	3675	3674	2	-1	-1	-1	1.1764705882352926
3721	3569	3568	7	-1	-1	-1	0
3676	3677	3509	14	-1	-1	-1	0
3570	3569	3725	7	-1	-1	-1	0
3676	3510	3679	14	-1	-1	-1	0
3510	3678	3679	14	-1	-1	-1	0
3571	3727	3572	7	-1	-1	-1	0
3726	3575	3570	7	-1	-1	-1	0
3683	3514	3677	14	-1	-1	-1	0
3513	3681	3680	14	-1	-1	-1	0
3575	3728	3571	7	-1	-1	-1	0
3572	3729	3573	6	-1	-1	-1	0
3681	3514	3682	14	-1	-1	-1	0
3678	3515	3684	14	-1	-1	-1	0
3730	3574	3573	6	-1	-1	-1	0
3622	3635	3621	14	-1	-1	-1	0
3683	3682	3514	14	-1	-1	-1	0
3576	3574	3730	6	-1	-1	-1	0
3625	3621	3635	14	-1	-1	-1	0
3716	3622	3546	14	-1	-1	-1	0
3515	3685	3684	14	-1	-1	-1	0
3632	3627	3628	14	-1	-1	-1	0
3578	3577	3733	14	-1	-1	-1	0
3687	3516	3686	3	-1	-1	-1	-1.1764705882352928
3631	3627	3632	14	-1	-1	-1	0
3686	3517	3688	3	-1	-1	-1	-1.1764705882352928
3578	3734	3580	14	-1	-1	-1	0
3735	3579	3580	14	-1	-1	-1	0
3518	3687	3690	3	-1	-1	-1	-1.1764705882352928
3689	3518	3690	3	-1	-1	-1	-1.1764705882352928
3691	3688	3519	3	-1	-1	-1	-1.1764705882352928
3701	3600	3599	3	-1	-1	-1	-1.1764705882352928
3689	3692	3520	14	-1	-1	-1	0
3737	3582	3583	14	-1	-1	-1	0
3582	3736	3585	14	-1	-1	-1	0
3701	3599	3603	3	-1	-1	-1	-1.1764705882352928
3579	3735	3592	14	-1	-1	-1	0
3693	3521	3692	14	-1	-1	-1	0
3525	3698	3685	14	-1	-1	-1	0
3585	3740	3584	14	-1	-1	-1	0
3583	3588	3738	14	-1	-1	-1	0
3584	3739	3587	14	-1	-1	-1	0
3695	3523	3693	14	-1	-1	-1	0
3694	3523	3695	14	-1	-1	-1	0
3694	3696	3524	14	-1	-1	-1	0
3710	3536	3670	2	-1	-1	-1	1.1764705882352926
3524	3696	3697	14	-1	-1	-1	0
3691	3528	3700	3	-1	-1	-1	-1.1764705882352928
3697	3698	3526	14	-1	-1	-1	0
3591	3743	3588	14	-1	-1	-1	0
3589	3744	3590	14	-1	-1	-1	0
3675	3538	3711	2	-1	-1	-1	1.1764705882352926
3745	3589	3592	14	-1	-1	-1	0
3746	3591	3590	14	-1	-1	-1	0
3699	3701	3528	3	-1	-1	-1	-1.1764705882352928
3528	3701	3700	3	-1	-1	-1	-1.1764705882352928
3699	3530	3703	3	-1	-1	-1	-1.1764705882352928
3530	3702	3704	3	-1	-1	-1	-1.1764705882352928
3704	3703	3530	3	-1	-1	-1	-1.1764705882352928
3749	3595	3594	14	-1	-1	-1	0
3715	3544	3680	2	-1	-1	-1	1.1764705882352926
3702	3532	3706	3	-1	-1	-1	-1.1764705882352928
3598	3750	3594	14	-1	-1	-1	0
3722	3552	3668	7	-1	-1	-1	0
3596	3595	3751	14	-1	-1	-1	0
3706	3532	3705	3	-1	-1	-1	-1.1764705882352928
3752	3597	3596	14	-1	-1	-1	0
3705	3533	3708	14	-1	-1	-1	0
3533	3707	3708	14	-1	-1	-1	0
3598	3601	3750	14	-1	-1	-1	0
3742	3620	3587	14	-1	-1	-1	0
3709	3707	3534	14	-1	-1	-1	0
3753	3601	3600	3	-1	-1	-1	-1.1764705882352928
3711	3537	3710	2	-1	-1	-1	1.1764705882352926
3754	3603	3604	3	-1	-1	-1	-1.1764705882352928
3756	3605	3606	3	-1	-1	-1	-1.1764705882352928
3542	3713	3712	2	-1	-1	-1	1.1764705882352926
3714	3713	3542	2	-1	-1	-1	1.1764705882352926
3605	3755	3610	3	-1	-1	-1	-1.1764705882352928
3604	3612	3754	3	-1	-1	-1	-1.1764705882352928
3715	3714	3543	2	-1	-1	-1	1.1764705882352926
3757	3608	3607	3	-1	-1	-1	-1.1764705882352928
3607	3609	3758	3	-1	-1	-1	-1.1764705882352928
3712	3718	3547	2	-1	-1	-1	1.1764705882352926
3545	3717	3716	14	-1	-1	-1	0
3759	3611	3608	3	-1	-1	-1	-1.1764705882352928
3609	3610	3760	3	-1	-1	-1	-1.1764705882352928
3617	3756	3606	3	-1	-1	-1	-1.1764705882352928
3717	3548	3719	14	-1	-1	-1	0
3718	3719	3548	14	-1	-1	-1	0
3612	3611	3762	3	-1	-1	-1	-1.1764705882352928
3720	3721	3551	7	-1	-1	-1	0
3765	3614	3613	14	-1	-1	-1	0
3765	3613	3615	14	-1	-1	-1	0
3720	3553	3723	7	-1	-1	-1	0
3614	3767	3616	14	-1	-1	-1	0
3553	3722	3723	7	-1	-1	-1	0
3768	3615	3618	14	-1	-1	-1	0
3616	3769	3617	14	-1	-1	-1	0
3603	3700	3701	3	-1	-1	-1	-1.1764705882352928
3701	3703	3600	3	-1	-1	-1	-1.1764705882352928
3770	3618	3619	14	-1	-1	-1	0
3619	3620	3771	14	-1	-1	-1	0
3671	3672	3670	2	-1	-1	-1	1.1764705882352926
3721	3725	3569	7	-1	-1	-1	0
3726	3570	3725	7	-1	-1	-1	0
3728	3727	3571	7	-1	-1	-1	0
3727	3729	3572	7	-1	-1	-1	0
3726	3728	3575	7	-1	-1	-1	0
3773	3635	3622	14	-1	-1	-1	0
3730	3573	3729	6	-1	-1	-1	0
3731	3576	3730	6	-1	-1	-1	0
3774	3633	3634	14	-1	-1	-1	0
3577	3732	3733	14	0	-1	-1	0
3635	3773	3634	14	-1	-1	-1	0
3733	3734	3578	14	-1	-1	-1	0
3633	3774	3641	14	-1	-1	-1	0
3775	3636	3637	8	-1	-1	-1	0
3734	3735	3580	14	-1	-1	-1	0
3637	3638	3776	8	-1	-1	-1	0
3710	3670	3672	2	-1	-1	-1	1.1764705882352926
3775	3643	3636	8	-1	-1	-1	0
3638	3639	3778	8	-1	-1	-1	0
3672	3673	3710	2	-1	-1	-1	1.1764705882352926
3736	3582	3737	14	-1	-1	-1	0
3703	3753	3600	3	-1	-1	-1	-1.1764705882352928
3700	3603	3754	3	-1	-1	-1	-1.1764705882352928
3668	3667	3722	7	-1	-1	-1	0
3752	3709	3597	14	-1	-1	-1	0
3779	3639	3640	8	-1	-1	-1	0
3711	3673	3674	2	-1	-1	-1	1.1764705882352926
3737	3583	3738	14	-1	-1	-1	0
3711	3674	3675	2	-1	-1	-1	1.1764705882352926
3780	3640	3641	8	-1	-1	-1	0
3585	3736	3741	14	-1	-1	-1	0
3584	3740	3739	14	-1	-1	-1	0
3741	3740	3585	14	-1	-1	-1	0
3739	3742	3587	14	-1	-1	-1	0
3783	3644	3642	8	-1	-1	-1	0
3738	3588	3743	14	-1	-1	-1	0
3643	3785	3642	8	-1	-1	-1	0
3592	3735	3745	14	-1	-1	-1	0
3783	3647	3644	8	-1	-1	-1	0
3715	3680	3681	2	-1	-1	-1	1.1764705882352926
3589	3745	3744	14	-1	-1	-1	0
3645	3788	3646	8	-1	-1	-1	0
3645	3647	3788	8	-1	-1	-1	0
3590	3744	3747	14	-1	-1	-1	0
3591	3748	3743	14	-1	-1	-1	0
3590	3747	3746	14	-1	-1	-1	0
3748	3591	3746	14	-1	-1	-1	0
3791	3649	3648	14	-1	-1	-1	0
3789	3654	3646	8	-1	-1	-1	0
3649	3791	3651	14	-1	-1	-1	0
3648	3653	3791	14	-1	-1	-1	0
3750	3749	3594	14	-1	-1	-1	0
3792	3650	3651	7	-1	-1	-1	0
3673	3711	3710	2	-1	-1	-1	1.1764705882352926
3749	3751	3595	14	-1	-1	-1	0
3792	3655	3650	7	-1	-1	-1	0
3653	3652	3794	8	-1	-1	-1	0
3751	3752	3596	14	-1	-1	-1	0
3654	3794	3652	8	-1	-1	-1	0
3703	3701	3699	3	-1	-1	-1	-1.1764705882352928
3753	3750	3601	3	-1	-1	-1	-1.1764705882352928
3656	3657	3797	7	-1	-1	-1	0
3622	3716	3772	14	-1	-1	-1	0
3659	3655	3796	7	-1	-1	-1	0
3704	3702	3706	3	-1	-1	-1	-1.1764705882352928
3657	3658	3800	7	-1	-1	-1	0
3756	3755	3605	3	-1	-1	-1	-1.1764705882352928
3659	3801	3658	7	-1	-1	-1	0
3758	3757	3607	3	-1	-1	-1	-1.1764705882352928
3669	3656	3798	7	-1	-1	-1	0
3757	3759	3608	3	-1	-1	-1	-1.1764705882352928
3761	3610	3755	3	-1	-1	-1	-1.1764705882352928
3609	3760	3758	3	-1	-1	-1	-1.1764705882352928
3804	3662	3661	7	-1	-1	-1	0
3664	3803	3661	7	-1	-1	-1	0
3805	3663	3662	7	-1	-1	-1	0
3754	3612	3764	3	-1	-1	-1	-1.1764705882352928
3610	3761	3760	3	-1	-1	-1	-1.1764705882352928
3688	3691	3754	3	-1	-1	-1	-1.1764705882352928
3771	3620	3742	14	-1	-1	-1	0
3759	3763	3611	3	-1	-1	-1	-1.1764705882352928
3666	3663	3807	7	-1	-1	-1	0
3762	3611	3763	3	-1	-1	-1	-1.1764705882352928
3764	3687	3686	3	-1	-1	-1	-1.1764705882352928
3665	3808	3664	7	-1	-1	-1	0
3686	3688	3764	3	-1	-1	-1	-1.1764705882352928
3764	3612	3762	3	-1	-1	-1	-1.1764705882352928
3667	3666	3809	7	-1	-1	-1	0
3808	3665	3669	7	-1	-1	-1	0
3769	3756	3617	3	-1	-1	-1	-1.1764705882352928
3700	3754	3691	3	-1	-1	-1	-1.1764705882352928
3766	3614	3765	14	-1	-1	-1	0
3614	3766	3767	14	-1	-1	-1	0
3768	3765	3615	14	-1	-1	-1	0
3616	3767	3769	14	-1	-1	-1	0
3770	3768	3618	14	-1	-1	-1	0
3703	3704	3753	3	-1	-1	-1	-1.1764705882352928
3771	3770	3619	14	-1	-1	-1	0
3812	3677	3676	14	-1	-1	-1	0
3622	3772	3773	14	-1	-1	-1	0
3679	3813	3676	14	-1	-1	-1	0
3679	3678	3816	14	-1	-1	-1	0
3683	3677	3814	14	-1	-1	-1	0
3684	3817	3678	14	-1	-1	-1	0
3773	3774	3634	14	-1	-1	-1	0
3682	3820	3681	2	-1	-1	-1	1.1764705882352926
3682	3683	3821	14	-1	-1	-1	0
3637	3777	3775	8	-1	-1	-1	0
3637	3776	3777	8	-1	-1	-1	0
3776	3638	3778	8	-1	-1	-1	0
3684	3685	3825	14	-1	-1	-1	0
3778	3639	3779	8	-1	-1	-1	0
3774	3782	3641	14	-1	-1	-1	0
3809	3722	3667	7	-1	-1	-1	0
3781	3779	3640	8	-1	-1	-1	0
3781	3640	3780	8	-1	-1	-1	0
3782	3780	3641	8	-1	-1	-1	0
3717	3772	3716	14	-1	-1	-1	0
3787	3643	3775	8	-1	-1	-1	0
3829	3690	3687	3	-1	-1	-1	-1.1764705882352928
3754	3764	3688	3	-1	-1	-1	-1.1764705882352928
3783	3642	3784	8	-1	-1	-1	0
3827	3685	3698	14	-1	-1	-1	0
3689	3690	3831	3	-1	-1	-1	-1.1764705882352928
3784	3642	3785	8	-1	-1	-1	0
3830	3692	3689	14	-1	-1	-1	0
3785	3643	3786	8	-1	-1	-1	0
3745	3735	3734	14	-1	-1	-1	0
3715	3681	3820	2	-1	-1	-1	1.1764705882352926
3786	3643	3787	8	-1	-1	-1	0
3783	3788	3647	8	-1	-1	-1	0
3693	3692	3835	14	-1	-1	-1	0
3790	3646	3788	8	-1	-1	-1	0
3695	3693	3836	14	-1	-1	-1	0
3789	3646	3790	8	-1	-1	-1	0
3694	3695	3837	14	-1	-1	-1	0
3837	3696	3694	14	-1	-1	-1	0
3696	3839	3697	14	-1	-1	-1	0
3651	3791	3793	7	-1	-1	-1	0
3697	3841	3698	14	-1	-1	-1	0
3793	3792	3651	7	-1	-1	-1	0
3794	3791	3653	7	-1	-1	-1	0
3654	3789	3795	8	-1	-1	-1	0
3794	3654	3795	8	-1	-1	-1	0
3655	3792	3796	7	-1	-1	-1	0
3656	3797	3798	7	-1	-1	-1	0
3704	3706	3842	3	-1	-1	-1	-1.1764705882352928
3797	3657	3799	7	-1	-1	-1	0
3705	3843	3706	3	-1	-1	-1	-1.1764705882352928
3708	3843	3705	3	-1	-1	-1	-1.1764705882352928
3657	3800	3799	7	-1	-1	-1	0
3796	3802	3659	7	-1	-1	-1	0
3658	3801	3800	7	-1	-1	-1	0
3844	3708	3707	14	-1	-1	-1	0
3707	3709	3844	14	-1	-1	-1	0
3659	3802	3801	7	-1	-1	-1	0
3803	3804	3661	7	-1	-1	-1	0
3846	3712	3713	2	-1	-1	-1	1.1764705882352926
3806	3662	3804	7	-1	-1	-1	0
3806	3805	3662	7	-1	-1	-1	0
3805	3807	3663	7	-1	-1	-1	0
3714	3848	3713	2	-1	-1	-1	1.1764705882352926
3803	3664	3808	7	-1	-1	-1	0
3712	3846	3718	2	-1	-1	-1	1.1764705882352926
3669	3798	3811	7	-1	-1	-1	0
3849	3714	3715	2	-1	-1	-1	1.1764705882352926
3828	3687	3764	3	-1	-1	-1	-1.1764705882352928
3810	3666	3807	7	-1	-1	-1	0
3666	3810	3809	7	-1	-1	-1	0
3719	3851	3717	14	-1	-1	-1	0
3808	3669	3811	7	-1	-1	-1	0
3719	3718	3852	14	-1	-1	-1	0
3720	3854	3721	7	-1	-1	-1	0
3753	3704	3842	3	-1	-1	-1	-1.1764705882352928
3721	3854	3725	7	-1	-1	-1	0
3855	3723	3722	7	-1	-1	-1	0
3812	3676	3813	14	-1	-1	-1	0
3815	3677	3812	14	-1	-1	-1	0
3752	3844	3709	14	-1	-1	-1	0
3677	3815	3814	14	-1	-1	-1	0
3857	3726	3725	7	-1	-1	-1	0
3818	3813	3679	14	-1	-1	-1	0
3816	3678	3817	14	-1	-1	-1	0
3728	3726	3858	7	-1	-1	-1	0
3679	3816	3819	14	-1	-1	-1	0
3728	3859	3727	7	-1	-1	-1	0
3818	3679	3819	14	-1	-1	-1	0
3727	3860	3729	7	-1	-1	-1	0
3683	3814	3823	14	-1	-1	-1	0
3862	3730	3729	6	-1	-1	-1	0
3730	3862	3731	6	-1	-1	-1	0
3820	3682	3822	2	-1	-1	-1	1.1764705882352926
3822	3682	3821	2	-1	-1	-1	1.1764705882352926
3684	3825	3817	14	-1	-1	-1	0
3683	3824	3821	14	-1	-1	-1	0
3732	3865	3733	14	-1	-1	-1	0
3823	3824	3683	14	-1	-1	-1	0
3867	3734	3733	14	-1	-1	-1	0
3685	3826	3825	14	-1	-1	-1	0
3826	3685	3827	14	-1	-1	-1	0
3772	3717	3851	14	-1	-1	-1	0
3869	3736	3737	14	-1	-1	-1	0
3828	3829	3687	3	-1	-1	-1	-1.1764705882352928
3751	3749	3845	3	-1	-1	-1	-1.1764705882352928
3871	3737	3738	14	-1	-1	-1	0
3745	3734	3867	14	-1	-1	-1	0
3751	3844	3752	3	-1	-1	-1	-1.1764705882352928
3736	3870	3741	14	-1	-1	-1	0
3689	3831	3830	3	-1	-1	-1	-1.1764705882352928
3690	3829	3832	3	-1	-1	-1	-1.1764705882352928
3832	3831	3690	3	-1	-1	-1	-1.1764705882352928
3875	3739	3740	14	-1	-1	-1	0
3762	3828	3764	3	-1	-1	-1	-1.1764705882352928
3743	3874	3738	14	-1	-1	-1	0
3834	3692	3830	14	-1	-1	-1	0
3876	3742	3739	14	-1	-1	-1	0
3877	3740	3741	14	-1	-1	-1	0
3834	3833	3692	14	-1	-1	-1	0
3692	3833	3835	14	-1	-1	-1	0
3835	3836	3693	14	-1	-1	-1	0
3827	3698	3841	14	-1	-1	-1	0
3836	3838	3695	14	-1	-1	-1	0
3838	3837	3695	14	-1	-1	-1	0
3696	3837	3840	14	-1	-1	-1	0
3748	3883	3743	14	-1	-1	-1	0
3885	3744	3745	14	-1	-1	-1	0
3747	3744	3884	14	-1	-1	-1	0
3696	3840	3839	14	-1	-1	-1	0
3839	3841	3697	14	-1	-1	-1	0
3793	3791	3794	7	-1	-1	-1	0
3886	3746	3747	14	-1	-1	-1	0
3886	3748	3746	14	-1	-1	-1	0
3793	3794	3795	7	-1	-1	-1	0
3715	3820	3849	2	-1	-1	-1	1.1764705882352926
3722	3809	3855	7	-1	-1	-1	0
3749	3750	3889	3	-1	-1	-1	-1.1764705882352928
3842	3706	3843	3	-1	-1	-1	-1.1764705882352928
3753	3889	3750	3	-1	-1	-1	-1.1764705882352928
3881	3771	3742	14	-1	-1	-1	0
3708	3845	3843	3	-1	-1	-1	-1.1764705882352928
3844	3845	3708	3	-1	-1	-1	-1.1764705882352928
3878	3760	3761	3	-1	-1	-1	-1.1764705882352928
3755	3756	3890	3	-1	-1	-1	-1.1764705882352928
3847	3846	3713	2	-1	-1	-1	1.1764705882352926
3755	3891	3761	3	-1	-1	-1	-1.1764705882352928
3893	3757	3758	3	-1	-1	-1	-1.1764705882352928
3759	3757	3892	3	-1	-1	-1	-1.1764705882352928
3713	3848	3847	2	-1	-1	-1	1.1764705882352926
3758	3760	3894	3	-1	-1	-1	-1.1764705882352928
3714	3850	3848	2	-1	-1	-1	1.1764705882352926
3850	3714	3849	2	-1	-1	-1	1.1764705882352926
3769	3890	3756	3	-1	-1	-1	-1.1764705882352928
3718	3846	3852	14	-1	-1	-1	0
3759	3897	3763	3	-1	-1	-1	-1.1764705882352928
3853	3851	3719	14	-1	-1	-1	0
3852	3853	3719	14	-1	-1	-1	0
3901	3762	3763	3	-1	-1	-1	-1.1764705882352928
3723	3855	3856	7	-1	-1	-1	0
3766	3765	3903	14	-1	-1	-1	0
3857	3725	3854	7	-1	-1	-1	0
3768	3903	3765	14	-1	-1	-1	0
3767	3766	3904	14	-1	-1	-1	0
3845	3844	3751	3	-1	-1	-1	-1.1764705882352928
3726	3857	3858	7	-1	-1	-1	0
3905	3769	3767	14	-1	-1	-1	0
3768	3770	3907	14	-1	-1	-1	0
3859	3860	3727	7	-1	-1	-1	0
3861	3728	3858	7	-1	-1	-1	0
3859	3728	3861	7	-1	-1	-1	0
3770	3771	3909	14	-1	-1	-1	0
3729	3860	3862	7	-1	-1	-1	0
3911	3773	3772	14	-1	-1	-1	0
3863	3731	3862	6	-1	-1	-1	0
3774	3773	3912	14	-1	-1	-1	0
3732	3864	3865	14	0	-1	-1	0
3865	3866	3733	14	-1	-1	-1	0
3867	3733	3866	14	-1	-1	-1	0
3775	3777	3914	8	-1	-1	-1	0
3777	3776	3915	8	-1	-1	-1	0
3782	3774	3912	14	-1	-1	-1	0
3778	3915	3776	8	-1	-1	-1	0
3869	3868	3736	14	-1	-1	-1	0
3736	3868	3870	14	-1	-1	-1	0
3779	3918	3778	8	-1	-1	-1	0
3914	3787	3775	8	-1	-1	-1	0
3737	3873	3869	14	-1	-1	-1	0
3781	3919	3779	8	-1	-1	-1	0
3737	3871	3872	14	-1	-1	-1	0
3780	3920	3781	8	-1	-1	-1	0
3780	3782	3920	8	-1	-1	-1	0
3872	3873	3737	14	-1	-1	-1	0
3874	3871	3738	14	-1	-1	-1	0
3889	3845	3749	3	-1	-1	-1	-1.1764705882352928
3889	3753	3842	3	-1	-1	-1	-1.1764705882352928
3876	3739	3875	14	-1	-1	-1	0
3822	3849	3820	2	-1	-1	-1	1.1764705882352926
3880	3741	3870	14	-1	-1	-1	0
3901	3828	3762	3	-1	-1	-1	-1.1764705882352928
3784	3925	3783	8	-1	-1	-1	0
3878	3875	3740	14	-1	-1	-1	0
3878	3740	3877	14	-1	-1	-1	0
3784	3785	3926	8	-1	-1	-1	0
3788	3783	3925	8	-1	-1	-1	0
3877	3741	3879	14	-1	-1	-1	0
3867	3885	3745	14	-1	-1	-1	0
3881	3742	3876	14	-1	-1	-1	0
3743	3882	3874	14	-1	-1	-1	0
3785	3786	3928	8	-1	-1	-1	0
3741	3880	3879	14	-1	-1	-1	0
3929	3786	3787	8	-1	-1	-1	0
3788	3925	3790	8	-1	-1	-1	0
3882	3743	3883	14	-1	-1	-1	0
3931	3789	3790	8	-1	-1	-1	0
3885	3884	3744	14	-1	-1	-1	0
3795	3789	3931	8	-1	-1	-1	0
3883	3748	3886	14	-1	-1	-1	0
3793	3934	3792	7	-1	-1	-1	0
3747	3884	3888	14	-1	-1	-1	0
3887	3886	3747	14	-1	-1	-1	0
3849	3822	3850	2	-1	-1	-1	1.1764705882352926
3795	3934	3793	7	-1	-1	-1	0
3934	3796	3792	7	-1	-1	-1	0
3887	3747	3888	14	-1	-1	-1	0
3936	3798	3797	7	-1	-1	-1	0
3937	3797	3799	7	-1	-1	-1	0
3935	3802	3796	7	-1	-1	-1	0
3772	3851	3911	14	-1	-1	-1	0
3755	3890	3891	3	-1	-1	-1	-1.1764705882352928
3799	3800	3937	7	-1	-1	-1	0
3899	3760	3878	3	-1	-1	-1	-1.1764705882352928
3811	3798	3928	7	-1	-1	-1	0
3800	3801	3938	7	-1	-1	-1	0
3900	3878	3761	3	-1	-1	-1	-1.1764705882352928
3939	3801	3802	7	-1	-1	-1	0
3892	3757	3893	3	-1	-1	-1	-1.1764705882352928
3893	3758	3895	3	-1	-1	-1	-1.1764705882352928
3894	3895	3758	3	-1	-1	-1	-1.1764705882352928
3803	3941	3804	7	-1	-1	-1	0
3892	3898	3759	3	-1	-1	-1	-1.1764705882352928
3759	3896	3897	3	-1	-1	-1	-1.1764705882352928
3900	3761	3891	3	-1	-1	-1	-1.1764705882352928
3806	3804	3943	7	-1	-1	-1	0
3898	3896	3759	3	-1	-1	-1	-1.1764705882352928
3942	3803	3808	7	-1	-1	-1	0
3760	3899	3894	3	-1	-1	-1	-1.1764705882352928
3944	3805	3806	7	-1	-1	-1	0
3805	3944	3807	7	-1	-1	-1	0
3901	3829	3828	3	-1	-1	-1	-1.1764705882352928
3771	3881	3910	14	-1	-1	-1	0
3763	3897	3902	3	-1	-1	-1	-1.1764705882352928
3946	3810	3807	7	-1	-1	-1	0
3808	3811	3947	7	-1	-1	-1	0
3902	3901	3763	3	-1	-1	-1	-1.1764705882352928
3948	3809	3810	7	-1	-1	-1	0
3890	3769	3908	3	-1	-1	-1	-1.1764705882352928
3903	3904	3766	14	-1	-1	-1	0
3842	3843	3889	3	-1	-1	-1	-1.1764705882352928
3767	3904	3905	14	-1	-1	-1	0
3813	3951	3812	14	-1	-1	-1	0
3845	3889	3843	3	-1	-1	-1	-1.1764705882352928
3768	3906	3903	14	-1	-1	-1	0
3812	3952	3815	14	-1	-1	-1	0
3907	3906	3768	14	-1	-1	-1	0
3905	3908	3769	3	-1	-1	-1	-1.1764705882352928
3814	3815	3955	14	-1	-1	-1	0
3953	3813	3818	14	-1	-1	-1	0
3770	3909	3907	14	-1	-1	-1	0
3771	3910	3909	14	-1	-1	-1	0
3814	3954	3823	14	-1	-1	-1	0
3816	3817	3958	14	-1	-1	-1	0
3957	3819	3816	14	-1	-1	-1	0
3913	3773	3911	14	-1	-1	-1	0
3913	3912	3773	14	-1	-1	-1	0
3819	3962	3818	14	-1	-1	-1	0
3959	3817	3825	14	-1	-1	-1	0
3777	3916	3914	8	-1	-1	-1	0
3777	3915	3916	8	-1	-1	-1	0
3822	3821	3966	2	-1	-1	-1	1.1764705882352926
3917	3915	3778	8	-1	-1	-1	0
3821	3824	3966	2	-1	-1	-1	1.1764705882352926
3809	3948	3855	7	-1	-1	-1	0
3918	3917	3778	8	-1	-1	-1	0
3968	3824	3823	14	-1	-1	-1	0
3918	3779	3919	8	-1	-1	-1	0
3924	3782	3912	14	-1	-1	-1	0
3921	3781	3920	8	-1	-1	-1	0
3971	3825	3826	14	-1	-1	-1	0
3781	3922	3919	8	-1	-1	-1	0
3827	3972	3826	14	-1	-1	-1	0
3921	3923	3781	8	-1	-1	-1	0
3781	3923	3922	8	-1	-1	-1	0
3924	3920	3782	8	-1	-1	-1	0
3787	3914	3930	8	-1	-1	-1	0
3975	3832	3829	3	-1	-1	-1	-1.1764705882352928
3927	3925	3784	8	-1	-1	-1	0
3976	3830	3831	3	-1	-1	-1	-1.1764705882352928
3926	3927	3784	8	-1	-1	-1	0
3926	3785	3928	8	-1	-1	-1	0
3967	3850	3822	2	-1	-1	-1	1.1764705882352926
3976	3834	3830	3	-1	-1	-1	-1.1764705882352928
3832	3978	3831	3	-1	-1	-1	-1.1764705882352928
3827	3841	3973	14	-1	-1	-1	0
3786	3929	3928	8	-1	-1	-1	0
3787	3930	3929	8	-1	-1	-1	0
3833	3834	3980	14	-1	-1	-1	0
3933	3790	3925	8	-1	-1	-1	0
3981	3835	3833	14	-1	-1	-1	0
3900	3876	3875	14	-1	-1	-1	0
3931	3790	3932	8	-1	-1	-1	0
3900	3875	3878	14	-1	-1	-1	0
3836	3835	3983	14	-1	-1	-1	0
3878	3877	3899	14	-1	-1	-1	0
3933	3932	3790	8	-1	-1	-1	0
3836	3984	3838	14	-1	-1	-1	0
3856	3855	3948	7	-1	-1	-1	0
3931	3934	3795	7	-1	-1	-1	0
3837	3838	3986	14	-1	-1	-1	0
3798	3936	3928	7	-1	-1	-1	0
3837	3987	3840	14	-1	-1	-1	0
3935	3796	3934	7	-1	-1	-1	0
3839	3840	3988	14	-1	-1	-1	0
3928	3929	3811	7	-1	-1	-1	0
3989	3841	3839	14	-1	-1	-1	0
3937	3936	3797	7	-1	-1	-1	0
3800	3938	3937	7	-1	-1	-1	0
3802	3935	3940	7	-1	-1	-1	0
3939	3938	3801	7	-1	-1	-1	0
3939	3802	3940	7	-1	-1	-1	0
3941	3803	3942	7	-1	-1	-1	0
3846	3847	3993	14	-1	-1	-1	0
3811	3929	3947	7	-1	-1	-1	0
3943	3804	3941	7	-1	-1	-1	0
3847	3848	3994	2	-1	-1	-1	1.1764705882352926
3852	3846	3993	14	-1	-1	-1	0
3806	3943	3945	7	-1	-1	-1	0
3850	3997	3848	2	-1	-1	-1	1.1764705882352926
3806	3945	3944	7	-1	-1	-1	0
3808	3947	3942	7	-1	-1	-1	0
3944	3946	3807	7	-1	-1	-1	0
3853	3999	3851	14	-1	-1	-1	0
4000	3853	3852	14	-1	-1	-1	0
3975	3829	3901	3	-1	-1	-1	-1.1764705882352928
3950	3810	3946	7	-1	-1	-1	0
3948	3810	3949	7	-1	-1	-1	0
3950	3949	3810	7	-1	-1	-1	0
3904	3903	3906	14	-1	-1	-1	0
3951	3952	3812	14	-1	-1	-1	0
3951	3813	3953	14	-1	-1	-1	0
4002	3860	3859	7	-1	-1	-1	0
3861	4002	3859	7	-1	-1	-1	0
3954	3814	3955	14	-1	-1	-1	0
3815	3952	3956	14	-1	-1	-1	0
4003	3862	3860	7	-1	-1	-1	0
3956	3955	3815	14	-1	-1	-1	0
3863	3862	4003	7	-1	-1	-1	0
3816	3958	3957	14	-1	-1	-1	0
3818	3961	3953	14	-1	-1	-1	0
4004	3865	3864	14	-1	-1	-1	0
3960	3958	3817	14	-1	-1	-1	0
3959	3960	3817	14	-1	-1	-1	0
3865	4007	3866	14	-1	-1	-1	0
3964	3819	3957	14	-1	-1	-1	0
3867	3866	4008	14	-1	-1	-1	0
3963	3961	3818	14	-1	-1	-1	0
3963	3818	3962	14	-1	-1	-1	0
3823	3954	3968	14	-1	-1	-1	0
4009	3868	3869	14	-1	-1	-1	0
3965	3962	3819	14	-1	-1	-1	0
4010	3870	3868	14	-1	-1	-1	0
3819	3964	3965	14	-1	-1	-1	0
3924	3912	3913	14	-1	-1	-1	0
4009	3869	3873	14	-1	-1	-1	0
3970	3959	3825	14	-1	-1	-1	0
3822	3966	3967	2	-1	-1	-1	1.1764705882352926
3872	3871	4013	14	-1	-1	-1	0
3874	4012	3871	14	-1	-1	-1	0
3966	3824	3969	2	-1	-1	-1	1.1764705882352926
4014	3873	3872	14	-1	-1	-1	0
3998	3911	3851	14	-1	-1	-1	0
3867	4008	3885	14	-1	-1	-1	0
3870	4011	3880	14	-1	-1	-1	0
3969	3824	3968	2	-1	-1	-1	1.1764705882352926
3920	3924	3921	8	-1	-1	-1	0
3825	3971	3970	14	-1	-1	-1	0
3826	3972	3971	14	-1	-1	-1	0
3974	3972	3827	14	-1	-1	-1	0
4018	3874	3882	14	-1	-1	-1	0
3827	3973	3974	14	-1	-1	-1	0
3876	4019	3881	14	-1	-1	-1	0
4022	3877	3879	14	-1	-1	-1	0
3880	4023	3879	14	-1	-1	-1	0
3831	3977	3976	3	-1	-1	-1	-1.1764705882352928
3979	3832	3975	3	-1	-1	-1	-1.1764705882352928
3831	3978	3977	3	-1	-1	-1	-1.1764705882352928
3832	3979	3978	3	-1	-1	-1	-1.1764705882352928
3926	3928	3936	7	-1	-1	-1	0
3937	3927	3926	7	-1	-1	-1	0
3834	3976	3982	3	-1	-1	-1	-1.1764705882352928
4028	3882	3883	14	-1	-1	-1	0
3981	3833	3980	14	-1	-1	-1	0
3834	3982	3980	3	-1	-1	-1	-1.1764705882352928
4020	3876	3900	14	-1	-1	-1	0
3935	3931	3932	7	-1	-1	-1	0
3899	3877	4022	14	-1	-1	-1	0
3981	3983	3835	14	-1	-1	-1	0
3936	3937	3926	7	-1	-1	-1	0
3886	4031	3883	14	-1	-1	-1	0
3935	3934	3931	7	-1	-1	-1	0
4032	3884	3885	14	-1	-1	-1	0
3927	3937	3938	7	-1	-1	-1	0
3983	3985	3836	14	-1	-1	-1	0
3887	4031	3886	14	-1	-1	-1	0
3888	3884	4032	14	-1	-1	-1	0
3984	3836	3985	14	-1	-1	-1	0
3933	3940	3932	7	-1	-1	-1	0
3856	3948	4001	7	-1	-1	-1	0
3930	3947	3929	7	-1	-1	-1	0
3992	3973	3841	14	-1	-1	-1	0
3935	3932	3940	7	-1	-1	-1	0
3838	3984	3986	14	-1	-1	-1	0
3888	4034	3887	14	-1	-1	-1	0
3837	3986	3987	14	-1	-1	-1	0
3894	4022	3895	3	-1	-1	-1	-1.1764705882352928
3900	3891	4020	3	-1	-1	-1	-1.1764705882352928
3939	3940	3933	7	-1	-1	-1	0
3850	3967	3997	2	-1	-1	-1	1.1764705882352926
3894	3899	4022	3	-1	-1	-1	-1.1764705882352928
3988	3989	3839	14	-1	-1	-1	0
3891	3890	4036	3	-1	-1	-1	-1.1764705882352928
3987	3990	3840	14	-1	-1	-1	0
3910	3881	4027	14	-1	-1	-1	0
3947	3930	3942	7	-1	-1	-1	0
3991	3988	3840	14	-1	-1	-1	0
3840	3990	3991	14	-1	-1	-1	0
3841	3989	3992	14	-1	-1	-1	0
3893	4039	3892	3	-1	-1	-1	-1.1764705882352928
4038	3898	3892	3	-1	-1	-1	-1.1764705882352928
3895	4041	3893	3	-1	-1	-1	-1.1764705882352928
3890	3908	4036	3	-1	-1	-1	-1.1764705882352928
3847	3995	3993	14	-1	-1	-1	0
3847	3994	3995	14	-1	-1	-1	0
3896	4043	3897	3	-1	-1	-1	-1.1764705882352928
4042	3896	3898	3	-1	-1	-1	-1.1764705882352928
3848	3996	3994	2	-1	-1	-1	1.1764705882352926
3997	3996	3848	2	-1	-1	-1	1.1764705882352926
3897	4044	3902	3	-1	-1	-1	-1.1764705882352928
4000	3852	3993	14	-1	-1	-1	0
3851	3999	3998	14	-1	-1	-1	0
4047	3901	3902	3	-1	-1	-1	-1.1764705882352928
4000	3999	3853	14	-1	-1	-1	0
3905	3904	4050	14	-1	-1	-1	0
3904	3906	4049	14	-1	-1	-1	0
3908	3905	4051	3	-1	-1	-1	-1.1764705882352928
3907	4052	3906	14	-1	-1	-1	0
4002	4003	3860	7	-1	-1	-1	0
4053	3907	3909	14	-1	-1	-1	0
4005	4004	3864	14	-1	-1	0	0
3909	3910	4055	14	-1	-1	-1	0
4006	3865	4004	14	-1	-1	-1	0
4007	3865	4006	14	-1	-1	-1	0
3913	3911	4057	14	-1	-1	-1	0
4007	4008	3866	14	-1	-1	-1	0
4009	4010	3868	14	-1	-1	-1	0
3914	3916	4060	8	-1	-1	-1	0
4010	4011	3870	14	-1	-1	-1	0
3916	3915	4061	8	-1	-1	-1	0
3915	3917	4062	8	-1	-1	-1	0
3924	3913	4058	14	-1	-1	-1	0
4013	3871	4012	14	-1	-1	-1	0
3873	4016	4009	14	-1	-1	-1	0
3949	4001	3948	7	-1	-1	-1	0
4064	3917	3918	8	-1	-1	-1	0
4015	3872	4013	14	-1	-1	-1	0
4014	3872	4015	14	-1	-1	-1	0
3967	3966	3969	2	-1	-1	-1	1.1764705882352926
3873	4014	4016	14	-1	-1	-1	0
4017	4012	3874	14	-1	-1	-1	0
3930	3914	4059	8	-1	-1	-1	0
3921	3924	4058	8	-1	-1	-1	0
3918	3919	4066	8	-1	-1	-1	0
3922	4067	3919	8	-1	-1	-1	0
4018	4017	3874	14	-1	-1	-1	0
3921	4068	3923	8	-1	-1	-1	0
3923	4070	3922	8	-1	-1	-1	0
3876	4021	4019	14	-1	-1	-1	0
4021	3876	4020	14	-1	-1	-1	0
3880	4011	4026	14	-1	-1	-1	0
3975	3901	4047	3	-1	-1	-1	-1.1764705882352928
4073	3925	3927	8	-1	-1	-1	0
3879	4024	4022	14	-1	-1	-1	0
4032	3885	4008	14	-1	-1	-1	0
4023	4024	3879	14	-1	-1	-1	0
4027	3881	4019	14	-1	-1	-1	0
3880	4025	4023	14	-1	-1	-1	0
4018	3882	4029	14	-1	-1	-1	0
3933	3925	4073	8	-1	-1	-1	0
3880	4026	4025	14	-1	-1	-1	0
3942	3930	4059	7	-1	-1	-1	0
3982	3976	3977	3	-1	-1	-1	-1.1764705882352928
3927	3938	4073	7	-1	-1	-1	0
4028	4029	3882	14	-1	-1	-1	0
3895	4022	4024	3	-1	-1	-1	-1.1764705882352928
3883	4030	4028	14	-1	-1	-1	0
4059	3941	3942	7	-1	-1	-1	0
3943	3941	4060	7	-1	-1	-1	0
3883	4031	4030	14	-1	-1	-1	0
3939	3933	4073	7	-1	-1	-1	0
4037	4020	3891	3	-1	-1	-1	-1.1764705882352928
4073	3938	3939	7	-1	-1	-1	0
3887	4033	4031	14	-1	-1	-1	0
3945	3943	4063	7	-1	-1	-1	0
4034	4033	3887	14	-1	-1	-1	0
4035	3888	4032	14	-1	-1	-1	0
3888	4035	4034	14	-1	-1	-1	0
4041	3895	4024	3	-1	-1	-1	-1.1764705882352928
3999	4000	3963	14	-1	-1	-1	0
4074	3944	3945	7	-1	-1	-1	0
4074	3946	3944	7	-1	-1	-1	0
4036	4037	3891	3	-1	-1	-1	-1.1764705882352928
3911	3998	4057	14	-1	-1	-1	0
4038	3892	4039	3	-1	-1	-1	-1.1764705882352928
4040	4039	3893	3	-1	-1	-1	-1.1764705882352928
3946	4077	3950	7	-1	-1	-1	0
4040	3893	4041	3	-1	-1	-1	-1.1764705882352928
4079	3949	3950	7	-1	-1	-1	0
4043	3896	4042	3	-1	-1	-1	-1.1764705882352928
4045	3898	4038	3	-1	-1	-1	-1.1764705882352928
3897	4043	4044	3	-1	-1	-1	-1.1764705882352928
4082	3952	3951	14	-1	-1	-1	0
4082	3951	3953	14	-1	-1	-1	0
4046	4042	3898	3	-1	-1	-1	-1.1764705882352928
3995	4000	3993	14	-1	-1	-1	0
4046	3898	4045	3	-1	-1	-1	-1.1764705882352928
4083	3956	3952	14	-1	-1	-1	0
4056	3910	4027	14	-1	-1	-1	0
3955	4085	3954	14	-1	-1	-1	0
4048	3902	4044	3	-1	-1	-1	-1.1764705882352928
3902	4048	4047	3	-1	-1	-1	-1.1764705882352928
4084	3953	3961	14	-1	-1	-1	0
4054	4036	3908	3	-1	-1	-1	-1.1764705882352928
3955	3956	4087	14	-1	-1	-1	0
4049	4050	3904	14	-1	-1	-1	0
3957	3958	4089	14	-1	-1	-1	0
4050	4051	3905	3	-1	-1	-1	-1.1764705882352928
3906	4052	4049	14	-1	-1	-1	0
3968	3954	4086	14	-1	-1	-1	0
4090	3958	3960	14	-1	-1	-1	0
4089	3964	3957	14	-1	-1	-1	0
4091	3960	3959	14	-1	-1	-1	0
4053	4052	3907	14	-1	-1	-1	0
4051	4054	3908	3	-1	-1	-1	-1.1764705882352928
4053	3909	4055	14	-1	-1	-1	0
3963	4094	3961	14	-1	-1	-1	0
4092	3959	3970	14	-1	-1	-1	0
3910	4056	4055	14	-1	-1	-1	0
3962	4097	3963	14	-1	-1	-1	0
3965	4096	3962	14	-1	-1	-1	0
4098	3965	3964	14	-1	-1	-1	0
3913	4057	4058	14	-1	-1	-1	0
4078	4001	3949	7	-1	-1	-1	0
4060	4059	3914	8	-1	-1	-1	0
3967	3969	4101	2	-1	-1	-1	1.1764705882352926
3915	4062	4061	8	-1	-1	-1	0
3916	4063	4060	8	-1	-1	-1	0
3968	4102	3969	2	-1	-1	-1	1.1764705882352926
4061	4063	3916	8	-1	-1	-1	0
4065	4062	3917	8	-1	-1	-1	0
4103	3970	3971	14	-1	-1	-1	0
4064	4065	3917	8	-1	-1	-1	0
4058	4068	3921	8	-1	-1	-1	0
4066	4064	3918	8	-1	-1	-1	0
3972	4106	3971	14	-1	-1	-1	0
4067	4066	3919	8	-1	-1	-1	0
4108	3972	3974	14	-1	-1	-1	0
4109	3974	3973	14	-1	-1	-1	0
4000	4094	3963	14	-1	-1	-1	0
4069	4067	3922	8	-1	-1	-1	0
3999	3963	4097	14	-1	-1	-1	0
4060	3941	4059	7	-1	-1	-1	0
3922	4070	4069	8	-1	-1	-1	0
3923	4068	4071	8	-1	-1	-1	0
3923	4072	4070	8	-1	-1	-1	0
3997	3967	4101	2	-1	-1	-1	1.1764705882352926
4060	4063	3943	7	-1	-1	-1	0
4071	4072	3923	8	-1	-1	-1	0
3979	3975	4113	3	-1	-1	-1	-1.1764705882352928
3978	4115	3977	3	-1	-1	-1	-1.1764705882352928
3977	4114	3982	3	-1	-1	-1	-1.1764705882352928
4116	3978	3979	3	-1	-1	-1	-1.1764705882352928
3992	4110	3973	14	-1	-1	-1	0
4037	4021	4020	3	-1	-1	-1	-1.1764705882352928
4118	3981	3980	14	-1	-1	-1	0
4119	3980	3982	3	-1	-1	-1	-1.1764705882352928
4076	3945	4063	7	-1	-1	-1	0
4120	3983	3981	14	-1	-1	-1	0
3985	3983	4121	14	-1	-1	-1	0
3985	4122	3984	14	-1	-1	-1	0
4123	3986	3984	14	-1	-1	-1	0
4097	3998	3999	14	-1	-1	-1	0
4074	3945	4075	7	-1	-1	-1	0
4076	4075	3945	7	-1	-1	-1	0
4074	4077	3946	7	-1	-1	-1	0
3987	3986	4125	14	-1	-1	-1	0
3990	3987	4126	14	-1	-1	-1	0
3989	3988	4127	14	-1	-1	-1	0
3991	4127	3988	14	-1	-1	-1	0
4078	3949	4079	7	-1	-1	-1	0
3950	4077	4080	7	-1	-1	-1	0
4127	3992	3989	14	-1	-1	-1	0
3991	3990	4128	14	-1	-1	-1	0
3950	4081	4079	7	-1	-1	-1	0
3950	4080	4081	7	-1	-1	-1	0
4083	3952	4082	14	-1	-1	-1	0
4084	4082	3953	14	-1	-1	-1	0
4133	3995	3994	14	-1	-1	-1	0
3994	3996	4133	14	-1	-1	-1	0
4086	3954	4085	14	-1	-1	-1	0
4088	3956	4083	14	-1	-1	-1	0
4085	3955	4087	14	-1	-1	-1	0
3997	4136	3996	2	-1	-1	-1	1.1764705882352926
4000	3995	4134	14	-1	-1	-1	0
4088	4087	3956	14	-1	-1	-1	0
3975	4047	4112	3	-1	-1	-1	-1.1764705882352928
3958	4090	4089	14	-1	-1	-1	0
4095	4084	3961	14	-1	-1	-1	0
4092	4091	3959	14	-1	-1	-1	0
4090	3960	4093	14	-1	-1	-1	0
4093	3960	4091	14	-1	-1	-1	0
4005	4138	4004	14	-1	-1	-1	0
4006	4004	4138	14	-1	-1	-1	0
4095	3961	4094	14	-1	-1	-1	0
4097	4057	3998	14	-1	-1	-1	0
4089	4099	3964	14	-1	-1	-1	0
4006	4141	4007	14	-1	-1	-1	0
4096	4097	3962	14	-1	-1	-1	0
4086	4102	3968	2	-1	-1	-1	1.1764705882352926
4008	4007	4144	14	-1	-1	-1	0
3964	4099	4098	14	-1	-1	-1	0
3965	4100	4096	14	-1	-1	-1	0
3965	4098	4100	14	-1	-1	-1	0
4010	4009	4146	14	-1	-1	-1	0
4104	4092	3970	14	-1	-1	-1	0
4147	4011	4010	14	-1	-1	-1	0
4009	4016	4145	14	-1	-1	-1	0
4101	3969	4102	2	-1	-1	-1	1.1764705882352926
4150	4013	4012	14	-1	-1	-1	0
4104	3970	4103	14	-1	-1	-1	0
3971	4105	4103	14	-1	-1	-1	0
4151	4015	4013	14	-1	-1	-1	0
4012	4017	4150	14	-1	-1	-1	0
4152	4014	4015	14	-1	-1	-1	0
4014	4152	4016	14	-1	-1	-1	0
4106	4105	3971	14	-1	-1	-1	0
4032	4008	4144	14	-1	-1	-1	0
4107	4106	3972	14	-1	-1	-1	0
4011	4149	4026	14	-1	-1	-1	0
4107	3972	4108	14	-1	-1	-1	0
4017	4018	4156	14	-1	-1	-1	0
4110	4109	3973	14	-1	-1	-1	0
4111	4108	3974	14	-1	-1	-1	0
4111	3974	4109	14	-1	-1	-1	0
4076	4063	4061	8	-1	-1	-1	0
4112	4113	3975	3	-1	-1	-1	-1.1764705882352928
4160	4019	4021	14	-1	-1	-1	0
4029	4158	4018	14	-1	-1	-1	0
4027	4019	4160	14	-1	-1	-1	0
4114	3977	4115	3	-1	-1	-1	-1.1764705882352928
4048	4112	4047	3	-1	-1	-1	-1.1764705882352928
3978	4116	4115	3	-1	-1	-1	-1.1764705882352928
4117	3979	4113	3	-1	-1	-1	-1.1764705882352928
4023	4162	4024	14	-1	-1	-1	0
4025	4162	4023	14	-1	-1	-1	0
4035	4032	4144	14	-1	-1	-1	0
4116	3979	4117	3	-1	-1	-1	-1.1764705882352928
4026	4163	4025	14	-1	-1	-1	0
4057	4100	4058	14	-1	-1	-1	0
3982	4114	4119	3	-1	-1	-1	-1.1764705882352928
4119	4118	3980	3	-1	-1	-1	-1.1764705882352928
4021	4037	4161	3	-1	-1	-1	-1.1764705882352928
3981	4118	4120	14	-1	-1	-1	0
4121	3983	4120	14	-1	-1	-1	0
4074	4075	4077	7	-1	-1	-1	0
4028	4167	4029	14	-1	-1	-1	0
4168	4028	4030	14	-1	-1	-1	0
4024	4162	4041	3	-1	-1	-1	-1.1764705882352928
4134	4094	4000	14	-1	-1	-1	0
4123	3984	4122	14	-1	-1	-1	0
3985	4121	4124	14	-1	-1	-1	0
4124	4122	3985	14	-1	-1	-1	0
4171	4030	4031	14	-1	-1	-1	0
3992	4131	4110	14	-1	-1	-1	0
4161	4037	4036	3	-1	-1	-1	-1.1764705882352928
4123	4125	3986	14	-1	-1	-1	0
4137	3997	4101	2	-1	-1	-1	1.1764705882352926
4031	4033	4172	14	-1	-1	-1	0
4125	4126	3987	14	-1	-1	-1	0
4034	4174	4033	14	-1	-1	-1	0
4126	4128	3990	14	-1	-1	-1	0
4034	4035	4175	14	-1	-1	-1	0
4127	3991	4129	14	-1	-1	-1	0
4027	4166	4056	14	-1	-1	-1	0
3991	4128	4130	14	-1	-1	-1	0
4097	4096	4057	14	-1	-1	-1	0
4129	3991	4130	14	-1	-1	-1	0
3992	4127	4132	14	-1	-1	-1	0
4036	4054	4161	3	-1	-1	-1	-1.1764705882352928
4057	4096	4100	14	-1	-1	-1	0
4176	4038	4039	3	-1	-1	-1	-1.1764705882352928
3992	4132	4131	14	-1	-1	-1	0
4039	4040	4178	3	-1	-1	-1	-1.1764705882352928
4038	4176	4045	3	-1	-1	-1	-1.1764705882352928
4041	4179	4040	3	-1	-1	-1	-1.1764705882352928
3995	4133	4134	14	-1	-1	-1	0
4133	3996	4135	14	-1	-1	-1	0
4180	4043	4042	14	-1	-1	-1	0
4135	3996	4136	14	-1	-1	-1	0
4042	4046	4181	14	-1	-1	-1	0
4043	4182	4044	14	-1	-1	-1	0
3997	4137	4136	2	-1	-1	-1	1.1764705882352926
4044	4183	4048	14	-1	-1	-1	0
4045	4184	4046	3	-1	-1	-1	-1.1764705882352928
4138	4005	4140	14	-1	-1	-1	0
4005	4139	4140	14	0	-1	-1	0
4187	4050	4049	14	-1	-1	-1	0
4006	4138	4142	14	-1	-1	-1	0
4052	4187	4049	14	-1	-1	-1	0
4142	4141	4006	14	-1	-1	-1	0
4051	4050	4188	3	-1	-1	-1	-1.1764705882352928
4143	4007	4141	14	-1	-1	-1	0
4051	4189	4054	3	-1	-1	-1	-1.1764705882352928
4007	4143	4144	14	-1	-1	-1	0
4052	4053	4190	14	-1	-1	-1	0
4055	4190	4053	14	-1	-1	-1	0
4145	4146	4009	14	-1	-1	-1	0
4055	4056	4191	14	-1	-1	-1	0
4010	4146	4148	14	-1	-1	-1	0
4010	4148	4147	14	-1	-1	-1	0
4149	4011	4147	14	-1	-1	-1	0
4151	4013	4150	14	-1	-1	-1	0
4145	4016	4155	14	-1	-1	-1	0
4062	4193	4061	8	-1	-1	-1	0
4068	4058	4192	8	-1	-1	-1	0
4151	4153	4015	14	-1	-1	-1	0
4153	4152	4015	14	-1	-1	-1	0
4065	4195	4062	8	-1	-1	-1	0
4154	4016	4152	14	-1	-1	-1	0
4095	4094	4134	14	-1	-1	-1	0
4157	4150	4017	14	-1	-1	-1	0
4154	4155	4016	14	-1	-1	-1	0
4064	4196	4065	8	-1	-1	-1	0
4017	4156	4157	14	-1	-1	-1	0
4193	4076	4061	8	-1	-1	-1	0
4067	4198	4066	8	-1	-1	-1	0
4159	4156	4018	14	-1	-1	-1	0
4067	4069	4198	8	-1	-1	-1	0
4158	4159	4018	14	-1	-1	-1	0
4199	4071	4068	8	-1	-1	-1	0
4101	4102	4137	2	-1	-1	-1	1.1764705882352926
4165	4026	4149	14	-1	-1	-1	0
4069	4070	4201	8	-1	-1	-1	0
4021	4161	4160	3	-1	-1	-1	-1.1764705882352928
4072	4203	4070	8	-1	-1	-1	0
4186	4112	4048	14	-1	-1	-1	0
4205	4072	4071	8	-1	-1	-1	0
4025	4163	4162	14	-1	-1	-1	0
4058	4100	4192	14	-1	-1	-1	0
4163	4026	4164	14	-1	-1	-1	0
4166	4027	4160	14	-1	-1	-1	0
4035	4144	4175	14	-1	-1	-1	0
4165	4164	4026	14	-1	-1	-1	0
4029	4169	4158	14	-1	-1	-1	0
4076	4209	4075	7	-1	-1	-1	0
4208	4077	4075	7	-1	-1	-1	0
4028	4168	4167	14	-1	-1	-1	0
4170	4029	4167	14	-1	-1	-1	0
4077	4210	4080	7	-1	-1	-1	0
4079	4211	4078	7	-1	-1	-1	0
4170	4169	4029	14	-1	-1	-1	0
4171	4168	4030	14	-1	-1	-1	0
4211	4079	4081	7	-1	-1	-1	0
4080	4213	4081	7	-1	-1	-1	0
4172	4171	4031	14	-1	-1	-1	0
4172	4033	4173	14	-1	-1	-1	0
4174	4173	4033	14	-1	-1	-1	0
4216	4083	4082	14	-1	-1	-1	0
4162	4179	4041	3	-1	-1	-1	-1.1764705882352928
4034	4175	4174	14	-1	-1	-1	0
4217	4082	4084	14	-1	-1	-1	0
4127	4129	4132	14	-1	-1	-1	0
4083	4218	4088	14	-1	-1	-1	0
4098	4192	4100	14	-1	-1	-1	0
4219	4086	4085	14	-1	-1	-1	0
4085	4087	4219	14	-1	-1	-1	0
4039	4177	4176	3	-1	-1	-1	-1.1764705882352928
4178	4177	4039	3	-1	-1	-1	-1.1764705882352928
4088	4221	4087	14	-1	-1	-1	0
4199	4098	4099	8	-1	-1	-1	0
4217	4084	4095	14	-1	-1	-1	0
4179	4178	4040	3	-1	-1	-1	-1.1764705882352928
4222	4089	4090	14	-1	-1	-1	0
4042	4181	4180	14	-1	-1	-1	0
4161	4054	4189	3	-1	-1	-1	-1.1764705882352928
4176	4184	4045	3	-1	-1	-1	-1.1764705882352928
4180	4182	4043	14	-1	-1	-1	0
4223	4090	4093	14	-1	-1	-1	0
4225	4091	4092	14	-1	-1	-1	0
4224	4093	4091	14	-1	-1	-1	0
4086	4220	4102	2	-1	-1	-1	1.1764705882352926
4044	4182	4183	14	-1	-1	-1	0
4099	4089	4222	14	-1	-1	-1	0
4181	4046	4185	14	-1	-1	-1	0
4166	4191	4056	14	-1	-1	-1	0
4184	4185	4046	14	-1	-1	-1	0
4186	4048	4183	14	-1	-1	-1	0
4142	4138	4140	14	-1	-1	-1	0
4226	4092	4104	14	-1	-1	-1	0
4188	4050	4187	3	-1	-1	-1	-1.1764705882352928
4189	4051	4188	3	-1	-1	-1	-1.1764705882352928
4190	4187	4052	14	-1	-1	-1	0
4191	4190	4055	14	-1	-1	-1	0
4104	4103	4231	14	-1	-1	-1	0
4232	4103	4105	14	-1	-1	-1	0
4106	4235	4105	14	-1	-1	-1	0
4107	4236	4106	14	-1	-1	-1	0
4062	4194	4193	8	-1	-1	-1	0
4195	4194	4062	8	-1	-1	-1	0
4107	4108	4238	14	-1	-1	-1	0
4228	4095	4134	14	-1	-1	-1	0
4108	4111	4238	14	-1	-1	-1	0
4197	4195	4065	8	-1	-1	-1	0
4065	4196	4197	8	-1	-1	-1	0
4109	4110	4239	9	-1	-1	-1	0
4220	4137	4102	2	-1	-1	-1	1.1764705882352926
4192	4199	4068	8	-1	-1	-1	0
4109	4240	4111	9	-1	-1	-1	0
4144	4143	4175	14	-1	-1	-1	0
4200	4198	4069	8	-1	-1	-1	0
4113	4112	4243	14	-1	-1	-1	0
4201	4200	4069	8	-1	-1	-1	0
4201	4070	4202	8	-1	-1	-1	0
4245	4114	4115	3	-1	-1	-1	-1.1764705882352928
4113	4244	4117	14	-1	-1	-1	0
4204	4071	4199	8	-1	-1	-1	0
4202	4070	4203	8	-1	-1	-1	0
4246	4115	4116	3	-1	-1	-1	-1.1764705882352928
4193	4209	4076	8	-1	-1	-1	0
4245	4119	4114	3	-1	-1	-1	-1.1764705882352928
4204	4205	4071	8	-1	-1	-1	0
4248	4116	4117	14	-1	-1	-1	0
4241	4110	4131	9	-1	-1	-1	0
4072	4207	4203	8	-1	-1	-1	0
4206	4072	4205	8	-1	-1	-1	0
4072	4206	4207	8	-1	-1	-1	0
4118	4119	4249	3	-1	-1	-1	-1.1764705882352928
4118	4250	4120	14	-1	-1	-1	0
4098	4199	4192	8	-1	-1	-1	0
4121	4120	4250	14	-1	-1	-1	0
4208	4075	4209	7	-1	-1	-1	0
4208	4210	4077	7	-1	-1	-1	0
4228	4134	4133	14	-1	-1	-1	0
4135	4228	4133	14	-1	-1	-1	0
4124	4121	4251	14	-1	-1	-1	0
4124	4252	4122	14	-1	-1	-1	0
4122	4253	4123	14	-1	-1	-1	0
4080	4210	4212	7	-1	-1	-1	0
4123	4255	4125	14	-1	-1	-1	0
4179	4162	4163	3	-1	-1	-1	-1.1764705882352928
4080	4212	4213	7	-1	-1	-1	0
4081	4214	4211	7	-1	-1	-1	0
4256	4126	4125	14	-1	-1	-1	0
4081	4213	4214	7	-1	-1	-1	0
4189	4160	4161	3	-1	-1	-1	-1.1764705882352928
4128	4126	4257	14	-1	-1	-1	0
4216	4082	4215	14	-1	-1	-1	0
4082	4217	4215	14	-1	-1	-1	0
4189	4166	4160	3	-1	-1	-1	-1.1764705882352928
4130	4128	4258	14	-1	-1	-1	0
4216	4218	4083	14	-1	-1	-1	0
4129	4130	4260	14	-1	-1	-1	0
4132	4129	4259	14	-1	-1	-1	0
4219	4220	4086	2	-1	-1	-1	1.1764705882352926
4131	4132	4264	14	-1	-1	-1	0
4088	4218	4221	14	-1	-1	-1	0
4221	4219	4087	14	-1	-1	-1	0
4199	4099	4230	8	-1	-1	-1	0
4222	4090	4223	14	-1	-1	-1	0
4135	4136	4267	14	-1	-1	-1	0
4217	4095	4228	14	-1	-1	-1	0
4224	4091	4225	14	-1	-1	-1	0
4112	4186	4243	14	-1	-1	-1	0
4268	4136	4137	2	-1	-1	-1	1.1764705882352926
4225	4092	4226	14	-1	-1	-1	0
4166	4189	4188	3	-1	-1	-1	-1.1764705882352928
4227	4223	4093	14	-1	-1	-1	0
4093	4224	4227	14	-1	-1	-1	0
4191	4166	4188	3	-1	-1	-1	-1.1764705882352928
4139	4270	4140	14	-1	-1	-1	0
4099	4222	4229	8	-1	-1	-1	0
4140	4271	4142	14	-1	-1	-1	0
4142	4272	4141	14	-1	-1	-1	0
4141	4273	4143	14	-1	-1	-1	0
4099	4229	4230	8	-1	-1	-1	0
4104	4234	4226	14	-1	-1	-1	0
4103	4232	4231	14	-1	-1	-1	0
4188	4187	4191	3	-1	-1	-1	-1.1764705882352928
4145	4276	4146	14	-1	-1	-1	0
4233	4104	4231	14	-1	-1	-1	0
4187	4190	4191	3	-1	-1	-1	-1.1764705882352928
4234	4104	4233	14	-1	-1	-1	0
4148	4146	4277	14	-1	-1	-1	0
4232	4105	4235	14	-1	-1	-1	0
4148	4279	4147	14	-1	-1	-1	0
4278	4149	4147	14	-1	-1	-1	0
4145	4155	4276	14	-1	-1	-1	0
4235	4106	4237	14	-1	-1	-1	0
4237	4106	4236	14	-1	-1	-1	0
4107	4238	4236	14	-1	-1	-1	0
4150	4284	4151	14	-1	-1	-1	0
4239	4240	4109	9	-1	-1	-1	0
4110	4241	4239	9	-1	-1	-1	0
4285	4153	4151	14	-1	-1	-1	0
4175	4143	4273	14	-1	-1	-1	0
4153	4286	4152	14	-1	-1	-1	0
4284	4150	4157	14	-1	-1	-1	0
4238	4111	4242	9	-1	-1	-1	0
4287	4154	4152	14	-1	-1	-1	0
4240	4242	4111	9	-1	-1	-1	0
4165	4149	4282	14	-1	-1	-1	0
4194	4209	4193	8	-1	-1	-1	0
4289	4155	4154	14	-1	-1	-1	0
4243	4244	4113	14	-1	-1	-1	0
4115	4246	4245	3	-1	-1	-1	-1.1764705882352928
4293	4157	4156	10	-1	-1	-1	0
4156	4159	4292	10	-1	-1	-1	0
4244	4248	4117	14	-1	-1	-1	0
4246	4116	4247	14	-1	-1	-1	0
4248	4247	4116	14	-1	-1	-1	0
4159	4158	4295	14	-1	-1	-1	0
4119	4245	4249	3	-1	-1	-1	-1.1764705882352928
4250	4118	4249	3	-1	-1	-1	-1.1764705882352928
4295	4158	4169	14	-1	-1	-1	0
4251	4121	4250	14	-1	-1	-1	0
4164	4297	4163	3	-1	-1	-1	-1.1764705882352928
4137	4220	4268	2	-1	-1	-1	1.1764705882352926
4164	4165	4298	14	-1	-1	-1	0
4251	4252	4124	14	-1	-1	-1	0
4252	4253	4122	14	-1	-1	-1	0
4135	4266	4228	14	-1	-1	-1	0
4253	4254	4123	14	-1	-1	-1	0
4254	4255	4123	14	-1	-1	-1	0
4230	4204	4199	8	-1	-1	-1	0
4241	4131	4263	9	-1	-1	-1	0
4256	4125	4255	14	-1	-1	-1	0
4167	4168	4302	14	-1	-1	-1	0
4302	4170	4167	14	-1	-1	-1	0
4179	4163	4297	3	-1	-1	-1	-1.1764705882352928
4256	4257	4126	14	-1	-1	-1	0
4168	4171	4303	14	-1	-1	-1	0
4258	4128	4257	14	-1	-1	-1	0
4170	4305	4169	14	-1	-1	-1	0
4303	4171	4172	14	-1	-1	-1	0
4260	4259	4129	14	-1	-1	-1	0
4261	4130	4258	14	-1	-1	-1	0
4130	4262	4260	14	-1	-1	-1	0
4172	4173	4308	14	-1	-1	-1	0
4262	4130	4261	14	-1	-1	-1	0
4265	4132	4259	14	-1	-1	-1	0
4131	4264	4263	9	-1	-1	-1	0
4311	4173	4174	14	-1	-1	-1	0
4132	4265	4264	14	-1	-1	-1	0
4313	4174	4175	14	-1	-1	-1	0
4314	4176	4177	3	-1	-1	-1	-1.1764705882352928
4267	4266	4135	14	-1	-1	-1	0
4136	4268	4267	14	-1	-1	-1	0
4178	4316	4177	3	-1	-1	-1	-1.1764705882352928
4176	4314	4184	3	-1	-1	-1	-1.1764705882352928
4317	4178	4179	3	-1	-1	-1	-1.1764705882352928
4270	4139	4269	14	-1	0	-1	0
4181	4319	4180	14	-1	-1	-1	0
4271	4140	4270	14	-1	-1	-1	0
4182	4180	4319	14	-1	-1	-1	0
4185	4320	4181	14	-1	-1	-1	0
4182	4321	4183	14	-1	-1	-1	0
4272	4274	4141	14	-1	-1	-1	0
4142	4271	4275	14	-1	-1	-1	0
4273	4141	4274	14	-1	-1	-1	0
4142	4275	4272	14	-1	-1	-1	0
4323	4186	4183	14	-1	-1	-1	0
4185	4184	4324	14	-1	-1	-1	0
4216	4215	4267	14	-1	-1	-1	0
4215	4217	4266	14	-1	-1	-1	0
4277	4146	4276	14	-1	-1	-1	0
4278	4147	4279	14	-1	-1	-1	0
4148	4277	4281	14	-1	-1	-1	0
4280	4279	4148	14	-1	-1	-1	0
4280	4148	4281	14	-1	-1	-1	0
4283	4149	4278	14	-1	-1	-1	0
4266	4217	4228	14	-1	-1	-1	0
4149	4283	4282	14	-1	-1	-1	0
4195	4329	4194	8	-1	-1	-1	0
4285	4151	4284	14	-1	-1	-1	0
4330	4195	4197	8	-1	-1	-1	0
4291	4276	4155	14	-1	-1	-1	0
4331	4197	4196	8	-1	-1	-1	0
4287	4152	4286	14	-1	-1	-1	0
4285	4288	4153	14	-1	-1	-1	0
4153	4288	4286	14	-1	-1	-1	0
4289	4154	4287	14	-1	-1	-1	0
4194	4328	4209	8	-1	-1	-1	0
4333	4200	4201	8	-1	-1	-1	0
4290	4155	4289	14	-1	-1	-1	0
4294	4284	4157	10	-1	-1	-1	0
4291	4155	4290	14	-1	-1	-1	0
4335	4201	4202	8	-1	-1	-1	0
4292	4293	4156	10	-1	-1	-1	0
4203	4336	4202	8	-1	-1	-1	0
4157	4293	4294	10	-1	-1	-1	0
4328	4208	4209	7	-1	-1	-1	0
4204	4337	4205	8	-1	-1	-1	0
4207	4336	4203	8	-1	-1	-1	0
4210	4208	4328	7	-1	-1	-1	0
4165	4282	4300	14	-1	-1	-1	0
4159	4296	4292	10	-1	-1	-1	0
4267	4215	4266	14	-1	-1	-1	0
4338	4206	4205	8	-1	-1	-1	0
4295	4296	4159	10	-1	-1	-1	0
4341	4207	4206	8	-1	-1	-1	0
4243	4186	4327	14	-1	-1	-1	0
4297	4164	4299	3	-1	-1	-1	-1.1764705882352928
4299	4164	4298	3	-1	-1	-1	-1.1764705882352928
4273	4313	4175	14	-1	-1	-1	0
4342	4212	4210	7	-1	-1	-1	0
4165	4301	4298	14	-1	-1	-1	0
4165	4300	4301	14	-1	-1	-1	0
4295	4169	4304	14	-1	-1	-1	0
4213	4212	4345	7	-1	-1	-1	0
4230	4337	4204	8	-1	-1	-1	0
4168	4303	4302	14	-1	-1	-1	0
4213	4346	4214	7	-1	-1	-1	0
4170	4302	4306	14	-1	-1	-1	0
4305	4304	4169	14	-1	-1	-1	0
4305	4170	4306	14	-1	-1	-1	0
4216	4347	4218	14	-1	-1	-1	0
4303	4172	4309	14	-1	-1	-1	0
4308	4307	4172	14	-1	-1	-1	0
4220	4219	4348	2	-1	-1	-1	1.1764705882352926
4348	4221	4218	14	-1	-1	-1	0
4309	4172	4307	14	-1	-1	-1	0
4348	4219	4221	2	-1	-1	-1	1.1764705882352926
4310	4308	4173	14	-1	-1	-1	0
4179	4297	4317	3	-1	-1	-1	-1.1764705882352928
4349	4222	4223	8	-1	-1	-1	0
4311	4310	4173	14	-1	-1	-1	0
4311	4174	4312	14	-1	-1	-1	0
4174	4313	4312	14	-1	-1	-1	0
4227	4350	4223	8	-1	-1	-1	0
4225	4351	4224	14	-1	-1	-1	0
4349	4229	4222	8	-1	-1	-1	0
4227	4224	4351	14	-1	-1	-1	0
4225	4226	4352	14	-1	-1	-1	0
4315	4314	4177	3	-1	-1	-1	-1.1764705882352928
4177	4316	4315	3	-1	-1	-1	-1.1764705882352928
4178	4318	4316	3	-1	-1	-1	-1.1764705882352928
4318	4178	4317	3	-1	-1	-1	-1.1764705882352928
4244	4243	4327	14	-1	-1	-1	0
4226	4234	4354	14	-1	-1	-1	0
4229	4356	4230	8	-1	-1	-1	0
4231	4232	4357	14	-1	-1	-1	0
4319	4181	4320	14	-1	-1	-1	0
4357	4233	4231	14	-1	-1	-1	0
4184	4314	4324	14	-1	-1	-1	0
4182	4319	4322	14	-1	-1	-1	0
4322	4321	4182	14	-1	-1	-1	0
4235	4358	4232	14	-1	-1	-1	0
4233	4360	4234	14	-1	-1	-1	0
4323	4183	4321	14	-1	-1	-1	0
4258	4244	4327	14	-1	-1	-1	0
4216	4267	4347	14	-1	-1	-1	0
4325	4320	4185	14	-1	-1	-1	0
4185	4324	4325	14	-1	-1	-1	0
4186	4323	4326	14	-1	-1	-1	0
4363	4235	4237	14	-1	-1	-1	0
4348	4268	4220	2	-1	-1	-1	1.1764705882352926
4364	4237	4236	9	-1	-1	-1	0
4186	4326	4327	14	-1	-1	-1	0
4236	4238	4365	9	-1	-1	-1	0
4260	4262	4323	14	-1	-1	-1	0
4365	4238	4242	9	-1	-1	-1	0
4367	4240	4239	9	-1	-1	-1	0
4327	4261	4258	14	-1	-1	-1	0
4367	4239	4241	9	-1	-1	-1	0
4261	4326	4262	14	-1	-1	-1	0
4368	4242	4240	9	-1	-1	-1	0
4194	4329	4328	8	-1	-1	-1	0
4195	4330	4329	8	-1	-1	-1	0
4332	4330	4197	8	-1	-1	-1	0
4331	4332	4197	8	-1	-1	-1	0
4373	4248	4244	14	-1	-1	-1	0
4374	4245	4246	3	-1	-1	-1	-1.1764705882352928
4333	4201	4334	8	-1	-1	-1	0
4245	4374	4249	3	-1	-1	-1	-1.1764705882352928
4247	4375	4246	14	-1	-1	-1	0
4334	4201	4335	8	-1	-1	-1	0
4377	4247	4248	14	-1	-1	-1	0
4202	4336	4335	8	-1	-1	-1	0
4241	4263	4371	9	-1	-1	-1	0
4258	4373	4244	14	-1	-1	-1	0
4249	4378	4250	3	-1	-1	-1	-1.1764705882352928
4251	4250	4378	3	-1	-1	-1	-1.1764705882352928
4343	4210	4328	7	-1	-1	-1	0
4251	4378	4252	14	-1	-1	-1	0
4254	4253	4375	14	-1	-1	-1	0
4205	4337	4340	8	-1	-1	-1	0
4338	4205	4339	8	-1	-1	-1	0
4268	4347	4267	14	-1	-1	-1	0
4205	4340	4339	8	-1	-1	-1	0
4207	4341	4336	8	-1	-1	-1	0
4252	4379	4253	14	-1	-1	-1	0
4341	4206	4338	8	-1	-1	-1	0
4376	4255	4254	14	-1	-1	-1	0
4377	4256	4255	14	-1	-1	-1	0
4257	4373	4258	14	-1	-1	-1	0
4257	4256	4377	14	-1	-1	-1	0
4343	4342	4210	7	-1	-1	-1	0
4344	4212	4342	7	-1	-1	-1	0
4259	4260	4381	14	-1	-1	-1	0
4212	4344	4345	7	-1	-1	-1	0
4321	4260	4323	14	-1	-1	-1	0
4259	4380	4265	14	-1	-1	-1	0
4346	4213	4345	7	-1	-1	-1	0
4264	4382	4263	9	-1	-1	-1	0
4302	4303	4306	14	-1	-1	-1	0
4323	4262	4326	14	-1	-1	-1	0
4265	4383	4264	14	-1	-1	-1	0
4218	4347	4348	14	-1	-1	-1	0
4299	4317	4297	3	-1	-1	-1	-1.1764705882352928
4261	4327	4326	14	-1	-1	-1	0
4223	4350	4349	8	-1	-1	-1	0
4356	4337	4230	8	-1	-1	-1	0
4270	4269	4386	14	-1	-1	-1	0
4271	4270	4387	14	-1	-1	-1	0
4351	4225	4352	14	-1	-1	-1	0
4352	4226	4353	14	-1	-1	-1	0
4350	4227	4355	8	-1	-1	-1	0
4227	4351	4355	8	-1	-1	-1	0
4353	4226	4354	14	-1	-1	-1	0
4387	4275	4271	14	-1	-1	-1	0
4274	4272	4388	14	-1	-1	-1	0
4356	4229	4349	8	-1	-1	-1	0
4317	4299	4318	3	-1	-1	-1	-1.1764705882352928
4388	4272	4275	14	-1	-1	-1	0
4389	4273	4274	14	-1	-1	-1	0
4277	4276	4392	14	-1	-1	-1	0
4232	4359	4357	14	-1	-1	-1	0
4358	4359	4232	14	-1	-1	-1	0
4354	4234	4362	14	-1	-1	-1	0
4233	4357	4361	14	-1	-1	-1	0
4279	4395	4278	14	-1	-1	-1	0
4394	4281	4277	14	-1	-1	-1	0
4233	4361	4360	14	-1	-1	-1	0
4234	4360	4362	14	-1	-1	-1	0
4397	4279	4280	14	-1	-1	-1	0
4358	4235	4363	14	-1	-1	-1	0
4278	4396	4283	14	-1	-1	-1	0
4291	4393	4276	14	-1	-1	-1	0
4281	4399	4280	14	-1	-1	-1	0
4260	4321	4381	14	-1	-1	-1	0
4268	4348	4347	14	-1	-1	-1	0
4365	4364	4236	9	-1	-1	-1	0
4366	4363	4237	9	-1	-1	-1	0
4366	4237	4364	9	-1	-1	-1	0
4282	4283	4404	14	-1	-1	-1	0
4406	4285	4284	10	-1	-1	-1	0
4313	4273	4389	14	-1	-1	-1	0
4367	4369	4240	9	-1	-1	-1	0
4369	4368	4240	9	-1	-1	-1	0
4367	4241	4370	9	-1	-1	-1	0
4365	4242	4372	9	-1	-1	-1	0
4288	4285	4407	10	-1	-1	-1	0
4408	4287	4286	14	-1	-1	-1	0
4372	4242	4368	9	-1	-1	-1	0
4241	4371	4370	9	-1	-1	-1	0
4286	4288	4409	14	-1	-1	-1	0
4294	4406	4284	10	-1	-1	-1	0
4282	4403	4300	14	-1	-1	-1	0
4287	4411	4289	14	-1	-1	-1	0
4414	4290	4289	14	-1	-1	-1	0
4246	4375	4374	14	-1	-1	-1	0
4290	4415	4291	14	-1	-1	-1	0
4247	4376	4375	14	-1	-1	-1	0
4248	4373	4377	14	-1	-1	-1	0
4377	4376	4247	14	-1	-1	-1	0
4329	4343	4328	8	-1	-1	-1	0
4249	4374	4378	3	-1	-1	-1	-1.1764705882352928
4293	4292	4418	10	-1	-1	-1	0
4254	4375	4376	14	-1	-1	-1	0
4377	4373	4257	14	-1	-1	-1	0
4293	4420	4294	10	-1	-1	-1	0
4296	4419	4292	10	-1	-1	-1	0
4375	4253	4379	14	-1	-1	-1	0
4377	4255	4376	14	-1	-1	-1	0
4378	4379	4252	14	-1	-1	-1	0
4296	4295	4421	10	-1	-1	-1	0
4371	4263	4382	9	-1	-1	-1	0
4299	4298	4423	3	-1	-1	-1	-1.1764705882352928
4380	4259	4381	14	-1	-1	-1	0
4295	4304	4421	10	-1	-1	-1	0
4298	4301	4423	3	-1	-1	-1	-1.1764705882352928
4321	4322	4381	14	-1	-1	-1	0
4425	4301	4300	14	-1	-1	-1	0
4383	4265	4380	14	-1	-1	-1	0
4382	4264	4383	9	-1	-1	-1	0
4356	4340	4337	8	-1	-1	-1	0
4306	4303	4427	14	-1	-1	-1	0
4269	4385	4384	14	0	-1	-1	0
4430	4304	4305	14	-1	-1	-1	0
4269	4384	4386	14	-1	-1	-1	0
4309	4428	4303	14	-1	-1	-1	0
4299	4424	4318	3	-1	-1	-1	-1.1764705882352928
4431	4305	4306	14	-1	-1	-1	0
4387	4270	4386	14	-1	-1	-1	0
4433	4309	4307	14	-1	-1	-1	0
4435	4307	4308	14	-1	-1	-1	0
4390	4274	4388	14	-1	-1	-1	0
4389	4274	4390	14	-1	-1	-1	0
4275	4387	4391	14	-1	-1	-1	0
4308	4310	4436	14	-1	-1	-1	0
4388	4275	4391	14	-1	-1	-1	0
4439	4310	4311	14	-1	-1	-1	0
4393	4392	4276	14	-1	-1	-1	0
4277	4392	4394	14	-1	-1	-1	0
4312	4441	4311	14	-1	-1	-1	0
4312	4313	4443	14	-1	-1	-1	0
4395	4396	4278	14	-1	-1	-1	0
4395	4279	4397	14	-1	-1	-1	0
4314	4315	4444	14	-1	-1	-1	0
4280	4398	4397	14	-1	-1	-1	0
4315	4316	4445	3	-1	-1	-1	-1.1764705882352928
4401	4281	4394	14	-1	-1	-1	0
4400	4398	4280	14	-1	-1	-1	0
4400	4280	4399	14	-1	-1	-1	0
4324	4314	4444	14	-1	-1	-1	0
4402	4399	4281	14	-1	-1	-1	0
4318	4448	4316	3	-1	-1	-1	-1.1764705882352928
4283	4396	4405	14	-1	-1	-1	0
4281	4401	4402	14	-1	-1	-1	0
4319	4320	4449	14	-1	-1	-1	0
4282	4404	4403	14	-1	-1	-1	0
4449	4322	4319	14	-1	-1	-1	0
4404	4283	4405	14	-1	-1	-1	0
4325	4451	4320	14	-1	-1	-1	0
4285	4406	4407	10	-1	-1	-1	0
4417	4393	4291	14	-1	-1	-1	0
4409	4408	4286	14	-1	-1	-1	0
4455	4325	4324	14	-1	-1	-1	0
4410	4287	4408	14	-1	-1	-1	0
4407	4412	4288	10	-1	-1	-1	0
4410	4411	4287	14	-1	-1	-1	0
4288	4412	4409	10	-1	-1	-1	0
4411	4413	4289	14	-1	-1	-1	0
4456	4329	4330	8	-1	-1	-1	0
4414	4289	4413	14	-1	-1	-1	0
4332	4457	4330	8	-1	-1	-1	0
4420	4406	4294	10	-1	-1	-1	0
4290	4414	4416	14	-1	-1	-1	0
4458	4332	4331	8	-1	-1	-1	0
4415	4290	4416	14	-1	-1	-1	0
4415	4417	4291	14	-1	-1	-1	0
4460	4333	4334	8	-1	-1	-1	0
4300	4403	4425	14	-1	-1	-1	0
4343	4329	4456	8	-1	-1	-1	0
4379	4374	4375	14	-1	-1	-1	0
4419	4418	4292	10	-1	-1	-1	0
4462	4334	4335	8	-1	-1	-1	0
4378	4374	4379	14	-1	-1	-1	0
4420	4293	4418	10	-1	-1	-1	0
4335	4336	4463	8	-1	-1	-1	0
4419	4296	4422	10	-1	-1	-1	0
4422	4296	4421	10	-1	-1	-1	0
4463	4336	4341	8	-1	-1	-1	0
4339	4465	4338	8	-1	-1	-1	0
4464	4341	4338	8	-1	-1	-1	0
4443	4313	4389	14	-1	-1	-1	0
4340	4466	4339	8	-1	-1	-1	0
4299	4423	4424	3	-1	-1	-1	-1.1764705882352928
4423	4301	4426	3	-1	-1	-1	-1.1764705882352928
4426	4301	4425	3	-1	-1	-1	-1.1764705882352928
4429	4421	4304	10	-1	-1	-1	0
4322	4453	4381	14	-1	-1	-1	0
4342	4343	4472	7	-1	-1	-1	0
4303	4428	4427	14	-1	-1	-1	0
4342	4473	4344	7	-1	-1	-1	0
4430	4429	4304	10	-1	-1	-1	0
4474	4345	4344	7	-1	-1	-1	0
4427	4432	4306	14	-1	-1	-1	0
4346	4345	4475	7	-1	-1	-1	0
4305	4431	4430	14	-1	-1	-1	0
4470	4340	4356	8	-1	-1	-1	0
4349	4350	4470	8	-1	-1	-1	0
4306	4432	4431	14	-1	-1	-1	0
4309	4437	4428	14	-1	-1	-1	0
4307	4434	4433	14	-1	-1	-1	0
4349	4470	4356	8	-1	-1	-1	0
4307	4435	4434	14	-1	-1	-1	0
4435	4308	4436	14	-1	-1	-1	0
4438	4309	4433	14	-1	-1	-1	0
4477	4351	4352	8	-1	-1	-1	0
4476	4350	4355	8	-1	-1	-1	0
4478	4352	4353	8	-1	-1	-1	0
4351	4477	4355	8	-1	-1	-1	0
4437	4309	4438	14	-1	-1	-1	0
4439	4436	4310	14	-1	-1	-1	0
4353	4354	4479	8	-1	-1	-1	0
4318	4424	4448	3	-1	-1	-1	-1.1764705882352928
4311	4440	4439	14	-1	-1	-1	0
4442	4441	4312	14	-1	-1	-1	0
4440	4311	4441	14	-1	-1	-1	0
4354	4362	4480	8	-1	-1	-1	0
4442	4312	4443	14	-1	-1	-1	0
4483	4357	4359	14	-1	-1	-1	0
4357	4482	4361	14	-1	-1	-1	0
4484	4359	4358	14	-1	-1	-1	0
4484	4358	4363	14	-1	-1	-1	0
4315	4446	4444	14	-1	-1	-1	0
4315	4445	4446	14	-1	-1	-1	0
4486	4360	4361	14	-1	-1	-1	0
4316	4447	4445	3	-1	-1	-1	-1.1764705882352928
4486	4362	4360	14	-1	-1	-1	0
4448	4447	4316	3	-1	-1	-1	-1.1764705882352928
4453	4380	4381	14	-1	-1	-1	0
4380	4453	4383	14	-1	-1	-1	0
4489	4363	4366	9	-1	-1	-1	0
4450	4449	4320	14	-1	-1	-1	0
4490	4364	4365	9	-1	-1	-1	0
4364	4491	4366	9	-1	-1	-1	0
4320	4451	4450	14	-1	-1	-1	0
4455	4324	4444	14	-1	-1	-1	0
4454	4322	4449	14	-1	-1	-1	0
4365	4372	4490	9	-1	-1	-1	0
4453	4322	4452	14	-1	-1	-1	0
4454	4452	4322	14	-1	-1	-1	0
4493	4369	4367	9	-1	-1	-1	0
4455	4451	4325	14	-1	-1	-1	0
4494	4367	4370	9	-1	-1	-1	0
4496	4368	4369	9	-1	-1	-1	0
4368	4495	4372	9	-1	-1	-1	0
4371	4498	4370	9	-1	-1	-1	0
4330	4457	4456	8	-1	-1	-1	0
4332	4459	4457	8	-1	-1	-1	0
4459	4332	4458	8	-1	-1	-1	0
4371	4382	4500	9	-1	-1	-1	0
4460	4334	4461	8	-1	-1	-1	0
4461	4334	4462	8	-1	-1	-1	0
4335	4463	4462	8	-1	-1	-1	0
4502	4382	4383	9	-1	-1	-1	0
4465	4464	4338	8	-1	-1	-1	0
4464	4463	4341	8	-1	-1	-1	0
4343	4456	4472	8	-1	-1	-1	0
4339	4466	4467	8	-1	-1	-1	0
4465	4339	4468	8	-1	-1	-1	0
4424	4423	4426	3	-1	-1	-1	-1.1764705882352928
4339	4467	4468	8	-1	-1	-1	0
4385	4505	4384	14	-1	-1	-1	0
4384	4505	4386	14	-1	-1	-1	0
4340	4469	4466	8	-1	-1	-1	0
4471	4469	4340	8	-1	-1	-1	0
4387	4386	4508	14	-1	-1	-1	0
4470	4471	4340	8	-1	-1	-1	0
4342	4472	4473	7	-1	-1	-1	0
4509	4391	4387	14	-1	-1	-1	0
4388	4512	4390	14	-1	-1	-1	0
4388	4391	4511	14	-1	-1	-1	0
4344	4473	4474	7	-1	-1	-1	0
4389	4390	4513	14	-1	-1	-1	0
4474	4475	4345	7	-1	-1	-1	0
4476	4470	4350	8	-1	-1	-1	0
4516	4392	4393	14	-1	-1	-1	0
4394	4392	4515	14	-1	-1	-1	0
4451	4455	4400	14	-1	-1	-1	0
4478	4477	4352	8	-1	-1	-1	0
4518	4396	4395	14	-1	-1	-1	0
4518	4395	4397	14	-1	-1	-1	0
4515	4401	4394	14	-1	-1	-1	0
4478	4353	4479	8	-1	-1	-1	0
4481	4476	4355	8	-1	-1	-1	0
4355	4477	4481	8	-1	-1	-1	0
4480	4479	4354	8	-1	-1	-1	0
4520	4397	4398	14	-1	-1	-1	0
4400	4521	4398	14	-1	-1	-1	0
4519	4405	4396	14	-1	-1	-1	0
4482	4357	4483	14	-1	-1	-1	0
4399	4524	4400	14	-1	-1	-1	0
4402	4523	4399	14	-1	-1	-1	0
4485	4483	4359	14	-1	-1	-1	0
4517	4393	4417	14	-1	-1	-1	0
4525	4402	4401	14	-1	-1	-1	0
4359	4484	4485	14	-1	-1	-1	0
4480	4362	4488	8	-1	-1	-1	0
4361	4482	4487	14	-1	-1	-1	0
4487	4486	4361	14	-1	-1	-1	0
4404	4528	4403	14	-1	-1	-1	0
4363	4489	4484	9	-1	-1	-1	0
4362	4486	4488	8	-1	-1	-1	0
4404	4405	4530	14	-1	-1	-1	0
4453	4504	4383	14	-1	-1	-1	0
4491	4364	4490	9	-1	-1	-1	0
4389	4513	4443	14	-1	-1	-1	0
4446	4455	4444	14	-1	-1	-1	0
4406	4533	4407	10	-1	-1	-1	0
4489	4366	4492	9	-1	-1	-1	0
4366	4491	4492	9	-1	-1	-1	0
4534	4408	4409	14	-1	-1	-1	0
4410	4408	4534	14	-1	-1	-1	0
4533	4412	4407	10	-1	-1	-1	0
4494	4493	4367	9	-1	-1	-1	0
4412	4535	4409	10	-1	-1	-1	0
4425	4403	4529	14	-1	-1	-1	0
4536	4411	4410	14	-1	-1	-1	0
4420	4532	4406	10	-1	-1	-1	0
4496	4495	4368	9	-1	-1	-1	0
4369	4493	4497	9	-1	-1	-1	0
4369	4497	4496	9	-1	-1	-1	0
4411	4538	4413	14	-1	-1	-1	0
4501	4490	4372	9	-1	-1	-1	0
4370	4499	4494	9	-1	-1	-1	0
4498	4499	4370	9	-1	-1	-1	0
4495	4501	4372	9	-1	-1	-1	0
4413	4541	4414	14	-1	-1	-1	0
4371	4500	4498	9	-1	-1	-1	0
4542	4416	4414	14	-1	-1	-1	0
4544	4415	4416	14	-1	-1	-1	0
4451	4400	4524	14	-1	-1	-1	0
4543	4417	4415	14	-1	-1	-1	0
4455	4521	4400	14	-1	-1	-1	0
4382	4503	4500	9	-1	-1	-1	0
4420	4418	4548	10	-1	-1	-1	0
4418	4419	4549	10	-1	-1	-1	0
4503	4382	4502	9	-1	-1	-1	0
4504	4502	4383	9	-1	-1	-1	0
4419	4422	4551	10	-1	-1	-1	0
4506	4505	4385	14	-1	-1	-1	0
4554	4422	4421	10	-1	-1	-1	0
4385	4507	4506	14	0	-1	-1	0
4386	4505	4508	14	-1	-1	-1	0
4429	4554	4421	10	-1	-1	-1	0
4510	4387	4508	14	-1	-1	-1	0
4387	4510	4509	14	-1	-1	-1	0
4424	4426	4557	3	-1	-1	-1	-1.1764705882352928
4425	4558	4426	3	-1	-1	-1	-1.1764705882352928
4504	4453	4452	14	-1	-1	-1	0
4512	4388	4511	14	-1	-1	-1	0
4391	4509	4511	14	-1	-1	-1	0
4427	4428	4559	14	-1	-1	-1	0
4512	4514	4390	14	-1	-1	-1	0
4513	4390	4514	14	-1	-1	-1	0
4476	4471	4470	8	-1	-1	-1	0
4427	4559	4432	14	-1	-1	-1	0
4429	4430	4562	10	-1	-1	-1	0
4392	4516	4515	14	-1	-1	-1	0
4431	4563	4430	14	-1	-1	-1	0
4560	4428	4437	14	-1	-1	-1	0
4524	4450	4451	14	-1	-1	-1	0
4516	4393	4517	14	-1	-1	-1	0
4432	4564	4431	14	-1	-1	-1	0
4448	4424	4557	3	-1	-1	-1	-1.1764705882352928
4519	4396	4518	14	-1	-1	-1	0
4567	4433	4434	14	-1	-1	-1	0
4520	4518	4397	14	-1	-1	-1	0
4569	4434	4435	14	-1	-1	-1	0
4433	4568	4438	14	-1	-1	-1	0
4522	4520	4398	14	-1	-1	-1	0
4522	4398	4521	14	-1	-1	-1	0
4515	4526	4401	14	-1	-1	-1	0
4436	4571	4435	14	-1	-1	-1	0
4523	4524	4399	14	-1	-1	-1	0
4572	4436	4439	14	-1	-1	-1	0
4573	4437	4438	14	-1	-1	-1	0
4401	4526	4525	14	-1	-1	-1	0
4402	4527	4523	14	-1	-1	-1	0
4402	4525	4527	14	-1	-1	-1	0
4440	4575	4439	14	-1	-1	-1	0
4531	4405	4519	14	-1	-1	-1	0
4576	4440	4441	14	-1	-1	-1	0
4528	4529	4403	14	-1	-1	-1	0
4441	4442	4578	14	-1	-1	-1	0
4404	4530	4528	14	-1	-1	-1	0
4443	4579	4442	14	-1	-1	-1	0
4531	4530	4405	14	-1	-1	-1	0
4533	4406	4532	10	-1	-1	-1	0
4582	4446	4445	14	-1	-1	-1	0
4445	4447	4582	14	-1	-1	-1	0
4534	4409	4535	10	-1	-1	-1	0
4536	4410	4534	14	-1	-1	-1	0
4448	4585	4447	3	-1	-1	-1	-1.1764705882352928
4547	4517	4417	14	-1	-1	-1	0
4491	4490	4501	9	-1	-1	-1	0
4537	4411	4536	14	-1	-1	-1	0
4455	4446	4583	14	-1	-1	-1	0
4533	4540	4412	10	-1	-1	-1	0
4411	4537	4538	14	-1	-1	-1	0
4449	4450	4587	14	-1	-1	-1	0
4539	4535	4412	10	-1	-1	-1	0
4454	4449	4587	14	-1	-1	-1	0
4540	4539	4412	10	-1	-1	-1	0
4413	4538	4541	14	-1	-1	-1	0
4588	4452	4454	14	-1	-1	-1	0
4541	4542	4414	14	-1	-1	-1	0
4543	4415	4544	14	-1	-1	-1	0
4545	4416	4542	14	-1	-1	-1	0
4590	4456	4457	8	-1	-1	-1	0
4553	4532	4420	10	-1	-1	-1	0
4416	4546	4544	14	-1	-1	-1	0
4457	4459	4590	8	-1	-1	-1	0
4546	4416	4545	14	-1	-1	-1	0
4547	4417	4543	14	-1	-1	-1	0
4591	4459	4458	8	-1	-1	-1	0
4529	4558	4425	3	-1	-1	-1	-1.1764705882352928
4460	4461	4594	8	-1	-1	-1	0
4549	4548	4418	10	-1	-1	-1	0
4590	4472	4456	8	-1	-1	-1	0
4462	4595	4461	8	-1	-1	-1	0
4551	4550	4419	10	-1	-1	-1	0
4549	4419	4552	10	-1	-1	-1	0
4419	4550	4552	10	-1	-1	-1	0
4596	4462	4463	8	-1	-1	-1	0
4420	4548	4553	10	-1	-1	-1	0
4463	4464	4596	8	-1	-1	-1	0
4599	4464	4465	8	-1	-1	-1	0
4556	4551	4422	10	-1	-1	-1	0
4554	4555	4422	10	-1	-1	-1	0
4555	4556	4422	10	-1	-1	-1	0
4465	4468	4601	8	-1	-1	-1	0
4466	4602	4467	8	-1	-1	-1	0
4466	4469	4602	8	-1	-1	-1	0
4581	4443	4513	14	-1	-1	-1	0
4467	4603	4468	9	-1	-1	-1	0
4557	4426	4558	3	-1	-1	-1	-1.1764705882352928
4588	4504	4452	14	-1	-1	-1	0
4561	4554	4429	10	-1	-1	-1	0
4469	4471	4606	8	-1	-1	-1	0
4428	4560	4559	14	-1	-1	-1	0
4561	4429	4562	10	-1	-1	-1	0
4472	4610	4473	7	-1	-1	-1	0
4430	4563	4562	10	-1	-1	-1	0
4471	4476	4609	8	-1	-1	-1	0
4559	4566	4432	14	-1	-1	-1	0
4563	4431	4564	14	-1	-1	-1	0
4612	4474	4473	7	-1	-1	-1	0
4583	4521	4455	14	-1	-1	-1	0
4432	4565	4564	14	-1	-1	-1	0
4524	4587	4450	14	-1	-1	-1	0
4475	4474	4613	7	-1	-1	-1	0
4566	4565	4432	14	-1	-1	-1	0
4481	4609	4476	8	-1	-1	-1	0
4567	4568	4433	14	-1	-1	-1	0
4478	4614	4477	8	-1	-1	-1	0
4560	4437	4573	14	-1	-1	-1	0
4567	4434	4570	14	-1	-1	-1	0
4477	4614	4481	8	-1	-1	-1	0
4478	4479	4615	8	-1	-1	-1	0
4569	4570	4434	14	-1	-1	-1	0
4435	4571	4569	14	-1	-1	-1	0
4480	4616	4479	8	-1	-1	-1	0
4572	4571	4436	14	-1	-1	-1	0
4574	4438	4568	14	-1	-1	-1	0
4482	4483	4619	14	-1	-1	-1	0
4480	4488	4617	8	-1	-1	-1	0
4574	4573	4438	14	-1	-1	-1	0
4439	4575	4572	14	-1	-1	-1	0
4619	4483	4485	14	-1	-1	-1	0
4619	4487	4482	14	-1	-1	-1	0
4485	4484	4620	9	-1	-1	-1	0
4604	4493	4494	9	-1	-1	-1	0
4586	4448	4557	3	-1	-1	-1	-1.1764705882352928
4577	4575	4440	14	-1	-1	-1	0
4484	4489	4620	9	-1	-1	-1	0
4440	4576	4577	14	-1	-1	-1	0
4493	4604	4497	9	-1	-1	-1	0
4486	4487	4622	8	-1	-1	-1	0
4578	4576	4441	14	-1	-1	-1	0
4499	4603	4494	9	-1	-1	-1	0
4488	4486	4622	8	-1	-1	-1	0
4580	4578	4442	14	-1	-1	-1	0
4442	4579	4580	14	-1	-1	-1	0
4443	4581	4579	14	-1	-1	-1	0
4513	4514	4581	14	-1	-1	-1	0
4489	4492	4624	9	-1	-1	-1	0
4492	4491	4626	9	-1	-1	-1	0
4446	4582	4583	14	-1	-1	-1	0
4582	4447	4584	14	-1	-1	-1	0
4584	4447	4585	14	-1	-1	-1	0
4501	4625	4491	9	-1	-1	-1	0
4496	4628	4495	9	-1	-1	-1	0
4448	4586	4585	3	-1	-1	-1	-1.1764705882352928
4629	4496	4497	9	-1	-1	-1	0
4628	4501	4495	9	-1	-1	-1	0
4522	4521	4583	14	-1	-1	-1	0
4499	4498	4631	9	-1	-1	-1	0
4500	4632	4498	9	-1	-1	-1	0
4454	4587	4589	14	-1	-1	-1	0
4588	4454	4589	14	-1	-1	-1	0
4524	4523	4587	14	-1	-1	-1	0
4587	4523	4527	14	-1	-1	-1	0
4500	4503	4634	9	-1	-1	-1	0
4502	4637	4503	9	-1	-1	-1	0
4592	4459	4591	8	-1	-1	-1	0
4459	4593	4590	8	-1	-1	-1	0
4502	4504	4637	9	-1	-1	-1	0
4459	4592	4593	8	-1	-1	-1	0
4505	4506	4639	14	-1	-1	-1	0
4594	4461	4595	8	-1	-1	-1	0
4508	4505	4640	14	-1	-1	-1	0
4462	4597	4595	8	-1	-1	-1	0
4641	4506	4507	14	-1	-1	-1	0
4462	4596	4598	8	-1	-1	-1	0
4462	4598	4597	8	-1	-1	-1	0
4510	4508	4640	14	-1	-1	-1	0
4599	4596	4464	8	-1	-1	-1	0
4644	4509	4510	14	-1	-1	-1	0
4599	4465	4600	8	-1	-1	-1	0
4644	4511	4509	14	-1	-1	-1	0
4600	4465	4601	8	-1	-1	-1	0
4646	4512	4511	14	-1	-1	-1	0
4472	4590	4610	8	-1	-1	-1	0
4602	4604	4467	9	-1	-1	-1	0
4514	4512	4647	14	-1	-1	-1	0
4605	4601	4468	9	-1	-1	-1	0
4603	4467	4604	9	-1	-1	-1	0
4605	4468	4603	9	-1	-1	-1	0
4602	4469	4607	8	-1	-1	-1	0
4650	4515	4516	14	-1	-1	-1	0
4607	4469	4606	8	-1	-1	-1	0
4651	4516	4517	14	-1	-1	-1	0
4606	4471	4608	8	-1	-1	-1	0
4609	4608	4471	8	-1	-1	-1	0
4526	4515	4650	14	-1	-1	-1	0
4654	4519	4518	14	-1	-1	-1	0
4655	4518	4520	14	-1	-1	-1	0
4473	4610	4611	7	-1	-1	-1	0
4473	4611	4612	7	-1	-1	-1	0
4655	4520	4522	14	-1	-1	-1	0
4474	4612	4613	7	-1	-1	-1	0
4603	4604	4494	9	-1	-1	-1	0
4557	4558	4586	3	-1	-1	-1	-1.1764705882352928
4587	4527	4589	14	-1	-1	-1	0
4481	4614	4609	8	-1	-1	-1	0
4519	4656	4531	14	-1	-1	-1	0
4605	4603	4499	9	-1	-1	-1	0
4478	4615	4614	8	-1	-1	-1	0
4659	4525	4526	9	-1	-1	-1	0
4525	4658	4527	14	-1	-1	-1	0
4479	4616	4615	8	-1	-1	-1	0
4480	4618	4616	8	-1	-1	-1	0
4480	4617	4618	8	-1	-1	-1	0
4517	4547	4652	14	-1	-1	-1	0
4662	4529	4528	14	-1	-1	-1	0
4528	4530	4662	14	-1	-1	-1	0
4531	4664	4530	14	-1	-1	-1	0
4621	4619	4485	9	-1	-1	-1	0
4620	4621	4485	9	-1	-1	-1	0
4488	4623	4617	8	-1	-1	-1	0
4487	4619	4622	9	-1	-1	-1	0
4588	4637	4504	9	-1	-1	-1	0
4665	4533	4532	10	-1	-1	-1	0
4604	4630	4497	9	-1	-1	-1	0
4624	4620	4489	9	-1	-1	-1	0
4622	4623	4488	8	-1	-1	-1	0
4605	4499	4633	9	-1	-1	-1	0
4668	4534	4535	10	-1	-1	-1	0
4536	4534	4668	10	-1	-1	-1	0
4667	4540	4533	10	-1	-1	-1	0
4491	4625	4626	9	-1	-1	-1	0
4624	4492	4627	9	-1	-1	-1	0
4670	4537	4536	10	-1	-1	-1	0
4669	4535	4539	10	-1	-1	-1	0
4649	4581	4514	14	-1	-1	-1	0
4492	4626	4627	9	-1	-1	-1	0
4671	4538	4537	14	-1	-1	-1	0
4529	4663	4558	3	-1	-1	-1	-1.1764705882352928
4553	4666	4532	10	-1	-1	-1	0
4541	4538	4673	14	-1	-1	-1	0
4496	4629	4628	9	-1	-1	-1	0
4675	4539	4540	10	-1	-1	-1	0
4629	4497	4630	9	-1	-1	-1	0
4541	4678	4542	14	-1	-1	-1	0
4631	4498	4632	9	-1	-1	-1	0
4625	4501	4636	9	-1	-1	-1	0
4657	4522	4583	14	-1	-1	-1	0
4633	4499	4631	9	-1	-1	-1	0
4636	4501	4628	9	-1	-1	-1	0
4678	4545	4542	14	-1	-1	-1	0
4543	4544	4680	14	-1	-1	-1	0
4632	4500	4635	9	-1	-1	-1	0
4543	4679	4547	14	-1	-1	-1	0
4635	4500	4634	9	-1	-1	-1	0
4589	4527	4658	14	-1	-1	-1	0
4544	4546	4682	14	-1	-1	-1	0
4545	4683	4546	14	-1	-1	-1	0
4638	4634	4503	9	-1	-1	-1	0
4638	4503	4637	9	-1	-1	-1	0
4687	4548	4549	10	-1	-1	-1	0
4505	4639	4640	14	-1	-1	-1	0
4506	4641	4639	14	-1	-1	-1	0
4686	4553	4548	10	-1	-1	-1	0
4549	4552	4688	10	-1	-1	-1	0
4551	4689	4550	10	-1	-1	-1	0
4507	4643	4641	14	-1	-1	-1	0
4643	4507	4642	14	-1	0	-1	0
4690	4552	4550	10	-1	-1	-1	0
4596	4599	4598	8	-1	-1	-1	0
4590	4593	4610	8	-1	-1	-1	0
4640	4645	4510	14	-1	-1	-1	0
4598	4599	4600	8	-1	-1	-1	0
4691	4551	4556	10	-1	-1	-1	0
4510	4645	4644	14	-1	-1	-1	0
4646	4511	4644	14	-1	-1	-1	0
4554	4695	4555	10	-1	-1	-1	0
4512	4646	4648	14	-1	-1	-1	0
4663	4586	4558	3	-1	-1	-1	-1.1764705882352928
4556	4555	4696	10	-1	-1	-1	0
4647	4512	4648	14	-1	-1	-1	0
4554	4561	4695	10	-1	-1	-1	0
4649	4514	4647	14	-1	-1	-1	0
4638	4588	4589	9	-1	-1	-1	0
4650	4516	4651	14	-1	-1	-1	0
4700	4559	4560	14	-1	-1	-1	0
4652	4651	4517	14	-1	-1	-1	0
4657	4583	4582	14	-1	-1	-1	0
4584	4657	4582	14	-1	-1	-1	0
4699	4566	4559	14	-1	-1	-1	0
4654	4518	4653	14	-1	-1	-1	0
4518	4655	4653	14	-1	-1	-1	0
4562	4703	4561	10	-1	-1	-1	0
4654	4656	4519	14	-1	-1	-1	0
4562	4563	4704	10	-1	-1	-1	0
4705	4563	4564	14	-1	-1	-1	0
4655	4522	4657	14	-1	-1	-1	0
4705	4564	4565	14	-1	-1	-1	0
4573	4701	4560	14	-1	-1	-1	0
4602	4630	4604	9	-1	-1	-1	0
4526	4650	4660	9	-1	-1	-1	0
4706	4565	4566	14	-1	-1	-1	0
4602	4607	4630	9	-1	-1	-1	0
4525	4659	4658	9	-1	-1	-1	0
4709	4568	4567	14	-1	-1	-1	0
4570	4709	4567	14	-1	-1	-1	0
4659	4526	4661	9	-1	-1	-1	0
4526	4660	4661	9	-1	-1	-1	0
4711	4570	4569	11	-1	-1	-1	0
4531	4656	4664	14	-1	-1	-1	0
4710	4574	4568	14	-1	-1	-1	0
4712	4569	4571	11	-1	-1	-1	0
4662	4663	4529	3	-1	-1	-1	-1.1764705882352928
4662	4530	4664	14	-1	-1	-1	0
4571	4572	4714	11	-1	-1	-1	0
4619	4621	4622	9	-1	-1	-1	0
4715	4572	4575	11	-1	-1	-1	0
4573	4574	4716	14	-1	-1	-1	0
4665	4532	4666	10	-1	-1	-1	0
4637	4588	4638	9	-1	-1	-1	0
4533	4665	4667	10	-1	-1	-1	0
4623	4622	4621	9	-1	-1	-1	0
4718	4575	4577	11	-1	-1	-1	0
4668	4535	4669	10	-1	-1	-1	0
4576	4719	4577	14	-1	-1	-1	0
4578	4720	4576	14	-1	-1	-1	0
4668	4670	4536	10	-1	-1	-1	0
4652	4547	4679	14	-1	-1	-1	0
4672	4537	4670	10	-1	-1	-1	0
4672	4671	4537	10	-1	-1	-1	0
4580	4722	4578	14	-1	-1	-1	0
4671	4673	4538	14	-1	-1	-1	0
4539	4674	4669	10	-1	-1	-1	0
4540	4667	4676	10	-1	-1	-1	0
4724	4580	4579	14	-1	-1	-1	0
4725	4579	4581	14	-1	-1	-1	0
4675	4674	4539	10	-1	-1	-1	0
4673	4677	4541	14	-1	-1	-1	0
4540	4676	4675	10	-1	-1	-1	0
4541	4677	4678	14	-1	-1	-1	0
4584	4585	4728	14	-1	-1	-1	0
4729	4585	4586	3	-1	-1	-1	-1.1764705882352928
4679	4543	4680	14	-1	-1	-1	0
4680	4544	4681	14	-1	-1	-1	0
4681	4544	4682	14	-1	-1	-1	0
4545	4678	4684	14	-1	-1	-1	0
4545	4684	4683	14	-1	-1	-1	0
4694	4666	4553	10	-1	-1	-1	0
4682	4546	4685	14	-1	-1	-1	0
4591	4731	4592	8	-1	-1	-1	0
4546	4683	4685	14	-1	-1	-1	0
4592	4732	4593	8	-1	-1	-1	0
4686	4548	4687	10	-1	-1	-1	0
4595	4734	4594	8	-1	-1	-1	0
4688	4687	4549	10	-1	-1	-1	0
4597	4735	4595	8	-1	-1	-1	0
4690	4550	4689	10	-1	-1	-1	0
4691	4689	4551	10	-1	-1	-1	0
4598	4737	4597	8	-1	-1	-1	0
4686	4693	4553	10	-1	-1	-1	0
4688	4552	4692	10	-1	-1	-1	0
4552	4690	4692	10	-1	-1	-1	0
4645	4646	4644	14	-1	-1	-1	0
4593	4733	4610	8	-1	-1	-1	0
4738	4598	4600	8	-1	-1	-1	0
4739	4600	4601	8	-1	-1	-1	0
4553	4693	4694	10	-1	-1	-1	0
4697	4691	4556	10	-1	-1	-1	0
4601	4605	4740	9	-1	-1	-1	0
4555	4695	4696	10	-1	-1	-1	0
4698	4556	4696	10	-1	-1	-1	0
4697	4556	4698	10	-1	-1	-1	0
4741	4607	4606	8	-1	-1	-1	0
4610	4733	4611	7	-1	-1	-1	0
4606	4608	4741	8	-1	-1	-1	0
4581	4649	4725	14	-1	-1	-1	0
4589	4730	4638	9	-1	-1	-1	0
4699	4559	4700	14	-1	-1	-1	0
4702	4695	4561	10	-1	-1	-1	0
4700	4560	4701	14	-1	-1	-1	0
4608	4609	4744	8	-1	-1	-1	0
4703	4702	4561	10	-1	-1	-1	0
4584	4727	4657	14	-1	-1	-1	0
4745	4609	4614	8	-1	-1	-1	0
4562	4704	4703	10	-1	-1	-1	0
4746	4612	4611	7	-1	-1	-1	0
4747	4613	4612	7	-1	-1	-1	0
4563	4705	4704	10	-1	-1	-1	0
4708	4566	4699	14	-1	-1	-1	0
4615	4745	4614	8	-1	-1	-1	0
4615	4616	4745	8	-1	-1	-1	0
4565	4706	4705	14	-1	-1	-1	0
4730	4589	4658	9	-1	-1	-1	0
4586	4663	4729	3	-1	-1	-1	-1.1764705882352928
4633	4740	4605	9	-1	-1	-1	0
4630	4607	4742	9	-1	-1	-1	0
4707	4706	4566	14	-1	-1	-1	0
4566	4708	4707	14	-1	-1	-1	0
4748	4616	4618	8	-1	-1	-1	0
4749	4618	4617	8	-1	-1	-1	0
4709	4710	4568	14	-1	-1	-1	0
4617	4623	4749	8	-1	-1	-1	0
4716	4701	4573	14	-1	-1	-1	0
4712	4711	4569	11	-1	-1	-1	0
4713	4709	4570	11	-1	-1	-1	0
4621	4620	4752	9	-1	-1	-1	0
4570	4711	4713	11	-1	-1	-1	0
4621	4752	4623	9	-1	-1	-1	0
4752	4620	4624	9	-1	-1	-1	0
4571	4714	4712	11	-1	-1	-1	0
4628	4629	4742	9	-1	-1	-1	0
4715	4714	4572	11	-1	-1	-1	0
4629	4630	4742	9	-1	-1	-1	0
4574	4710	4717	14	-1	-1	-1	0
4627	4753	4624	9	-1	-1	-1	0
4626	4625	4754	9	-1	-1	-1	0
4717	4716	4574	14	-1	-1	-1	0
4718	4715	4575	11	-1	-1	-1	0
4756	4627	4626	9	-1	-1	-1	0
4720	4719	4576	14	-1	-1	-1	0
4721	4718	4577	11	-1	-1	-1	0
4625	4636	4755	9	-1	-1	-1	0
4719	4721	4577	11	-1	-1	-1	0
4578	4723	4720	14	-1	-1	-1	0
4628	4758	4636	9	-1	-1	-1	0
4631	4632	4759	9	-1	-1	-1	0
4578	4722	4723	14	-1	-1	-1	0
4631	4760	4633	9	-1	-1	-1	0
4726	4722	4580	14	-1	-1	-1	0
4725	4724	4579	14	-1	-1	-1	0
4762	4632	4635	9	-1	-1	-1	0
4726	4580	4724	14	-1	-1	-1	0
4634	4765	4635	9	-1	-1	-1	0
4653	4655	4727	14	-1	-1	-1	0
4654	4653	4728	14	-1	-1	-1	0
4766	4634	4638	9	-1	-1	-1	0
4727	4655	4657	14	-1	-1	-1	0
4728	4727	4584	14	-1	-1	-1	0
4585	4729	4728	14	-1	-1	-1	0
4658	4659	4730	9	-1	-1	-1	0
4768	4640	4639	14	-1	-1	-1	0
4639	4641	4768	14	-1	-1	-1	0
4645	4640	4769	14	-1	-1	-1	0
4771	4641	4643	14	-1	-1	-1	0
4731	4732	4592	8	-1	-1	-1	0
4773	4643	4642	14	-1	-1	-1	0
4593	4732	4733	8	-1	-1	-1	0
4595	4735	4734	8	-1	-1	-1	0
4646	4645	4775	14	-1	-1	-1	0
4597	4736	4735	8	-1	-1	-1	0
4648	4646	4776	14	-1	-1	-1	0
4597	4737	4736	8	-1	-1	-1	0
4647	4648	4777	14	-1	-1	-1	0
4649	4647	4777	14	-1	-1	-1	0
4737	4598	4738	8	-1	-1	-1	0
4738	4600	4739	8	-1	-1	-1	0
4601	4740	4739	9	-1	-1	-1	0
4780	4650	4651	9	-1	-1	-1	0
4652	4781	4651	9	-1	-1	-1	0
4780	4660	4650	9	-1	-1	-1	0
4741	4742	4607	9	-1	-1	-1	0
4746	4611	4733	7	-1	-1	-1	0
4608	4743	4741	8	-1	-1	-1	0
4654	4783	4656	14	-1	-1	-1	0
4743	4608	4744	8	-1	-1	-1	0
4609	4745	4744	8	-1	-1	-1	0
4784	4664	4656	14	-1	-1	-1	0
4661	4785	4659	9	-1	-1	-1	0
4747	4612	4746	7	-1	-1	-1	0
4728	4653	4727	14	-1	-1	-1	0
4660	4787	4661	9	-1	-1	-1	0
4745	4616	4748	8	-1	-1	-1	0
4663	4662	4784	3	-1	-1	-1	-1.1764705882352928
4662	4664	4784	3	-1	-1	-1	-1.1764705882352928
4652	4679	4782	9	-1	-1	-1	0
4750	4618	4749	8	-1	-1	-1	0
4751	4748	4618	8	-1	-1	-1	0
4751	4618	4750	8	-1	-1	-1	0
4666	4789	4665	10	-1	-1	-1	0
4790	4667	4665	10	-1	-1	-1	0
4749	4623	4752	9	-1	-1	-1	0
4628	4742	4758	9	-1	-1	-1	0
4668	4669	4792	10	-1	-1	-1	0
4753	4752	4624	9	-1	-1	-1	0
4792	4670	4668	10	-1	-1	-1	0
4667	4790	4676	10	-1	-1	-1	0
4754	4625	4755	9	-1	-1	-1	0
4638	4730	4766	9	-1	-1	-1	0
4670	4794	4672	10	-1	-1	-1	0
4674	4793	4669	10	-1	-1	-1	0
4626	4754	4756	9	-1	-1	-1	0
4633	4764	4740	9	-1	-1	-1	0
4753	4627	4757	9	-1	-1	-1	0
4796	4671	4672	10	-1	-1	-1	0
4673	4671	4795	14	-1	-1	-1	0
4757	4627	4756	9	-1	-1	-1	0
4795	4677	4673	14	-1	-1	-1	0
4675	4798	4674	10	-1	-1	-1	0
4636	4758	4755	9	-1	-1	-1	0
4759	4760	4631	9	-1	-1	-1	0
4799	4675	4676	10	-1	-1	-1	0
4791	4666	4694	10	-1	-1	-1	0
4761	4759	4632	9	-1	-1	-1	0
4779	4725	4649	14	-1	-1	-1	0
4632	4762	4761	9	-1	-1	-1	0
4801	4678	4677	14	-1	-1	-1	0
4763	4633	4760	9	-1	-1	-1	0
4764	4633	4763	9	-1	-1	-1	0
4804	4679	4680	9	-1	-1	-1	0
4635	4767	4762	9	-1	-1	-1	0
4766	4765	4634	9	-1	-1	-1	0
4803	4684	4678	14	-1	-1	-1	0
4654	4728	4783	14	-1	-1	-1	0
4805	4680	4681	9	-1	-1	-1	0
4765	4767	4635	9	-1	-1	-1	0
4681	4682	4806	9	-1	-1	-1	0
4682	4685	4807	9	-1	-1	-1	0
4683	4684	4808	14	-1	-1	-1	0
4659	4786	4730	9	-1	-1	-1	0
4808	4685	4683	14	-1	-1	-1	0
4784	4729	4663	3	-1	-1	-1	-1.1764705882352928
4640	4768	4769	14	-1	-1	-1	0
4768	4641	4770	14	-1	-1	-1	0
4771	4770	4641	14	-1	-1	-1	0
4687	4688	4812	10	-1	-1	-1	0
4642	4772	4773	14	0	-1	-1	0
4771	4643	4774	14	-1	-1	-1	0
4775	4645	4769	14	-1	-1	-1	0
4686	4811	4693	10	-1	-1	-1	0
4643	4773	4774	14	-1	-1	-1	0
4813	4690	4689	10	-1	-1	-1	0
4812	4688	4692	10	-1	-1	-1	0
4691	4814	4689	10	-1	-1	-1	0
4692	4690	4815	10	-1	-1	-1	0
4646	4775	4776	14	-1	-1	-1	0
4776	4778	4648	14	-1	-1	-1	0
4814	4691	4697	10	-1	-1	-1	0
4778	4777	4648	14	-1	-1	-1	0
4777	4779	4649	14	-1	-1	-1	0
4818	4694	4693	10	-1	-1	-1	0
4651	4781	4780	9	-1	-1	-1	0
4822	4696	4695	10	-1	-1	-1	0
4781	4652	4782	9	-1	-1	-1	0
4824	4698	4696	10	-1	-1	-1	0
4695	4702	4823	10	-1	-1	-1	0
4697	4698	4825	10	-1	-1	-1	0
4656	4783	4784	14	-1	-1	-1	0
4787	4660	4780	9	-1	-1	-1	0
4699	4700	4828	14	-1	-1	-1	0
4700	4701	4829	14	-1	-1	-1	0
4785	4786	4659	9	-1	-1	-1	0
4661	4788	4785	9	-1	-1	-1	0
4708	4699	4828	14	-1	-1	-1	0
4787	4788	4661	9	-1	-1	-1	0
4703	4832	4702	10	-1	-1	-1	0
4745	4748	4744	8	-1	-1	-1	0
4729	4783	4728	14	-1	-1	-1	0
4703	4704	4833	10	-1	-1	-1	0
4758	4742	4741	9	-1	-1	-1	0
4741	4743	4758	9	-1	-1	-1	0
4764	4739	4740	9	-1	-1	-1	0
4834	4704	4705	10	-1	-1	-1	0
4789	4790	4665	10	-1	-1	-1	0
4834	4705	4706	10	-1	-1	-1	0
4791	4789	4666	10	-1	-1	-1	0
4706	4707	4835	10	-1	-1	-1	0
4830	4701	4716	14	-1	-1	-1	0
4750	4749	4753	9	-1	-1	-1	0
4837	4707	4708	14	-1	-1	-1	0
4749	4752	4753	9	-1	-1	-1	0
4793	4792	4669	10	-1	-1	-1	0
4794	4670	4792	10	-1	-1	-1	0
4743	4755	4758	9	-1	-1	-1	0
4750	4757	4751	9	-1	-1	-1	0
4839	4710	4709	11	-1	-1	-1	0
4757	4750	4753	9	-1	-1	-1	0
4709	4713	4839	11	-1	-1	-1	0
4671	4796	4795	10	-1	-1	-1	0
4672	4794	4797	10	-1	-1	-1	0
4757	4756	4751	9	-1	-1	-1	0
4679	4804	4782	9	-1	-1	-1	0
4713	4711	4841	11	-1	-1	-1	0
4712	4842	4711	11	-1	-1	-1	0
4798	4793	4674	10	-1	-1	-1	0
4796	4672	4797	10	-1	-1	-1	0
4790	4800	4676	10	-1	-1	-1	0
4710	4840	4717	11	-1	-1	-1	0
4712	4714	4843	11	-1	-1	-1	0
4675	4799	4798	10	-1	-1	-1	0
4714	4715	4844	11	-1	-1	-1	0
4795	4802	4677	14	-1	-1	-1	0
4799	4676	4800	10	-1	-1	-1	0
4718	4845	4715	11	-1	-1	-1	0
4846	4716	4717	14	-1	-1	-1	0
4802	4801	4677	14	-1	-1	-1	0
4766	4730	4786	9	-1	-1	-1	0
4803	4678	4801	14	-1	-1	-1	0
4849	4718	4721	11	-1	-1	-1	0
4805	4804	4680	9	-1	-1	-1	0
4851	4721	4719	11	-1	-1	-1	0
4720	4852	4719	14	-1	-1	-1	0
4805	4681	4806	9	-1	-1	-1	0
4807	4806	4682	9	-1	-1	-1	0
4729	4784	4783	14	-1	-1	-1	0
4809	4684	4803	14	-1	-1	-1	0
4723	4853	4720	14	-1	-1	-1	0
4722	4855	4723	14	-1	-1	-1	0
4809	4808	4684	14	-1	-1	-1	0
4807	4685	4810	9	-1	-1	-1	0
4685	4808	4810	9	-1	-1	-1	0
4726	4855	4722	14	-1	-1	-1	0
4694	4820	4791	10	-1	-1	-1	0
4769	4768	4770	14	-1	-1	-1	0
4724	4725	4859	14	-1	-1	-1	0
4724	4858	4726	14	-1	-1	-1	0
4814	4813	4689	10	-1	-1	-1	0
4816	4690	4813	10	-1	-1	-1	0
4812	4692	4817	10	-1	-1	-1	0
4816	4815	4690	10	-1	-1	-1	0
4819	4693	4811	10	-1	-1	-1	0
4815	4817	4692	10	-1	-1	-1	0
4731	4862	4732	8	-1	-1	-1	0
4733	4732	4863	8	-1	-1	-1	0
4818	4693	4819	10	-1	-1	-1	0
4735	4864	4734	8	-1	-1	-1	0
4821	4694	4818	10	-1	-1	-1	0
4694	4821	4820	10	-1	-1	-1	0
4735	4736	4865	8	-1	-1	-1	0
4697	4826	4814	10	-1	-1	-1	0
4822	4695	4823	10	-1	-1	-1	0
4867	4736	4737	8	-1	-1	-1	0
4822	4824	4696	10	-1	-1	-1	0
4863	4746	4733	7	-1	-1	-1	0
4737	4738	4869	8	-1	-1	-1	0
4739	4869	4738	8	-1	-1	-1	0
4697	4825	4826	10	-1	-1	-1	0
4824	4827	4698	10	-1	-1	-1	0
4825	4698	4827	10	-1	-1	-1	0
4702	4832	4823	10	-1	-1	-1	0
4870	4743	4744	8	-1	-1	-1	0
4829	4828	4700	14	-1	-1	-1	0
4701	4831	4829	14	-1	-1	-1	0
4744	4748	4870	8	-1	-1	-1	0
4701	4830	4831	14	-1	-1	-1	0
4725	4779	4860	14	-1	-1	-1	0
4871	4747	4746	7	-1	-1	-1	0
4743	4870	4755	9	-1	-1	-1	0
4833	4832	4703	10	-1	-1	-1	0
4872	4748	4751	8	-1	-1	-1	0
4704	4834	4833	10	-1	-1	-1	0
4764	4869	4739	9	-1	-1	-1	0
4708	4828	4838	14	-1	-1	-1	0
4834	4706	4835	10	-1	-1	-1	0
4707	4836	4835	10	-1	-1	-1	0
4794	4792	4793	10	-1	-1	-1	0
4872	4751	4756	9	-1	-1	-1	0
4870	4754	4755	9	-1	-1	-1	0
4837	4836	4707	10	-1	-1	-1	0
4872	4756	4754	9	-1	-1	-1	0
4837	4708	4838	14	-1	-1	-1	0
4840	4710	4839	11	-1	-1	-1	0
4759	4873	4760	9	-1	-1	-1	0
4841	4839	4713	11	-1	-1	-1	0
4847	4830	4716	14	-1	-1	-1	0
4841	4711	4842	11	-1	-1	-1	0
4843	4842	4712	11	-1	-1	-1	0
4763	4760	4874	9	-1	-1	-1	0
4762	4875	4761	9	-1	-1	-1	0
4844	4843	4714	11	-1	-1	-1	0
4715	4845	4844	11	-1	-1	-1	0
4763	4877	4764	9	-1	-1	-1	0
4875	4762	4767	9	-1	-1	-1	0
4840	4848	4717	11	-1	-1	-1	0
4847	4716	4846	14	-1	-1	-1	0
4766	4879	4765	9	-1	-1	-1	0
4878	4767	4765	9	-1	-1	-1	0
4717	4848	4846	11	-1	-1	-1	0
4850	4845	4718	11	-1	-1	-1	0
4718	4849	4850	11	-1	-1	-1	0
4770	4882	4769	14	-1	-1	-1	0
4852	4851	4719	11	-1	-1	-1	0
4849	4721	4854	11	-1	-1	-1	0
4852	4720	4853	14	-1	-1	-1	0
4771	4884	4770	14	-1	-1	-1	0
4775	4769	4882	14	-1	-1	-1	0
4854	4721	4851	11	-1	-1	-1	0
4774	4886	4771	14	-1	-1	-1	0
4723	4856	4853	14	-1	-1	-1	0
4786	4880	4766	9	-1	-1	-1	0
4888	4773	4772	14	-1	-1	-1	0
4882	4776	4775	14	-1	-1	-1	0
4855	4856	4723	14	-1	-1	-1	0
4774	4773	4888	14	-1	-1	-1	0
4858	4724	4857	14	-1	-1	-1	0
4860	4859	4725	14	-1	-1	-1	0
4724	4859	4857	14	-1	-1	-1	0
4890	4778	4776	14	-1	-1	-1	0
4726	4861	4855	14	-1	-1	-1	0
4861	4726	4858	14	-1	-1	-1	0
4778	4891	4777	14	-1	-1	-1	0
4779	4777	4891	14	-1	-1	-1	0
4780	4781	4895	9	-1	-1	-1	0
4862	4863	4732	8	-1	-1	-1	0
4896	4781	4782	9	-1	-1	-1	0
4780	4895	4787	9	-1	-1	-1	0
4864	4735	4865	8	-1	-1	-1	0
4736	4866	4865	8	-1	-1	-1	0
4785	4898	4786	9	-1	-1	-1	0
4867	4866	4736	8	-1	-1	-1	0
4785	4788	4898	9	-1	-1	-1	0
4868	4867	4737	8	-1	-1	-1	0
4787	4899	4788	9	-1	-1	-1	0
4868	4737	4869	8	-1	-1	-1	0
4789	4900	4790	10	-1	-1	-1	0
4746	4863	4871	7	-1	-1	-1	0
4791	4901	4789	10	-1	-1	-1	0
4782	4804	4897	9	-1	-1	-1	0
4870	4748	4872	8	-1	-1	-1	0
4902	4800	4790	10	-1	-1	-1	0
4793	4905	4794	10	-1	-1	-1	0
4904	4793	4798	10	-1	-1	-1	0
4754	4870	4872	9	-1	-1	-1	0
4797	4794	4906	10	-1	-1	-1	0
4795	4796	4907	10	-1	-1	-1	0
4796	4797	4908	10	-1	-1	-1	0
4907	4802	4795	10	-1	-1	-1	0
4874	4760	4873	9	-1	-1	-1	0
4798	4799	4911	10	-1	-1	-1	0
4799	4800	4911	10	-1	-1	-1	0
4764	4877	4869	9	-1	-1	-1	0
4876	4763	4874	9	-1	-1	-1	0
4903	4791	4820	10	-1	-1	-1	0
4802	4913	4801	14	-1	-1	-1	0
4763	4876	4877	9	-1	-1	-1	0
4913	4803	4801	14	-1	-1	-1	0
4879	4878	4765	9	-1	-1	-1	0
4767	4881	4875	9	-1	-1	-1	0
4805	4915	4804	9	-1	-1	-1	0
4809	4803	4913	14	-1	-1	-1	0
4766	4880	4879	9	-1	-1	-1	0
4881	4767	4878	9	-1	-1	-1	0
4805	4806	4916	9	-1	-1	-1	0
4807	4917	4806	9	-1	-1	-1	0
4860	4779	4893	14	-1	-1	-1	0
4807	4810	4918	9	-1	-1	-1	0
4883	4882	4770	14	-1	-1	-1	0
4883	4770	4884	14	-1	-1	-1	0
4808	4809	4920	9	-1	-1	-1	0
4810	4808	4920	9	-1	-1	-1	0
4884	4771	4885	14	-1	-1	-1	0
4771	4886	4885	14	-1	-1	-1	0
4887	4888	4772	14	-1	-1	0	0
4882	4889	4776	14	-1	-1	-1	0
4888	4886	4774	14	-1	-1	-1	0
4923	4813	4814	10	-1	-1	-1	0
4922	4819	4811	10	-1	-1	-1	0
4813	4924	4816	10	-1	-1	-1	0
4926	4815	4816	10	-1	-1	-1	0
4889	4890	4776	14	-1	-1	-1	0
4925	4817	4815	10	-1	-1	-1	0
4778	4890	4892	14	-1	-1	-1	0
4892	4891	4778	14	-1	-1	-1	0
4923	4814	4826	10	-1	-1	-1	0
4779	4891	4894	14	-1	-1	-1	0
4898	4880	4786	9	-1	-1	-1	0
4929	4818	4819	10	-1	-1	-1	0
4893	4779	4894	14	-1	-1	-1	0
4818	4930	4821	10	-1	-1	-1	0
4896	4895	4781	9	-1	-1	-1	0
4821	4932	4820	10	-1	-1	-1	0
4897	4896	4782	9	-1	-1	-1	0
4823	4934	4822	10	-1	-1	-1	0
4824	4822	4934	10	-1	-1	-1	0
4895	4899	4787	9	-1	-1	-1	0
4898	4788	4899	9	-1	-1	-1	0
4827	4824	4936	10	-1	-1	-1	0
4826	4825	4938	10	-1	-1	-1	0
4825	4827	4937	10	-1	-1	-1	0
4900	4789	4901	10	-1	-1	-1	0
4935	4823	4832	10	-1	-1	-1	0
4902	4790	4900	10	-1	-1	-1	0
4791	4903	4901	10	-1	-1	-1	0
4943	4828	4829	14	-1	-1	-1	0
4905	4793	4904	10	-1	-1	-1	0
4943	4829	4831	14	-1	-1	-1	0
4794	4905	4906	10	-1	-1	-1	0
4831	4830	4944	14	-1	-1	-1	0
4942	4838	4828	14	-1	-1	-1	0
4908	4907	4796	10	-1	-1	-1	0
4797	4906	4909	10	-1	-1	-1	0
4798	4910	4904	10	-1	-1	-1	0
4947	4832	4833	10	-1	-1	-1	0
4833	4834	4947	10	-1	-1	-1	0
4902	4912	4800	10	-1	-1	-1	0
4877	4868	4869	9	-1	-1	-1	0
4908	4797	4909	10	-1	-1	-1	0
4835	4947	4834	10	-1	-1	-1	0
4804	4915	4897	9	-1	-1	-1	0
4798	4911	4910	10	-1	-1	-1	0
4836	4949	4835	10	-1	-1	-1	0
4847	4945	4830	14	-1	-1	-1	0
4800	4912	4911	10	-1	-1	-1	0
4837	4950	4836	10	-1	-1	-1	0
4907	4914	4802	10	-1	-1	-1	0
4837	4838	4952	14	-1	-1	-1	0
4914	4913	4802	10	-1	-1	-1	0
4840	4839	4953	11	-1	-1	-1	0
4841	4954	4839	11	-1	-1	-1	0
4805	4916	4915	9	-1	-1	-1	0
4956	4841	4842	11	-1	-1	-1	0
4806	4917	4916	9	-1	-1	-1	0
4809	4913	4920	10	-1	-1	-1	0
4842	4843	4957	11	-1	-1	-1	0
4840	4955	4848	11	-1	-1	-1	0
4807	4919	4917	9	-1	-1	-1	0
4807	4918	4919	9	-1	-1	-1	0
4959	4843	4844	11	-1	-1	-1	0
4845	4960	4844	11	-1	-1	-1	0
4810	4921	4918	9	-1	-1	-1	0
4920	4921	4810	9	-1	-1	-1	0
4889	4882	4883	14	-1	-1	-1	0
4903	4820	4932	10	-1	-1	-1	0
4963	4847	4846	11	-1	-1	-1	0
4962	4845	4850	11	-1	-1	-1	0
4846	4848	4963	11	-1	-1	-1	0
4923	4924	4813	10	-1	-1	-1	0
4966	4850	4849	11	-1	-1	-1	0
4925	4815	4926	10	-1	-1	-1	0
4816	4924	4927	10	-1	-1	-1	0
4854	4966	4849	11	-1	-1	-1	0
4816	4928	4926	10	-1	-1	-1	0
4816	4927	4928	10	-1	-1	-1	0
4852	4968	4851	11	-1	-1	-1	0
4922	4931	4819	10	-1	-1	-1	0
4851	4969	4854	11	-1	-1	-1	0
4852	4853	4970	14	-1	-1	-1	0
4891	4892	4894	14	-1	-1	-1	0
4818	4929	4930	10	-1	-1	-1	0
4931	4929	4819	10	-1	-1	-1	0
4856	4970	4853	14	-1	-1	-1	0
4821	4930	4933	10	-1	-1	-1	0
4974	4856	4855	14	-1	-1	-1	0
4821	4933	4932	10	-1	-1	-1	0
4923	4826	4939	10	-1	-1	-1	0
4855	4861	4973	14	-1	-1	-1	0
4857	4976	4858	14	-1	-1	-1	0
4934	4823	4935	10	-1	-1	-1	0
4977	4857	4859	14	-1	-1	-1	0
4936	4824	4934	10	-1	-1	-1	0
4858	4978	4861	14	-1	-1	-1	0
4860	4979	4859	14	-1	-1	-1	0
4937	4938	4825	10	-1	-1	-1	0
4940	4826	4938	10	-1	-1	-1	0
4941	4827	4936	10	-1	-1	-1	0
4940	4939	4826	10	-1	-1	-1	0
4937	4827	4941	10	-1	-1	-1	0
4862	4984	4863	8	-1	-1	-1	0
4943	4942	4828	14	-1	-1	-1	0
4935	4832	4947	10	-1	-1	-1	0
4864	4865	4985	8	-1	-1	-1	0
4986	4865	4866	8	-1	-1	-1	0
4871	4863	4984	7	-1	-1	-1	0
4945	4944	4830	14	-1	-1	-1	0
4867	4987	4866	8	-1	-1	-1	0
4946	4943	4831	14	-1	-1	-1	0
4946	4831	4944	14	-1	-1	-1	0
4988	4867	4868	8	-1	-1	-1	0
4947	4835	4948	10	-1	-1	-1	0
4942	4952	4838	14	-1	-1	-1	0
4949	4948	4835	10	-1	-1	-1	0
4860	4893	4980	14	-1	-1	-1	0
4868	4877	4989	9	-1	-1	-1	0
4951	4949	4836	10	-1	-1	-1	0
4836	4950	4951	10	-1	-1	-1	0
4990	4874	4873	9	-1	-1	-1	0
4837	4952	4950	10	-1	-1	-1	0
4991	4876	4874	9	-1	-1	-1	0
4989	4877	4876	9	-1	-1	-1	0
4954	4953	4839	11	-1	-1	-1	0
4913	4914	4920	10	-1	-1	-1	0
4840	4953	4955	11	-1	-1	-1	0
4993	4878	4879	9	-1	-1	-1	0
4956	4954	4841	11	-1	-1	-1	0
4993	4881	4878	9	-1	-1	-1	0
4880	4995	4879	9	-1	-1	-1	0
4921	4920	4914	10	-1	-1	-1	0
4842	4958	4956	11	-1	-1	-1	0
4847	4964	4945	11	-1	-1	-1	0
4842	4957	4958	11	-1	-1	-1	0
4957	4843	4959	11	-1	-1	-1	0
4959	4844	4960	11	-1	-1	-1	0
4884	4999	4883	14	-1	-1	-1	0
4961	4960	4845	11	-1	-1	-1	0
4955	4965	4848	11	-1	-1	-1	0
4845	4962	4961	11	-1	-1	-1	0
5001	4884	4885	14	-1	-1	-1	0
5000	4889	4883	14	-1	-1	-1	0
4885	4886	5002	14	-1	-1	-1	0
4996	4880	4898	9	-1	-1	-1	0
4963	4964	4847	11	-1	-1	-1	0
4963	4848	4965	11	-1	-1	-1	0
4888	5003	4886	14	-1	-1	-1	0
4890	4889	5000	14	-1	-1	-1	0
4850	4967	4962	11	-1	-1	-1	0
4888	4887	5004	14	-1	-1	-1	0
4967	4850	4966	11	-1	-1	-1	0
4923	4939	4924	10	-1	-1	-1	0
4968	4969	4851	11	-1	-1	-1	0
4892	4890	5007	14	-1	-1	-1	0
4968	4852	4970	11	-1	-1	-1	0
4972	4966	4854	11	-1	-1	-1	0
4969	4971	4854	11	-1	-1	-1	0
4894	4892	5009	14	-1	-1	-1	0
4971	4972	4854	11	-1	-1	-1	0
5012	4893	4894	14	-1	-1	-1	0
4970	4856	4975	14	-1	-1	-1	0
4973	4974	4855	14	-1	-1	-1	0
4896	5013	4895	9	-1	-1	-1	0
4975	4856	4974	14	-1	-1	-1	0
4897	5014	4896	9	-1	-1	-1	0
4895	5013	4899	9	-1	-1	-1	0
4977	4976	4857	14	-1	-1	-1	0
4976	4978	4858	14	-1	-1	-1	0
4898	4899	5016	9	-1	-1	-1	0
4859	4979	4977	14	-1	-1	-1	0
4861	4982	4973	14	-1	-1	-1	0
5016	4900	4901	9	-1	-1	-1	0
5017	4902	4900	9	-1	-1	-1	0
4860	4981	4979	14	-1	-1	-1	0
4980	4981	4860	14	-1	-1	-1	0
4978	4983	4861	14	-1	-1	-1	0
5019	4901	4903	9	-1	-1	-1	0
4983	4982	4861	14	-1	-1	-1	0
4897	4915	5014	9	-1	-1	-1	0
4905	4904	5021	10	-1	-1	-1	0
4902	5018	4912	9	-1	-1	-1	0
4906	4905	5022	10	-1	-1	-1	0
4904	4910	5021	10	-1	-1	-1	0
4986	4985	4865	8	-1	-1	-1	0
5023	4909	4906	10	-1	-1	-1	0
5024	4907	4908	10	-1	-1	-1	0
4866	4987	4986	8	-1	-1	-1	0
4867	4988	4987	8	-1	-1	-1	0
4909	5025	4908	10	-1	-1	-1	0
4914	4907	5024	10	-1	-1	-1	0
4868	4989	4988	9	-1	-1	-1	0
4910	4911	5028	10	-1	-1	-1	0
5028	4911	4912	10	-1	-1	-1	0
4932	5020	4903	9	-1	-1	-1	0
4990	4991	4874	9	-1	-1	-1	0
4876	4992	4989	9	-1	-1	-1	0
4991	4992	4876	9	-1	-1	-1	0
4914	5024	4921	10	-1	-1	-1	0
4916	5030	4915	9	-1	-1	-1	0
4916	4917	5030	9	-1	-1	-1	0
4993	4879	4994	9	-1	-1	-1	0
5031	4917	4919	9	-1	-1	-1	0
4994	4879	4995	9	-1	-1	-1	0
5032	4919	4918	9	-1	-1	-1	0
4918	4921	5032	9	-1	-1	-1	0
4880	4997	4995	9	-1	-1	-1	0
4998	4881	4993	9	-1	-1	-1	0
4880	4996	4997	9	-1	-1	-1	0
5000	4883	4999	14	-1	-1	-1	0
4893	5011	4980	14	-1	-1	-1	0
4999	4884	5001	14	-1	-1	-1	0
4885	5002	5001	14	-1	-1	-1	0
4931	4922	5035	10	-1	-1	-1	0
4924	5037	4927	10	-1	-1	-1	0
4926	5038	4925	10	-1	-1	-1	0
5002	4886	5003	14	-1	-1	-1	0
5038	4926	4928	10	-1	-1	-1	0
4927	5040	4928	10	-1	-1	-1	0
5005	5004	4887	14	-1	-1	0	0
5003	4888	5006	14	-1	-1	-1	0
4890	5000	5008	14	-1	-1	-1	0
4888	5004	5006	14	-1	-1	-1	0
5036	4924	4939	10	-1	-1	-1	0
4931	5042	4929	10	-1	-1	-1	0
5043	4930	4929	10	-1	-1	-1	0
5008	5007	4890	14	-1	-1	-1	0
4930	5044	4933	10	-1	-1	-1	0
5015	4996	4898	9	-1	-1	-1	0
5010	4892	5007	14	-1	-1	-1	0
5009	4892	5010	14	-1	-1	-1	0
4932	4933	5046	9	-1	-1	-1	0
5009	5012	4894	14	-1	-1	-1	0
5011	4893	5012	14	-1	-1	-1	0
4934	4935	5049	10	-1	-1	-1	0
4934	5048	4936	10	-1	-1	-1	0
5013	4896	5014	9	-1	-1	-1	0
5052	4938	4937	11	-1	-1	-1	0
4936	5051	4941	10	-1	-1	-1	0
5015	4898	5016	9	-1	-1	-1	0
5013	5018	4899	9	-1	-1	-1	0
4937	4941	5053	11	-1	-1	-1	0
4935	4947	5050	10	-1	-1	-1	0
4899	5017	5016	9	-1	-1	-1	0
4940	4938	5054	11	-1	-1	-1	0
5016	5017	4900	9	-1	-1	-1	0
4899	5018	5017	9	-1	-1	-1	0
4940	5055	4939	10	-1	-1	-1	0
5019	5016	4901	9	-1	-1	-1	0
5057	4942	4943	14	-1	-1	-1	0
5017	5018	4902	9	-1	-1	-1	0
5020	5019	4903	9	-1	-1	-1	0
5059	4943	4946	14	-1	-1	-1	0
5022	4905	5021	10	-1	-1	-1	0
5060	4944	4945	14	-1	-1	-1	0
4946	4944	5060	14	-1	-1	-1	0
4906	5022	5023	10	-1	-1	-1	0
4942	5058	4952	14	-1	-1	-1	0
5025	5024	4908	10	-1	-1	-1	0
4947	4948	5063	10	-1	-1	-1	0
5027	5021	4910	10	-1	-1	-1	0
5026	4909	5023	10	-1	-1	-1	0
4912	5018	5029	9	-1	-1	-1	0
5030	5014	4915	9	-1	-1	-1	0
5025	4909	5026	10	-1	-1	-1	0
4948	4949	5065	10	-1	-1	-1	0
5028	5027	4910	10	-1	-1	-1	0
4951	5066	4949	10	-1	-1	-1	0
4956	4958	5053	11	-1	-1	-1	0
4951	4950	5068	10	-1	-1	-1	0
5067	4950	4952	10	-1	-1	-1	0
5028	4912	5029	9	-1	-1	-1	0
5061	4945	4964	11	-1	-1	-1	0
5032	4921	5024	10	-1	-1	-1	0
5030	4917	5031	9	-1	-1	-1	0
5070	4955	4953	11	-1	-1	-1	0
4954	5072	4953	11	-1	-1	-1	0
5034	5031	4919	9	-1	-1	-1	0
4956	5074	4954	11	-1	-1	-1	0
5033	4919	5032	9	-1	-1	-1	0
5034	4919	5033	9	-1	-1	-1	0
5070	4965	4955	11	-1	-1	-1	0
5075	4958	4957	11	-1	-1	-1	0
4959	5075	4957	11	-1	-1	-1	0
4959	4960	5076	11	-1	-1	-1	0
5036	5037	4924	10	-1	-1	-1	0
5077	4960	4961	11	-1	-1	-1	0
5046	5020	4932	9	-1	-1	-1	0
4962	5078	4961	11	-1	-1	-1	0
4927	5037	5039	10	-1	-1	-1	0
4927	5039	5040	10	-1	-1	-1	0
4963	5080	4964	11	-1	-1	-1	0
4928	5041	5038	10	-1	-1	-1	0
4967	5079	4962	11	-1	-1	-1	0
4963	4965	5080	11	-1	-1	-1	0
4928	5040	5041	10	-1	-1	-1	0
4931	5035	5045	10	-1	-1	-1	0
4929	5042	5043	10	-1	-1	-1	0
5083	4967	4966	11	-1	-1	-1	0
5044	4930	5043	10	-1	-1	-1	0
4931	5045	5042	10	-1	-1	-1	0
4972	5084	4966	11	-1	-1	-1	0
5087	4969	4968	11	-1	-1	-1	0
5044	5047	4933	9	-1	-1	-1	0
5087	4968	4970	11	-1	-1	-1	0
5047	5046	4933	9	-1	-1	-1	0
4969	5088	4971	11	-1	-1	-1	0
5036	4939	5055	10	-1	-1	-1	0
4934	5049	5048	10	-1	-1	-1	0
4970	4975	5087	11	-1	-1	-1	0
4935	5050	5049	10	-1	-1	-1	0
5048	5051	4936	10	-1	-1	-1	0
4971	5092	4972	11	-1	-1	-1	0
5053	5052	4937	11	-1	-1	-1	0
4973	5096	4974	14	-1	-1	-1	0
5054	4938	5052	11	-1	-1	-1	0
5051	5053	4941	11	-1	-1	-1	0
4974	5097	4975	14	-1	-1	-1	0
5056	4940	5054	11	-1	-1	-1	0
5016	5019	5015	9	-1	-1	-1	0
5095	4973	4982	14	-1	-1	-1	0
4977	5098	4976	14	-1	-1	-1	0
5056	5055	4940	11	-1	-1	-1	0
4976	5099	4978	14	-1	-1	-1	0
4979	5100	4977	14	-1	-1	-1	0
5057	5058	4942	14	-1	-1	-1	0
4943	5059	5057	14	-1	-1	-1	0
5099	4983	4978	14	-1	-1	-1	0
4947	5063	5050	10	-1	-1	-1	0
5018	5013	5029	9	-1	-1	-1	0
5101	4979	4981	14	-1	-1	-1	0
4980	5102	4981	14	-1	-1	-1	0
4958	5052	5053	11	-1	-1	-1	0
5060	4945	5061	11	-1	-1	-1	0
4946	5062	5059	14	-1	-1	-1	0
5062	4946	5060	14	-1	-1	-1	0
5106	4982	4983	14	-1	-1	-1	0
5063	4948	5064	10	-1	-1	-1	0
5067	4952	5058	10	-1	-1	-1	0
4948	5065	5064	10	-1	-1	-1	0
4949	5066	5065	10	-1	-1	-1	0
4985	4986	5109	8	-1	-1	-1	0
5032	5024	5025	10	-1	-1	-1	0
5053	5074	4956	11	-1	-1	-1	0
5026	5023	5034	10	-1	-1	-1	0
5110	4986	4987	8	-1	-1	-1	0
5026	5033	5025	10	-1	-1	-1	0
4958	5075	5052	11	-1	-1	-1	0
4950	5067	5068	10	-1	-1	-1	0
4951	5069	5066	10	-1	-1	-1	0
4988	5112	4987	8	-1	-1	-1	0
5068	5069	4951	10	-1	-1	-1	0
5033	5032	5025	10	-1	-1	-1	0
5113	4988	4989	9	-1	-1	-1	0
5033	5026	5034	10	-1	-1	-1	0
5070	4953	5071	11	-1	-1	-1	0
4989	4992	5113	9	-1	-1	-1	0
4980	5011	5103	14	-1	-1	-1	0
4991	4990	5114	9	-1	-1	-1	0
5071	4953	5072	11	-1	-1	-1	0
4991	5115	4992	9	-1	-1	-1	0
5072	4954	5073	11	-1	-1	-1	0
5073	4954	5074	11	-1	-1	-1	0
5117	4993	4994	9	-1	-1	-1	0
4995	5118	4994	9	-1	-1	-1	0
5081	5061	4964	11	-1	-1	-1	0
4998	4993	5116	9	-1	-1	-1	0
5076	5075	4959	11	-1	-1	-1	0
4997	5118	4995	9	-1	-1	-1	0
5119	4997	4996	9	-1	-1	-1	0
4960	5077	5076	11	-1	-1	-1	0
5070	5080	4965	11	-1	-1	-1	0
5077	4961	5078	11	-1	-1	-1	0
5078	4962	5079	11	-1	-1	-1	0
5000	4999	5121	14	-1	-1	-1	0
5121	4999	5001	14	-1	-1	-1	0
5002	5122	5001	14	-1	-1	-1	0
5082	4964	5080	11	-1	-1	-1	0
5081	4964	5082	11	-1	-1	-1	0
5003	5123	5002	14	-1	-1	-1	0
5000	5121	5008	14	-1	-1	-1	0
5015	5119	4996	9	-1	-1	-1	0
5079	4967	5085	11	-1	-1	-1	0
5006	5123	5003	14	-1	-1	-1	0
4966	5084	5083	11	-1	-1	-1	0
5004	5005	5124	14	-1	-1	-1	0
5004	5124	5006	14	-1	-1	-1	0
4967	5083	5086	11	-1	-1	-1	0
4967	5086	5085	11	-1	-1	-1	0
5007	5008	5130	14	-1	-1	-1	0
5089	4969	5087	11	-1	-1	-1	0
4969	5089	5088	11	-1	-1	-1	0
5130	5010	5007	14	-1	-1	-1	0
4972	5093	5084	11	-1	-1	-1	0
4971	5088	5091	11	-1	-1	-1	0
5089	5087	4975	11	-1	-1	-1	0
5132	5009	5010	14	-1	-1	-1	0
4971	5091	5090	11	-1	-1	-1	0
5092	4971	5090	11	-1	-1	-1	0
5012	5009	5132	14	-1	-1	-1	0
5135	5011	5012	14	-1	-1	-1	0
5094	4972	5092	11	-1	-1	-1	0
5094	5093	4972	11	-1	-1	-1	0
5097	5089	4975	11	-1	-1	-1	0
5014	5137	5013	9	-1	-1	-1	0
4973	5095	5096	14	-1	-1	-1	0
5096	5097	4974	14	-1	-1	-1	0
5019	5139	5015	9	-1	-1	-1	0
5098	5099	4976	14	-1	-1	-1	0
5100	5098	4977	14	-1	-1	-1	0
5074	5053	5051	11	-1	-1	-1	0
5140	5019	5020	9	-1	-1	-1	0
5029	5013	5137	9	-1	-1	-1	0
4979	5101	5100	14	-1	-1	-1	0
5052	5075	5054	11	-1	-1	-1	0
5014	5030	5138	9	-1	-1	-1	0
5106	5095	4982	14	-1	-1	-1	0
4980	5103	5102	14	-1	-1	-1	0
5142	5022	5021	10	-1	-1	-1	0
5105	5101	4981	14	-1	-1	-1	0
5102	5104	4981	14	-1	-1	-1	0
5143	5023	5022	10	-1	-1	-1	0
5099	5108	4983	14	-1	-1	-1	0
5027	5142	5021	10	-1	-1	-1	0
5104	5105	4981	14	-1	-1	-1	0
5137	5027	5028	9	-1	-1	-1	0
5029	5137	5028	9	-1	-1	-1	0
4983	5107	5106	14	-1	-1	-1	0
5108	5107	4983	14	-1	-1	-1	0
5030	5031	5138	9	-1	-1	-1	0
5143	5034	5023	10	-1	-1	-1	0
4986	5110	5109	8	-1	-1	-1	0
5046	5141	5020	9	-1	-1	-1	0
5143	5031	5034	9	-1	-1	-1	0
4987	5111	5110	8	-1	-1	-1	0
4987	5112	5111	8	-1	-1	-1	0
4988	5113	5112	9	-1	-1	-1	0
5037	5036	5145	10	-1	-1	-1	0
4991	5114	5115	9	-1	-1	-1	0
4992	5115	5113	9	-1	-1	-1	0
5146	5039	5037	10	-1	-1	-1	0
5144	5045	5035	10	-1	-1	-1	0
5116	4993	5117	9	-1	-1	-1	0
5040	5039	5149	10	-1	-1	-1	0
4994	5118	5117	9	-1	-1	-1	0
5040	5150	5041	10	-1	-1	-1	0
5120	4998	5116	9	-1	-1	-1	0
5047	5141	5046	9	-1	-1	-1	0
4997	5119	5118	9	-1	-1	-1	0
5055	5145	5036	10	-1	-1	-1	0
5043	5042	5151	10	-1	-1	-1	0
5042	5045	5151	10	-1	-1	-1	0
5044	5043	5152	10	-1	-1	-1	0
5044	5153	5047	9	-1	-1	-1	0
5121	5001	5122	14	-1	-1	-1	0
5122	5002	5123	14	-1	-1	-1	0
5011	5134	5103	14	-1	-1	-1	0
5005	5126	5124	14	-1	-1	-1	0
5049	5158	5048	10	-1	-1	-1	0
5005	5125	5126	14	0	-1	-1	0
5123	5006	5127	14	-1	-1	-1	0
5051	5048	5158	10	-1	-1	-1	0
5049	5050	5159	10	-1	-1	-1	0
5124	5128	5006	14	-1	-1	-1	0
5121	5131	5008	14	-1	-1	-1	0
5129	5127	5006	14	-1	-1	-1	0
5006	5128	5129	14	-1	-1	-1	0
5130	5008	5131	14	-1	-1	-1	0
5161	5056	5054	11	-1	-1	-1	0
5130	5133	5010	14	-1	-1	-1	0
5162	5055	5056	11	-1	-1	-1	0
5139	5119	5015	9	-1	-1	-1	0
5160	5050	5063	10	-1	-1	-1	0
5132	5010	5133	14	-1	-1	-1	0
5057	5163	5058	14	-1	-1	-1	0
5163	5057	5059	14	-1	-1	-1	0
5132	5136	5012	14	-1	-1	-1	0
5135	5134	5011	14	-1	-1	-1	0
5074	5051	5158	11	-1	-1	-1	0
5136	5135	5012	14	-1	-1	-1	0
5062	5163	5059	14	-1	-1	-1	0
5061	5165	5060	11	-1	-1	-1	0
5062	5060	5165	11	-1	-1	-1	0
5164	5067	5058	10	-1	-1	-1	0
5137	5014	5138	9	-1	-1	-1	0
5075	5161	5054	11	-1	-1	-1	0
5167	5063	5064	10	-1	-1	-1	0
5064	5065	5167	10	-1	-1	-1	0
5140	5139	5019	9	-1	-1	-1	0
5065	5066	5168	10	-1	-1	-1	0
5141	5140	5020	9	-1	-1	-1	0
5027	5137	5138	9	-1	-1	-1	0
5072	5073	5159	11	-1	-1	-1	0
5169	5066	5069	10	-1	-1	-1	0
5170	5068	5067	10	-1	-1	-1	0
5158	5073	5074	11	-1	-1	-1	0
5142	5027	5138	9	-1	-1	-1	0
5022	5142	5143	10	-1	-1	-1	0
5171	5069	5068	10	-1	-1	-1	0
5061	5081	5166	11	-1	-1	-1	0
5138	5031	5142	9	-1	-1	-1	0
5075	5076	5161	11	-1	-1	-1	0
5071	5173	5070	11	-1	-1	-1	0
5142	5031	5143	9	-1	-1	-1	0
5071	5072	5174	11	-1	-1	-1	0
5080	5070	5173	11	-1	-1	-1	0
5147	5037	5145	10	-1	-1	-1	0
5077	5176	5076	11	-1	-1	-1	0
5147	5146	5037	10	-1	-1	-1	0
5148	5039	5146	10	-1	-1	-1	0
5080	5173	5082	11	-1	-1	-1	0
5039	5148	5149	10	-1	-1	-1	0
5150	5040	5149	10	-1	-1	-1	0
5178	5081	5082	11	-1	-1	-1	0
5154	5045	5144	10	-1	-1	-1	0
5141	5047	5157	9	-1	-1	-1	0
5151	5152	5043	10	-1	-1	-1	0
5084	5181	5083	11	-1	-1	-1	0
5152	5153	5044	9	-1	-1	-1	0
5181	5086	5083	11	-1	-1	-1	0
5045	5155	5151	10	-1	-1	-1	0
5183	5085	5086	11	-1	-1	-1	0
5045	5154	5155	10	-1	-1	-1	0
5153	5156	5047	9	-1	-1	-1	0
5093	5182	5084	11	-1	-1	-1	0
5157	5047	5156	9	-1	-1	-1	0
5185	5088	5089	11	-1	-1	-1	0
5162	5145	5055	11	-1	-1	-1	0
5088	5186	5091	11	-1	-1	-1	0
5159	5158	5049	10	-1	-1	-1	0
5091	5188	5090	11	-1	-1	-1	0
5050	5160	5159	10	-1	-1	-1	0
5090	5189	5092	11	-1	-1	-1	0
5097	5187	5089	11	-1	-1	-1	0
5092	5191	5094	11	-1	-1	-1	0
5126	5128	5124	14	-1	-1	-1	0
5161	5162	5056	11	-1	-1	-1	0
5094	5192	5093	11	-1	-1	-1	0
5058	5163	5164	10	-1	-1	-1	0
5096	5095	5195	14	-1	-1	-1	0
5097	5096	5196	14	-1	-1	-1	0
5167	5160	5063	10	-1	-1	-1	0
5073	5158	5159	11	-1	-1	-1	0
5163	5062	5165	10	-1	-1	-1	0
5165	5061	5166	11	-1	-1	-1	0
5099	5098	5197	14	-1	-1	-1	0
5095	5106	5195	14	-1	-1	-1	0
5098	5100	5198	14	-1	-1	-1	0
5065	5168	5167	10	-1	-1	-1	0
5101	5199	5100	14	-1	-1	-1	0
5164	5170	5067	10	-1	-1	-1	0
5169	5168	5066	10	-1	-1	-1	0
5197	5108	5099	14	-1	-1	-1	0
5174	5072	5159	11	-1	-1	-1	0
5102	5103	5201	14	-1	-1	-1	0
5105	5200	5101	14	-1	-1	-1	0
5104	5102	5201	14	-1	-1	-1	0
5171	5068	5170	10	-1	-1	-1	0
5169	5069	5172	10	-1	-1	-1	0
5069	5171	5172	10	-1	-1	-1	0
5176	5161	5076	11	-1	-1	-1	0
5105	5104	5206	14	-1	-1	-1	0
5175	5173	5071	11	-1	-1	-1	0
5174	5175	5071	11	-1	-1	-1	0
5106	5107	5209	14	-1	-1	-1	0
5166	5081	5178	11	-1	-1	-1	0
5107	5108	5211	14	-1	-1	-1	0
5077	5177	5176	11	-1	-1	-1	0
5213	5109	5110	8	-1	-1	-1	0
5214	5110	5111	8	-1	-1	-1	0
5180	5082	5173	11	-1	-1	-1	0
5112	5215	5111	8	-1	-1	-1	0
5178	5082	5179	11	-1	-1	-1	0
5203	5103	5134	14	-1	-1	-1	0
5113	5216	5112	9	-1	-1	-1	0
5180	5179	5082	11	-1	-1	-1	0
5115	5216	5113	9	-1	-1	-1	0
5217	5115	5114	9	-1	-1	-1	0
5182	5181	5084	11	-1	-1	-1	0
5086	5181	5184	11	-1	-1	-1	0
5220	5116	5117	9	-1	-1	-1	0
5183	5086	5184	11	-1	-1	-1	0
5120	5116	5219	9	-1	-1	-1	0
5117	5118	5221	9	-1	-1	-1	0
5221	5118	5119	9	-1	-1	-1	0
5088	5185	5186	11	-1	-1	-1	0
5187	5185	5089	11	-1	-1	-1	0
5122	5223	5121	14	-1	-1	-1	0
5091	5186	5190	11	-1	-1	-1	0
5090	5188	5189	11	-1	-1	-1	0
5182	5093	5192	11	-1	-1	-1	0
5091	5190	5188	11	-1	-1	-1	0
5123	5226	5122	14	-1	-1	-1	0
5189	5191	5092	11	-1	-1	-1	0
5121	5223	5131	14	-1	-1	-1	0
5226	5123	5127	14	-1	-1	-1	0
5094	5191	5193	11	-1	-1	-1	0
5227	5126	5125	14	-1	-1	-1	0
5139	5221	5119	9	-1	-1	-1	0
5196	5187	5097	11	-1	-1	-1	0
5094	5194	5192	11	-1	-1	-1	0
5194	5094	5193	11	-1	-1	-1	0
5229	5128	5126	14	-1	-1	-1	0
5230	5127	5129	14	-1	-1	-1	0
5229	5129	5128	14	-1	-1	-1	0
5195	5196	5096	14	-1	-1	-1	0
5164	5163	5165	10	-1	-1	-1	0
5198	5197	5098	14	-1	-1	-1	0
5174	5159	5160	10	-1	-1	-1	0
5232	5130	5131	14	-1	-1	-1	0
5130	5232	5133	14	-1	-1	-1	0
5164	5165	5166	10	-1	-1	-1	0
5100	5199	5198	14	-1	-1	-1	0
5132	5133	5234	14	-1	-1	-1	0
5200	5199	5101	14	-1	-1	-1	0
5166	5170	5164	10	-1	-1	-1	0
5160	5167	5174	10	-1	-1	-1	0
5132	5234	5136	14	-1	-1	-1	0
5237	5134	5135	14	-1	-1	-1	0
5103	5204	5201	14	-1	-1	-1	0
5136	5237	5135	14	-1	-1	-1	0
5103	5203	5202	14	-1	-1	-1	0
5202	5204	5103	14	-1	-1	-1	0
5106	5209	5195	14	-1	-1	-1	0
5175	5167	5168	10	-1	-1	-1	0
5205	5104	5201	14	-1	-1	-1	0
5105	5207	5200	14	-1	-1	-1	0
5178	5170	5166	10	-1	-1	-1	0
5104	5205	5206	14	-1	-1	-1	0
5167	5175	5174	10	-1	-1	-1	0
5197	5212	5108	14	-1	-1	-1	0
5140	5239	5139	9	-1	-1	-1	0
5220	5141	5157	9	-1	-1	-1	0
5105	5206	5208	14	-1	-1	-1	0
5171	5170	5178	10	-1	-1	-1	0
5239	5140	5141	9	-1	-1	-1	0
5207	5105	5208	14	-1	-1	-1	0
5169	5172	5180	10	-1	-1	-1	0
5171	5179	5172	10	-1	-1	-1	0
5107	5210	5209	14	-1	-1	-1	0
5107	5211	5210	14	-1	-1	-1	0
5171	5178	5179	10	-1	-1	-1	0
5211	5108	5212	14	-1	-1	-1	0
5180	5172	5179	10	-1	-1	-1	0
5241	5147	5145	11	-1	-1	-1	0
5242	5146	5147	10	-1	-1	-1	0
5213	5110	5214	8	-1	-1	-1	0
5146	5243	5148	10	-1	-1	-1	0
5144	5240	5154	10	-1	-1	-1	0
5214	5111	5215	8	-1	-1	-1	0
5245	5149	5148	10	-1	-1	-1	0
5216	5215	5112	9	-1	-1	-1	0
5150	5149	5246	10	-1	-1	-1	0
5162	5241	5145	11	-1	-1	-1	0
5115	5218	5216	9	-1	-1	-1	0
5218	5115	5217	9	-1	-1	-1	0
5152	5151	5247	10	-1	-1	-1	0
5153	5152	5248	9	-1	-1	-1	0
5151	5155	5247	10	-1	-1	-1	0
5219	5116	5220	9	-1	-1	-1	0
5117	5221	5220	9	-1	-1	-1	0
5153	5249	5156	9	-1	-1	-1	0
5154	5250	5155	10	-1	-1	-1	0
5120	5219	5222	9	-1	-1	-1	0
5157	5156	5252	9	-1	-1	-1	0
5223	5122	5225	14	-1	-1	-1	0
5122	5224	5225	14	-1	-1	-1	0
5122	5226	5224	14	-1	-1	-1	0
5203	5134	5237	14	-1	-1	-1	0
5162	5161	5255	11	-1	-1	-1	0
5228	5227	5125	14	-1	-1	0	0
5229	5126	5227	14	-1	-1	-1	0
5230	5226	5127	14	-1	-1	-1	0
5131	5223	5233	14	-1	-1	-1	0
5229	5231	5129	14	-1	-1	-1	0
5230	5129	5231	14	-1	-1	-1	0
5176	5255	5161	11	-1	-1	-1	0
5256	5168	5169	10	-1	-1	-1	0
5232	5131	5233	14	-1	-1	-1	0
5175	5168	5256	10	-1	-1	-1	0
5221	5139	5239	9	-1	-1	-1	0
5220	5239	5141	9	-1	-1	-1	0
5133	5232	5236	14	-1	-1	-1	0
5234	5133	5235	14	-1	-1	-1	0
5256	5173	5175	11	-1	-1	-1	0
5235	5133	5236	14	-1	-1	-1	0
5169	5180	5256	10	-1	-1	-1	0
5136	5234	5238	14	-1	-1	-1	0
5180	5173	5256	11	-1	-1	-1	0
5176	5177	5257	11	-1	-1	-1	0
5237	5136	5238	14	-1	-1	-1	0
5181	5182	5261	11	-1	-1	-1	0
5181	5260	5184	11	-1	-1	-1	0
5184	5262	5183	11	-1	-1	-1	0
5220	5157	5254	9	-1	-1	-1	0
5146	5242	5243	10	-1	-1	-1	0
5147	5241	5244	11	-1	-1	-1	0
5147	5244	5242	11	-1	-1	-1	0
5264	5186	5185	11	-1	-1	-1	0
5187	5263	5185	11	-1	-1	-1	0
5182	5192	5261	11	-1	-1	-1	0
5148	5243	5245	10	-1	-1	-1	0
5245	5246	5149	10	-1	-1	-1	0
5186	5265	5190	11	-1	-1	-1	0
5189	5188	5267	14	-1	-1	-1	0
5240	5250	5154	10	-1	-1	-1	0
5268	5188	5190	14	-1	-1	-1	0
5152	5247	5248	9	-1	-1	-1	0
5261	5192	5194	11	-1	-1	-1	0
5187	5196	5266	11	-1	-1	-1	0
5269	5191	5189	14	-1	-1	-1	0
5153	5248	5249	9	-1	-1	-1	0
5155	5251	5247	10	-1	-1	-1	0
5193	5191	5271	14	-1	-1	-1	0
5155	5250	5251	10	-1	-1	-1	0
5255	5241	5162	11	-1	-1	-1	0
5156	5249	5253	9	-1	-1	-1	0
5193	5273	5194	11	-1	-1	-1	0
5252	5156	5253	9	-1	-1	-1	0
5157	5252	5254	9	-1	-1	-1	0
5277	5196	5195	14	-1	-1	-1	0
5278	5197	5198	14	-1	-1	-1	0
5279	5198	5199	14	-1	-1	-1	0
5199	5200	5279	14	-1	-1	-1	0
5239	5220	5221	9	-1	-1	-1	0
5195	5209	5277	14	-1	-1	-1	0
5225	5233	5223	14	-1	-1	-1	0
5205	5272	5206	14	-1	-1	-1	0
5268	5207	5208	14	-1	-1	-1	0
5269	5208	5206	14	-1	-1	-1	0
5281	5201	5204	14	-1	-1	-1	0
5212	5197	5278	14	-1	-1	-1	0
5280	5200	5207	14	-1	-1	-1	0
5205	5201	5281	14	-1	-1	-1	0
5204	5202	5282	14	-1	-1	-1	0
5255	5176	5257	11	-1	-1	-1	0
5283	5202	5203	14	-1	-1	-1	0
5258	5257	5177	11	-1	-1	-1	0
5220	5254	5219	9	-1	-1	-1	0
5222	5219	5254	9	-1	-1	-1	0
5181	5259	5260	11	-1	-1	-1	0
5181	5261	5259	11	-1	-1	-1	0
5262	5184	5260	11	-1	-1	-1	0
5288	5209	5210	14	-1	-1	-1	0
5210	5211	5290	14	-1	-1	-1	0
5185	5263	5264	11	-1	-1	-1	0
5212	5292	5211	14	-1	-1	-1	0
5265	5186	5264	11	-1	-1	-1	0
5187	5266	5263	11	-1	-1	-1	0
5294	5213	5214	8	-1	-1	-1	0
5188	5268	5267	14	-1	-1	-1	0
5284	5203	5237	14	-1	-1	-1	0
5295	5214	5215	8	-1	-1	-1	0
5265	5270	5190	14	-1	-1	-1	0
5269	5189	5267	14	-1	-1	-1	0
5216	5296	5215	9	-1	-1	-1	0
5190	5270	5268	14	-1	-1	-1	0
5275	5261	5194	11	-1	-1	-1	0
5218	5296	5216	9	-1	-1	-1	0
5191	5269	5272	14	-1	-1	-1	0
5217	5297	5218	9	-1	-1	-1	0
5191	5272	5271	14	-1	-1	-1	0
5271	5274	5193	14	-1	-1	-1	0
5277	5266	5196	11	-1	-1	-1	0
5193	5274	5273	14	-1	-1	-1	0
5268	5208	5267	14	-1	-1	-1	0
5276	5194	5273	11	-1	-1	-1	0
5208	5269	5267	14	-1	-1	-1	0
5194	5276	5275	11	-1	-1	-1	0
5270	5207	5268	14	-1	-1	-1	0
5206	5272	5269	14	-1	-1	-1	0
5225	5224	5299	14	-1	-1	-1	0
5226	5299	5224	14	-1	-1	-1	0
5198	5279	5278	14	-1	-1	-1	0
5302	5227	5228	14	-1	-1	-1	0
5270	5280	5207	14	-1	-1	-1	0
5301	5226	5230	14	-1	-1	-1	0
5302	5229	5227	14	-1	-1	-1	0
5300	5233	5225	14	-1	-1	-1	0
5279	5200	5280	14	-1	-1	-1	0
5205	5287	5272	14	-1	-1	-1	0
5229	5305	5231	14	-1	-1	-1	0
5202	5283	5282	14	-1	-1	-1	0
5231	5306	5230	14	-1	-1	-1	0
5283	5203	5284	14	-1	-1	-1	0
5286	5281	5204	14	-1	-1	-1	0
5282	5285	5204	14	-1	-1	-1	0
5281	5287	5205	14	-1	-1	-1	0
5254	5298	5222	9	-1	-1	-1	0
5232	5233	5309	14	-1	-1	-1	0
5204	5285	5286	14	-1	-1	-1	0
5277	5209	5289	14	-1	-1	-1	0
5236	5232	5309	14	-1	-1	-1	0
5311	5234	5235	14	-1	-1	-1	0
5310	5238	5234	14	-1	-1	-1	0
5312	5235	5236	14	-1	-1	-1	0
5212	5278	5293	14	-1	-1	-1	0
5289	5209	5288	14	-1	-1	-1	0
5238	5313	5237	14	-1	-1	-1	0
5210	5290	5288	14	-1	-1	-1	0
5291	5290	5211	14	-1	-1	-1	0
5291	5211	5292	14	-1	-1	-1	0
5293	5292	5212	14	-1	-1	-1	0
5244	5241	5317	11	-1	-1	-1	0
5214	5295	5294	8	-1	-1	-1	0
5318	5242	5244	11	-1	-1	-1	0
5242	5319	5243	10	-1	-1	-1	0
5254	5252	5298	9	-1	-1	-1	0
5215	5296	5295	9	-1	-1	-1	0
5240	5316	5250	10	-1	-1	-1	0
5321	5245	5243	10	-1	-1	-1	0
5297	5296	5218	9	-1	-1	-1	0
5255	5317	5241	11	-1	-1	-1	0
5246	5245	5323	10	-1	-1	-1	0
5248	5247	5324	9	-1	-1	-1	0
5247	5251	5324	9	-1	-1	-1	0
5249	5248	5326	9	-1	-1	-1	0
5299	5300	5225	14	-1	-1	-1	0
5226	5301	5299	14	-1	-1	-1	0
5251	5250	5327	10	-1	-1	-1	0
5326	5253	5249	9	-1	-1	-1	0
5317	5255	5257	11	-1	-1	-1	0
5228	5303	5302	14	-1	-1	-1	0
5329	5252	5253	9	-1	-1	-1	0
5303	5228	5304	14	-1	0	-1	0
5237	5314	5284	14	-1	-1	-1	0
5305	5229	5302	14	-1	-1	-1	0
5307	5301	5230	14	-1	-1	-1	0
5309	5233	5300	14	-1	-1	-1	0
5306	5307	5230	14	-1	-1	-1	0
5231	5305	5308	14	-1	-1	-1	0
5308	5306	5231	14	-1	-1	-1	0
5258	5331	5257	11	-1	-1	-1	0
5311	5310	5234	14	-1	-1	-1	0
5259	5334	5260	11	-1	-1	-1	0
5261	5335	5259	11	-1	-1	-1	0
5312	5236	5309	14	-1	-1	-1	0
5260	5336	5262	11	-1	-1	-1	0
5311	5235	5312	14	-1	-1	-1	0
5238	5310	5315	14	-1	-1	-1	0
5337	5264	5263	11	-1	-1	-1	0
5313	5314	5237	14	-1	-1	-1	0
5315	5313	5238	14	-1	-1	-1	0
5263	5266	5337	11	-1	-1	-1	0
5265	5264	5338	11	-1	-1	-1	0
5335	5261	5275	11	-1	-1	-1	0
5339	5270	5265	14	-1	-1	-1	0
5252	5329	5298	9	-1	-1	-1	0
5242	5318	5319	11	-1	-1	-1	0
5243	5319	5320	10	-1	-1	-1	0
5317	5322	5244	11	-1	-1	-1	0
5277	5340	5266	11	-1	-1	-1	0
5243	5320	5321	10	-1	-1	-1	0
5318	5244	5322	11	-1	-1	-1	0
5342	5271	5272	14	-1	-1	-1	0
5342	5274	5271	14	-1	-1	-1	0
5245	5321	5323	10	-1	-1	-1	0
5339	5280	5270	14	-1	-1	-1	0
5273	5274	5343	14	-1	-1	-1	0
5343	5276	5273	14	-1	-1	-1	0
5316	5327	5250	10	-1	-1	-1	0
5276	5344	5275	11	-1	-1	-1	0
5248	5324	5325	9	-1	-1	-1	0
5325	5326	5248	9	-1	-1	-1	0
5272	5287	5342	14	-1	-1	-1	0
5279	5346	5278	14	-1	-1	-1	0
5328	5324	5251	9	-1	-1	-1	0
5331	5317	5257	11	-1	-1	-1	0
5327	5328	5251	9	-1	-1	-1	0
5280	5347	5279	14	-1	-1	-1	0
5277	5289	5340	11	-1	-1	-1	0
5326	5330	5253	9	-1	-1	-1	0
5329	5253	5330	9	-1	-1	-1	0
5348	5281	5286	14	-1	-1	-1	0
5348	5287	5281	14	-1	-1	-1	0
5293	5278	5346	14	-1	-1	-1	0
5285	5349	5286	14	-1	-1	-1	0
5332	5331	5258	11	-1	-1	-1	0
5259	5333	5334	11	-1	-1	-1	0
5259	5335	5333	11	-1	-1	-1	0
5352	5289	5288	14	-1	-1	-1	0
5290	5352	5288	14	-1	-1	-1	0
5260	5334	5336	11	-1	-1	-1	0
5291	5354	5290	14	-1	-1	-1	0
5291	5292	5355	14	-1	-1	-1	0
5337	5338	5264	11	-1	-1	-1	0
5293	5356	5292	14	-1	-1	-1	0
5315	5314	5313	14	-1	-1	-1	0
5339	5265	5338	14	-1	-1	-1	0
5266	5341	5337	11	-1	-1	-1	0
5266	5340	5341	11	-1	-1	-1	0
5294	5295	5358	8	-1	-1	-1	0
5359	5295	5296	9	-1	-1	-1	0
5297	5359	5296	9	-1	-1	-1	0
5335	5275	5344	11	-1	-1	-1	0
5342	5343	5274	14	-1	-1	-1	0
5360	5300	5299	14	-1	-1	-1	0
5301	5361	5299	14	-1	-1	-1	0
5343	5345	5276	14	-1	-1	-1	0
5276	5345	5344	14	-1	-1	-1	0
5280	5339	5347	14	-1	-1	-1	0
5363	5302	5303	14	-1	-1	-1	0
5307	5361	5301	14	-1	-1	-1	0
5331	5322	5317	11	-1	-1	-1	0
5305	5302	5364	14	-1	-1	-1	0
5300	5362	5309	14	-1	-1	-1	0
5304	5365	5303	14	-1	-1	-1	0
5347	5346	5279	14	-1	-1	-1	0
5308	5305	5364	14	-1	-1	-1	0
5328	5325	5324	9	-1	-1	-1	0
5351	5342	5287	14	-1	-1	-1	0
5368	5307	5306	14	-1	-1	-1	0
5340	5289	5353	11	-1	-1	-1	0
5309	5362	5312	14	-1	-1	-1	0
5308	5369	5306	14	-1	-1	-1	0
5350	5348	5286	14	-1	-1	-1	0
5350	5286	5349	14	-1	-1	-1	0
5351	5287	5348	14	-1	-1	-1	0
5372	5310	5311	14	-1	-1	-1	0
5289	5352	5353	11	-1	-1	-1	0
5354	5352	5290	14	-1	-1	-1	0
5346	5357	5293	14	-1	-1	-1	0
5312	5374	5311	14	-1	-1	-1	0
5315	5310	5372	14	-1	-1	-1	0
5291	5355	5354	14	-1	-1	-1	0
5292	5356	5355	14	-1	-1	-1	0
5314	5315	5375	14	-1	-1	-1	0
5356	5293	5357	14	-1	-1	-1	0
5359	5358	5295	9	-1	-1	-1	0
5318	5378	5319	11	-1	-1	-1	0
5322	5379	5318	11	-1	-1	-1	0
5319	5380	5320	10	-1	-1	-1	0
5299	5361	5360	14	-1	-1	-1	0
5316	5377	5327	10	-1	-1	-1	0
5300	5360	5362	14	-1	-1	-1	0
5381	5321	5320	10	-1	-1	-1	0
5382	5323	5321	10	-1	-1	-1	0
5364	5302	5363	14	-1	-1	-1	0
5363	5303	5365	14	-1	-1	-1	0
5331	5379	5322	11	-1	-1	-1	0
5340	5353	5341	11	-1	-1	-1	0
5326	5325	5384	9	-1	-1	-1	0
5304	5367	5365	14	-1	-1	-1	0
5343	5342	5351	14	-1	-1	-1	0
5383	5325	5328	9	-1	-1	-1	0
5304	5366	5367	14	0	-1	-1	0
5370	5361	5307	14	-1	-1	-1	0
5345	5343	5351	14	-1	-1	-1	0
5330	5326	5384	9	-1	-1	-1	0
5328	5327	5385	9	-1	-1	-1	0
5379	5331	5332	11	-1	-1	-1	0
5368	5306	5369	14	-1	-1	-1	0
5364	5371	5308	14	-1	-1	-1	0
5368	5370	5307	14	-1	-1	-1	0
5371	5369	5308	14	-1	-1	-1	0
5374	5312	5362	14	-1	-1	-1	0
5334	5333	5389	11	-1	-1	-1	0
5372	5311	5373	14	-1	-1	-1	0
5388	5333	5335	11	-1	-1	-1	0
5373	5311	5374	14	-1	-1	-1	0
5334	5390	5336	11	-1	-1	-1	0
5372	5376	5315	14	-1	-1	-1	0
5315	5376	5375	14	-1	-1	-1	0
5338	5337	5392	11	-1	-1	-1	0
5338	5393	5339	14	-1	-1	-1	0
5337	5341	5392	11	-1	-1	-1	0
5391	5335	5344	11	-1	-1	-1	0
5379	5378	5318	11	-1	-1	-1	0
5378	5380	5319	11	-1	-1	-1	0
5347	5339	5393	14	-1	-1	-1	0
5381	5320	5380	10	-1	-1	-1	0
5382	5321	5381	10	-1	-1	-1	0
5344	5345	5395	14	-1	-1	-1	0
5346	5347	5393	14	-1	-1	-1	0
5353	5394	5341	11	-1	-1	-1	0
5377	5385	5327	9	-1	-1	-1	0
5396	5345	5351	14	-1	-1	-1	0
5383	5384	5325	9	-1	-1	-1	0
5396	5348	5350	14	-1	-1	-1	0
5396	5351	5348	14	-1	-1	-1	0
5385	5383	5328	9	-1	-1	-1	0
5350	5349	5397	14	-1	-1	-1	0
5346	5393	5357	14	-1	-1	-1	0
5386	5379	5332	11	-1	-1	-1	0
5400	5353	5352	11	-1	-1	-1	0
5352	5354	5400	11	-1	-1	-1	0
5388	5387	5333	11	-1	-1	-1	0
5333	5387	5389	11	-1	-1	-1	0
5400	5354	5355	14	-1	-1	-1	0
5401	5355	5356	14	-1	-1	-1	0
5390	5334	5389	11	-1	-1	-1	0
5391	5388	5335	11	-1	-1	-1	0
5357	5401	5356	14	-1	-1	-1	0
5392	5393	5338	14	-1	-1	-1	0
5402	5362	5360	14	-1	-1	-1	0
5403	5360	5361	14	-1	-1	-1	0
5341	5394	5392	11	-1	-1	-1	0
5395	5391	5344	14	-1	-1	-1	0
5365	5405	5363	14	-1	-1	-1	0
5406	5364	5363	14	-1	-1	-1	0
5403	5361	5370	14	-1	-1	-1	0
5396	5395	5345	14	-1	-1	-1	0
5367	5407	5365	14	-1	-1	-1	0
5374	5362	5404	14	-1	-1	-1	0
5408	5367	5366	14	-1	-1	-1	0
5364	5406	5371	14	-1	-1	-1	0
5392	5357	5393	14	-1	-1	-1	0
5392	5394	5357	14	-1	-1	-1	0
5396	5350	5398	14	-1	-1	-1	0
5350	5397	5399	14	-1	-1	-1	0
5398	5350	5399	14	-1	-1	-1	0
5410	5368	5369	14	-1	-1	-1	0
5353	5400	5394	11	-1	-1	-1	0
5370	5368	5410	14	-1	-1	-1	0
5371	5411	5369	14	-1	-1	-1	0
5394	5401	5357	14	-1	-1	-1	0
5355	5401	5400	14	-1	-1	-1	0
5373	5415	5372	14	-1	-1	-1	0
5415	5376	5372	14	-1	-1	-1	0
5373	5374	5416	14	-1	-1	-1	0
5360	5403	5402	14	-1	-1	-1	0
5402	5404	5362	14	-1	-1	-1	0
5376	5418	5375	14	-1	-1	-1	0
5363	5405	5406	14	-1	-1	-1	0
5379	5419	5378	11	-1	-1	-1	0
5407	5405	5365	14	-1	-1	-1	0
5378	5420	5380	11	-1	-1	-1	0
5421	5381	5380	10	-1	-1	-1	0
5407	5367	5408	14	-1	-1	-1	0
5409	5408	5366	14	-1	-1	0	0
5419	5379	5386	11	-1	-1	-1	0
5412	5403	5370	14	-1	-1	-1	0
5422	5382	5381	10	-1	-1	-1	0
5398	5395	5396	14	-1	-1	-1	0
5411	5410	5369	14	-1	-1	-1	0
5414	5371	5406	14	-1	-1	-1	0
5413	5370	5410	14	-1	-1	-1	0
5416	5374	5404	14	-1	-1	-1	0
5413	5412	5370	14	-1	-1	-1	0
5394	5400	5401	14	-1	-1	-1	0
5411	5371	5414	14	-1	-1	-1	0
5424	5389	5387	11	-1	-1	-1	0
5388	5425	5387	11	-1	-1	-1	0
5373	5417	5415	14	-1	-1	-1	0
5426	5388	5391	11	-1	-1	-1	0
5390	5389	5427	11	-1	-1	-1	0
5373	5416	5417	14	-1	-1	-1	0
5376	5415	5418	14	-1	-1	-1	0
5391	5395	5428	14	-1	-1	-1	0
5419	5420	5378	11	-1	-1	-1	0
5380	5420	5421	11	-1	-1	-1	0
5428	5395	5398	14	-1	-1	-1	0
5381	5421	5422	10	-1	-1	-1	0
5399	5397	5429	14	-1	-1	-1	0
5430	5398	5399	14	-1	-1	-1	0
5386	5423	5419	11	-1	-1	-1	0
5387	5425	5424	11	-1	-1	-1	0
5403	5432	5402	14	-1	-1	-1	0
5388	5426	5425	11	-1	-1	-1	0
5404	5402	5433	14	-1	-1	-1	0
5424	5427	5389	11	-1	-1	-1	0
5391	5428	5426	14	-1	-1	-1	0
5405	5435	5406	14	-1	-1	-1	0
5435	5405	5407	14	-1	-1	-1	0
5434	5403	5412	14	-1	-1	-1	0
5404	5433	5416	14	-1	-1	-1	0
5407	5408	5438	14	-1	-1	-1	0
5409	5438	5408	14	-1	-1	-1	0
5398	5430	5428	14	-1	-1	-1	0
5414	5406	5436	14	-1	-1	-1	0
5429	5431	5399	14	-1	-1	-1	0
5431	5430	5399	14	-1	-1	-1	0
5423	5420	5419	11	-1	-1	-1	0
5410	5411	5442	14	-1	-1	-1	0
5443	5413	5410	14	-1	-1	-1	0
5414	5442	5411	14	-1	-1	-1	0
5402	5432	5433	14	-1	-1	-1	0
5434	5432	5403	14	-1	-1	-1	0
5413	5444	5412	14	-1	-1	-1	0
5437	5406	5435	14	-1	-1	-1	0
5406	5437	5436	14	-1	-1	-1	0
5435	5407	5439	14	-1	-1	-1	0
5415	5417	5450	14	-1	-1	-1	0
5415	5450	5418	14	-1	-1	-1	0
5451	5417	5416	14	-1	-1	-1	0
5439	5407	5438	14	-1	-1	-1	0
5438	5409	5440	14	-1	-1	-1	0
5441	5440	5409	14	-1	-1	0	0
5412	5445	5434	14	-1	-1	-1	0
5453	5421	5420	11	-1	-1	-1	0
5443	5410	5442	14	-1	-1	-1	0
5423	5453	5420	11	-1	-1	-1	0
5454	5422	5421	10	-1	-1	-1	0
5414	5436	5449	14	-1	-1	-1	0
5451	5416	5433	14	-1	-1	-1	0
5412	5444	5445	14	-1	-1	-1	0
5413	5443	5446	14	-1	-1	-1	0
5414	5448	5442	14	-1	-1	-1	0
5447	5444	5413	14	-1	-1	-1	0
5456	5424	5425	11	-1	-1	-1	0
5427	5424	5455	11	-1	-1	-1	0
5447	5413	5446	14	-1	-1	-1	0
5426	5458	5425	11	-1	-1	-1	0
5414	5449	5448	14	-1	-1	-1	0
5426	5428	5459	14	-1	-1	-1	0
5459	5428	5430	14	-1	-1	-1	0
5450	5417	5452	14	-1	-1	-1	0
5460	5431	5429	14	-1	-1	-1	0
5451	5452	5417	14	-1	-1	-1	0
5430	5431	5459	14	-1	-1	-1	0
5437	5449	5436	14	-1	-1	-1	0
5462	5433	5432	14	-1	-1	-1	0
5454	5421	5453	11	-1	-1	-1	0
5462	5432	5434	14	-1	-1	-1	0
5424	5456	5455	11	-1	-1	-1	0
5435	5464	5437	14	-1	-1	-1	0
5425	5457	5456	11	-1	-1	-1	0
5464	5435	5439	14	-1	-1	-1	0
5425	5458	5457	11	-1	-1	-1	0
5445	5463	5434	14	-1	-1	-1	0
5459	5458	5426	14	-1	-1	-1	0
5439	5438	5466	14	-1	-1	-1	0
5440	5466	5438	14	-1	-1	-1	0
5462	5451	5433	14	-1	-1	-1	0
5441	5469	5440	14	-1	-1	-1	0
5465	5449	5437	14	-1	-1	-1	0
5431	5461	5459	14	-1	-1	-1	0
5460	5461	5431	14	-1	-1	-1	0
5442	5472	5443	14	-1	-1	-1	0
5463	5462	5434	14	-1	-1	-1	0
5472	5442	5448	14	-1	-1	-1	0
5473	5446	5443	14	-1	-1	-1	0
5445	5444	5474	14	-1	-1	-1	0
5447	5474	5444	14	-1	-1	-1	0
5437	5464	5465	14	-1	-1	-1	0
5476	5447	5446	14	-1	-1	-1	0
5464	5439	5468	14	-1	-1	-1	0
5467	5439	5466	14	-1	-1	-1	0
5467	5468	5439	14	-1	-1	-1	0
5466	5440	5469	14	-1	-1	-1	0
5449	5480	5448	14	-1	-1	-1	0
5441	5471	5469	14	-1	-1	-1	0
5470	5471	5441	14	-1	-1	0	0
5463	5445	5474	14	-1	-1	-1	0
5481	5450	5452	14	-1	-1	-1	0
5451	5483	5452	14	-1	-1	-1	0
5472	5473	5443	14	-1	-1	-1	0
5475	5446	5473	14	-1	-1	-1	0
5465	5480	5449	14	-1	-1	-1	0
5462	5482	5451	14	-1	-1	-1	0
5484	5455	5456	11	-1	-1	-1	0
5465	5464	5468	14	-1	-1	-1	0
5446	5475	5476	14	-1	-1	-1	0
5485	5456	5457	11	-1	-1	-1	0
5472	5448	5479	14	-1	-1	-1	0
5478	5474	5447	14	-1	-1	-1	0
5447	5476	5477	14	-1	-1	-1	0
5458	5486	5457	11	-1	-1	-1	0
5447	5477	5478	14	-1	-1	-1	0
5458	5459	5487	14	-1	-1	-1	0
5480	5479	5448	14	-1	-1	-1	0
5461	5487	5459	14	-1	-1	-1	0
5463	5482	5462	14	-1	-1	-1	0
5460	5488	5461	14	-1	-1	-1	0
5481	5452	5483	14	-1	-1	-1	0
5483	5451	5482	14	-1	-1	-1	0
5492	5465	5468	14	-1	-1	-1	0
5484	5456	5485	11	-1	-1	-1	0
5493	5467	5466	14	-1	-1	-1	0
5474	5491	5463	14	-1	-1	-1	0
5466	5469	5493	14	-1	-1	-1	0
5485	5457	5486	11	-1	-1	-1	0
5467	5494	5468	14	-1	-1	-1	0
5486	5458	5487	14	-1	-1	-1	0
5490	5482	5463	14	-1	-1	-1	0
5469	5471	5496	14	-1	-1	-1	0
5480	5465	5492	14	-1	-1	-1	0
5489	5487	5461	14	-1	-1	-1	0
5488	5489	5461	14	-1	-1	-1	0
5471	5470	5498	14	-1	-1	-1	0
5474	5478	5491	14	-1	-1	-1	0
5490	5463	5491	14	-1	-1	-1	0
5473	5472	5500	14	-1	-1	-1	0
5473	5501	5475	14	-1	-1	-1	0
5472	5479	5500	14	-1	-1	-1	0
5502	5476	5475	14	-1	-1	-1	0
5467	5493	5494	14	-1	-1	-1	0
5492	5468	5495	14	-1	-1	-1	0
5494	5495	5468	14	-1	-1	-1	0
5476	5504	5477	14	-1	-1	-1	0
5496	5493	5469	14	-1	-1	-1	0
5478	5477	5505	14	-1	-1	-1	0
5497	5498	5470	14	-1	-1	0	0
5496	5471	5499	14	-1	-1	-1	0
5479	5480	5508	14	-1	-1	-1	0
5499	5471	5498	14	-1	-1	-1	0
5500	5501	5473	14	-1	-1	-1	0
5481	5483	5511	14	-1	-1	-1	0
5478	5507	5491	14	-1	-1	-1	0
5512	5483	5482	14	-1	-1	-1	0
5503	5475	5501	14	-1	-1	-1	0
5503	5502	5475	14	-1	-1	-1	0
5502	5504	5476	14	-1	-1	-1	0
5510	5480	5492	14	-1	-1	-1	0
5514	5484	5485	11	-1	-1	-1	0
5490	5512	5482	14	-1	-1	-1	0
5515	5485	5486	11	-1	-1	-1	0
5504	5506	5477	14	-1	-1	-1	0
5500	5479	5509	14	-1	-1	-1	0
5477	5506	5505	14	-1	-1	-1	0
5487	5516	5486	14	-1	-1	-1	0
5478	5505	5507	14	-1	-1	-1	0
5489	5516	5487	14	-1	-1	-1	0
5489	5488	5517	14	-1	-1	-1	0
5479	5508	5509	14	-1	-1	-1	0
5510	5508	5480	14	-1	-1	-1	0
5490	5491	5519	14	-1	-1	-1	0
5511	5483	5513	14	-1	-1	-1	0
5521	5492	5495	14	-1	-1	-1	0
5483	5512	5513	14	-1	-1	-1	0
5524	5494	5493	14	-1	-1	-1	0
5496	5524	5493	14	-1	-1	-1	0
5485	5515	5514	11	-1	-1	-1	0
5494	5526	5495	14	-1	-1	-1	0
5486	5516	5515	14	-1	-1	-1	0
5520	5491	5507	14	-1	-1	-1	0
5518	5512	5490	14	-1	-1	-1	0
5527	5496	5499	14	-1	-1	-1	0
5489	5517	5516	14	-1	-1	-1	0
5497	5529	5498	14	-1	-1	-1	0
5530	5499	5498	14	-1	-1	-1	0
5492	5523	5510	14	-1	-1	-1	0
5519	5518	5490	14	-1	-1	-1	0
5520	5519	5491	14	-1	-1	-1	0
5532	5501	5500	14	-1	-1	-1	0
5492	5521	5522	14	-1	-1	-1	0
5492	5522	5523	14	-1	-1	-1	0
5533	5503	5501	14	-1	-1	-1	0
5535	5502	5503	14	-1	-1	-1	0
5504	5502	5534	14	-1	-1	-1	0
5509	5532	5500	14	-1	-1	-1	0
5526	5521	5495	14	-1	-1	-1	0
5518	5513	5512	14	-1	-1	-1	0
5524	5525	5494	14	-1	-1	-1	0
5526	5494	5525	14	-1	-1	-1	0
5524	5496	5527	14	-1	-1	-1	0
5537	5506	5504	14	-1	-1	-1	0
5505	5506	5539	14	-1	-1	-1	0
5540	5507	5505	14	-1	-1	-1	0
5497	5528	5529	14	0	-1	-1	0
5499	5531	5527	14	-1	-1	-1	0
5529	5530	5498	14	-1	-1	-1	0
5499	5530	5531	14	-1	-1	-1	0
5509	5508	5543	14	-1	-1	-1	0
5508	5510	5544	14	-1	-1	-1	0
5532	5533	5501	14	-1	-1	-1	0
5542	5520	5507	14	-1	-1	-1	0
5534	5502	5535	14	-1	-1	-1	0
5513	5547	5511	14	-1	-1	-1	0
5503	5533	5536	14	-1	-1	-1	0
5503	5536	5535	14	-1	-1	-1	0
5534	5538	5504	14	-1	-1	-1	0
5523	5544	5510	14	-1	-1	-1	0
5550	5514	5515	11	-1	-1	-1	0
5537	5504	5538	14	-1	-1	-1	0
5518	5549	5513	14	-1	-1	-1	0
5551	5515	5516	14	-1	-1	-1	0
5540	5505	5539	14	-1	-1	-1	0
5517	5551	5516	14	-1	-1	-1	0
5537	5541	5506	14	-1	-1	-1	0
5545	5532	5509	14	-1	-1	-1	0
5541	5539	5506	14	-1	-1	-1	0
5540	5542	5507	14	-1	-1	-1	0
5518	5519	5553	14	-1	-1	-1	0
5544	5543	5508	14	-1	-1	-1	0
5556	5519	5520	14	-1	-1	-1	0
5509	5543	5546	14	-1	-1	-1	0
5545	5509	5546	14	-1	-1	-1	0
5558	5522	5521	14	-1	-1	-1	0
5522	5560	5523	14	-1	-1	-1	0
5526	5558	5521	14	-1	-1	-1	0
5513	5548	5547	14	-1	-1	-1	0
5513	5549	5548	14	-1	-1	-1	0
5563	5525	5524	14	-1	-1	-1	0
5527	5563	5524	14	-1	-1	-1	0
5565	5526	5525	14	-1	-1	-1	0
5550	5515	5551	14	-1	-1	-1	0
5549	5518	5552	14	-1	-1	-1	0
5520	5542	5557	14	-1	-1	-1	0
5531	5563	5527	14	-1	-1	-1	0
5553	5552	5518	14	-1	-1	-1	0
5567	5529	5528	14	-1	-1	-1	0
5519	5555	5553	14	-1	-1	-1	0
5530	5529	5568	14	-1	-1	-1	0
5554	5555	5519	14	-1	-1	-1	0
5561	5544	5523	14	-1	-1	-1	0
5556	5554	5519	14	-1	-1	-1	0
5568	5531	5530	14	-1	-1	-1	0
5557	5556	5520	14	-1	-1	-1	0
5533	5532	5572	14	-1	-1	-1	0
5558	5559	5522	14	-1	-1	-1	0
5536	5533	5572	14	-1	-1	-1	0
5522	5559	5560	14	-1	-1	-1	0
5534	5535	5574	14	-1	-1	-1	0
5560	5562	5523	14	-1	-1	-1	0
5573	5538	5534	14	-1	-1	-1	0
5561	5523	5562	14	-1	-1	-1	0
5536	5575	5535	14	-1	-1	-1	0
5545	5572	5532	14	-1	-1	-1	0
5565	5558	5526	14	-1	-1	-1	0
5563	5564	5525	14	-1	-1	-1	0
5538	5578	5537	14	-1	-1	-1	0
5525	5564	5565	14	-1	-1	-1	0
5541	5537	5579	14	-1	-1	-1	0
5582	5540	5539	14	-1	-1	-1	0
5528	5566	5567	14	0	-1	-1	0
5541	5582	5539	14	-1	-1	-1	0
5563	5531	5569	14	-1	-1	-1	0
5529	5567	5568	14	-1	-1	-1	0
5542	5540	5583	14	-1	-1	-1	0
5570	5531	5568	14	-1	-1	-1	0
5531	5571	5569	14	-1	-1	-1	0
5531	5570	5571	14	-1	-1	-1	0
5589	5543	5544	14	-1	-1	-1	0
5543	5588	5546	14	-1	-1	-1	0
5573	5534	5574	14	-1	-1	-1	0
5546	5591	5545	14	-1	-1	-1	0
5575	5574	5535	14	-1	-1	-1	0
5586	5557	5542	14	-1	-1	-1	0
5572	5577	5536	14	-1	-1	-1	0
5575	5536	5576	14	-1	-1	-1	0
5547	5548	5593	14	-1	-1	-1	0
5577	5576	5536	14	-1	-1	-1	0
5594	5548	5549	14	-1	-1	-1	0
5580	5538	5573	14	-1	-1	-1	0
5544	5561	5589	14	-1	-1	-1	0
5579	5537	5578	14	-1	-1	-1	0
5549	5552	5596	14	-1	-1	-1	0
5578	5538	5581	14	-1	-1	-1	0
5581	5538	5580	14	-1	-1	-1	0
5598	5552	5553	14	-1	-1	-1	0
5585	5541	5579	14	-1	-1	-1	0
5568	5567	5570	14	-1	-1	-1	0
5582	5583	5540	14	-1	-1	-1	0
5555	5599	5553	14	-1	-1	-1	0
5582	5541	5584	14	-1	-1	-1	0
5545	5590	5572	14	-1	-1	-1	0
5555	5554	5600	14	-1	-1	-1	0
5585	5584	5541	14	-1	-1	-1	0
5554	5556	5601	14	-1	-1	-1	0
5587	5542	5583	14	-1	-1	-1	0
5587	5586	5542	14	-1	-1	-1	0
5556	5557	5602	14	-1	-1	-1	0
5588	5543	5589	14	-1	-1	-1	0
5559	5558	5604	14	-1	-1	-1	0
5559	5605	5560	14	-1	-1	-1	0
5591	5590	5545	14	-1	-1	-1	0
5592	5546	5588	14	-1	-1	-1	0
5565	5604	5558	14	-1	-1	-1	0
5607	5562	5560	14	-1	-1	-1	0
5592	5591	5546	14	-1	-1	-1	0
5562	5608	5561	14	-1	-1	-1	0
5593	5548	5594	14	-1	-1	-1	0
5564	5563	5610	14	-1	-1	-1	0
5594	5549	5595	14	-1	-1	-1	0
5577	5572	5590	14	-1	-1	-1	0
5549	5596	5595	14	-1	-1	-1	0
5565	5564	5611	14	-1	-1	-1	0
5563	5569	5609	14	-1	-1	-1	0
5597	5596	5552	14	-1	-1	-1	0
5557	5586	5603	14	-1	-1	-1	0
5597	5552	5598	14	-1	-1	-1	0
5567	5566	5614	14	-1	-1	-1	0
5598	5553	5599	14	-1	-1	-1	0
5567	5615	5570	14	-1	-1	-1	0
5600	5599	5555	14	-1	-1	-1	0
5600	5554	5601	14	-1	-1	-1	0
5569	5571	5616	14	-1	-1	-1	0
5589	5561	5608	14	-1	-1	-1	0
5617	5571	5570	14	-1	-1	-1	0
5556	5602	5601	14	-1	-1	-1	0
5603	5602	5557	14	-1	-1	-1	0
5573	5574	5619	14	-1	-1	-1	0
5605	5559	5604	14	-1	-1	-1	0
5620	5574	5575	14	-1	-1	-1	0
5605	5606	5560	14	-1	-1	-1	0
5621	5575	5576	14	-1	-1	-1	0
5580	5573	5619	14	-1	-1	-1	0
5607	5560	5606	14	-1	-1	-1	0
5577	5622	5576	14	-1	-1	-1	0
5607	5608	5562	14	-1	-1	-1	0
5612	5604	5565	14	-1	-1	-1	0
5609	5610	5563	14	-1	-1	-1	0
5625	5579	5578	14	-1	-1	-1	0
5578	5581	5626	14	-1	-1	-1	0
5565	5611	5612	14	-1	-1	-1	0
5611	5564	5610	14	-1	-1	-1	0
5628	5581	5580	13	-1	-1	-1	0
5623	5577	5590	14	-1	-1	-1	0
5627	5585	5579	14	-1	-1	-1	0
5614	5566	5613	14	-1	0	-1	0
5569	5616	5609	14	-1	-1	-1	0
5583	5582	5631	14	-1	-1	-1	0
5614	5615	5567	14	-1	-1	-1	0
5582	5584	5631	14	-1	-1	-1	0
5583	5632	5587	14	-1	-1	-1	0
5570	5615	5617	14	-1	-1	-1	0
5584	5585	5634	14	-1	-1	-1	0
5571	5618	5616	14	-1	-1	-1	0
5571	5617	5618	14	-1	-1	-1	0
5586	5587	5636	14	-1	-1	-1	0
5619	5574	5620	14	-1	-1	-1	0
5575	5621	5620	14	-1	-1	-1	0
5589	5639	5588	14	-1	-1	-1	0
5622	5621	5576	14	-1	-1	-1	0
5592	5588	5640	14	-1	-1	-1	0
5642	5590	5591	14	-1	-1	-1	0
5622	5577	5624	14	-1	-1	-1	0
5577	5623	5624	14	-1	-1	-1	0
5643	5591	5592	14	-1	-1	-1	0
5603	5586	5637	14	-1	-1	-1	0
5619	5629	5580	13	-1	-1	-1	0
5626	5625	5578	14	-1	-1	-1	0
5579	5625	5627	14	-1	-1	-1	0
5593	5594	5645	14	-1	-1	-1	0
5594	5595	5646	14	-1	-1	-1	0
5581	5630	5626	13	-1	-1	-1	0
5629	5628	5580	13	-1	-1	-1	0
5608	5641	5589	14	-1	-1	-1	0
5628	5630	5581	13	-1	-1	-1	0
5596	5648	5595	14	-1	-1	-1	0
5649	5596	5597	14	-1	-1	-1	0
5631	5632	5583	14	-1	-1	-1	0
5598	5651	5597	13	-1	-1	-1	0
5635	5585	5627	14	-1	-1	-1	0
5633	5631	5584	14	-1	-1	-1	0
5652	5598	5599	13	-1	-1	-1	0
5633	5584	5634	14	-1	-1	-1	0
5600	5653	5599	13	-1	-1	-1	0
5634	5585	5635	14	-1	-1	-1	0
5590	5642	5623	14	-1	-1	-1	0
5601	5654	5600	13	-1	-1	-1	0
5632	5638	5587	14	-1	-1	-1	0
5601	5602	5655	13	-1	-1	-1	0
5586	5636	5637	14	-1	-1	-1	0
5603	5656	5602	13	-1	-1	-1	0
5636	5587	5638	14	-1	-1	-1	0
5639	5640	5588	14	-1	-1	-1	0
5605	5604	5659	14	-1	-1	-1	0
5589	5641	5639	14	-1	-1	-1	0
5661	5606	5605	14	-1	-1	-1	0
5606	5662	5607	14	-1	-1	-1	0
5642	5591	5643	14	-1	-1	-1	0
5604	5612	5660	14	-1	-1	-1	0
5592	5640	5644	14	-1	-1	-1	0
5592	5644	5643	14	-1	-1	-1	0
5607	5664	5608	14	-1	-1	-1	0
5646	5645	5594	14	-1	-1	-1	0
5609	5667	5610	14	-1	-1	-1	0
5595	5647	5646	14	-1	-1	-1	0
5611	5610	5668	14	-1	-1	-1	0
5647	5595	5648	14	-1	-1	-1	0
5666	5609	5616	14	-1	-1	-1	0
5611	5670	5612	14	-1	-1	-1	0
5648	5596	5649	14	-1	-1	-1	0
5649	5597	5650	13	-1	-1	-1	0
5650	5597	5651	13	-1	-1	-1	0
5671	5614	5613	14	-1	-1	-1	0
5658	5603	5637	13	-1	-1	-1	0
5598	5652	5651	13	-1	-1	-1	0
5615	5614	5673	14	-1	-1	-1	0
5652	5599	5653	13	-1	-1	-1	0
5617	5615	5674	14	-1	-1	-1	0
5653	5600	5654	13	-1	-1	-1	0
5675	5616	5618	14	-1	-1	-1	0
5655	5654	5601	13	-1	-1	-1	0
5676	5618	5617	14	-1	-1	-1	0
5664	5641	5608	14	-1	-1	-1	0
5656	5655	5602	13	-1	-1	-1	0
5656	5603	5657	13	-1	-1	-1	0
5620	5678	5619	13	-1	-1	-1	0
5603	5658	5657	13	-1	-1	-1	0
5679	5620	5621	13	-1	-1	-1	0
5659	5604	5660	14	-1	-1	-1	0
5680	5621	5622	13	-1	-1	-1	0
5661	5605	5659	14	-1	-1	-1	0
5678	5629	5619	13	-1	-1	-1	0
5682	5622	5624	14	-1	-1	-1	0
5663	5606	5661	14	-1	-1	-1	0
5623	5684	5624	14	-1	-1	-1	0
5663	5662	5606	14	-1	-1	-1	0
5662	5665	5607	14	-1	-1	-1	0
5664	5607	5665	14	-1	-1	-1	0
5686	5625	5626	14	-1	-1	-1	0
5686	5627	5625	14	-1	-1	-1	0
5660	5612	5670	14	-1	-1	-1	0
5609	5666	5667	14	-1	0	-1	0
5630	5687	5626	13	-1	-1	-1	0
5610	5667	5668	14	-1	0	-1	0
5689	5628	5629	13	-1	-1	-1	0
5630	5628	5690	13	-1	-1	-1	0
5611	5668	5669	14	-1	0	-1	0
5684	5623	5642	14	-1	-1	-1	0
5611	5669	5670	14	-1	-1	-1	0
5635	5627	5688	14	-1	-1	-1	0
5672	5671	5613	14	-1	-1	0	0
5631	5694	5632	14	-1	-1	-1	0
5616	5675	5666	14	-1	0	-1	0
5694	5631	5633	14	-1	-1	-1	0
5614	5671	5673	14	-1	-1	-1	0
5674	5615	5673	14	-1	-1	-1	0
5634	5696	5633	14	-1	-1	-1	0
5695	5638	5632	14	-1	-1	-1	0
5634	5635	5697	14	-1	-1	-1	0
5617	5674	5676	14	-1	-1	-1	0
5675	5618	5677	14	-1	-1	0	0
5676	5677	5618	14	-1	-1	-1	0
5637	5636	5698	14	-1	-1	-1	0
5636	5638	5698	14	-1	-1	-1	0
5679	5678	5620	13	-1	-1	-1	0
5621	5680	5679	13	-1	-1	-1	0
5701	5639	5641	14	-1	-1	-1	0
5639	5702	5640	14	-1	-1	-1	0
5682	5681	5622	13	-1	-1	-1	0
5683	5680	5622	13	-1	-1	-1	0
5622	5681	5683	13	-1	-1	-1	0
5703	5644	5640	14	-1	-1	-1	0
5643	5706	5642	14	-1	-1	-1	0
5682	5624	5685	14	-1	-1	-1	0
5624	5684	5685	14	-1	-1	-1	0
5644	5707	5643	14	-1	-1	-1	0
5637	5699	5658	13	-1	-1	-1	0
5629	5678	5691	13	-1	-1	-1	0
5686	5626	5687	13	-1	-1	-1	0
5710	5645	5646	14	-1	-1	-1	0
5688	5627	5686	14	-1	-1	-1	0
5656	5692	5655	13	-1	-1	-1	0
5647	5711	5646	14	-1	-1	-1	0
5648	5712	5647	14	-1	-1	-1	0
5689	5690	5628	13	-1	-1	-1	0
5687	5630	5693	13	-1	-1	-1	0
5641	5664	5705	14	-1	-1	-1	0
5692	5689	5629	13	-1	-1	-1	0
5713	5648	5649	14	-1	-1	-1	0
5629	5691	5692	13	-1	-1	-1	0
5690	5693	5630	13	-1	-1	-1	0
5649	5650	5715	13	-1	-1	-1	0
5651	5716	5650	13	-1	-1	-1	0
5697	5635	5688	14	-1	-1	-1	0
5652	5718	5651	13	-1	-1	-1	0
5694	5695	5632	14	-1	-1	-1	0
5633	5696	5694	14	-1	-1	-1	0
5653	5719	5652	13	-1	-1	-1	0
5654	5720	5653	13	-1	-1	-1	0
5697	5696	5634	14	-1	-1	-1	0
5654	5655	5721	13	-1	-1	-1	0
5706	5684	5642	14	-1	-1	-1	0
5695	5700	5638	14	-1	-1	-1	0
5699	5637	5698	13	-1	-1	-1	0
5657	5722	5656	13	-1	-1	-1	0
5700	5698	5638	14	-1	-1	-1	0
5658	5723	5657	13	-1	-1	-1	0
5701	5702	5639	14	-1	-1	-1	0
5725	5659	5660	14	-1	-1	-1	0
5640	5702	5704	14	-1	-1	-1	0
5726	5661	5659	14	-1	-1	-1	0
5703	5640	5704	14	-1	-1	-1	0
5705	5701	5641	14	-1	-1	-1	0
5678	5679	5691	13	-1	-1	-1	0
5661	5728	5663	14	-1	-1	-1	0
5663	5730	5662	14	-1	-1	-1	0
5708	5644	5703	14	-1	-1	-1	0
5662	5729	5665	14	-1	-1	-1	0
5707	5706	5643	14	-1	-1	-1	0
5727	5660	5670	14	-1	-1	-1	0
5644	5708	5707	14	-1	-1	-1	0
5664	5665	5733	14	-1	-1	-1	0
5709	5645	5710	14	-1	-1	-1	0
5727	5670	5669	14	-1	-1	0	0
5711	5710	5646	14	-1	-1	-1	0
5655	5692	5721	13	-1	-1	-1	0
5692	5656	5722	13	-1	-1	-1	0
5711	5647	5712	14	-1	-1	-1	0
5713	5712	5648	14	-1	-1	-1	0
5714	5713	5649	13	-1	-1	-1	0
5714	5649	5715	13	-1	-1	-1	0
5672	5735	5671	14	-1	-1	-1	0
5735	5673	5671	14	-1	-1	-1	0
5699	5724	5658	13	-1	-1	-1	0
5715	5650	5717	13	-1	-1	-1	0
5716	5717	5650	13	-1	-1	-1	0
5651	5718	5716	13	-1	-1	-1	0
5738	5674	5673	14	-1	-1	-1	0
5676	5674	5739	14	-1	-1	-1	0
5652	5719	5718	13	-1	-1	-1	0
5653	5720	5719	13	-1	-1	-1	0
5677	5676	5740	14	-1	-1	0	0
5720	5654	5721	13	-1	-1	-1	0
5679	5680	5741	13	-1	-1	-1	0
5690	5689	5722	13	-1	-1	-1	0
5733	5705	5664	14	-1	-1	-1	0
5723	5722	5657	13	-1	-1	-1	0
5722	5689	5692	13	-1	-1	-1	0
5691	5721	5692	13	-1	-1	-1	0
5683	5742	5680	13	-1	-1	-1	0
5724	5723	5658	13	-1	-1	-1	0
5690	5723	5693	13	-1	-1	-1	0
5681	5682	5743	13	-1	-1	-1	0
5683	5681	5744	13	-1	-1	-1	0
5725	5726	5659	14	-1	-1	-1	0
5741	5691	5679	13	-1	-1	-1	0
5682	5685	5745	14	-1	-1	-1	0
5725	5660	5727	14	-1	-1	0	0
5726	5728	5661	14	-1	-1	-1	0
5749	5685	5684	14	-1	-1	-1	0
5730	5729	5662	14	-1	-1	-1	0
5663	5728	5731	14	-1	-1	-1	0
5752	5686	5687	13	-1	-1	-1	0
5730	5663	5732	14	-1	-1	-1	0
5686	5752	5688	13	-1	-1	-1	0
5663	5731	5732	14	-1	-1	-1	0
5729	5734	5665	14	-1	-1	-1	0
5734	5733	5665	14	-1	-1	-1	0
5753	5687	5693	13	-1	-1	-1	0
5723	5690	5722	13	-1	-1	-1	0
5754	5697	5688	13	-1	-1	-1	0
5750	5684	5706	14	-1	-1	-1	0
5723	5724	5693	13	-1	-1	-1	0
5735	5672	5736	14	-1	-1	-1	0
5694	5755	5695	14	-1	-1	-1	0
5696	5755	5694	14	-1	-1	-1	0
5736	5672	5737	14	-1	0	-1	0
5738	5673	5735	14	-1	-1	-1	0
5697	5755	5696	13	-1	-1	-1	0
5700	5695	5755	14	-1	-1	-1	0
5738	5739	5674	14	-1	-1	-1	0
5721	5691	5741	13	-1	-1	-1	0
5698	5756	5699	13	-1	-1	-1	0
5756	5698	5700	13	-1	-1	-1	0
5676	5739	5740	14	-1	-1	-1	0
5757	5702	5701	14	-1	-1	-1	0
5706	5707	5750	14	-1	-1	-1	0
5705	5757	5701	14	-1	-1	-1	0
5680	5742	5741	13	-1	-1	-1	0
5702	5758	5704	14	-1	-1	-1	0
5703	5704	5759	14	-1	-1	-1	0
5743	5744	5681	13	-1	-1	-1	0
5753	5693	5724	13	-1	-1	-1	0
5682	5746	5743	13	-1	-1	-1	0
5703	5760	5708	14	-1	-1	-1	0
5682	5745	5746	13	-1	-1	-1	0
5683	5748	5742	13	-1	-1	-1	0
5744	5747	5683	13	-1	-1	-1	0
5724	5699	5753	13	-1	-1	-1	0
5747	5748	5683	13	-1	-1	-1	0
5708	5765	5707	14	-1	-1	-1	0
5685	5751	5745	14	-1	-1	-1	0
5721	5741	5720	13	-1	-1	-1	0
5684	5750	5749	14	-1	-1	-1	0
5685	5749	5751	14	-1	-1	-1	0
5710	5767	5709	14	-1	-1	-1	0
5768	5710	5711	14	-1	-1	-1	0
5687	5753	5752	13	-1	-1	-1	0
5712	5769	5711	14	-1	-1	-1	0
5752	5754	5688	13	-1	-1	-1	0
5770	5712	5713	14	-1	-1	-1	0
5713	5714	5771	13	-1	-1	-1	0
5714	5715	5772	13	-1	-1	-1	0
5764	5705	5733	14	-1	-1	-1	0
5772	5715	5717	13	-1	-1	-1	0
5773	5717	5716	13	-1	-1	-1	0
5754	5755	5697	13	-1	-1	-1	0
5699	5756	5753	13	-1	-1	-1	0
5718	5774	5716	13	-1	-1	-1	0
5700	5755	5754	13	-1	-1	-1	0
5756	5700	5754	13	-1	-1	-1	0
5776	5718	5719	13	-1	-1	-1	0
5757	5758	5702	14	-1	-1	-1	0
5720	5778	5719	13	-1	-1	-1	0
5760	5703	5759	14	-1	-1	-1	0
5765	5750	5707	14	-1	-1	-1	0
5704	5758	5762	14	-1	-1	-1	0
5704	5761	5759	14	-1	-1	-1	0
5705	5763	5757	14	-1	-1	-1	0
5761	5704	5762	14	-1	-1	-1	0
5779	5726	5725	14	-1	-1	0	0
5763	5705	5764	14	-1	-1	-1	0
5760	5765	5708	14	-1	-1	-1	0
5780	5728	5726	14	-1	-1	-1	0
5720	5741	5778	13	-1	-1	-1	0
5728	5780	5731	14	-1	-1	-1	0
5782	5729	5730	14	-1	-1	-1	0
5709	5767	5766	14	-1	-1	-1	0
5781	5734	5729	14	-1	-1	-1	0
5732	5783	5730	14	-1	-1	-1	0
5767	5710	5768	14	-1	-1	-1	0
5731	5784	5732	14	-1	-1	-1	0
5768	5711	5769	14	-1	-1	-1	0
5770	5769	5712	14	-1	-1	-1	0
5734	5787	5733	14	-1	-1	-1	0
5713	5771	5770	13	-1	-1	-1	0
5772	5771	5714	13	-1	-1	-1	0
5789	5735	5736	14	-1	-1	-1	0
5753	5756	5752	13	-1	-1	-1	0
5778	5741	5742	13	-1	-1	-1	0
5756	5754	5752	13	-1	-1	-1	0
5790	5738	5735	14	-1	-1	-1	0
5774	5773	5716	13	-1	-1	-1	0
5791	5736	5737	14	-1	-1	-1	0
5772	5717	5775	13	-1	-1	-1	0
5773	5775	5717	13	-1	-1	-1	0
5774	5718	5777	13	-1	-1	-1	0
5794	5739	5738	14	-1	-1	-1	0
5718	5776	5777	13	-1	-1	-1	0
5719	5778	5776	13	-1	-1	-1	0
5796	5740	5739	14	0	-1	-1	0
5764	5733	5787	14	-1	-1	-1	0
5780	5726	5779	14	-1	-1	-1	0
5799	5744	5743	13	-1	-1	-1	0
5748	5797	5742	13	-1	-1	-1	0
5746	5799	5743	13	-1	-1	-1	0
5747	5744	5800	13	-1	-1	-1	0
5782	5781	5729	14	-1	-1	-1	0
5745	5802	5746	13	-1	-1	-1	0
5730	5783	5782	14	-1	-1	-1	0
5731	5780	5784	14	-1	-1	-1	0
5745	5751	5801	14	-1	-1	-1	0
5748	5747	5804	13	-1	-1	-1	0
5783	5732	5786	14	-1	-1	-1	0
5732	5784	5785	14	-1	-1	-1	0
5781	5788	5734	14	-1	-1	-1	0
5732	5785	5786	14	-1	-1	-1	0
5750	5807	5749	14	-1	-1	-1	0
5751	5749	5808	14	-1	-1	-1	0
5787	5734	5788	14	-1	-1	-1	0
5789	5790	5735	14	-1	-1	-1	0
5791	5789	5736	14	-1	-1	-1	0
5778	5742	5798	13	-1	-1	-1	0
5793	5791	5737	14	-1	-1	-1	0
5737	5792	5793	14	0	-1	-1	0
5795	5738	5790	14	-1	-1	-1	0
5750	5765	5809	14	-1	-1	-1	0
5810	5758	5757	14	-1	-1	-1	0
5738	5795	5794	14	-1	-1	-1	0
5796	5739	5794	14	-1	-1	-1	0
5810	5757	5763	14	-1	-1	-1	0
5758	5810	5762	14	-1	-1	-1	0
5760	5759	5812	14	-1	-1	-1	0
5811	5759	5761	14	-1	-1	-1	0
5797	5798	5742	13	-1	-1	-1	0
5765	5760	5813	14	-1	-1	-1	0
5762	5815	5761	14	-1	-1	-1	0
5779	5784	5780	14	-1	-1	-1	0
5799	5800	5744	13	-1	-1	-1	0
5764	5819	5763	14	-1	-1	-1	0
5746	5803	5799	13	-1	-1	-1	0
5745	5801	5802	13	-1	-1	-1	0
5797	5748	5805	13	-1	-1	-1	0
5803	5746	5802	13	-1	-1	-1	0
5747	5800	5804	13	-1	-1	-1	0
5767	5822	5766	14	-1	-1	-1	0
5748	5804	5806	13	-1	-1	-1	0
5823	5767	5768	14	-1	-1	-1	0
5805	5748	5806	13	-1	-1	-1	0
5751	5808	5801	14	-1	-1	-1	0
5825	5768	5769	14	-1	-1	-1	0
5749	5807	5808	14	-1	-1	-1	0
5826	5769	5770	14	-1	-1	-1	0
5750	5809	5807	14	-1	-1	-1	0
5771	5827	5770	13	-1	-1	-1	0
5764	5787	5820	14	-1	-1	-1	0
5829	5771	5772	13	-1	-1	-1	0
5775	5830	5772	13	-1	-1	-1	0
5773	5774	5831	13	-1	-1	-1	0
5773	5832	5775	13	-1	-1	-1	0
5761	5815	5806	14	-1	-1	-1	0
5812	5759	5811	14	-1	-1	-1	0
5816	5761	5806	14	-1	-1	-1	0
5774	5777	5834	13	-1	-1	-1	0
5814	5760	5812	14	-1	-1	-1	0
5760	5814	5813	14	-1	-1	-1	0
5809	5765	5813	14	-1	-1	-1	0
5811	5761	5816	14	-1	-1	-1	0
5762	5810	5818	14	-1	-1	-1	0
5838	5777	5776	13	-1	-1	-1	0
5819	5810	5763	14	-1	-1	-1	0
5838	5776	5778	13	-1	-1	-1	0
5815	5762	5817	14	-1	-1	-1	0
5817	5762	5818	14	-1	-1	-1	0
5820	5819	5764	14	-1	-1	-1	0
5840	5784	5779	14	-1	-1	0	0
5781	5782	5841	14	-1	-1	-1	0
5782	5783	5843	14	-1	-1	-1	0
5766	5822	5821	14	-1	-1	-1	0
5781	5842	5788	14	-1	-1	-1	0
5822	5767	5823	14	-1	-1	-1	0
5786	5844	5783	14	-1	-1	-1	0
5845	5785	5784	14	-1	-1	-1	0
5778	5798	5838	13	-1	-1	-1	0
5823	5768	5824	14	-1	-1	-1	0
5768	5825	5824	14	-1	-1	-1	0
5847	5786	5785	14	-1	-1	-1	0
5825	5769	5826	14	-1	-1	-1	0
5827	5826	5770	13	-1	-1	-1	0
5849	5787	5788	14	-1	-1	-1	0
5771	5828	5827	13	-1	-1	-1	0
5804	5816	5806	13	-1	-1	-1	0
5806	5815	5805	14	-1	-1	-1	0
5828	5771	5829	13	-1	-1	-1	0
5851	5790	5789	14	-1	-1	-1	0
5772	5830	5829	13	-1	-1	-1	0
5791	5851	5789	14	-1	-1	-1	0
5833	5773	5831	13	-1	-1	-1	0
5791	5793	5853	14	-1	-1	-1	0
5815	5817	5805	14	-1	-1	-1	0
5790	5852	5795	14	-1	-1	-1	0
5833	5832	5773	13	-1	-1	-1	0
5792	5855	5793	14	-1	-1	-1	0
5774	5835	5831	13	-1	-1	-1	0
5837	5830	5775	13	-1	-1	-1	0
5832	5836	5775	13	-1	-1	-1	0
5774	5834	5835	13	-1	-1	-1	0
5856	5794	5795	14	-1	-1	-1	0
5794	5856	5796	14	-1	0	-1	0
5775	5836	5837	13	-1	-1	-1	0
5777	5839	5834	13	-1	-1	-1	0
5797	5858	5798	13	-1	-1	-1	0
5839	5777	5838	13	-1	-1	-1	0
5849	5820	5787	14	-1	-1	-1	0
5860	5800	5799	13	-1	-1	-1	0
5805	5858	5797	13	-1	-1	-1	0
5799	5803	5860	13	-1	-1	-1	0
5781	5841	5842	14	-1	-1	-1	0
5861	5804	5800	13	-1	-1	-1	0
5802	5801	5863	13	-1	-1	-1	0
5782	5843	5841	14	-1	-1	-1	0
5845	5784	5840	14	-1	-1	-1	0
5864	5803	5802	13	-1	-1	-1	0
5843	5783	5844	14	-1	-1	-1	0
5862	5801	5808	14	-1	-1	-1	0
5845	5846	5785	14	-1	-1	-1	0
5785	5846	5847	14	-1	-1	-1	0
5786	5848	5844	14	-1	-1	-1	0
5817	5858	5805	14	-1	-1	-1	0
5850	5788	5842	14	-1	-1	-1	0
5865	5808	5807	14	-1	-1	-1	0
5804	5861	5816	13	-1	-1	-1	0
5786	5847	5848	14	-1	-1	-1	0
5866	5807	5809	14	-1	-1	-1	0
5849	5788	5850	14	-1	-1	-1	0
5809	5813	5867	14	-1	-1	-1	0
5869	5812	5811	14	-1	-1	-1	0
5858	5817	5818	14	-1	-1	-1	0
5790	5851	5852	14	-1	-1	-1	0
5851	5791	5853	14	-1	-1	-1	0
5859	5838	5798	13	-1	-1	-1	0
5868	5818	5810	14	-1	-1	-1	0
5811	5816	5870	14	-1	-1	-1	0
5812	5871	5814	14	-1	-1	-1	0
5868	5810	5819	14	-1	-1	-1	0
5813	5814	5872	14	-1	-1	-1	0
5792	5854	5855	14	0	-1	-1	0
5793	5855	5853	14	-1	-1	-1	0
5857	5795	5852	14	-1	-1	-1	0
5857	5856	5795	14	0	-1	-1	0
5874	5819	5820	14	-1	-1	-1	0
5858	5859	5798	13	-1	-1	-1	0
5860	5861	5800	13	-1	-1	-1	0
5822	5878	5821	14	-1	-1	-1	0
5879	5822	5823	14	-1	-1	-1	0
5824	5879	5823	14	-1	-1	-1	0
5862	5863	5801	13	-1	-1	-1	0
5803	5864	5860	13	-1	-1	-1	0
5824	5825	5880	14	-1	-1	-1	0
5802	5863	5864	13	-1	-1	-1	0
5826	5881	5825	14	-1	-1	-1	0
5818	5859	5858	14	-1	-1	-1	0
5865	5862	5808	14	-1	-1	-1	0
5827	5882	5826	13	-1	-1	-1	0
5859	5839	5838	13	-1	-1	-1	0
5866	5865	5807	14	-1	-1	-1	0
5828	5883	5827	13	-1	-1	-1	0
5884	5828	5829	13	-1	-1	-1	0
5867	5866	5809	14	-1	-1	-1	0
5849	5875	5820	14	-1	-1	-1	0
5835	5834	5876	14	-1	-1	-1	0
5868	5859	5818	14	-1	-1	-1	0
5829	5830	5886	13	-1	-1	-1	0
5816	5861	5870	13	-1	-1	-1	0
5839	5874	5834	14	-1	-1	-1	0
5870	5869	5811	14	-1	-1	-1	0
5831	5888	5833	13	-1	-1	-1	0
5869	5871	5812	14	-1	-1	-1	0
5813	5872	5867	14	-1	-1	-1	0
5887	5830	5837	13	-1	-1	-1	0
5833	5889	5832	13	-1	-1	-1	0
5835	5888	5831	13	-1	-1	-1	0
5852	5851	5853	14	-1	-1	-1	0
5873	5814	5871	14	-1	-1	-1	0
5836	5832	5890	13	-1	-1	-1	0
5872	5814	5873	14	-1	-1	-1	0
5868	5819	5874	14	-1	-1	-1	0
5859	5868	5839	14	-1	-1	-1	0
5893	5837	5836	13	-1	-1	-1	0
5820	5876	5874	14	-1	-1	-1	0
5820	5875	5876	14	-1	-1	-1	0
5821	5878	5877	14	-1	-1	-1	0
5896	5842	5841	14	-1	-1	-1	0
5878	5822	5879	14	-1	-1	-1	0
5843	5896	5841	14	-1	-1	-1	0
5845	5840	5895	14	-1	0	-1	0
5874	5839	5868	14	-1	-1	-1	0
5879	5824	5880	14	-1	-1	-1	0
5874	5876	5834	14	-1	-1	-1	0
5881	5880	5825	14	-1	-1	-1	0
5897	5850	5842	14	-1	-1	-1	0
5826	5882	5881	13	-1	-1	-1	0
5845	5899	5846	14	-1	-1	-1	0
5882	5827	5883	13	-1	-1	-1	0
5900	5847	5846	14	-1	-1	-1	0
5828	5884	5883	13	-1	-1	-1	0
5848	5847	5901	14	-1	-1	-1	0
5829	5885	5884	13	-1	-1	-1	0
5886	5885	5829	13	-1	-1	-1	0
5892	5835	5876	14	-1	-1	-1	0
5849	5850	5904	14	-1	-1	-1	0
5830	5887	5886	13	-1	-1	-1	0
5890	5832	5889	13	-1	-1	-1	0
5888	5891	5833	13	-1	-1	-1	0
5852	5853	5907	14	-1	-1	-1	0
5889	5833	5891	13	-1	-1	-1	0
5852	5906	5857	14	-1	0	-1	0
5907	5853	5855	14	-1	-1	-1	0
5888	5835	5892	14	-1	-1	-1	0
5894	5887	5837	13	-1	-1	-1	0
5893	5836	5890	13	-1	-1	-1	0
5855	5854	5910	14	-1	-1	-1	0
5894	5837	5893	13	-1	-1	-1	0
5903	5875	5849	14	-1	-1	-1	0
5860	5911	5861	13	-1	-1	-1	0
5896	5897	5842	14	-1	-1	-1	0
5911	5860	5864	13	-1	-1	-1	0
5863	5862	5912	13	-1	-1	-1	0
5898	5845	5895	14	-1	-1	-1	0
5862	5865	5913	14	-1	-1	-1	0
5914	5864	5863	13	-1	-1	-1	0
5845	5898	5899	14	-1	-1	-1	0
5911	5870	5861	13	-1	-1	-1	0
5866	5913	5865	14	-1	-1	-1	0
5900	5846	5899	14	-1	-1	-1	0
5866	5867	5915	14	-1	-1	-1	0
5902	5847	5900	14	-1	-1	-1	0
5902	5901	5847	14	-1	-1	-1	0
5897	5905	5850	14	-1	-1	-1	0
5867	5872	5915	14	-1	-1	-1	0
5916	5869	5870	14	-1	-1	-1	0
5916	5871	5869	14	-1	-1	-1	0
5904	5903	5849	14	-1	-1	-1	0
5850	5905	5904	14	-1	-1	-1	0
5873	5871	5917	14	-1	-1	-1	0
5872	5873	5918	14	-1	-1	-1	0
5852	5907	5906	14	-1	-1	-1	0
5876	5875	5919	14	-1	-1	-1	0
5908	5909	5854	14	-1	-1	0	0
5907	5855	5910	14	-1	-1	-1	0
5909	5910	5854	14	-1	-1	-1	0
5878	5921	5877	14	-1	-1	-1	0
5922	5878	5879	14	-1	-1	-1	0
5880	5922	5879	14	-1	-1	-1	0
5881	5923	5880	14	-1	-1	-1	0
5876	5919	5892	14	-1	-1	-1	0
5924	5881	5882	13	-1	-1	-1	0
5912	5862	5913	13	-1	-1	-1	0
5914	5911	5864	13	-1	-1	-1	0
5914	5863	5912	13	-1	-1	-1	0
5925	5882	5883	13	-1	-1	-1	0
5926	5883	5884	13	-1	-1	-1	0
5915	5913	5866	14	-1	-1	-1	0
5927	5884	5885	13	-1	-1	-1	0
5870	5911	5916	13	-1	-1	-1	0
5875	5903	5919	14	-1	-1	-1	0
5928	5885	5886	13	-1	-1	-1	0
5917	5871	5916	14	-1	-1	-1	0
5872	5918	5915	14	-1	-1	-1	0
5918	5873	5917	14	-1	-1	-1	0
5888	5892	5929	14	-1	-1	-1	0
5891	5888	5929	14	-1	-1	-1	0
5891	5930	5889	13	-1	-1	-1	0
5931	5890	5889	13	-1	-1	-1	0
5893	5890	5932	13	-1	-1	-1	0
5921	5920	5877	14	-1	-1	-1	0
5922	5921	5878	14	-1	-1	-1	0
5894	5893	5936	13	-1	-1	-1	0
5922	5880	5923	14	-1	-1	-1	0
5881	5924	5923	13	-1	-1	-1	0
5895	5938	5898	14	0	-1	-1	0
5925	5924	5882	13	-1	-1	-1	0
5925	5883	5926	13	-1	-1	-1	0
5898	5939	5899	14	-1	-1	-1	0
5926	5884	5927	13	-1	-1	-1	0
5899	5940	5900	14	-1	-1	-1	0
5885	5928	5927	13	-1	-1	-1	0
5911	5914	5916	13	-1	-1	-1	0
5912	5917	5914	13	-1	-1	-1	0
5918	5912	5913	13	-1	-1	-1	0
5900	5941	5902	14	-1	-1	-1	0
5902	5942	5901	14	-1	-1	-1	0
5935	5892	5919	14	-1	-1	-1	0
5918	5913	5915	13	-1	-1	-1	0
5916	5914	5917	13	-1	-1	-1	0
5912	5918	5917	13	-1	-1	-1	0
5931	5889	5930	13	-1	-1	-1	0
5904	5944	5903	14	-1	-1	-1	0
5933	5890	5931	13	-1	-1	-1	0
5929	5934	5891	14	-1	-1	-1	0
5904	5905	5945	14	-1	-1	-1	0
5934	5930	5891	14	-1	-1	-1	0
5933	5932	5890	13	-1	-1	-1	0
5929	5892	5935	14	-1	-1	-1	0
5903	5935	5919	14	-1	-1	-1	0
5907	5947	5906	14	-1	0	-1	0
5932	5937	5893	13	-1	-1	-1	0
5907	5910	5947	14	-1	-1	-1	0
5909	5908	5949	14	-1	-1	-1	0
5893	5937	5936	13	-1	-1	-1	0
5910	5909	5950	14	-1	-1	-1	0
5939	5898	5938	14	-1	-1	-1	0
5899	5939	5940	14	-1	-1	-1	0
5941	5900	5940	14	-1	-1	-1	0
5935	5903	5944	14	-1	-1	-1	0
5943	5902	5941	14	-1	-1	-1	0
5943	5942	5902	14	-1	-1	-1	0
5952	5920	5921	14	-1	-1	-1	0
5904	5946	5944	14	-1	-1	-1	0
5945	5946	5904	14	-1	-1	-1	0
5953	5921	5922	14	-1	-1	-1	0
5922	5923	5953	14	-1	-1	-1	0
5924	5954	5923	13	-1	-1	-1	0
5924	5925	5955	13	-1	-1	-1	0
5949	5908	5948	14	-1	0	0	0
5925	5926	5956	13	-1	-1	-1	0
5950	5947	5910	14	0	-1	-1	0
5949	5950	5909	14	0	-1	-1	0
5957	5926	5927	13	-1	-1	-1	0
5928	5957	5927	13	-1	-1	-1	0
5929	5959	5934	14	-1	-1	-1	0
5931	5930	5961	13	-1	-1	-1	0
5920	5952	5951	14	-1	-1	-1	0
5935	5959	5929	14	-1	-1	-1	0
5934	5960	5930	14	-1	-1	-1	0
5931	5962	5933	13	-1	-1	-1	0
5953	5952	5921	14	-1	-1	-1	0
5964	5932	5933	13	-1	-1	-1	0
5923	5954	5953	13	-1	-1	-1	0
5954	5924	5955	13	-1	-1	-1	0
5932	5964	5937	13	-1	-1	-1	0
5956	5955	5925	13	-1	-1	-1	0
5935	5944	5959	14	-1	-1	-1	0
5957	5956	5926	13	-1	-1	-1	0
5937	5968	5936	13	-1	-1	-1	0
5928	5958	5957	13	-1	-1	-1	0
5938	5970	5939	14	0	-1	-1	0
5939	5970	5940	14	-1	-1	-1	0
5930	5960	5961	14	-1	-1	-1	0
5972	5941	5940	14	-1	-1	-1	0
5931	5961	5963	13	-1	-1	-1	0
5962	5931	5963	13	-1	-1	-1	0
5967	5944	5946	14	-1	-1	-1	0
5974	5943	5941	14	-1	-1	-1	0
5965	5933	5962	13	-1	-1	-1	0
5959	5967	5934	14	-1	-1	-1	0
5960	5934	5966	14	-1	-1	-1	0
5943	5975	5942	14	-1	-1	-1	0
5965	5964	5933	13	-1	-1	-1	0
5967	5966	5934	14	-1	-1	-1	0
5946	5945	5976	14	-1	-1	-1	0
5969	5937	5964	13	-1	-1	-1	0
5959	5944	5967	14	-1	-1	-1	0
5937	5969	5968	13	-1	-1	-1	0
5940	5970	5971	14	-1	-1	-1	0
5978	5951	5952	13	-1	-1	-1	0
5940	5971	5972	14	-1	-1	-1	0
5979	5952	5953	13	-1	-1	-1	0
5979	5953	5954	13	-1	-1	-1	0
5972	5973	5941	14	-1	-1	-1	0
5941	5973	5974	14	-1	-1	-1	0
5954	5955	5980	13	-1	-1	-1	0
5977	5967	5946	14	-1	-1	-1	0
5955	5956	5981	13	-1	-1	-1	0
5943	5974	5975	14	-1	-1	-1	0
5956	5957	5981	13	-1	-1	-1	0
5958	5981	5957	13	-1	-1	-1	0
5977	5946	5976	14	-1	-1	-1	0
5961	5960	5983	14	-1	-1	-1	0
5983	5963	5961	14	-1	-1	-1	0
5952	5979	5978	13	-1	-1	-1	0
5963	5984	5962	13	-1	-1	-1	0
5983	5960	5966	14	-1	-1	-1	0
5984	5965	5962	13	-1	-1	-1	0
5954	5980	5979	13	-1	-1	-1	0
5964	5965	5987	13	-1	-1	-1	0
5981	5980	5955	13	-1	-1	-1	0
5964	5987	5969	13	-1	-1	-1	0
5958	5982	5981	13	-1	-1	-1	0
5967	5989	5966	14	-1	-1	-1	0
5968	5969	5991	13	-1	-1	-1	0
5984	5963	5985	13	-1	-1	-1	0
5983	5986	5963	14	-1	-1	-1	0
5977	5989	5967	14	-1	-1	-1	0
5963	5986	5985	14	-1	-1	-1	0
5970	5993	5971	14	0	-1	-1	0
5971	5994	5972	14	-1	-1	-1	0
5988	5965	5984	13	-1	-1	-1	0
5983	5966	5990	14	-1	-1	-1	0
5973	5972	5995	14	-1	-1	-1	0
5988	5987	5965	13	-1	-1	-1	0
5981	5982	5980	13	-1	-1	-1	0
5996	5974	5973	14	-1	-1	-1	0
5990	5966	5989	14	-1	-1	-1	0
5975	5974	5997	14	-1	-1	-1	0
5992	5969	5987	13	-1	-1	-1	0
5977	5976	5998	14	-1	-1	-1	0
5969	5992	5991	13	-1	-1	-1	0
5993	5994	5971	14	-1	-1	-1	0
5979	6001	5978	13	-1	-1	-1	0
5986	5983	5990	14	-1	-1	-1	0
5980	6001	5979	13	-1	-1	-1	0
5995	5972	5994	14	-1	-1	-1	0
6001	5980	5982	13	-1	-1	-1	0
5995	5996	5973	14	-1	-1	-1	0
5977	6000	5989	14	-1	-1	-1	0
5974	5996	5997	14	-1	-1	-1	0
5985	6002	5984	13	-1	-1	-1	0
6002	5988	5984	13	-1	-1	-1	0
5998	5999	5977	14	-1	-1	-1	0
6004	5985	5986	14	-1	-1	-1	0
5977	5999	6000	14	-1	-1	-1	0
6000	5990	5989	14	-1	-1	-1	0
5990	6005	5986	14	-1	-1	-1	0
6007	5987	5988	13	-1	-1	-1	0
6007	5992	5987	13	-1	-1	-1	0
6003	6002	5985	13	-1	-1	-1	0
6009	5991	5992	13	-1	-1	-1	0
6004	6003	5985	14	-1	-1	-1	0
6006	6004	5986	14	-1	-1	-1	0
5986	6005	6006	14	-1	-1	-1	0
5988	6002	6007	13	-1	-1	-1	0
5993	6011	5994	14	0	-1	-1	0
5990	6000	6008	14	-1	-1	-1	0
5994	6012	5995	14	-1	-1	-1	0
5990	6008	6005	14	-1	-1	-1	0
5996	5995	6013	14	-1	-1	-1	0
6008	6000	5999	14	-1	-1	-1	0
5997	5996	6014	14	-1	-1	-1	0
5992	6007	6010	13	-1	-1	-1	0
6010	6009	5992	13	-1	-1	-1	0
5998	6016	5999	14	-1	-1	-1	0
6011	6012	5994	14	-1	-1	-1	0
5995	6012	6013	14	-1	-1	-1	0
6003	6017	6002	13	-1	-1	-1	0
6008	5999	6016	14	-1	-1	-1	0
5996	6013	6015	14	-1	-1	-1	0
6018	6003	6004	14	-1	-1	-1	0
6015	6014	5996	14	-1	-1	-1	0
6002	6017	6007	13	-1	-1	-1	0
6006	6020	6004	14	-1	-1	-1	0
6021	6006	6005	14	-1	-1	-1	0
6021	6005	6008	14	-1	-1	-1	0
6017	6010	6007	13	-1	-1	-1	0
6017	6003	6019	13	-1	-1	-1	0
6018	6019	6003	14	-1	-1	-1	0
6020	6018	6004	14	-1	-1	-1	0
6023	6009	6010	13	-1	-1	-1	0
6016	6021	6008	14	-1	-1	-1	0
6011	6025	6012	14	0	-1	-1	0
6022	6020	6006	14	-1	-1	-1	0
6021	6022	6006	14	-1	-1	-1	0
6012	6026	6013	14	-1	-1	-1	0
6017	6024	6010	13	-1	-1	-1	0
6028	6015	6013	14	-1	-1	-1	0
6024	6023	6010	13	-1	-1	-1	0
6015	6029	6014	14	-1	-1	-1	0
6017	6019	6024	13	-1	-1	-1	0
6012	6025	6026	14	-1	-1	-1	0
6013	6026	6027	14	-1	-1	-1	0
6016	6030	6021	14	-1	-1	-1	0
6019	6018	6031	14	-1	-1	-1	0
6027	6028	6013	14	-1	-1	-1	0
6020	6031	6018	14	-1	-1	-1	0
6029	6015	6028	14	-1	-1	-1	0
6021	6030	6022	14	-1	-1	-1	0
6019	6032	6024	13	-1	-1	-1	0
6033	6020	6022	14	-1	-1	-1	0
6032	6019	6031	14	-1	-1	-1	0
6024	6035	6023	13	-1	-1	-1	0
6020	6034	6031	14	-1	-1	-1	0
6030	6033	6022	14	-1	-1	-1	0
6025	6036	6026	14	0	-1	-1	0
6020	6033	6034	14	-1	-1	-1	0
6037	6027	6026	14	-1	-1	-1	0
6035	6024	6032	13	-1	-1	-1	0
6038	6028	6027	14	-1	-1	-1	0
6029	6028	6039	14	-1	-1	-1	0
6026	6036	6037	14	-1	-1	-1	0
6037	6038	6027	14	-1	-1	-1	0
6040	6032	6031	14	-1	-1	-1	0
6034	6040	6031	14	-1	-1	-1	0
6028	6038	6039	14	-1	-1	-1	0
6032	6041	6035	13	-1	-1	-1	0
6040	6041	6032	14	-1	-1	-1	0
6036	6042	6037	14	0	-1	-1	0
6037	6043	6038	14	-1	-1	-1	0
6039	6038	6044	14	-1	-1	-1	0
6043	6037	6042	14	-1	-1	-1	0
6044	6038	6043	14	-1	-1	-1	0
6042	6045	6043	14	0	-1	-1	0
6044	6043	6046	14	-1	-1	-1	0
6046	6043	6045	14	-1	-1	-1	0
6045	6047	6046	14	0	-1	-1	0
15
1	1.176470588235293
1	-1.176470588235293
1	1.1764705882352926
1	-1.1764705882352928
1	0
1	0
1	0
1	0
1	0
1	0
1	0
1	0
1	0
1	0
1	0
0
0
